ISO-10303-21;
HEADER;
/* Generated by software containing ST-Developer
 * from STEP Tools, Inc. (www.steptools.com) 
 */

FILE_DESCRIPTION(
/* description */ (''),
/* implementation_level */ '2;1');

FILE_NAME(
/* name */ 'blad_bumper.step',
/* time_stamp */ '2026-09-22T02:11:25+09:00',
/* author */ (''),
/* organization */ (''),
/* preprocessor_version */ 'ST-DEVELOPER v20.2',
/* originating_system */ 'Autodesk Translation Framework v15.15.0.0',
/* authorisation */ '');

FILE_SCHEMA (('AUTOMOTIVE_DESIGN { 1 0 10303 214 3 1 1 }'));
ENDSEC;

DATA;
#10=MECHANICAL_DESIGN_GEOMETRIC_PRESENTATION_REPRESENTATION('',(#13),#6343);
#11=SHAPE_REPRESENTATION_RELATIONSHIP('SRR','None',#6350,#12);
#12=ADVANCED_BREP_SHAPE_REPRESENTATION('',(#14),#6342);
#13=STYLED_ITEM('',(#6360),#14);
#14=MANIFOLD_SOLID_BREP('\X2\30DC30C730A3\X0\5',#3666);
#15=TOROIDAL_SURFACE('',#3921,2.28751370847152,1.5);
#16=TOROIDAL_SURFACE('',#3927,2.28753419532091,1.5);
#17=TOROIDAL_SURFACE('',#3933,2.28751712299787,1.5);
#18=TOROIDAL_SURFACE('',#3939,2.28753469478162,1.5);
#19=TOROIDAL_SURFACE('',#3955,2.28753419532091,1.5);
#20=TOROIDAL_SURFACE('',#3960,2.28751370847152,1.5);
#21=TOROIDAL_SURFACE('',#3965,2.28753469478162,1.5);
#22=TOROIDAL_SURFACE('',#3974,2.28751712299787,1.5);
#23=B_SPLINE_CURVE_WITH_KNOTS('',3,(#5615,#5616,#5617,#5618,#5619,#5620,
#5621,#5622,#5623,#5624),.UNSPECIFIED.,.F.,.F.,(4,2,2,2,4),(0.,0.0189969090612038,
0.0379938181224077,0.056981916402511,0.0759700146826143),.UNSPECIFIED.);
#24=B_SPLINE_CURVE_WITH_KNOTS('',3,(#5667,#5668,#5669,#5670,#5671,#5672,
#5673,#5674,#5675,#5676),.UNSPECIFIED.,.F.,.F.,(4,2,2,2,4),(-0.0759700146825294,
-0.0569819164024284,-0.0379938181223275,-0.0189969090611637,0.),
 .UNSPECIFIED.);
#25=FACE_BOUND('',#471,.T.);
#26=FACE_BOUND('',#473,.T.);
#27=FACE_BOUND('',#474,.T.);
#28=FACE_BOUND('',#475,.T.);
#29=FACE_BOUND('',#476,.T.);
#30=FACE_BOUND('',#477,.T.);
#31=FACE_BOUND('',#478,.T.);
#32=FACE_BOUND('',#479,.T.);
#33=FACE_BOUND('',#480,.T.);
#34=FACE_BOUND('',#490,.T.);
#35=FACE_BOUND('',#521,.T.);
#36=FACE_BOUND('',#541,.T.);
#37=FACE_BOUND('',#579,.T.);
#38=FACE_BOUND('',#580,.T.);
#39=FACE_BOUND('',#581,.T.);
#40=FACE_BOUND('',#582,.T.);
#41=(
BOUNDED_CURVE()
B_SPLINE_CURVE(2,(#5389,#5390,#5391),.UNSPECIFIED.,.F.,.F.)
B_SPLINE_CURVE_WITH_KNOTS((3,3),(0.0932847432876552,0.18656948657531),
 .UNSPECIFIED.)
CURVE()
GEOMETRIC_REPRESENTATION_ITEM()
RATIONAL_B_SPLINE_CURVE((1.,1.0298843166638,1.))
REPRESENTATION_ITEM('')
);
#42=(
BOUNDED_CURVE()
B_SPLINE_CURVE(2,(#5397,#5398,#5399),.UNSPECIFIED.,.F.,.F.)
B_SPLINE_CURVE_WITH_KNOTS((3,3),(0.,0.0932847432836555),.UNSPECIFIED.)
CURVE()
GEOMETRIC_REPRESENTATION_ITEM()
RATIONAL_B_SPLINE_CURVE((1.,1.02988431666173,1.))
REPRESENTATION_ITEM('')
);
#43=PLANE('',#3685);
#44=PLANE('',#3691);
#45=PLANE('',#3697);
#46=PLANE('',#3703);
#47=PLANE('',#3709);
#48=PLANE('',#3715);
#49=PLANE('',#3721);
#50=PLANE('',#3727);
#51=PLANE('',#3733);
#52=PLANE('',#3739);
#53=PLANE('',#3745);
#54=PLANE('',#3751);
#55=PLANE('',#3757);
#56=PLANE('',#3758);
#57=PLANE('',#3767);
#58=PLANE('',#3768);
#59=PLANE('',#3769);
#60=PLANE('',#3770);
#61=PLANE('',#3771);
#62=PLANE('',#3772);
#63=PLANE('',#3773);
#64=PLANE('',#3774);
#65=PLANE('',#3778);
#66=PLANE('',#3820);
#67=PLANE('',#3824);
#68=PLANE('',#3828);
#69=PLANE('',#3829);
#70=PLANE('',#3832);
#71=PLANE('',#3833);
#72=PLANE('',#3834);
#73=PLANE('',#3835);
#74=PLANE('',#3837);
#75=PLANE('',#3838);
#76=PLANE('',#3882);
#77=PLANE('',#3884);
#78=PLANE('',#3887);
#79=PLANE('',#3889);
#80=PLANE('',#3891);
#81=PLANE('',#3893);
#82=PLANE('',#3895);
#83=PLANE('',#3898);
#84=PLANE('',#3900);
#85=PLANE('',#3902);
#86=PLANE('',#3904);
#87=PLANE('',#3905);
#88=PLANE('',#3907);
#89=PLANE('',#3912);
#90=PLANE('',#3916);
#91=PLANE('',#3944);
#92=PLANE('',#3947);
#93=PLANE('',#3948);
#94=PLANE('',#3981);
#95=PLANE('',#3982);
#96=PLANE('',#3984);
#97=PLANE('',#3987);
#98=PLANE('',#3990);
#99=PLANE('',#3993);
#100=PLANE('',#3998);
#101=PLANE('',#4003);
#102=PLANE('',#4004);
#103=PLANE('',#4007);
#104=PLANE('',#4022);
#105=PLANE('',#4025);
#106=PLANE('',#4026);
#107=PLANE('',#4030);
#108=PLANE('',#4031);
#109=PLANE('',#4032);
#110=PLANE('',#4034);
#111=PLANE('',#4039);
#112=PLANE('',#4042);
#113=PLANE('',#4044);
#114=PLANE('',#4046);
#115=PLANE('',#4048);
#116=PLANE('',#4050);
#117=PLANE('',#4052);
#118=PLANE('',#4054);
#119=PLANE('',#4056);
#120=PLANE('',#4058);
#121=PLANE('',#4064);
#122=PLANE('',#4069);
#123=PLANE('',#4076);
#124=PLANE('',#4083);
#125=PLANE('',#4088);
#126=CYLINDRICAL_SURFACE('',#3683,1.);
#127=CYLINDRICAL_SURFACE('',#3689,1.);
#128=CYLINDRICAL_SURFACE('',#3695,0.999999999999999);
#129=CYLINDRICAL_SURFACE('',#3701,0.999999999999998);
#130=CYLINDRICAL_SURFACE('',#3707,0.999999999999996);
#131=CYLINDRICAL_SURFACE('',#3713,1.00000000000001);
#132=CYLINDRICAL_SURFACE('',#3719,0.999999999999996);
#133=CYLINDRICAL_SURFACE('',#3725,0.999999999999996);
#134=CYLINDRICAL_SURFACE('',#3731,1.00000000000001);
#135=CYLINDRICAL_SURFACE('',#3737,1.00000000000001);
#136=CYLINDRICAL_SURFACE('',#3743,0.999999999999996);
#137=CYLINDRICAL_SURFACE('',#3749,1.00000000000001);
#138=CYLINDRICAL_SURFACE('',#3755,1.00000000000001);
#139=CYLINDRICAL_SURFACE('',#3765,1.5);
#140=CYLINDRICAL_SURFACE('',#3818,0.499999999999972);
#141=CYLINDRICAL_SURFACE('',#3821,0.499999999999998);
#142=CYLINDRICAL_SURFACE('',#3825,0.5);
#143=CYLINDRICAL_SURFACE('',#3830,0.5);
#144=CYLINDRICAL_SURFACE('',#3881,0.2);
#145=CYLINDRICAL_SURFACE('',#3883,0.199999999999996);
#146=CYLINDRICAL_SURFACE('',#3885,1.);
#147=CYLINDRICAL_SURFACE('',#3886,0.999999999999992);
#148=CYLINDRICAL_SURFACE('',#3888,0.999999999999996);
#149=CYLINDRICAL_SURFACE('',#3890,1.);
#150=CYLINDRICAL_SURFACE('',#3892,1.24999999999998);
#151=CYLINDRICAL_SURFACE('',#3894,0.199999999999996);
#152=CYLINDRICAL_SURFACE('',#3896,0.199999999861475);
#153=CYLINDRICAL_SURFACE('',#3897,0.999999999973369);
#154=CYLINDRICAL_SURFACE('',#3899,0.999999999999162);
#155=CYLINDRICAL_SURFACE('',#3901,1.00000000000001);
#156=CYLINDRICAL_SURFACE('',#3903,0.999999999999996);
#157=CYLINDRICAL_SURFACE('',#3906,1.5);
#158=CYLINDRICAL_SURFACE('',#3909,1.5);
#159=CYLINDRICAL_SURFACE('',#3913,1.5);
#160=CYLINDRICAL_SURFACE('',#3918,1.5);
#161=CYLINDRICAL_SURFACE('',#3925,1.5);
#162=CYLINDRICAL_SURFACE('',#3931,1.5);
#163=CYLINDRICAL_SURFACE('',#3937,1.5);
#164=CYLINDRICAL_SURFACE('',#3942,3.78753419532091);
#165=CYLINDRICAL_SURFACE('',#3945,3.78751370847152);
#166=CYLINDRICAL_SURFACE('',#3953,1.5);
#167=CYLINDRICAL_SURFACE('',#3958,1.5);
#168=CYLINDRICAL_SURFACE('',#3963,1.5);
#169=CYLINDRICAL_SURFACE('',#3969,1.5);
#170=CYLINDRICAL_SURFACE('',#3970,3.78753469478162);
#171=CYLINDRICAL_SURFACE('',#3971,1.5);
#172=CYLINDRICAL_SURFACE('',#3978,1.5);
#173=CYLINDRICAL_SURFACE('',#3980,3.78751712299787);
#174=CYLINDRICAL_SURFACE('',#3983,1.78751370868352);
#175=CYLINDRICAL_SURFACE('',#3985,1.78753419526974);
#176=CYLINDRICAL_SURFACE('',#3986,1.78751712308847);
#177=CYLINDRICAL_SURFACE('',#3988,1.78753469502595);
#178=CYLINDRICAL_SURFACE('',#3991,1.78751712308847);
#179=CYLINDRICAL_SURFACE('',#3994,1.19062500000049);
#180=CYLINDRICAL_SURFACE('',#3995,1.19062500000072);
#181=CYLINDRICAL_SURFACE('',#3996,1.25000000000002);
#182=CYLINDRICAL_SURFACE('',#3997,1.19062500000076);
#183=CYLINDRICAL_SURFACE('',#3999,1.19062500000073);
#184=CYLINDRICAL_SURFACE('',#4000,1.25000000000019);
#185=CYLINDRICAL_SURFACE('',#4001,1.19062499996723);
#186=CYLINDRICAL_SURFACE('',#4002,1.19062500000398);
#187=CYLINDRICAL_SURFACE('',#4005,1.19062500000073);
#188=CYLINDRICAL_SURFACE('',#4006,1.25000000000389);
#189=CYLINDRICAL_SURFACE('',#4020,1.78751370868352);
#190=CYLINDRICAL_SURFACE('',#4023,1.78753419526974);
#191=CYLINDRICAL_SURFACE('',#4027,1.78753469502595);
#192=CYLINDRICAL_SURFACE('',#4033,1.19062499996449);
#193=CYLINDRICAL_SURFACE('',#4035,1.190625);
#194=CYLINDRICAL_SURFACE('',#4036,1.19062499996448);
#195=CYLINDRICAL_SURFACE('',#4037,1.24999999999999);
#196=CYLINDRICAL_SURFACE('',#4038,1.19062499997234);
#197=CYLINDRICAL_SURFACE('',#4040,1.19062499996448);
#198=CYLINDRICAL_SURFACE('',#4041,1.25);
#199=CYLINDRICAL_SURFACE('',#4043,1.19062499996448);
#200=CYLINDRICAL_SURFACE('',#4045,1.19062499996448);
#201=CYLINDRICAL_SURFACE('',#4047,1.25);
#202=CYLINDRICAL_SURFACE('',#4049,1.19062499996448);
#203=CYLINDRICAL_SURFACE('',#4051,1.19062499996448);
#204=CYLINDRICAL_SURFACE('',#4053,1.25);
#205=CYLINDRICAL_SURFACE('',#4055,1.19062499996449);
#206=CYLINDRICAL_SURFACE('',#4057,1.19062499996448);
#207=CYLINDRICAL_SURFACE('',#4059,1.25);
#208=CYLINDRICAL_SURFACE('',#4060,1.19062499999834);
#209=CYLINDRICAL_SURFACE('',#4062,1.19062499999995);
#210=CYLINDRICAL_SURFACE('',#4065,1.25000000000096);
#211=CYLINDRICAL_SURFACE('',#4067,1.19062499999994);
#212=CYLINDRICAL_SURFACE('',#4070,1.19062499999995);
#213=CYLINDRICAL_SURFACE('',#4072,1.25000000000037);
#214=CYLINDRICAL_SURFACE('',#4074,1.19062499999832);
#215=CYLINDRICAL_SURFACE('',#4077,1.19062499999831);
#216=CYLINDRICAL_SURFACE('',#4079,1.25000000000003);
#217=CYLINDRICAL_SURFACE('',#4081,1.19062499999834);
#218=CYLINDRICAL_SURFACE('',#4084,1.19062499999834);
#219=CYLINDRICAL_SURFACE('',#4086,1.25);
#220=FACE_OUTER_BOUND('',#420,.T.);
#221=FACE_OUTER_BOUND('',#421,.T.);
#222=FACE_OUTER_BOUND('',#422,.T.);
#223=FACE_OUTER_BOUND('',#423,.T.);
#224=FACE_OUTER_BOUND('',#424,.T.);
#225=FACE_OUTER_BOUND('',#425,.T.);
#226=FACE_OUTER_BOUND('',#426,.T.);
#227=FACE_OUTER_BOUND('',#427,.T.);
#228=FACE_OUTER_BOUND('',#428,.T.);
#229=FACE_OUTER_BOUND('',#429,.T.);
#230=FACE_OUTER_BOUND('',#430,.T.);
#231=FACE_OUTER_BOUND('',#431,.T.);
#232=FACE_OUTER_BOUND('',#432,.T.);
#233=FACE_OUTER_BOUND('',#433,.T.);
#234=FACE_OUTER_BOUND('',#434,.T.);
#235=FACE_OUTER_BOUND('',#435,.T.);
#236=FACE_OUTER_BOUND('',#436,.T.);
#237=FACE_OUTER_BOUND('',#437,.T.);
#238=FACE_OUTER_BOUND('',#438,.T.);
#239=FACE_OUTER_BOUND('',#439,.T.);
#240=FACE_OUTER_BOUND('',#440,.T.);
#241=FACE_OUTER_BOUND('',#441,.T.);
#242=FACE_OUTER_BOUND('',#442,.T.);
#243=FACE_OUTER_BOUND('',#443,.T.);
#244=FACE_OUTER_BOUND('',#444,.T.);
#245=FACE_OUTER_BOUND('',#445,.T.);
#246=FACE_OUTER_BOUND('',#446,.T.);
#247=FACE_OUTER_BOUND('',#447,.T.);
#248=FACE_OUTER_BOUND('',#448,.T.);
#249=FACE_OUTER_BOUND('',#449,.T.);
#250=FACE_OUTER_BOUND('',#450,.T.);
#251=FACE_OUTER_BOUND('',#451,.T.);
#252=FACE_OUTER_BOUND('',#452,.T.);
#253=FACE_OUTER_BOUND('',#453,.T.);
#254=FACE_OUTER_BOUND('',#454,.T.);
#255=FACE_OUTER_BOUND('',#455,.T.);
#256=FACE_OUTER_BOUND('',#456,.T.);
#257=FACE_OUTER_BOUND('',#457,.T.);
#258=FACE_OUTER_BOUND('',#458,.T.);
#259=FACE_OUTER_BOUND('',#459,.T.);
#260=FACE_OUTER_BOUND('',#460,.T.);
#261=FACE_OUTER_BOUND('',#461,.T.);
#262=FACE_OUTER_BOUND('',#462,.T.);
#263=FACE_OUTER_BOUND('',#463,.T.);
#264=FACE_OUTER_BOUND('',#464,.T.);
#265=FACE_OUTER_BOUND('',#465,.T.);
#266=FACE_OUTER_BOUND('',#466,.T.);
#267=FACE_OUTER_BOUND('',#467,.T.);
#268=FACE_OUTER_BOUND('',#468,.T.);
#269=FACE_OUTER_BOUND('',#469,.T.);
#270=FACE_OUTER_BOUND('',#470,.T.);
#271=FACE_OUTER_BOUND('',#472,.T.);
#272=FACE_OUTER_BOUND('',#481,.T.);
#273=FACE_OUTER_BOUND('',#482,.T.);
#274=FACE_OUTER_BOUND('',#483,.T.);
#275=FACE_OUTER_BOUND('',#484,.T.);
#276=FACE_OUTER_BOUND('',#485,.T.);
#277=FACE_OUTER_BOUND('',#486,.T.);
#278=FACE_OUTER_BOUND('',#487,.T.);
#279=FACE_OUTER_BOUND('',#488,.T.);
#280=FACE_OUTER_BOUND('',#489,.T.);
#281=FACE_OUTER_BOUND('',#491,.T.);
#282=FACE_OUTER_BOUND('',#492,.T.);
#283=FACE_OUTER_BOUND('',#493,.T.);
#284=FACE_OUTER_BOUND('',#494,.T.);
#285=FACE_OUTER_BOUND('',#495,.T.);
#286=FACE_OUTER_BOUND('',#496,.T.);
#287=FACE_OUTER_BOUND('',#497,.T.);
#288=FACE_OUTER_BOUND('',#498,.T.);
#289=FACE_OUTER_BOUND('',#499,.T.);
#290=FACE_OUTER_BOUND('',#500,.T.);
#291=FACE_OUTER_BOUND('',#501,.T.);
#292=FACE_OUTER_BOUND('',#502,.T.);
#293=FACE_OUTER_BOUND('',#503,.T.);
#294=FACE_OUTER_BOUND('',#504,.T.);
#295=FACE_OUTER_BOUND('',#505,.T.);
#296=FACE_OUTER_BOUND('',#506,.T.);
#297=FACE_OUTER_BOUND('',#507,.T.);
#298=FACE_OUTER_BOUND('',#508,.T.);
#299=FACE_OUTER_BOUND('',#509,.T.);
#300=FACE_OUTER_BOUND('',#510,.T.);
#301=FACE_OUTER_BOUND('',#511,.T.);
#302=FACE_OUTER_BOUND('',#512,.T.);
#303=FACE_OUTER_BOUND('',#513,.T.);
#304=FACE_OUTER_BOUND('',#514,.T.);
#305=FACE_OUTER_BOUND('',#515,.T.);
#306=FACE_OUTER_BOUND('',#516,.T.);
#307=FACE_OUTER_BOUND('',#517,.T.);
#308=FACE_OUTER_BOUND('',#518,.T.);
#309=FACE_OUTER_BOUND('',#519,.T.);
#310=FACE_OUTER_BOUND('',#520,.T.);
#311=FACE_OUTER_BOUND('',#522,.T.);
#312=FACE_OUTER_BOUND('',#523,.T.);
#313=FACE_OUTER_BOUND('',#524,.T.);
#314=FACE_OUTER_BOUND('',#525,.T.);
#315=FACE_OUTER_BOUND('',#526,.T.);
#316=FACE_OUTER_BOUND('',#527,.T.);
#317=FACE_OUTER_BOUND('',#528,.T.);
#318=FACE_OUTER_BOUND('',#529,.T.);
#319=FACE_OUTER_BOUND('',#530,.T.);
#320=FACE_OUTER_BOUND('',#531,.T.);
#321=FACE_OUTER_BOUND('',#532,.T.);
#322=FACE_OUTER_BOUND('',#533,.T.);
#323=FACE_OUTER_BOUND('',#534,.T.);
#324=FACE_OUTER_BOUND('',#535,.T.);
#325=FACE_OUTER_BOUND('',#536,.T.);
#326=FACE_OUTER_BOUND('',#537,.T.);
#327=FACE_OUTER_BOUND('',#538,.T.);
#328=FACE_OUTER_BOUND('',#539,.T.);
#329=FACE_OUTER_BOUND('',#540,.T.);
#330=FACE_OUTER_BOUND('',#542,.T.);
#331=FACE_OUTER_BOUND('',#543,.T.);
#332=FACE_OUTER_BOUND('',#544,.T.);
#333=FACE_OUTER_BOUND('',#545,.T.);
#334=FACE_OUTER_BOUND('',#546,.T.);
#335=FACE_OUTER_BOUND('',#547,.T.);
#336=FACE_OUTER_BOUND('',#548,.T.);
#337=FACE_OUTER_BOUND('',#549,.T.);
#338=FACE_OUTER_BOUND('',#550,.T.);
#339=FACE_OUTER_BOUND('',#551,.T.);
#340=FACE_OUTER_BOUND('',#552,.T.);
#341=FACE_OUTER_BOUND('',#553,.T.);
#342=FACE_OUTER_BOUND('',#554,.T.);
#343=FACE_OUTER_BOUND('',#555,.T.);
#344=FACE_OUTER_BOUND('',#556,.T.);
#345=FACE_OUTER_BOUND('',#557,.T.);
#346=FACE_OUTER_BOUND('',#558,.T.);
#347=FACE_OUTER_BOUND('',#559,.T.);
#348=FACE_OUTER_BOUND('',#560,.T.);
#349=FACE_OUTER_BOUND('',#561,.T.);
#350=FACE_OUTER_BOUND('',#562,.T.);
#351=FACE_OUTER_BOUND('',#563,.T.);
#352=FACE_OUTER_BOUND('',#564,.T.);
#353=FACE_OUTER_BOUND('',#565,.T.);
#354=FACE_OUTER_BOUND('',#566,.T.);
#355=FACE_OUTER_BOUND('',#567,.T.);
#356=FACE_OUTER_BOUND('',#568,.T.);
#357=FACE_OUTER_BOUND('',#569,.T.);
#358=FACE_OUTER_BOUND('',#570,.T.);
#359=FACE_OUTER_BOUND('',#571,.T.);
#360=FACE_OUTER_BOUND('',#572,.T.);
#361=FACE_OUTER_BOUND('',#573,.T.);
#362=FACE_OUTER_BOUND('',#574,.T.);
#363=FACE_OUTER_BOUND('',#575,.T.);
#364=FACE_OUTER_BOUND('',#576,.T.);
#365=FACE_OUTER_BOUND('',#577,.T.);
#366=FACE_OUTER_BOUND('',#578,.T.);
#367=FACE_OUTER_BOUND('',#583,.T.);
#368=FACE_OUTER_BOUND('',#584,.T.);
#369=FACE_OUTER_BOUND('',#585,.T.);
#370=FACE_OUTER_BOUND('',#586,.T.);
#371=FACE_OUTER_BOUND('',#587,.T.);
#372=FACE_OUTER_BOUND('',#588,.T.);
#373=FACE_OUTER_BOUND('',#589,.T.);
#374=FACE_OUTER_BOUND('',#590,.T.);
#375=FACE_OUTER_BOUND('',#591,.T.);
#376=FACE_OUTER_BOUND('',#592,.T.);
#377=FACE_OUTER_BOUND('',#593,.T.);
#378=FACE_OUTER_BOUND('',#594,.T.);
#379=FACE_OUTER_BOUND('',#595,.T.);
#380=FACE_OUTER_BOUND('',#596,.T.);
#381=FACE_OUTER_BOUND('',#597,.T.);
#382=FACE_OUTER_BOUND('',#598,.T.);
#383=FACE_OUTER_BOUND('',#599,.T.);
#384=FACE_OUTER_BOUND('',#600,.T.);
#385=FACE_OUTER_BOUND('',#601,.T.);
#386=FACE_OUTER_BOUND('',#602,.T.);
#387=FACE_OUTER_BOUND('',#603,.T.);
#388=FACE_OUTER_BOUND('',#604,.T.);
#389=FACE_OUTER_BOUND('',#605,.T.);
#390=FACE_OUTER_BOUND('',#606,.T.);
#391=FACE_OUTER_BOUND('',#607,.T.);
#392=FACE_OUTER_BOUND('',#608,.T.);
#393=FACE_OUTER_BOUND('',#609,.T.);
#394=FACE_OUTER_BOUND('',#610,.T.);
#395=FACE_OUTER_BOUND('',#611,.T.);
#396=FACE_OUTER_BOUND('',#612,.T.);
#397=FACE_OUTER_BOUND('',#613,.T.);
#398=FACE_OUTER_BOUND('',#614,.T.);
#399=FACE_OUTER_BOUND('',#615,.T.);
#400=FACE_OUTER_BOUND('',#616,.T.);
#401=FACE_OUTER_BOUND('',#617,.T.);
#402=FACE_OUTER_BOUND('',#618,.T.);
#403=FACE_OUTER_BOUND('',#619,.T.);
#404=FACE_OUTER_BOUND('',#620,.T.);
#405=FACE_OUTER_BOUND('',#621,.T.);
#406=FACE_OUTER_BOUND('',#622,.T.);
#407=FACE_OUTER_BOUND('',#623,.T.);
#408=FACE_OUTER_BOUND('',#624,.T.);
#409=FACE_OUTER_BOUND('',#625,.T.);
#410=FACE_OUTER_BOUND('',#626,.T.);
#411=FACE_OUTER_BOUND('',#627,.T.);
#412=FACE_OUTER_BOUND('',#628,.T.);
#413=FACE_OUTER_BOUND('',#629,.T.);
#414=FACE_OUTER_BOUND('',#630,.T.);
#415=FACE_OUTER_BOUND('',#631,.T.);
#416=FACE_OUTER_BOUND('',#632,.T.);
#417=FACE_OUTER_BOUND('',#633,.T.);
#418=FACE_OUTER_BOUND('',#634,.T.);
#419=FACE_OUTER_BOUND('',#635,.T.);
#420=EDGE_LOOP('',(#2377,#2378,#2379,#2380));
#421=EDGE_LOOP('',(#2381,#2382,#2383,#2384));
#422=EDGE_LOOP('',(#2385));
#423=EDGE_LOOP('',(#2386,#2387,#2388,#2389));
#424=EDGE_LOOP('',(#2390,#2391,#2392,#2393));
#425=EDGE_LOOP('',(#2394));
#426=EDGE_LOOP('',(#2395,#2396,#2397,#2398));
#427=EDGE_LOOP('',(#2399,#2400,#2401,#2402));
#428=EDGE_LOOP('',(#2403));
#429=EDGE_LOOP('',(#2404,#2405,#2406,#2407));
#430=EDGE_LOOP('',(#2408,#2409,#2410,#2411));
#431=EDGE_LOOP('',(#2412));
#432=EDGE_LOOP('',(#2413,#2414,#2415,#2416));
#433=EDGE_LOOP('',(#2417,#2418,#2419,#2420));
#434=EDGE_LOOP('',(#2421));
#435=EDGE_LOOP('',(#2422,#2423,#2424,#2425));
#436=EDGE_LOOP('',(#2426,#2427,#2428,#2429));
#437=EDGE_LOOP('',(#2430));
#438=EDGE_LOOP('',(#2431,#2432,#2433,#2434));
#439=EDGE_LOOP('',(#2435,#2436,#2437,#2438));
#440=EDGE_LOOP('',(#2439));
#441=EDGE_LOOP('',(#2440,#2441,#2442,#2443));
#442=EDGE_LOOP('',(#2444,#2445,#2446,#2447));
#443=EDGE_LOOP('',(#2448));
#444=EDGE_LOOP('',(#2449,#2450,#2451,#2452));
#445=EDGE_LOOP('',(#2453,#2454,#2455,#2456));
#446=EDGE_LOOP('',(#2457));
#447=EDGE_LOOP('',(#2458,#2459,#2460,#2461));
#448=EDGE_LOOP('',(#2462,#2463,#2464,#2465));
#449=EDGE_LOOP('',(#2466));
#450=EDGE_LOOP('',(#2467,#2468,#2469,#2470));
#451=EDGE_LOOP('',(#2471,#2472,#2473,#2474));
#452=EDGE_LOOP('',(#2475));
#453=EDGE_LOOP('',(#2476,#2477,#2478,#2479));
#454=EDGE_LOOP('',(#2480,#2481,#2482,#2483));
#455=EDGE_LOOP('',(#2484));
#456=EDGE_LOOP('',(#2485,#2486,#2487,#2488));
#457=EDGE_LOOP('',(#2489,#2490,#2491,#2492));
#458=EDGE_LOOP('',(#2493));
#459=EDGE_LOOP('',(#2494,#2495,#2496,#2497));
#460=EDGE_LOOP('',(#2498,#2499,#2500,#2501));
#461=EDGE_LOOP('',(#2502,#2503,#2504,#2505));
#462=EDGE_LOOP('',(#2506,#2507,#2508,#2509));
#463=EDGE_LOOP('',(#2510,#2511,#2512,#2513));
#464=EDGE_LOOP('',(#2514,#2515,#2516,#2517));
#465=EDGE_LOOP('',(#2518,#2519,#2520,#2521));
#466=EDGE_LOOP('',(#2522,#2523,#2524,#2525));
#467=EDGE_LOOP('',(#2526,#2527,#2528,#2529));
#468=EDGE_LOOP('',(#2530,#2531,#2532,#2533));
#469=EDGE_LOOP('',(#2534,#2535,#2536,#2537,#2538,#2539,#2540,#2541));
#470=EDGE_LOOP('',(#2542,#2543,#2544,#2545,#2546,#2547,#2548));
#471=EDGE_LOOP('',(#2549));
#472=EDGE_LOOP('',(#2550,#2551,#2552,#2553,#2554,#2555,#2556,#2557,#2558,
#2559,#2560,#2561,#2562,#2563,#2564,#2565,#2566,#2567,#2568,#2569,#2570,
#2571,#2572,#2573,#2574,#2575,#2576,#2577,#2578,#2579,#2580,#2581,#2582,
#2583,#2584,#2585,#2586,#2587,#2588,#2589,#2590,#2591,#2592,#2593,#2594,
#2595,#2596,#2597,#2598,#2599,#2600,#2601,#2602,#2603,#2604,#2605,#2606,
#2607,#2608,#2609,#2610,#2611,#2612,#2613,#2614,#2615,#2616,#2617,#2618,
#2619,#2620,#2621,#2622,#2623));
#473=EDGE_LOOP('',(#2624));
#474=EDGE_LOOP('',(#2625));
#475=EDGE_LOOP('',(#2626));
#476=EDGE_LOOP('',(#2627));
#477=EDGE_LOOP('',(#2628));
#478=EDGE_LOOP('',(#2629));
#479=EDGE_LOOP('',(#2630));
#480=EDGE_LOOP('',(#2631));
#481=EDGE_LOOP('',(#2632,#2633,#2634,#2635));
#482=EDGE_LOOP('',(#2636,#2637,#2638,#2639));
#483=EDGE_LOOP('',(#2640,#2641,#2642,#2643));
#484=EDGE_LOOP('',(#2644,#2645,#2646,#2647));
#485=EDGE_LOOP('',(#2648,#2649,#2650,#2651));
#486=EDGE_LOOP('',(#2652,#2653,#2654,#2655));
#487=EDGE_LOOP('',(#2656,#2657,#2658,#2659));
#488=EDGE_LOOP('',(#2660,#2661,#2662,#2663));
#489=EDGE_LOOP('',(#2664,#2665,#2666,#2667,#2668,#2669,#2670,#2671));
#490=EDGE_LOOP('',(#2672,#2673,#2674,#2675));
#491=EDGE_LOOP('',(#2676,#2677,#2678,#2679,#2680));
#492=EDGE_LOOP('',(#2681,#2682,#2683,#2684));
#493=EDGE_LOOP('',(#2685,#2686,#2687,#2688,#2689,#2690,#2691,#2692,#2693,
#2694,#2695,#2696,#2697,#2698,#2699,#2700));
#494=EDGE_LOOP('',(#2701,#2702,#2703,#2704,#2705));
#495=EDGE_LOOP('',(#2706,#2707,#2708,#2709,#2710,#2711,#2712,#2713,#2714,
#2715,#2716,#2717,#2718,#2719,#2720,#2721,#2722,#2723,#2724,#2725,#2726,
#2727,#2728,#2729,#2730,#2731,#2732,#2733,#2734,#2735,#2736,#2737,#2738,
#2739,#2740,#2741,#2742,#2743,#2744,#2745,#2746,#2747,#2748,#2749,#2750,
#2751,#2752,#2753,#2754,#2755,#2756,#2757,#2758,#2759,#2760,#2761,#2762,
#2763,#2764,#2765,#2766,#2767,#2768,#2769,#2770,#2771,#2772,#2773,#2774,
#2775,#2776,#2777,#2778,#2779,#2780,#2781,#2782));
#496=EDGE_LOOP('',(#2783,#2784,#2785,#2786));
#497=EDGE_LOOP('',(#2787,#2788,#2789,#2790));
#498=EDGE_LOOP('',(#2791,#2792,#2793,#2794));
#499=EDGE_LOOP('',(#2795,#2796,#2797,#2798));
#500=EDGE_LOOP('',(#2799,#2800,#2801,#2802));
#501=EDGE_LOOP('',(#2803,#2804,#2805,#2806));
#502=EDGE_LOOP('',(#2807,#2808,#2809,#2810));
#503=EDGE_LOOP('',(#2811,#2812,#2813,#2814));
#504=EDGE_LOOP('',(#2815,#2816,#2817,#2818));
#505=EDGE_LOOP('',(#2819,#2820,#2821,#2822));
#506=EDGE_LOOP('',(#2823,#2824,#2825,#2826));
#507=EDGE_LOOP('',(#2827,#2828,#2829,#2830));
#508=EDGE_LOOP('',(#2831,#2832,#2833,#2834));
#509=EDGE_LOOP('',(#2835,#2836,#2837,#2838));
#510=EDGE_LOOP('',(#2839,#2840,#2841,#2842));
#511=EDGE_LOOP('',(#2843,#2844,#2845,#2846));
#512=EDGE_LOOP('',(#2847,#2848,#2849,#2850));
#513=EDGE_LOOP('',(#2851,#2852,#2853,#2854));
#514=EDGE_LOOP('',(#2855,#2856,#2857,#2858));
#515=EDGE_LOOP('',(#2859,#2860,#2861,#2862));
#516=EDGE_LOOP('',(#2863,#2864,#2865,#2866));
#517=EDGE_LOOP('',(#2867,#2868,#2869,#2870));
#518=EDGE_LOOP('',(#2871,#2872,#2873,#2874));
#519=EDGE_LOOP('',(#2875,#2876,#2877,#2878));
#520=EDGE_LOOP('',(#2879,#2880,#2881,#2882,#2883,#2884,#2885,#2886,#2887,
#2888,#2889,#2890,#2891,#2892,#2893,#2894,#2895,#2896));
#521=EDGE_LOOP('',(#2897,#2898,#2899,#2900));
#522=EDGE_LOOP('',(#2901,#2902,#2903,#2904));
#523=EDGE_LOOP('',(#2905,#2906,#2907,#2908,#2909,#2910,#2911,#2912,#2913,
#2914));
#524=EDGE_LOOP('',(#2915,#2916,#2917,#2918));
#525=EDGE_LOOP('',(#2919,#2920,#2921,#2922));
#526=EDGE_LOOP('',(#2923,#2924,#2925,#2926));
#527=EDGE_LOOP('',(#2927,#2928,#2929,#2930,#2931,#2932,#2933,#2934,#2935));
#528=EDGE_LOOP('',(#2936,#2937,#2938,#2939));
#529=EDGE_LOOP('',(#2940,#2941,#2942,#2943));
#530=EDGE_LOOP('',(#2944,#2945,#2946,#2947));
#531=EDGE_LOOP('',(#2948,#2949,#2950,#2951));
#532=EDGE_LOOP('',(#2952,#2953,#2954,#2955));
#533=EDGE_LOOP('',(#2956,#2957,#2958,#2959));
#534=EDGE_LOOP('',(#2960,#2961,#2962,#2963));
#535=EDGE_LOOP('',(#2964,#2965,#2966,#2967));
#536=EDGE_LOOP('',(#2968,#2969,#2970,#2971));
#537=EDGE_LOOP('',(#2972,#2973,#2974,#2975));
#538=EDGE_LOOP('',(#2976,#2977,#2978,#2979));
#539=EDGE_LOOP('',(#2980,#2981,#2982,#2983));
#540=EDGE_LOOP('',(#2984,#2985,#2986,#2987,#2988,#2989,#2990,#2991));
#541=EDGE_LOOP('',(#2992,#2993,#2994,#2995,#2996,#2997,#2998,#2999));
#542=EDGE_LOOP('',(#3000,#3001,#3002,#3003));
#543=EDGE_LOOP('',(#3004,#3005,#3006,#3007));
#544=EDGE_LOOP('',(#3008,#3009,#3010,#3011));
#545=EDGE_LOOP('',(#3012,#3013,#3014,#3015));
#546=EDGE_LOOP('',(#3016,#3017,#3018,#3019));
#547=EDGE_LOOP('',(#3020,#3021,#3022,#3023));
#548=EDGE_LOOP('',(#3024,#3025,#3026,#3027));
#549=EDGE_LOOP('',(#3028,#3029,#3030,#3031));
#550=EDGE_LOOP('',(#3032,#3033,#3034,#3035));
#551=EDGE_LOOP('',(#3036,#3037,#3038,#3039));
#552=EDGE_LOOP('',(#3040,#3041,#3042,#3043,#3044,#3045,#3046,#3047));
#553=EDGE_LOOP('',(#3048,#3049,#3050,#3051));
#554=EDGE_LOOP('',(#3052,#3053,#3054,#3055,#3056,#3057,#3058,#3059,#3060,
#3061));
#555=EDGE_LOOP('',(#3062,#3063,#3064,#3065,#3066,#3067,#3068,#3069,#3070));
#556=EDGE_LOOP('',(#3071,#3072,#3073,#3074));
#557=EDGE_LOOP('',(#3075,#3076,#3077,#3078));
#558=EDGE_LOOP('',(#3079,#3080,#3081,#3082));
#559=EDGE_LOOP('',(#3083,#3084,#3085,#3086));
#560=EDGE_LOOP('',(#3087,#3088,#3089,#3090,#3091,#3092,#3093,#3094,#3095,
#3096,#3097,#3098,#3099,#3100));
#561=EDGE_LOOP('',(#3101,#3102,#3103,#3104));
#562=EDGE_LOOP('',(#3105,#3106,#3107,#3108));
#563=EDGE_LOOP('',(#3109,#3110,#3111,#3112));
#564=EDGE_LOOP('',(#3113,#3114,#3115,#3116,#3117,#3118,#3119,#3120));
#565=EDGE_LOOP('',(#3121,#3122,#3123,#3124));
#566=EDGE_LOOP('',(#3125,#3126,#3127,#3128));
#567=EDGE_LOOP('',(#3129,#3130,#3131,#3132));
#568=EDGE_LOOP('',(#3133,#3134,#3135,#3136));
#569=EDGE_LOOP('',(#3137,#3138,#3139,#3140));
#570=EDGE_LOOP('',(#3141,#3142,#3143,#3144));
#571=EDGE_LOOP('',(#3145,#3146,#3147,#3148));
#572=EDGE_LOOP('',(#3149,#3150,#3151,#3152));
#573=EDGE_LOOP('',(#3153,#3154,#3155,#3156));
#574=EDGE_LOOP('',(#3157,#3158,#3159,#3160));
#575=EDGE_LOOP('',(#3161,#3162,#3163,#3164,#3165,#3166,#3167,#3168,#3169,
#3170));
#576=EDGE_LOOP('',(#3171,#3172,#3173,#3174));
#577=EDGE_LOOP('',(#3175,#3176,#3177,#3178));
#578=EDGE_LOOP('',(#3179,#3180,#3181,#3182,#3183,#3184,#3185,#3186,#3187,
#3188,#3189,#3190,#3191,#3192,#3193,#3194,#3195,#3196,#3197,#3198));
#579=EDGE_LOOP('',(#3199));
#580=EDGE_LOOP('',(#3200));
#581=EDGE_LOOP('',(#3201));
#582=EDGE_LOOP('',(#3202));
#583=EDGE_LOOP('',(#3203,#3204,#3205,#3206));
#584=EDGE_LOOP('',(#3207,#3208,#3209,#3210));
#585=EDGE_LOOP('',(#3211,#3212,#3213,#3214));
#586=EDGE_LOOP('',(#3215,#3216,#3217,#3218));
#587=EDGE_LOOP('',(#3219,#3220,#3221,#3222,#3223,#3224,#3225,#3226,#3227,
#3228,#3229,#3230));
#588=EDGE_LOOP('',(#3231,#3232,#3233,#3234));
#589=EDGE_LOOP('',(#3235,#3236,#3237,#3238));
#590=EDGE_LOOP('',(#3239,#3240,#3241,#3242,#3243,#3244,#3245,#3246,#3247,
#3248,#3249,#3250,#3251,#3252,#3253,#3254));
#591=EDGE_LOOP('',(#3255,#3256,#3257,#3258));
#592=EDGE_LOOP('',(#3259,#3260,#3261,#3262));
#593=EDGE_LOOP('',(#3263,#3264,#3265,#3266));
#594=EDGE_LOOP('',(#3267,#3268,#3269,#3270));
#595=EDGE_LOOP('',(#3271,#3272,#3273,#3274));
#596=EDGE_LOOP('',(#3275,#3276,#3277,#3278));
#597=EDGE_LOOP('',(#3279,#3280,#3281,#3282));
#598=EDGE_LOOP('',(#3283,#3284,#3285,#3286));
#599=EDGE_LOOP('',(#3287,#3288,#3289,#3290));
#600=EDGE_LOOP('',(#3291,#3292,#3293,#3294));
#601=EDGE_LOOP('',(#3295,#3296,#3297,#3298));
#602=EDGE_LOOP('',(#3299,#3300,#3301,#3302));
#603=EDGE_LOOP('',(#3303,#3304,#3305,#3306));
#604=EDGE_LOOP('',(#3307,#3308,#3309,#3310));
#605=EDGE_LOOP('',(#3311,#3312,#3313,#3314));
#606=EDGE_LOOP('',(#3315,#3316,#3317,#3318));
#607=EDGE_LOOP('',(#3319,#3320,#3321,#3322));
#608=EDGE_LOOP('',(#3323,#3324,#3325,#3326));
#609=EDGE_LOOP('',(#3327,#3328,#3329,#3330));
#610=EDGE_LOOP('',(#3331,#3332,#3333,#3334));
#611=EDGE_LOOP('',(#3335,#3336,#3337,#3338));
#612=EDGE_LOOP('',(#3339,#3340,#3341,#3342));
#613=EDGE_LOOP('',(#3343,#3344,#3345,#3346));
#614=EDGE_LOOP('',(#3347,#3348,#3349,#3350));
#615=EDGE_LOOP('',(#3351,#3352,#3353,#3354));
#616=EDGE_LOOP('',(#3355,#3356,#3357,#3358));
#617=EDGE_LOOP('',(#3359,#3360,#3361,#3362));
#618=EDGE_LOOP('',(#3363,#3364,#3365,#3366));
#619=EDGE_LOOP('',(#3367,#3368,#3369,#3370));
#620=EDGE_LOOP('',(#3371,#3372,#3373,#3374));
#621=EDGE_LOOP('',(#3375,#3376,#3377,#3378));
#622=EDGE_LOOP('',(#3379,#3380,#3381,#3382));
#623=EDGE_LOOP('',(#3383,#3384,#3385,#3386));
#624=EDGE_LOOP('',(#3387,#3388,#3389,#3390));
#625=EDGE_LOOP('',(#3391,#3392,#3393,#3394));
#626=EDGE_LOOP('',(#3395,#3396,#3397,#3398));
#627=EDGE_LOOP('',(#3399,#3400,#3401,#3402));
#628=EDGE_LOOP('',(#3403,#3404,#3405,#3406));
#629=EDGE_LOOP('',(#3407,#3408,#3409,#3410));
#630=EDGE_LOOP('',(#3411,#3412,#3413,#3414));
#631=EDGE_LOOP('',(#3415,#3416,#3417,#3418));
#632=EDGE_LOOP('',(#3419,#3420,#3421,#3422));
#633=EDGE_LOOP('',(#3423,#3424,#3425,#3426));
#634=EDGE_LOOP('',(#3427,#3428,#3429,#3430));
#635=EDGE_LOOP('',(#3431,#3432,#3433,#3434,#3435,#3436,#3437,#3438,#3439,
#3440,#3441,#3442,#3443,#3444,#3445,#3446,#3447,#3448,#3449,#3450));
#636=LINE('',#5238,#960);
#637=LINE('',#5242,#961);
#638=LINE('',#5249,#962);
#639=LINE('',#5253,#963);
#640=LINE('',#5260,#964);
#641=LINE('',#5264,#965);
#642=LINE('',#5271,#966);
#643=LINE('',#5275,#967);
#644=LINE('',#5282,#968);
#645=LINE('',#5286,#969);
#646=LINE('',#5293,#970);
#647=LINE('',#5297,#971);
#648=LINE('',#5304,#972);
#649=LINE('',#5308,#973);
#650=LINE('',#5315,#974);
#651=LINE('',#5319,#975);
#652=LINE('',#5326,#976);
#653=LINE('',#5330,#977);
#654=LINE('',#5337,#978);
#655=LINE('',#5341,#979);
#656=LINE('',#5348,#980);
#657=LINE('',#5352,#981);
#658=LINE('',#5359,#982);
#659=LINE('',#5363,#983);
#660=LINE('',#5370,#984);
#661=LINE('',#5374,#985);
#662=LINE('',#5380,#986);
#663=LINE('',#5382,#987);
#664=LINE('',#5384,#988);
#665=LINE('',#5385,#989);
#666=LINE('',#5404,#990);
#667=LINE('',#5407,#991);
#668=LINE('',#5410,#992);
#669=LINE('',#5411,#993);
#670=LINE('',#5415,#994);
#671=LINE('',#5417,#995);
#672=LINE('',#5419,#996);
#673=LINE('',#5420,#997);
#674=LINE('',#5423,#998);
#675=LINE('',#5425,#999);
#676=LINE('',#5426,#1000);
#677=LINE('',#5430,#1001);
#678=LINE('',#5432,#1002);
#679=LINE('',#5434,#1003);
#680=LINE('',#5435,#1004);
#681=LINE('',#5439,#1005);
#682=LINE('',#5441,#1006);
#683=LINE('',#5443,#1007);
#684=LINE('',#5444,#1008);
#685=LINE('',#5446,#1009);
#686=LINE('',#5447,#1010);
#687=LINE('',#5450,#1011);
#688=LINE('',#5452,#1012);
#689=LINE('',#5454,#1013);
#690=LINE('',#5456,#1014);
#691=LINE('',#5457,#1015);
#692=LINE('',#5460,#1016);
#693=LINE('',#5462,#1017);
#694=LINE('',#5476,#1018);
#695=LINE('',#5484,#1019);
#696=LINE('',#5488,#1020);
#697=LINE('',#5492,#1021);
#698=LINE('',#5502,#1022);
#699=LINE('',#5506,#1023);
#700=LINE('',#5510,#1024);
#701=LINE('',#5514,#1025);
#702=LINE('',#5518,#1026);
#703=LINE('',#5526,#1027);
#704=LINE('',#5532,#1028);
#705=LINE('',#5536,#1029);
#706=LINE('',#5540,#1030);
#707=LINE('',#5544,#1031);
#708=LINE('',#5548,#1032);
#709=LINE('',#5552,#1033);
#710=LINE('',#5556,#1034);
#711=LINE('',#5560,#1035);
#712=LINE('',#5564,#1036);
#713=LINE('',#5568,#1037);
#714=LINE('',#5572,#1038);
#715=LINE('',#5576,#1039);
#716=LINE('',#5580,#1040);
#717=LINE('',#5584,#1041);
#718=LINE('',#5586,#1042);
#719=LINE('',#5590,#1043);
#720=LINE('',#5594,#1044);
#721=LINE('',#5596,#1045);
#722=LINE('',#5598,#1046);
#723=LINE('',#5602,#1047);
#724=LINE('',#5606,#1048);
#725=LINE('',#5608,#1049);
#726=LINE('',#5611,#1050);
#727=LINE('',#5626,#1051);
#728=LINE('',#5629,#1052);
#729=LINE('',#5633,#1053);
#730=LINE('',#5635,#1054);
#731=LINE('',#5637,#1055);
#732=LINE('',#5638,#1056);
#733=LINE('',#5643,#1057);
#734=LINE('',#5647,#1058);
#735=LINE('',#5649,#1059);
#736=LINE('',#5650,#1060);
#737=LINE('',#5655,#1061);
#738=LINE('',#5658,#1062);
#739=LINE('',#5659,#1063);
#740=LINE('',#5662,#1064);
#741=LINE('',#5664,#1065);
#742=LINE('',#5665,#1066);
#743=LINE('',#5681,#1067);
#744=LINE('',#5682,#1068);
#745=LINE('',#5683,#1069);
#746=LINE('',#5686,#1070);
#747=LINE('',#5687,#1071);
#748=LINE('',#5690,#1072);
#749=LINE('',#5691,#1073);
#750=LINE('',#5694,#1074);
#751=LINE('',#5696,#1075);
#752=LINE('',#5698,#1076);
#753=LINE('',#5700,#1077);
#754=LINE('',#5702,#1078);
#755=LINE('',#5703,#1079);
#756=LINE('',#5707,#1080);
#757=LINE('',#5708,#1081);
#758=LINE('',#5710,#1082);
#759=LINE('',#5714,#1083);
#760=LINE('',#5716,#1084);
#761=LINE('',#5718,#1085);
#762=LINE('',#5722,#1086);
#763=LINE('',#5726,#1087);
#764=LINE('',#5728,#1088);
#765=LINE('',#5732,#1089);
#766=LINE('',#5736,#1090);
#767=LINE('',#5740,#1091);
#768=LINE('',#5744,#1092);
#769=LINE('',#5748,#1093);
#770=LINE('',#5752,#1094);
#771=LINE('',#5756,#1095);
#772=LINE('',#5760,#1096);
#773=LINE('',#5764,#1097);
#774=LINE('',#5768,#1098);
#775=LINE('',#5772,#1099);
#776=LINE('',#5776,#1100);
#777=LINE('',#5780,#1101);
#778=LINE('',#5786,#1102);
#779=LINE('',#5794,#1103);
#780=LINE('',#5798,#1104);
#781=LINE('',#5802,#1105);
#782=LINE('',#5806,#1106);
#783=LINE('',#5810,#1107);
#784=LINE('',#5820,#1108);
#785=LINE('',#5824,#1109);
#786=LINE('',#5828,#1110);
#787=LINE('',#5836,#1111);
#788=LINE('',#5849,#1112);
#789=LINE('',#5851,#1113);
#790=LINE('',#5855,#1114);
#791=LINE('',#5857,#1115);
#792=LINE('',#5861,#1116);
#793=LINE('',#5864,#1117);
#794=LINE('',#5865,#1118);
#795=LINE('',#5867,#1119);
#796=LINE('',#5869,#1120);
#797=LINE('',#5871,#1121);
#798=LINE('',#5873,#1122);
#799=LINE('',#5874,#1123);
#800=LINE('',#5876,#1124);
#801=LINE('',#5878,#1125);
#802=LINE('',#5880,#1126);
#803=LINE('',#5882,#1127);
#804=LINE('',#5884,#1128);
#805=LINE('',#5886,#1129);
#806=LINE('',#5888,#1130);
#807=LINE('',#5890,#1131);
#808=LINE('',#5892,#1132);
#809=LINE('',#5893,#1133);
#810=LINE('',#5895,#1134);
#811=LINE('',#5897,#1135);
#812=LINE('',#5899,#1136);
#813=LINE('',#5900,#1137);
#814=LINE('',#5902,#1138);
#815=LINE('',#5904,#1139);
#816=LINE('',#5906,#1140);
#817=LINE('',#5908,#1141);
#818=LINE('',#5910,#1142);
#819=LINE('',#5912,#1143);
#820=LINE('',#5914,#1144);
#821=LINE('',#5916,#1145);
#822=LINE('',#5918,#1146);
#823=LINE('',#5920,#1147);
#824=LINE('',#5921,#1148);
#825=LINE('',#5923,#1149);
#826=LINE('',#5925,#1150);
#827=LINE('',#5926,#1151);
#828=LINE('',#5927,#1152);
#829=LINE('',#5929,#1153);
#830=LINE('',#5934,#1154);
#831=LINE('',#5935,#1155);
#832=LINE('',#5941,#1156);
#833=LINE('',#5944,#1157);
#834=LINE('',#5947,#1158);
#835=LINE('',#5949,#1159);
#836=LINE('',#5950,#1160);
#837=LINE('',#5955,#1161);
#838=LINE('',#5959,#1162);
#839=LINE('',#5961,#1163);
#840=LINE('',#5963,#1164);
#841=LINE('',#5965,#1165);
#842=LINE('',#5967,#1166);
#843=LINE('',#5969,#1167);
#844=LINE('',#5972,#1168);
#845=LINE('',#5978,#1169);
#846=LINE('',#5981,#1170);
#847=LINE('',#5992,#1171);
#848=LINE('',#5993,#1172);
#849=LINE('',#6002,#1173);
#850=LINE('',#6013,#1174);
#851=LINE('',#6014,#1175);
#852=LINE('',#6020,#1176);
#853=LINE('',#6024,#1177);
#854=LINE('',#6025,#1178);
#855=LINE('',#6028,#1179);
#856=LINE('',#6032,#1180);
#857=LINE('',#6033,#1181);
#858=LINE('',#6039,#1182);
#859=LINE('',#6044,#1183);
#860=LINE('',#6047,#1184);
#861=LINE('',#6051,#1185);
#862=LINE('',#6059,#1186);
#863=LINE('',#6067,#1187);
#864=LINE('',#6075,#1188);
#865=LINE('',#6076,#1189);
#866=LINE('',#6078,#1190);
#867=LINE('',#6084,#1191);
#868=LINE('',#6087,#1192);
#869=LINE('',#6096,#1193);
#870=LINE('',#6098,#1194);
#871=LINE('',#6100,#1195);
#872=LINE('',#6103,#1196);
#873=LINE('',#6104,#1197);
#874=LINE('',#6105,#1198);
#875=LINE('',#6106,#1199);
#876=LINE('',#6108,#1200);
#877=LINE('',#6109,#1201);
#878=LINE('',#6111,#1202);
#879=LINE('',#6114,#1203);
#880=LINE('',#6117,#1204);
#881=LINE('',#6118,#1205);
#882=LINE('',#6122,#1206);
#883=LINE('',#6125,#1207);
#884=LINE('',#6126,#1208);
#885=LINE('',#6130,#1209);
#886=LINE('',#6132,#1210);
#887=LINE('',#6134,#1211);
#888=LINE('',#6136,#1212);
#889=LINE('',#6138,#1213);
#890=LINE('',#6140,#1214);
#891=LINE('',#6142,#1215);
#892=LINE('',#6144,#1216);
#893=LINE('',#6147,#1217);
#894=LINE('',#6151,#1218);
#895=LINE('',#6155,#1219);
#896=LINE('',#6159,#1220);
#897=LINE('',#6165,#1221);
#898=LINE('',#6173,#1222);
#899=LINE('',#6181,#1223);
#900=LINE('',#6189,#1224);
#901=LINE('',#6192,#1225);
#902=LINE('',#6195,#1226);
#903=LINE('',#6196,#1227);
#904=LINE('',#6199,#1228);
#905=LINE('',#6202,#1229);
#906=LINE('',#6205,#1230);
#907=LINE('',#6206,#1231);
#908=LINE('',#6208,#1232);
#909=LINE('',#6210,#1233);
#910=LINE('',#6211,#1234);
#911=LINE('',#6217,#1235);
#912=LINE('',#6219,#1236);
#913=LINE('',#6220,#1237);
#914=LINE('',#6223,#1238);
#915=LINE('',#6224,#1239);
#916=LINE('',#6226,#1240);
#917=LINE('',#6228,#1241);
#918=LINE('',#6231,#1242);
#919=LINE('',#6233,#1243);
#920=LINE('',#6235,#1244);
#921=LINE('',#6237,#1245);
#922=LINE('',#6239,#1246);
#923=LINE('',#6241,#1247);
#924=LINE('',#6243,#1248);
#925=LINE('',#6245,#1249);
#926=LINE('',#6247,#1250);
#927=LINE('',#6249,#1251);
#928=LINE('',#6251,#1252);
#929=LINE('',#6253,#1253);
#930=LINE('',#6255,#1254);
#931=LINE('',#6257,#1255);
#932=LINE('',#6259,#1256);
#933=LINE('',#6261,#1257);
#934=LINE('',#6263,#1258);
#935=LINE('',#6265,#1259);
#936=LINE('',#6267,#1260);
#937=LINE('',#6269,#1261);
#938=LINE('',#6271,#1262);
#939=LINE('',#6273,#1263);
#940=LINE('',#6275,#1264);
#941=LINE('',#6279,#1265);
#942=LINE('',#6284,#1266);
#943=LINE('',#6287,#1267);
#944=LINE('',#6288,#1268);
#945=LINE('',#6292,#1269);
#946=LINE('',#6296,#1270);
#947=LINE('',#6299,#1271);
#948=LINE('',#6300,#1272);
#949=LINE('',#6304,#1273);
#950=LINE('',#6308,#1274);
#951=LINE('',#6312,#1275);
#952=LINE('',#6315,#1276);
#953=LINE('',#6316,#1277);
#954=LINE('',#6320,#1278);
#955=LINE('',#6324,#1279);
#956=LINE('',#6328,#1280);
#957=LINE('',#6331,#1281);
#958=LINE('',#6332,#1282);
#959=LINE('',#6336,#1283);
#960=VECTOR('',#4095,0.9);
#961=VECTOR('',#4100,1.);
#962=VECTOR('',#4109,0.9);
#963=VECTOR('',#4114,1.);
#964=VECTOR('',#4123,0.899999999999999);
#965=VECTOR('',#4128,0.999999999999999);
#966=VECTOR('',#4137,0.899999999999998);
#967=VECTOR('',#4142,0.999999999999998);
#968=VECTOR('',#4151,0.899999999999999);
#969=VECTOR('',#4156,0.999999999999997);
#970=VECTOR('',#4165,0.900000000000007);
#971=VECTOR('',#4170,1.00000000000001);
#972=VECTOR('',#4179,0.899999999999999);
#973=VECTOR('',#4184,0.999999999999997);
#974=VECTOR('',#4193,0.899999999999999);
#975=VECTOR('',#4198,0.999999999999997);
#976=VECTOR('',#4207,0.900000000000016);
#977=VECTOR('',#4212,1.00000000000001);
#978=VECTOR('',#4221,0.900000000000016);
#979=VECTOR('',#4226,1.00000000000001);
#980=VECTOR('',#4235,0.899999999999999);
#981=VECTOR('',#4240,0.999999999999997);
#982=VECTOR('',#4249,0.900000000000016);
#983=VECTOR('',#4254,1.00000000000001);
#984=VECTOR('',#4263,0.900000000000016);
#985=VECTOR('',#4268,1.00000000000001);
#986=VECTOR('',#4275,10.);
#987=VECTOR('',#4276,10.);
#988=VECTOR('',#4277,10.);
#989=VECTOR('',#4278,10.);
#990=VECTOR('',#4293,10.);
#991=VECTOR('',#4296,10.);
#992=VECTOR('',#4299,10.);
#993=VECTOR('',#4300,10.);
#994=VECTOR('',#4303,10.);
#995=VECTOR('',#4304,10.);
#996=VECTOR('',#4305,10.);
#997=VECTOR('',#4306,10.);
#998=VECTOR('',#4309,10.);
#999=VECTOR('',#4310,10.);
#1000=VECTOR('',#4311,10.);
#1001=VECTOR('',#4314,10.);
#1002=VECTOR('',#4315,10.);
#1003=VECTOR('',#4316,10.);
#1004=VECTOR('',#4317,10.);
#1005=VECTOR('',#4320,10.);
#1006=VECTOR('',#4321,10.);
#1007=VECTOR('',#4322,10.);
#1008=VECTOR('',#4323,10.);
#1009=VECTOR('',#4326,10.);
#1010=VECTOR('',#4327,10.);
#1011=VECTOR('',#4330,10.);
#1012=VECTOR('',#4331,10.);
#1013=VECTOR('',#4332,10.);
#1014=VECTOR('',#4333,10.);
#1015=VECTOR('',#4334,10.);
#1016=VECTOR('',#4337,10.);
#1017=VECTOR('',#4338,10.);
#1018=VECTOR('',#4353,10.);
#1019=VECTOR('',#4360,10.);
#1020=VECTOR('',#4363,10.);
#1021=VECTOR('',#4366,10.);
#1022=VECTOR('',#4375,10.);
#1023=VECTOR('',#4378,10.);
#1024=VECTOR('',#4381,10.);
#1025=VECTOR('',#4384,10.);
#1026=VECTOR('',#4387,10.);
#1027=VECTOR('',#4394,10.);
#1028=VECTOR('',#4399,10.);
#1029=VECTOR('',#4402,10.);
#1030=VECTOR('',#4405,10.);
#1031=VECTOR('',#4408,10.);
#1032=VECTOR('',#4411,10.);
#1033=VECTOR('',#4414,10.);
#1034=VECTOR('',#4417,10.);
#1035=VECTOR('',#4420,10.);
#1036=VECTOR('',#4423,10.);
#1037=VECTOR('',#4426,10.);
#1038=VECTOR('',#4429,10.);
#1039=VECTOR('',#4432,10.);
#1040=VECTOR('',#4435,10.);
#1041=VECTOR('',#4438,10.);
#1042=VECTOR('',#4439,10.);
#1043=VECTOR('',#4442,10.);
#1044=VECTOR('',#4445,10.);
#1045=VECTOR('',#4446,10.);
#1046=VECTOR('',#4447,10.);
#1047=VECTOR('',#4450,10.);
#1048=VECTOR('',#4453,10.);
#1049=VECTOR('',#4454,10.);
#1050=VECTOR('',#4457,10.);
#1051=VECTOR('',#4460,10.);
#1052=VECTOR('',#4463,10.);
#1053=VECTOR('',#4466,10.);
#1054=VECTOR('',#4467,10.);
#1055=VECTOR('',#4468,10.);
#1056=VECTOR('',#4469,10.);
#1057=VECTOR('',#4474,10.);
#1058=VECTOR('',#4479,10.);
#1059=VECTOR('',#4480,10.);
#1060=VECTOR('',#4481,10.);
#1061=VECTOR('',#4486,10.);
#1062=VECTOR('',#4491,10.);
#1063=VECTOR('',#4492,10.);
#1064=VECTOR('',#4495,10.);
#1065=VECTOR('',#4496,10.);
#1066=VECTOR('',#4497,10.);
#1067=VECTOR('',#4504,10.);
#1068=VECTOR('',#4505,10.);
#1069=VECTOR('',#4506,10.);
#1070=VECTOR('',#4509,10.);
#1071=VECTOR('',#4510,10.);
#1072=VECTOR('',#4513,10.);
#1073=VECTOR('',#4514,10.);
#1074=VECTOR('',#4517,10.);
#1075=VECTOR('',#4518,10.);
#1076=VECTOR('',#4519,10.);
#1077=VECTOR('',#4520,10.);
#1078=VECTOR('',#4521,10.);
#1079=VECTOR('',#4522,10.);
#1080=VECTOR('',#4525,10.);
#1081=VECTOR('',#4526,10.);
#1082=VECTOR('',#4529,10.);
#1083=VECTOR('',#4532,10.);
#1084=VECTOR('',#4533,10.);
#1085=VECTOR('',#4534,10.);
#1086=VECTOR('',#4537,10.);
#1087=VECTOR('',#4540,10.);
#1088=VECTOR('',#4541,10.);
#1089=VECTOR('',#4544,10.);
#1090=VECTOR('',#4547,10.);
#1091=VECTOR('',#4550,10.);
#1092=VECTOR('',#4553,10.);
#1093=VECTOR('',#4556,10.);
#1094=VECTOR('',#4559,10.);
#1095=VECTOR('',#4562,10.);
#1096=VECTOR('',#4565,10.);
#1097=VECTOR('',#4568,10.);
#1098=VECTOR('',#4571,10.);
#1099=VECTOR('',#4574,10.);
#1100=VECTOR('',#4577,10.);
#1101=VECTOR('',#4580,10.);
#1102=VECTOR('',#4585,10.);
#1103=VECTOR('',#4592,10.);
#1104=VECTOR('',#4595,10.);
#1105=VECTOR('',#4598,10.);
#1106=VECTOR('',#4601,10.);
#1107=VECTOR('',#4604,10.);
#1108=VECTOR('',#4613,10.);
#1109=VECTOR('',#4616,10.);
#1110=VECTOR('',#4619,10.);
#1111=VECTOR('',#4626,10.);
#1112=VECTOR('',#4639,10.);
#1113=VECTOR('',#4640,10.);
#1114=VECTOR('',#4643,10.);
#1115=VECTOR('',#4644,10.);
#1116=VECTOR('',#4647,10.);
#1117=VECTOR('',#4652,10.);
#1118=VECTOR('',#4653,10.);
#1119=VECTOR('',#4656,10.);
#1120=VECTOR('',#4659,10.);
#1121=VECTOR('',#4662,10.);
#1122=VECTOR('',#4665,10.);
#1123=VECTOR('',#4666,10.);
#1124=VECTOR('',#4669,10.);
#1125=VECTOR('',#4672,10.);
#1126=VECTOR('',#4675,10.);
#1127=VECTOR('',#4678,10.);
#1128=VECTOR('',#4681,10.);
#1129=VECTOR('',#4684,10.);
#1130=VECTOR('',#4687,10.);
#1131=VECTOR('',#4690,10.);
#1132=VECTOR('',#4693,10.);
#1133=VECTOR('',#4694,10.);
#1134=VECTOR('',#4697,10.);
#1135=VECTOR('',#4700,10.);
#1136=VECTOR('',#4703,10.);
#1137=VECTOR('',#4704,10.);
#1138=VECTOR('',#4707,10.);
#1139=VECTOR('',#4710,10.);
#1140=VECTOR('',#4713,10.);
#1141=VECTOR('',#4716,10.);
#1142=VECTOR('',#4719,10.);
#1143=VECTOR('',#4722,10.);
#1144=VECTOR('',#4725,10.);
#1145=VECTOR('',#4728,10.);
#1146=VECTOR('',#4729,10.);
#1147=VECTOR('',#4730,10.);
#1148=VECTOR('',#4731,10.);
#1149=VECTOR('',#4732,10.);
#1150=VECTOR('',#4733,10.);
#1151=VECTOR('',#4734,10.);
#1152=VECTOR('',#4735,10.);
#1153=VECTOR('',#4738,10.);
#1154=VECTOR('',#4743,10.);
#1155=VECTOR('',#4744,10.);
#1156=VECTOR('',#4749,10.);
#1157=VECTOR('',#4752,10.);
#1158=VECTOR('',#4755,10.);
#1159=VECTOR('',#4756,10.);
#1160=VECTOR('',#4757,10.);
#1161=VECTOR('',#4762,10.);
#1162=VECTOR('',#4767,10.);
#1163=VECTOR('',#4768,10.);
#1164=VECTOR('',#4769,10.);
#1165=VECTOR('',#4770,10.);
#1166=VECTOR('',#4771,10.);
#1167=VECTOR('',#4772,10.);
#1168=VECTOR('',#4775,10.);
#1169=VECTOR('',#4780,10.);
#1170=VECTOR('',#4783,10.);
#1171=VECTOR('',#4796,10.);
#1172=VECTOR('',#4797,10.);
#1173=VECTOR('',#4810,10.);
#1174=VECTOR('',#4823,10.);
#1175=VECTOR('',#4824,10.);
#1176=VECTOR('',#4833,10.);
#1177=VECTOR('',#4838,10.);
#1178=VECTOR('',#4839,10.);
#1179=VECTOR('',#4842,10.);
#1180=VECTOR('',#4847,10.);
#1181=VECTOR('',#4848,10.);
#1182=VECTOR('',#4853,10.);
#1183=VECTOR('',#4858,10.);
#1184=VECTOR('',#4861,10.);
#1185=VECTOR('',#4866,10.);
#1186=VECTOR('',#4877,10.);
#1187=VECTOR('',#4888,10.);
#1188=VECTOR('',#4899,10.);
#1189=VECTOR('',#4900,10.);
#1190=VECTOR('',#4903,10.);
#1191=VECTOR('',#4908,10.);
#1192=VECTOR('',#4911,10.);
#1193=VECTOR('',#4924,10.);
#1194=VECTOR('',#4927,10.);
#1195=VECTOR('',#4930,10.);
#1196=VECTOR('',#4933,10.);
#1197=VECTOR('',#4934,10.);
#1198=VECTOR('',#4935,10.);
#1199=VECTOR('',#4936,10.);
#1200=VECTOR('',#4939,10.);
#1201=VECTOR('',#4940,10.);
#1202=VECTOR('',#4943,10.);
#1203=VECTOR('',#4948,10.);
#1204=VECTOR('',#4951,10.);
#1205=VECTOR('',#4952,10.);
#1206=VECTOR('',#4957,10.);
#1207=VECTOR('',#4960,10.);
#1208=VECTOR('',#4961,10.);
#1209=VECTOR('',#4968,10.);
#1210=VECTOR('',#4971,10.);
#1211=VECTOR('',#4974,10.);
#1212=VECTOR('',#4977,10.);
#1213=VECTOR('',#4980,10.);
#1214=VECTOR('',#4983,10.);
#1215=VECTOR('',#4986,10.);
#1216=VECTOR('',#4989,10.);
#1217=VECTOR('',#4994,10.);
#1218=VECTOR('',#5001,10.);
#1219=VECTOR('',#5006,10.);
#1220=VECTOR('',#5009,10.);
#1221=VECTOR('',#5014,10.);
#1222=VECTOR('',#5021,10.);
#1223=VECTOR('',#5028,10.);
#1224=VECTOR('',#5037,10.);
#1225=VECTOR('',#5040,10.);
#1226=VECTOR('',#5043,10.);
#1227=VECTOR('',#5044,10.);
#1228=VECTOR('',#5047,10.);
#1229=VECTOR('',#5052,10.);
#1230=VECTOR('',#5055,10.);
#1231=VECTOR('',#5056,10.);
#1232=VECTOR('',#5057,10.);
#1233=VECTOR('',#5058,10.);
#1234=VECTOR('',#5059,10.);
#1235=VECTOR('',#5066,10.);
#1236=VECTOR('',#5069,10.);
#1237=VECTOR('',#5070,10.);
#1238=VECTOR('',#5075,10.);
#1239=VECTOR('',#5076,10.);
#1240=VECTOR('',#5079,10.);
#1241=VECTOR('',#5082,10.);
#1242=VECTOR('',#5087,10.);
#1243=VECTOR('',#5090,10.);
#1244=VECTOR('',#5093,10.);
#1245=VECTOR('',#5096,10.);
#1246=VECTOR('',#5099,10.);
#1247=VECTOR('',#5102,10.);
#1248=VECTOR('',#5105,10.);
#1249=VECTOR('',#5108,10.);
#1250=VECTOR('',#5111,10.);
#1251=VECTOR('',#5114,10.);
#1252=VECTOR('',#5117,10.);
#1253=VECTOR('',#5120,10.);
#1254=VECTOR('',#5123,10.);
#1255=VECTOR('',#5126,10.);
#1256=VECTOR('',#5129,10.);
#1257=VECTOR('',#5132,10.);
#1258=VECTOR('',#5135,10.);
#1259=VECTOR('',#5138,10.);
#1260=VECTOR('',#5141,10.);
#1261=VECTOR('',#5144,10.);
#1262=VECTOR('',#5147,10.);
#1263=VECTOR('',#5150,10.);
#1264=VECTOR('',#5153,10.);
#1265=VECTOR('',#5158,10.);
#1266=VECTOR('',#5165,10.);
#1267=VECTOR('',#5168,10.);
#1268=VECTOR('',#5169,10.);
#1269=VECTOR('',#5174,10.);
#1270=VECTOR('',#5179,10.);
#1271=VECTOR('',#5182,10.);
#1272=VECTOR('',#5183,10.);
#1273=VECTOR('',#5188,10.);
#1274=VECTOR('',#5193,10.);
#1275=VECTOR('',#5198,10.);
#1276=VECTOR('',#5201,10.);
#1277=VECTOR('',#5202,10.);
#1278=VECTOR('',#5207,10.);
#1279=VECTOR('',#5212,10.);
#1280=VECTOR('',#5217,10.);
#1281=VECTOR('',#5220,10.);
#1282=VECTOR('',#5221,10.);
#1283=VECTOR('',#5226,10.);
#1284=CIRCLE('',#3681,0.8);
#1285=CIRCLE('',#3682,1.);
#1286=CIRCLE('',#3684,1.);
#1287=CIRCLE('',#3687,0.8);
#1288=CIRCLE('',#3688,1.);
#1289=CIRCLE('',#3690,1.);
#1290=CIRCLE('',#3693,0.799999999999999);
#1291=CIRCLE('',#3694,0.999999999999999);
#1292=CIRCLE('',#3696,0.999999999999999);
#1293=CIRCLE('',#3699,0.799999999999998);
#1294=CIRCLE('',#3700,0.999999999999998);
#1295=CIRCLE('',#3702,0.999999999999998);
#1296=CIRCLE('',#3705,0.800000000000001);
#1297=CIRCLE('',#3706,0.999999999999996);
#1298=CIRCLE('',#3708,0.999999999999996);
#1299=CIRCLE('',#3711,0.80000000000001);
#1300=CIRCLE('',#3712,1.00000000000001);
#1301=CIRCLE('',#3714,1.00000000000001);
#1302=CIRCLE('',#3717,0.800000000000001);
#1303=CIRCLE('',#3718,0.999999999999996);
#1304=CIRCLE('',#3720,0.999999999999996);
#1305=CIRCLE('',#3723,0.800000000000001);
#1306=CIRCLE('',#3724,0.999999999999996);
#1307=CIRCLE('',#3726,0.999999999999996);
#1308=CIRCLE('',#3729,0.800000000000018);
#1309=CIRCLE('',#3730,1.00000000000001);
#1310=CIRCLE('',#3732,1.00000000000001);
#1311=CIRCLE('',#3735,0.800000000000018);
#1312=CIRCLE('',#3736,1.00000000000001);
#1313=CIRCLE('',#3738,1.00000000000001);
#1314=CIRCLE('',#3741,0.800000000000001);
#1315=CIRCLE('',#3742,0.999999999999996);
#1316=CIRCLE('',#3744,0.999999999999996);
#1317=CIRCLE('',#3747,0.800000000000018);
#1318=CIRCLE('',#3748,1.00000000000001);
#1319=CIRCLE('',#3750,1.00000000000001);
#1320=CIRCLE('',#3753,0.800000000000018);
#1321=CIRCLE('',#3754,1.00000000000001);
#1322=CIRCLE('',#3756,1.00000000000001);
#1323=CIRCLE('',#3760,1.5);
#1324=CIRCLE('',#3761,1.6819851171295);
#1325=CIRCLE('',#3763,1.68198511711829);
#1326=CIRCLE('',#3764,1.5);
#1327=CIRCLE('',#3766,1.5);
#1328=CIRCLE('',#3775,1.19062500000073);
#1329=CIRCLE('',#3776,1.25000000000389);
#1330=CIRCLE('',#3777,1.19062500000049);
#1331=CIRCLE('',#3779,1.19062500000072);
#1332=CIRCLE('',#3780,1.25000000000002);
#1333=CIRCLE('',#3781,1.19062500000076);
#1334=CIRCLE('',#3782,1.19062500000073);
#1335=CIRCLE('',#3783,1.25000000000019);
#1336=CIRCLE('',#3784,1.19062499996723);
#1337=CIRCLE('',#3785,1.);
#1338=CIRCLE('',#3786,0.999999999999996);
#1339=CIRCLE('',#3787,0.999999999999992);
#1340=CIRCLE('',#3788,1.);
#1341=CIRCLE('',#3789,1.24999999999998);
#1342=CIRCLE('',#3790,1.19062500000398);
#1343=CIRCLE('',#3791,0.999999999999996);
#1344=CIRCLE('',#3792,1.00000000000001);
#1345=CIRCLE('',#3793,0.999999999999162);
#1346=CIRCLE('',#3794,0.999999999973369);
#1347=CIRCLE('',#3795,1.19062499996448);
#1348=CIRCLE('',#3796,1.24999999999999);
#1349=CIRCLE('',#3797,1.19062499997234);
#1350=CIRCLE('',#3798,1.19062499996448);
#1351=CIRCLE('',#3799,1.25);
#1352=CIRCLE('',#3800,1.19062499996448);
#1353=CIRCLE('',#3801,1.19062499996448);
#1354=CIRCLE('',#3802,1.25);
#1355=CIRCLE('',#3803,1.19062499996448);
#1356=CIRCLE('',#3804,1.19062499996448);
#1357=CIRCLE('',#3805,1.25);
#1358=CIRCLE('',#3806,1.19062499996449);
#1359=CIRCLE('',#3807,1.19062499996448);
#1360=CIRCLE('',#3808,1.25);
#1361=CIRCLE('',#3809,1.19062499996449);
#1362=CIRCLE('',#3810,1.190625);
#1363=CIRCLE('',#3811,1.78751370868352);
#1364=CIRCLE('',#3812,1.78753419526974);
#1365=CIRCLE('',#3813,0.199999999861475);
#1366=CIRCLE('',#3814,0.199999999999996);
#1367=CIRCLE('',#3815,0.199999999999996);
#1368=CIRCLE('',#3816,0.2);
#1369=CIRCLE('',#3817,1.78751712308847);
#1370=CIRCLE('',#3819,0.499999999999972);
#1371=CIRCLE('',#3822,0.499999999999998);
#1372=CIRCLE('',#3823,0.499999999999998);
#1373=CIRCLE('',#3826,0.5);
#1374=CIRCLE('',#3827,0.5);
#1375=CIRCLE('',#3831,0.5);
#1376=CIRCLE('',#3836,1.5);
#1377=CIRCLE('',#3839,0.199999999999996);
#1378=CIRCLE('',#3840,0.199999999861475);
#1379=CIRCLE('',#3841,1.78753419526974);
#1380=CIRCLE('',#3842,1.78751370868352);
#1381=CIRCLE('',#3843,1.190625);
#1382=CIRCLE('',#3844,1.19062499996449);
#1383=CIRCLE('',#3845,1.25);
#1384=CIRCLE('',#3846,1.19062499996448);
#1385=CIRCLE('',#3847,1.19062499996449);
#1386=CIRCLE('',#3848,1.25);
#1387=CIRCLE('',#3849,1.19062499996448);
#1388=CIRCLE('',#3850,1.19062499996448);
#1389=CIRCLE('',#3851,1.25);
#1390=CIRCLE('',#3852,1.19062499996448);
#1391=CIRCLE('',#3853,1.19062499996448);
#1392=CIRCLE('',#3854,1.25);
#1393=CIRCLE('',#3855,1.19062499996448);
#1394=CIRCLE('',#3856,1.19062499997234);
#1395=CIRCLE('',#3857,1.24999999999999);
#1396=CIRCLE('',#3858,1.19062499996448);
#1397=CIRCLE('',#3859,0.999999999973369);
#1398=CIRCLE('',#3860,0.999999999999162);
#1399=CIRCLE('',#3861,1.00000000000001);
#1400=CIRCLE('',#3862,0.999999999999996);
#1401=CIRCLE('',#3863,1.19062500000398);
#1402=CIRCLE('',#3864,1.24999999999998);
#1403=CIRCLE('',#3865,1.);
#1404=CIRCLE('',#3866,0.999999999999992);
#1405=CIRCLE('',#3867,0.999999999999996);
#1406=CIRCLE('',#3868,1.);
#1407=CIRCLE('',#3869,1.19062499996723);
#1408=CIRCLE('',#3870,1.25000000000019);
#1409=CIRCLE('',#3871,1.19062500000073);
#1410=CIRCLE('',#3872,1.19062500000076);
#1411=CIRCLE('',#3873,1.25000000000002);
#1412=CIRCLE('',#3874,1.19062500000072);
#1413=CIRCLE('',#3875,1.19062500000049);
#1414=CIRCLE('',#3876,1.25000000000389);
#1415=CIRCLE('',#3877,1.19062500000073);
#1416=CIRCLE('',#3878,1.78751712308847);
#1417=CIRCLE('',#3879,0.2);
#1418=CIRCLE('',#3880,0.199999999999996);
#1419=CIRCLE('',#3908,1.5);
#1420=CIRCLE('',#3910,1.5);
#1421=CIRCLE('',#3911,1.5);
#1422=CIRCLE('',#3914,1.5);
#1423=CIRCLE('',#3915,1.5);
#1424=CIRCLE('',#3917,1.5);
#1425=CIRCLE('',#3919,1.5);
#1426=CIRCLE('',#3920,1.49999999999999);
#1427=CIRCLE('',#3922,1.5);
#1428=CIRCLE('',#3923,2.28751370847152);
#1429=CIRCLE('',#3924,3.78751370847152);
#1430=CIRCLE('',#3926,1.5);
#1431=CIRCLE('',#3928,1.5);
#1432=CIRCLE('',#3929,2.28753419532091);
#1433=CIRCLE('',#3930,3.78753419532091);
#1434=CIRCLE('',#3932,1.49999999989698);
#1435=CIRCLE('',#3934,1.5);
#1436=CIRCLE('',#3935,2.28751712299787);
#1437=CIRCLE('',#3936,3.78751712299787);
#1438=CIRCLE('',#3938,1.5);
#1439=CIRCLE('',#3940,2.28753469478162);
#1440=CIRCLE('',#3941,3.78753469478162);
#1441=CIRCLE('',#3943,3.78753419532091);
#1442=CIRCLE('',#3946,3.78751370847152);
#1443=CIRCLE('',#3949,1.78753469502595);
#1444=CIRCLE('',#3950,1.78751712308847);
#1445=CIRCLE('',#3951,1.78753419526974);
#1446=CIRCLE('',#3952,1.78751370868352);
#1447=CIRCLE('',#3954,1.5);
#1448=CIRCLE('',#3956,1.4999999997522);
#1449=CIRCLE('',#3957,2.28753419532091);
#1450=CIRCLE('',#3959,1.5);
#1451=CIRCLE('',#3961,1.49999950021594);
#1452=CIRCLE('',#3962,2.28751370847152);
#1453=CIRCLE('',#3964,1.49999999999999);
#1454=CIRCLE('',#3966,1.49999950039216);
#1455=CIRCLE('',#3967,2.28753469478162);
#1456=CIRCLE('',#3968,3.78753469478162);
#1457=CIRCLE('',#3972,1.5);
#1458=CIRCLE('',#3973,1.5);
#1459=CIRCLE('',#3975,1.5);
#1460=CIRCLE('',#3976,2.28751712299787);
#1461=CIRCLE('',#3977,3.78751712299787);
#1462=CIRCLE('',#3979,1.5);
#1463=CIRCLE('',#3989,1.78753469502595);
#1464=CIRCLE('',#3992,1.78751712308847);
#1465=CIRCLE('',#4008,1.19062499999995);
#1466=CIRCLE('',#4009,1.25000000000096);
#1467=CIRCLE('',#4010,1.19062499999994);
#1468=CIRCLE('',#4011,1.19062499999995);
#1469=CIRCLE('',#4012,1.25000000000037);
#1470=CIRCLE('',#4013,1.19062499999832);
#1471=CIRCLE('',#4014,1.19062499999831);
#1472=CIRCLE('',#4015,1.25000000000003);
#1473=CIRCLE('',#4016,1.19062499999834);
#1474=CIRCLE('',#4017,1.19062499999834);
#1475=CIRCLE('',#4018,1.25);
#1476=CIRCLE('',#4019,1.19062499999834);
#1477=CIRCLE('',#4021,1.78751370868352);
#1478=CIRCLE('',#4024,1.78753419526974);
#1479=CIRCLE('',#4028,1.78753469502595);
#1480=CIRCLE('',#4029,1.78753469502595);
#1481=CIRCLE('',#4061,1.19062499999834);
#1482=CIRCLE('',#4063,1.19062499999995);
#1483=CIRCLE('',#4066,1.25000000000096);
#1484=CIRCLE('',#4068,1.19062499999994);
#1485=CIRCLE('',#4071,1.19062499999995);
#1486=CIRCLE('',#4073,1.25000000000037);
#1487=CIRCLE('',#4075,1.19062499999832);
#1488=CIRCLE('',#4078,1.19062499999831);
#1489=CIRCLE('',#4080,1.25000000000003);
#1490=CIRCLE('',#4082,1.19062499999834);
#1491=CIRCLE('',#4085,1.19062499999834);
#1492=CIRCLE('',#4087,1.25);
#1493=VERTEX_POINT('',#5235);
#1494=VERTEX_POINT('',#5237);
#1495=VERTEX_POINT('',#5241);
#1496=VERTEX_POINT('',#5246);
#1497=VERTEX_POINT('',#5248);
#1498=VERTEX_POINT('',#5252);
#1499=VERTEX_POINT('',#5257);
#1500=VERTEX_POINT('',#5259);
#1501=VERTEX_POINT('',#5263);
#1502=VERTEX_POINT('',#5268);
#1503=VERTEX_POINT('',#5270);
#1504=VERTEX_POINT('',#5274);
#1505=VERTEX_POINT('',#5279);
#1506=VERTEX_POINT('',#5281);
#1507=VERTEX_POINT('',#5285);
#1508=VERTEX_POINT('',#5290);
#1509=VERTEX_POINT('',#5292);
#1510=VERTEX_POINT('',#5296);
#1511=VERTEX_POINT('',#5301);
#1512=VERTEX_POINT('',#5303);
#1513=VERTEX_POINT('',#5307);
#1514=VERTEX_POINT('',#5312);
#1515=VERTEX_POINT('',#5314);
#1516=VERTEX_POINT('',#5318);
#1517=VERTEX_POINT('',#5323);
#1518=VERTEX_POINT('',#5325);
#1519=VERTEX_POINT('',#5329);
#1520=VERTEX_POINT('',#5334);
#1521=VERTEX_POINT('',#5336);
#1522=VERTEX_POINT('',#5340);
#1523=VERTEX_POINT('',#5345);
#1524=VERTEX_POINT('',#5347);
#1525=VERTEX_POINT('',#5351);
#1526=VERTEX_POINT('',#5356);
#1527=VERTEX_POINT('',#5358);
#1528=VERTEX_POINT('',#5362);
#1529=VERTEX_POINT('',#5367);
#1530=VERTEX_POINT('',#5369);
#1531=VERTEX_POINT('',#5373);
#1532=VERTEX_POINT('',#5378);
#1533=VERTEX_POINT('',#5379);
#1534=VERTEX_POINT('',#5381);
#1535=VERTEX_POINT('',#5383);
#1536=VERTEX_POINT('',#5387);
#1537=VERTEX_POINT('',#5388);
#1538=VERTEX_POINT('',#5395);
#1539=VERTEX_POINT('',#5396);
#1540=VERTEX_POINT('',#5403);
#1541=VERTEX_POINT('',#5405);
#1542=VERTEX_POINT('',#5409);
#1543=VERTEX_POINT('',#5413);
#1544=VERTEX_POINT('',#5414);
#1545=VERTEX_POINT('',#5416);
#1546=VERTEX_POINT('',#5418);
#1547=VERTEX_POINT('',#5422);
#1548=VERTEX_POINT('',#5424);
#1549=VERTEX_POINT('',#5428);
#1550=VERTEX_POINT('',#5429);
#1551=VERTEX_POINT('',#5431);
#1552=VERTEX_POINT('',#5433);
#1553=VERTEX_POINT('',#5437);
#1554=VERTEX_POINT('',#5438);
#1555=VERTEX_POINT('',#5440);
#1556=VERTEX_POINT('',#5442);
#1557=VERTEX_POINT('',#5449);
#1558=VERTEX_POINT('',#5451);
#1559=VERTEX_POINT('',#5453);
#1560=VERTEX_POINT('',#5455);
#1561=VERTEX_POINT('',#5459);
#1562=VERTEX_POINT('',#5461);
#1563=VERTEX_POINT('',#5463);
#1564=VERTEX_POINT('',#5465);
#1565=VERTEX_POINT('',#5469);
#1566=VERTEX_POINT('',#5471);
#1567=VERTEX_POINT('',#5473);
#1568=VERTEX_POINT('',#5475);
#1569=VERTEX_POINT('',#5477);
#1570=VERTEX_POINT('',#5479);
#1571=VERTEX_POINT('',#5481);
#1572=VERTEX_POINT('',#5483);
#1573=VERTEX_POINT('',#5485);
#1574=VERTEX_POINT('',#5487);
#1575=VERTEX_POINT('',#5489);
#1576=VERTEX_POINT('',#5491);
#1577=VERTEX_POINT('',#5493);
#1578=VERTEX_POINT('',#5495);
#1579=VERTEX_POINT('',#5497);
#1580=VERTEX_POINT('',#5499);
#1581=VERTEX_POINT('',#5501);
#1582=VERTEX_POINT('',#5503);
#1583=VERTEX_POINT('',#5505);
#1584=VERTEX_POINT('',#5507);
#1585=VERTEX_POINT('',#5509);
#1586=VERTEX_POINT('',#5511);
#1587=VERTEX_POINT('',#5513);
#1588=VERTEX_POINT('',#5515);
#1589=VERTEX_POINT('',#5517);
#1590=VERTEX_POINT('',#5519);
#1591=VERTEX_POINT('',#5521);
#1592=VERTEX_POINT('',#5523);
#1593=VERTEX_POINT('',#5525);
#1594=VERTEX_POINT('',#5527);
#1595=VERTEX_POINT('',#5529);
#1596=VERTEX_POINT('',#5531);
#1597=VERTEX_POINT('',#5533);
#1598=VERTEX_POINT('',#5535);
#1599=VERTEX_POINT('',#5537);
#1600=VERTEX_POINT('',#5539);
#1601=VERTEX_POINT('',#5541);
#1602=VERTEX_POINT('',#5543);
#1603=VERTEX_POINT('',#5545);
#1604=VERTEX_POINT('',#5547);
#1605=VERTEX_POINT('',#5549);
#1606=VERTEX_POINT('',#5551);
#1607=VERTEX_POINT('',#5553);
#1608=VERTEX_POINT('',#5555);
#1609=VERTEX_POINT('',#5557);
#1610=VERTEX_POINT('',#5559);
#1611=VERTEX_POINT('',#5561);
#1612=VERTEX_POINT('',#5563);
#1613=VERTEX_POINT('',#5565);
#1614=VERTEX_POINT('',#5567);
#1615=VERTEX_POINT('',#5569);
#1616=VERTEX_POINT('',#5571);
#1617=VERTEX_POINT('',#5573);
#1618=VERTEX_POINT('',#5575);
#1619=VERTEX_POINT('',#5577);
#1620=VERTEX_POINT('',#5579);
#1621=VERTEX_POINT('',#5581);
#1622=VERTEX_POINT('',#5583);
#1623=VERTEX_POINT('',#5585);
#1624=VERTEX_POINT('',#5587);
#1625=VERTEX_POINT('',#5589);
#1626=VERTEX_POINT('',#5591);
#1627=VERTEX_POINT('',#5593);
#1628=VERTEX_POINT('',#5595);
#1629=VERTEX_POINT('',#5597);
#1630=VERTEX_POINT('',#5599);
#1631=VERTEX_POINT('',#5601);
#1632=VERTEX_POINT('',#5603);
#1633=VERTEX_POINT('',#5605);
#1634=VERTEX_POINT('',#5607);
#1635=VERTEX_POINT('',#5609);
#1636=VERTEX_POINT('',#5613);
#1637=VERTEX_POINT('',#5614);
#1638=VERTEX_POINT('',#5625);
#1639=VERTEX_POINT('',#5627);
#1640=VERTEX_POINT('',#5631);
#1641=VERTEX_POINT('',#5632);
#1642=VERTEX_POINT('',#5634);
#1643=VERTEX_POINT('',#5636);
#1644=VERTEX_POINT('',#5640);
#1645=VERTEX_POINT('',#5642);
#1646=VERTEX_POINT('',#5646);
#1647=VERTEX_POINT('',#5648);
#1648=VERTEX_POINT('',#5652);
#1649=VERTEX_POINT('',#5654);
#1650=VERTEX_POINT('',#5661);
#1651=VERTEX_POINT('',#5663);
#1652=VERTEX_POINT('',#5679);
#1653=VERTEX_POINT('',#5680);
#1654=VERTEX_POINT('',#5685);
#1655=VERTEX_POINT('',#5689);
#1656=VERTEX_POINT('',#5693);
#1657=VERTEX_POINT('',#5695);
#1658=VERTEX_POINT('',#5697);
#1659=VERTEX_POINT('',#5699);
#1660=VERTEX_POINT('',#5701);
#1661=VERTEX_POINT('',#5704);
#1662=VERTEX_POINT('',#5706);
#1663=VERTEX_POINT('',#5712);
#1664=VERTEX_POINT('',#5713);
#1665=VERTEX_POINT('',#5715);
#1666=VERTEX_POINT('',#5717);
#1667=VERTEX_POINT('',#5719);
#1668=VERTEX_POINT('',#5721);
#1669=VERTEX_POINT('',#5723);
#1670=VERTEX_POINT('',#5725);
#1671=VERTEX_POINT('',#5727);
#1672=VERTEX_POINT('',#5729);
#1673=VERTEX_POINT('',#5731);
#1674=VERTEX_POINT('',#5733);
#1675=VERTEX_POINT('',#5735);
#1676=VERTEX_POINT('',#5737);
#1677=VERTEX_POINT('',#5739);
#1678=VERTEX_POINT('',#5741);
#1679=VERTEX_POINT('',#5743);
#1680=VERTEX_POINT('',#5745);
#1681=VERTEX_POINT('',#5747);
#1682=VERTEX_POINT('',#5749);
#1683=VERTEX_POINT('',#5751);
#1684=VERTEX_POINT('',#5753);
#1685=VERTEX_POINT('',#5755);
#1686=VERTEX_POINT('',#5757);
#1687=VERTEX_POINT('',#5759);
#1688=VERTEX_POINT('',#5761);
#1689=VERTEX_POINT('',#5763);
#1690=VERTEX_POINT('',#5765);
#1691=VERTEX_POINT('',#5767);
#1692=VERTEX_POINT('',#5769);
#1693=VERTEX_POINT('',#5771);
#1694=VERTEX_POINT('',#5773);
#1695=VERTEX_POINT('',#5775);
#1696=VERTEX_POINT('',#5777);
#1697=VERTEX_POINT('',#5779);
#1698=VERTEX_POINT('',#5781);
#1699=VERTEX_POINT('',#5783);
#1700=VERTEX_POINT('',#5785);
#1701=VERTEX_POINT('',#5787);
#1702=VERTEX_POINT('',#5789);
#1703=VERTEX_POINT('',#5791);
#1704=VERTEX_POINT('',#5793);
#1705=VERTEX_POINT('',#5795);
#1706=VERTEX_POINT('',#5797);
#1707=VERTEX_POINT('',#5799);
#1708=VERTEX_POINT('',#5801);
#1709=VERTEX_POINT('',#5803);
#1710=VERTEX_POINT('',#5805);
#1711=VERTEX_POINT('',#5807);
#1712=VERTEX_POINT('',#5809);
#1713=VERTEX_POINT('',#5811);
#1714=VERTEX_POINT('',#5813);
#1715=VERTEX_POINT('',#5815);
#1716=VERTEX_POINT('',#5817);
#1717=VERTEX_POINT('',#5819);
#1718=VERTEX_POINT('',#5821);
#1719=VERTEX_POINT('',#5823);
#1720=VERTEX_POINT('',#5825);
#1721=VERTEX_POINT('',#5827);
#1722=VERTEX_POINT('',#5829);
#1723=VERTEX_POINT('',#5831);
#1724=VERTEX_POINT('',#5833);
#1725=VERTEX_POINT('',#5835);
#1726=VERTEX_POINT('',#5837);
#1727=VERTEX_POINT('',#5839);
#1728=VERTEX_POINT('',#5842);
#1729=VERTEX_POINT('',#5844);
#1730=VERTEX_POINT('',#5846);
#1731=VERTEX_POINT('',#5848);
#1732=VERTEX_POINT('',#5850);
#1733=VERTEX_POINT('',#5852);
#1734=VERTEX_POINT('',#5854);
#1735=VERTEX_POINT('',#5856);
#1736=VERTEX_POINT('',#5858);
#1737=VERTEX_POINT('',#5860);
#1738=VERTEX_POINT('',#5917);
#1739=VERTEX_POINT('',#5919);
#1740=VERTEX_POINT('',#5922);
#1741=VERTEX_POINT('',#5924);
#1742=VERTEX_POINT('',#5931);
#1743=VERTEX_POINT('',#5933);
#1744=VERTEX_POINT('',#5937);
#1745=VERTEX_POINT('',#5938);
#1746=VERTEX_POINT('',#5940);
#1747=VERTEX_POINT('',#5942);
#1748=VERTEX_POINT('',#5946);
#1749=VERTEX_POINT('',#5948);
#1750=VERTEX_POINT('',#5952);
#1751=VERTEX_POINT('',#5954);
#1752=VERTEX_POINT('',#5958);
#1753=VERTEX_POINT('',#5960);
#1754=VERTEX_POINT('',#5962);
#1755=VERTEX_POINT('',#5964);
#1756=VERTEX_POINT('',#5966);
#1757=VERTEX_POINT('',#5968);
#1758=VERTEX_POINT('',#5970);
#1759=VERTEX_POINT('',#5974);
#1760=VERTEX_POINT('',#5975);
#1761=VERTEX_POINT('',#5977);
#1762=VERTEX_POINT('',#5979);
#1763=VERTEX_POINT('',#5983);
#1764=VERTEX_POINT('',#5984);
#1765=VERTEX_POINT('',#5989);
#1766=VERTEX_POINT('',#5990);
#1767=VERTEX_POINT('',#5995);
#1768=VERTEX_POINT('',#6000);
#1769=VERTEX_POINT('',#6004);
#1770=VERTEX_POINT('',#6005);
#1771=VERTEX_POINT('',#6010);
#1772=VERTEX_POINT('',#6011);
#1773=VERTEX_POINT('',#6019);
#1774=VERTEX_POINT('',#6023);
#1775=VERTEX_POINT('',#6027);
#1776=VERTEX_POINT('',#6031);
#1777=VERTEX_POINT('',#6035);
#1778=VERTEX_POINT('',#6036);
#1779=VERTEX_POINT('',#6038);
#1780=VERTEX_POINT('',#6041);
#1781=VERTEX_POINT('',#6043);
#1782=VERTEX_POINT('',#6045);
#1783=VERTEX_POINT('',#6049);
#1784=VERTEX_POINT('',#6053);
#1785=VERTEX_POINT('',#6057);
#1786=VERTEX_POINT('',#6061);
#1787=VERTEX_POINT('',#6065);
#1788=VERTEX_POINT('',#6069);
#1789=VERTEX_POINT('',#6070);
#1790=VERTEX_POINT('',#6080);
#1791=VERTEX_POINT('',#6081);
#1792=VERTEX_POINT('',#6083);
#1793=VERTEX_POINT('',#6085);
#1794=VERTEX_POINT('',#6089);
#1795=VERTEX_POINT('',#6094);
#1796=VERTEX_POINT('',#6102);
#1797=VERTEX_POINT('',#6116);
#1798=VERTEX_POINT('',#6120);
#1799=VERTEX_POINT('',#6124);
#1800=VERTEX_POINT('',#6154);
#1801=VERTEX_POINT('',#6156);
#1802=VERTEX_POINT('',#6158);
#1803=VERTEX_POINT('',#6160);
#1804=VERTEX_POINT('',#6162);
#1805=VERTEX_POINT('',#6164);
#1806=VERTEX_POINT('',#6166);
#1807=VERTEX_POINT('',#6168);
#1808=VERTEX_POINT('',#6170);
#1809=VERTEX_POINT('',#6172);
#1810=VERTEX_POINT('',#6174);
#1811=VERTEX_POINT('',#6176);
#1812=VERTEX_POINT('',#6178);
#1813=VERTEX_POINT('',#6180);
#1814=VERTEX_POINT('',#6182);
#1815=VERTEX_POINT('',#6184);
#1816=VERTEX_POINT('',#6188);
#1817=VERTEX_POINT('',#6190);
#1818=VERTEX_POINT('',#6194);
#1819=VERTEX_POINT('',#6198);
#1820=VERTEX_POINT('',#6204);
#1821=VERTEX_POINT('',#6207);
#1822=VERTEX_POINT('',#6209);
#1823=VERTEX_POINT('',#6213);
#1824=VERTEX_POINT('',#6215);
#1825=VERTEX_POINT('',#6278);
#1826=VERTEX_POINT('',#6282);
#1827=VERTEX_POINT('',#6286);
#1828=VERTEX_POINT('',#6290);
#1829=VERTEX_POINT('',#6294);
#1830=VERTEX_POINT('',#6298);
#1831=VERTEX_POINT('',#6302);
#1832=VERTEX_POINT('',#6306);
#1833=VERTEX_POINT('',#6310);
#1834=VERTEX_POINT('',#6314);
#1835=VERTEX_POINT('',#6318);
#1836=VERTEX_POINT('',#6322);
#1837=VERTEX_POINT('',#6326);
#1838=VERTEX_POINT('',#6330);
#1839=VERTEX_POINT('',#6334);
#1840=EDGE_CURVE('',#1493,#1493,#1284,.T.);
#1841=EDGE_CURVE('',#1493,#1494,#636,.T.);
#1842=EDGE_CURVE('',#1494,#1494,#1285,.T.);
#1843=EDGE_CURVE('',#1494,#1495,#637,.T.);
#1844=EDGE_CURVE('',#1495,#1495,#1286,.T.);
#1845=EDGE_CURVE('',#1496,#1496,#1287,.T.);
#1846=EDGE_CURVE('',#1496,#1497,#638,.T.);
#1847=EDGE_CURVE('',#1497,#1497,#1288,.T.);
#1848=EDGE_CURVE('',#1497,#1498,#639,.T.);
#1849=EDGE_CURVE('',#1498,#1498,#1289,.T.);
#1850=EDGE_CURVE('',#1499,#1499,#1290,.T.);
#1851=EDGE_CURVE('',#1499,#1500,#640,.T.);
#1852=EDGE_CURVE('',#1500,#1500,#1291,.T.);
#1853=EDGE_CURVE('',#1500,#1501,#641,.T.);
#1854=EDGE_CURVE('',#1501,#1501,#1292,.T.);
#1855=EDGE_CURVE('',#1502,#1502,#1293,.T.);
#1856=EDGE_CURVE('',#1502,#1503,#642,.T.);
#1857=EDGE_CURVE('',#1503,#1503,#1294,.T.);
#1858=EDGE_CURVE('',#1503,#1504,#643,.T.);
#1859=EDGE_CURVE('',#1504,#1504,#1295,.T.);
#1860=EDGE_CURVE('',#1505,#1505,#1296,.T.);
#1861=EDGE_CURVE('',#1505,#1506,#644,.T.);
#1862=EDGE_CURVE('',#1506,#1506,#1297,.T.);
#1863=EDGE_CURVE('',#1506,#1507,#645,.T.);
#1864=EDGE_CURVE('',#1507,#1507,#1298,.T.);
#1865=EDGE_CURVE('',#1508,#1508,#1299,.T.);
#1866=EDGE_CURVE('',#1508,#1509,#646,.T.);
#1867=EDGE_CURVE('',#1509,#1509,#1300,.T.);
#1868=EDGE_CURVE('',#1509,#1510,#647,.T.);
#1869=EDGE_CURVE('',#1510,#1510,#1301,.T.);
#1870=EDGE_CURVE('',#1511,#1511,#1302,.T.);
#1871=EDGE_CURVE('',#1511,#1512,#648,.T.);
#1872=EDGE_CURVE('',#1512,#1512,#1303,.T.);
#1873=EDGE_CURVE('',#1512,#1513,#649,.T.);
#1874=EDGE_CURVE('',#1513,#1513,#1304,.T.);
#1875=EDGE_CURVE('',#1514,#1514,#1305,.T.);
#1876=EDGE_CURVE('',#1514,#1515,#650,.T.);
#1877=EDGE_CURVE('',#1515,#1515,#1306,.T.);
#1878=EDGE_CURVE('',#1515,#1516,#651,.T.);
#1879=EDGE_CURVE('',#1516,#1516,#1307,.T.);
#1880=EDGE_CURVE('',#1517,#1517,#1308,.T.);
#1881=EDGE_CURVE('',#1517,#1518,#652,.T.);
#1882=EDGE_CURVE('',#1518,#1518,#1309,.T.);
#1883=EDGE_CURVE('',#1518,#1519,#653,.T.);
#1884=EDGE_CURVE('',#1519,#1519,#1310,.T.);
#1885=EDGE_CURVE('',#1520,#1520,#1311,.T.);
#1886=EDGE_CURVE('',#1520,#1521,#654,.T.);
#1887=EDGE_CURVE('',#1521,#1521,#1312,.T.);
#1888=EDGE_CURVE('',#1521,#1522,#655,.T.);
#1889=EDGE_CURVE('',#1522,#1522,#1313,.T.);
#1890=EDGE_CURVE('',#1523,#1523,#1314,.T.);
#1891=EDGE_CURVE('',#1523,#1524,#656,.T.);
#1892=EDGE_CURVE('',#1524,#1524,#1315,.T.);
#1893=EDGE_CURVE('',#1524,#1525,#657,.T.);
#1894=EDGE_CURVE('',#1525,#1525,#1316,.T.);
#1895=EDGE_CURVE('',#1526,#1526,#1317,.T.);
#1896=EDGE_CURVE('',#1526,#1527,#658,.T.);
#1897=EDGE_CURVE('',#1527,#1527,#1318,.T.);
#1898=EDGE_CURVE('',#1527,#1528,#659,.T.);
#1899=EDGE_CURVE('',#1528,#1528,#1319,.T.);
#1900=EDGE_CURVE('',#1529,#1529,#1320,.T.);
#1901=EDGE_CURVE('',#1529,#1530,#660,.T.);
#1902=EDGE_CURVE('',#1530,#1530,#1321,.T.);
#1903=EDGE_CURVE('',#1530,#1531,#661,.T.);
#1904=EDGE_CURVE('',#1531,#1531,#1322,.T.);
#1905=EDGE_CURVE('',#1532,#1533,#662,.T.);
#1906=EDGE_CURVE('',#1533,#1534,#663,.T.);
#1907=EDGE_CURVE('',#1534,#1535,#664,.T.);
#1908=EDGE_CURVE('',#1535,#1532,#665,.T.);
#1909=EDGE_CURVE('',#1536,#1537,#41,.F.);
#1910=EDGE_CURVE('',#1537,#1535,#1323,.T.);
#1911=EDGE_CURVE('',#1534,#1536,#1324,.T.);
#1912=EDGE_CURVE('',#1538,#1539,#42,.F.);
#1913=EDGE_CURVE('',#1539,#1533,#1325,.T.);
#1914=EDGE_CURVE('',#1532,#1538,#1326,.T.);
#1915=EDGE_CURVE('',#1532,#1540,#666,.T.);
#1916=EDGE_CURVE('',#1540,#1541,#1327,.T.);
#1917=EDGE_CURVE('',#1541,#1538,#667,.T.);
#1918=EDGE_CURVE('',#1542,#1535,#668,.T.);
#1919=EDGE_CURVE('',#1540,#1542,#669,.T.);
#1920=EDGE_CURVE('',#1543,#1544,#670,.F.);
#1921=EDGE_CURVE('',#1544,#1545,#671,.T.);
#1922=EDGE_CURVE('',#1545,#1546,#672,.F.);
#1923=EDGE_CURVE('',#1546,#1543,#673,.T.);
#1924=EDGE_CURVE('',#1547,#1544,#674,.T.);
#1925=EDGE_CURVE('',#1547,#1548,#675,.T.);
#1926=EDGE_CURVE('',#1548,#1545,#676,.T.);
#1927=EDGE_CURVE('',#1549,#1550,#677,.T.);
#1928=EDGE_CURVE('',#1550,#1551,#678,.T.);
#1929=EDGE_CURVE('',#1552,#1551,#679,.T.);
#1930=EDGE_CURVE('',#1549,#1552,#680,.T.);
#1931=EDGE_CURVE('',#1553,#1554,#681,.T.);
#1932=EDGE_CURVE('',#1555,#1553,#682,.T.);
#1933=EDGE_CURVE('',#1556,#1555,#683,.T.);
#1934=EDGE_CURVE('',#1554,#1556,#684,.T.);
#1935=EDGE_CURVE('',#1553,#1549,#685,.T.);
#1936=EDGE_CURVE('',#1550,#1554,#686,.T.);
#1937=EDGE_CURVE('',#1552,#1557,#687,.T.);
#1938=EDGE_CURVE('',#1557,#1558,#688,.T.);
#1939=EDGE_CURVE('',#1559,#1558,#689,.T.);
#1940=EDGE_CURVE('',#1560,#1559,#690,.T.);
#1941=EDGE_CURVE('',#1560,#1555,#691,.T.);
#1942=EDGE_CURVE('',#1551,#1561,#692,.T.);
#1943=EDGE_CURVE('',#1562,#1561,#693,.T.);
#1944=EDGE_CURVE('',#1562,#1563,#1328,.F.);
#1945=EDGE_CURVE('',#1564,#1563,#1329,.T.);
#1946=EDGE_CURVE('',#1564,#1557,#1330,.F.);
#1947=EDGE_CURVE('',#1560,#1565,#1331,.F.);
#1948=EDGE_CURVE('',#1566,#1565,#1332,.T.);
#1949=EDGE_CURVE('',#1566,#1567,#1333,.F.);
#1950=EDGE_CURVE('',#1568,#1567,#694,.T.);
#1951=EDGE_CURVE('',#1568,#1569,#1334,.F.);
#1952=EDGE_CURVE('',#1570,#1569,#1335,.T.);
#1953=EDGE_CURVE('',#1570,#1571,#1336,.F.);
#1954=EDGE_CURVE('',#1572,#1571,#695,.T.);
#1955=EDGE_CURVE('',#1572,#1573,#1337,.F.);
#1956=EDGE_CURVE('',#1573,#1574,#696,.F.);
#1957=EDGE_CURVE('',#1574,#1575,#1338,.F.);
#1958=EDGE_CURVE('',#1575,#1576,#697,.F.);
#1959=EDGE_CURVE('',#1576,#1577,#1339,.F.);
#1960=EDGE_CURVE('',#1577,#1578,#1340,.F.);
#1961=EDGE_CURVE('',#1579,#1578,#1341,.T.);
#1962=EDGE_CURVE('',#1579,#1580,#1342,.F.);
#1963=EDGE_CURVE('',#1581,#1580,#698,.T.);
#1964=EDGE_CURVE('',#1581,#1582,#1343,.F.);
#1965=EDGE_CURVE('',#1582,#1583,#699,.F.);
#1966=EDGE_CURVE('',#1583,#1584,#1344,.F.);
#1967=EDGE_CURVE('',#1584,#1585,#700,.F.);
#1968=EDGE_CURVE('',#1585,#1586,#1345,.F.);
#1969=EDGE_CURVE('',#1586,#1587,#701,.F.);
#1970=EDGE_CURVE('',#1587,#1588,#1346,.F.);
#1971=EDGE_CURVE('',#1589,#1588,#702,.T.);
#1972=EDGE_CURVE('',#1589,#1590,#1347,.F.);
#1973=EDGE_CURVE('',#1591,#1590,#1348,.T.);
#1974=EDGE_CURVE('',#1591,#1592,#1349,.F.);
#1975=EDGE_CURVE('',#1593,#1592,#703,.T.);
#1976=EDGE_CURVE('',#1593,#1594,#1350,.F.);
#1977=EDGE_CURVE('',#1595,#1594,#1351,.T.);
#1978=EDGE_CURVE('',#1596,#1595,#704,.T.);
#1979=EDGE_CURVE('',#1596,#1597,#1352,.F.);
#1980=EDGE_CURVE('',#1598,#1597,#705,.T.);
#1981=EDGE_CURVE('',#1598,#1599,#1353,.F.);
#1982=EDGE_CURVE('',#1600,#1599,#706,.T.);
#1983=EDGE_CURVE('',#1601,#1600,#1354,.T.);
#1984=EDGE_CURVE('',#1601,#1602,#707,.F.);
#1985=EDGE_CURVE('',#1602,#1603,#1355,.F.);
#1986=EDGE_CURVE('',#1604,#1603,#708,.T.);
#1987=EDGE_CURVE('',#1604,#1605,#1356,.F.);
#1988=EDGE_CURVE('',#1606,#1605,#709,.T.);
#1989=EDGE_CURVE('',#1607,#1606,#1357,.T.);
#1990=EDGE_CURVE('',#1607,#1608,#710,.F.);
#1991=EDGE_CURVE('',#1608,#1609,#1358,.F.);
#1992=EDGE_CURVE('',#1610,#1609,#711,.T.);
#1993=EDGE_CURVE('',#1610,#1611,#1359,.F.);
#1994=EDGE_CURVE('',#1612,#1611,#712,.T.);
#1995=EDGE_CURVE('',#1613,#1612,#1360,.T.);
#1996=EDGE_CURVE('',#1613,#1614,#713,.F.);
#1997=EDGE_CURVE('',#1614,#1615,#1361,.F.);
#1998=EDGE_CURVE('',#1616,#1615,#714,.T.);
#1999=EDGE_CURVE('',#1616,#1617,#1362,.F.);
#2000=EDGE_CURVE('',#1617,#1618,#715,.T.);
#2001=EDGE_CURVE('',#1618,#1619,#1363,.T.);
#2002=EDGE_CURVE('',#1619,#1620,#716,.T.);
#2003=EDGE_CURVE('',#1620,#1621,#1364,.T.);
#2004=EDGE_CURVE('',#1621,#1622,#717,.T.);
#2005=EDGE_CURVE('',#1622,#1623,#718,.F.);
#2006=EDGE_CURVE('',#1623,#1624,#1365,.F.);
#2007=EDGE_CURVE('',#1624,#1625,#719,.F.);
#2008=EDGE_CURVE('',#1625,#1626,#1366,.F.);
#2009=EDGE_CURVE('',#1626,#1627,#720,.F.);
#2010=EDGE_CURVE('',#1627,#1628,#721,.T.);
#2011=EDGE_CURVE('',#1628,#1629,#722,.F.);
#2012=EDGE_CURVE('',#1629,#1630,#1367,.F.);
#2013=EDGE_CURVE('',#1630,#1631,#723,.F.);
#2014=EDGE_CURVE('',#1631,#1632,#1368,.F.);
#2015=EDGE_CURVE('',#1632,#1633,#724,.F.);
#2016=EDGE_CURVE('',#1633,#1634,#725,.T.);
#2017=EDGE_CURVE('',#1634,#1635,#1369,.T.);
#2018=EDGE_CURVE('',#1635,#1556,#726,.T.);
#2019=EDGE_CURVE('',#1636,#1637,#23,.T.);
#2020=EDGE_CURVE('',#1636,#1638,#727,.T.);
#2021=EDGE_CURVE('',#1638,#1639,#1370,.T.);
#2022=EDGE_CURVE('',#1637,#1639,#728,.T.);
#2023=EDGE_CURVE('',#1640,#1641,#729,.T.);
#2024=EDGE_CURVE('',#1640,#1642,#730,.T.);
#2025=EDGE_CURVE('',#1642,#1643,#731,.T.);
#2026=EDGE_CURVE('',#1641,#1643,#732,.T.);
#2027=EDGE_CURVE('',#1644,#1640,#1371,.T.);
#2028=EDGE_CURVE('',#1644,#1645,#733,.T.);
#2029=EDGE_CURVE('',#1645,#1642,#1372,.T.);
#2030=EDGE_CURVE('',#1646,#1644,#734,.T.);
#2031=EDGE_CURVE('',#1646,#1647,#735,.T.);
#2032=EDGE_CURVE('',#1647,#1645,#736,.T.);
#2033=EDGE_CURVE('',#1648,#1646,#1373,.T.);
#2034=EDGE_CURVE('',#1648,#1649,#737,.T.);
#2035=EDGE_CURVE('',#1649,#1647,#1374,.T.);
#2036=EDGE_CURVE('',#1637,#1648,#738,.T.);
#2037=EDGE_CURVE('',#1639,#1649,#739,.T.);
#2038=EDGE_CURVE('',#1650,#1636,#740,.T.);
#2039=EDGE_CURVE('',#1650,#1651,#741,.T.);
#2040=EDGE_CURVE('',#1651,#1638,#742,.T.);
#2041=EDGE_CURVE('',#1641,#1650,#24,.T.);
#2042=EDGE_CURVE('',#1643,#1651,#1375,.T.);
#2043=EDGE_CURVE('',#1652,#1653,#743,.T.);
#2044=EDGE_CURVE('',#1548,#1652,#744,.T.);
#2045=EDGE_CURVE('',#1653,#1547,#745,.T.);
#2046=EDGE_CURVE('',#1652,#1654,#746,.T.);
#2047=EDGE_CURVE('',#1546,#1654,#747,.T.);
#2048=EDGE_CURVE('',#1653,#1655,#748,.T.);
#2049=EDGE_CURVE('',#1654,#1655,#749,.T.);
#2050=EDGE_CURVE('',#1656,#1641,#750,.T.);
#2051=EDGE_CURVE('',#1657,#1656,#751,.T.);
#2052=EDGE_CURVE('',#1658,#1657,#752,.T.);
#2053=EDGE_CURVE('',#1658,#1659,#753,.T.);
#2054=EDGE_CURVE('',#1660,#1659,#754,.T.);
#2055=EDGE_CURVE('',#1541,#1660,#755,.T.);
#2056=EDGE_CURVE('',#1661,#1542,#1376,.T.);
#2057=EDGE_CURVE('',#1661,#1662,#756,.T.);
#2058=EDGE_CURVE('',#1637,#1662,#757,.T.);
#2059=EDGE_CURVE('',#1655,#1543,#758,.T.);
#2060=EDGE_CURVE('',#1663,#1664,#759,.T.);
#2061=EDGE_CURVE('',#1664,#1665,#760,.F.);
#2062=EDGE_CURVE('',#1665,#1666,#761,.T.);
#2063=EDGE_CURVE('',#1667,#1666,#1377,.F.);
#2064=EDGE_CURVE('',#1667,#1668,#762,.T.);
#2065=EDGE_CURVE('',#1669,#1668,#1378,.F.);
#2066=EDGE_CURVE('',#1670,#1669,#763,.F.);
#2067=EDGE_CURVE('',#1670,#1671,#764,.F.);
#2068=EDGE_CURVE('',#1671,#1672,#1379,.F.);
#2069=EDGE_CURVE('',#1672,#1673,#765,.F.);
#2070=EDGE_CURVE('',#1673,#1674,#1380,.F.);
#2071=EDGE_CURVE('',#1674,#1675,#766,.F.);
#2072=EDGE_CURVE('',#1675,#1676,#1381,.T.);
#2073=EDGE_CURVE('',#1676,#1677,#767,.T.);
#2074=EDGE_CURVE('',#1677,#1678,#1382,.T.);
#2075=EDGE_CURVE('',#1678,#1679,#768,.T.);
#2076=EDGE_CURVE('',#1679,#1680,#1383,.T.);
#2077=EDGE_CURVE('',#1680,#1681,#769,.T.);
#2078=EDGE_CURVE('',#1681,#1682,#1384,.T.);
#2079=EDGE_CURVE('',#1682,#1683,#770,.T.);
#2080=EDGE_CURVE('',#1683,#1684,#1385,.T.);
#2081=EDGE_CURVE('',#1684,#1685,#771,.T.);
#2082=EDGE_CURVE('',#1685,#1686,#1386,.T.);
#2083=EDGE_CURVE('',#1686,#1687,#772,.T.);
#2084=EDGE_CURVE('',#1687,#1688,#1387,.T.);
#2085=EDGE_CURVE('',#1688,#1689,#773,.T.);
#2086=EDGE_CURVE('',#1689,#1690,#1388,.T.);
#2087=EDGE_CURVE('',#1690,#1691,#774,.T.);
#2088=EDGE_CURVE('',#1691,#1692,#1389,.T.);
#2089=EDGE_CURVE('',#1692,#1693,#775,.T.);
#2090=EDGE_CURVE('',#1693,#1694,#1390,.T.);
#2091=EDGE_CURVE('',#1694,#1695,#776,.T.);
#2092=EDGE_CURVE('',#1695,#1696,#1391,.T.);
#2093=EDGE_CURVE('',#1696,#1697,#777,.T.);
#2094=EDGE_CURVE('',#1697,#1698,#1392,.T.);
#2095=EDGE_CURVE('',#1698,#1699,#1393,.T.);
#2096=EDGE_CURVE('',#1699,#1700,#778,.T.);
#2097=EDGE_CURVE('',#1700,#1701,#1394,.T.);
#2098=EDGE_CURVE('',#1701,#1702,#1395,.T.);
#2099=EDGE_CURVE('',#1702,#1703,#1396,.T.);
#2100=EDGE_CURVE('',#1703,#1704,#779,.T.);
#2101=EDGE_CURVE('',#1705,#1704,#1397,.F.);
#2102=EDGE_CURVE('',#1705,#1706,#780,.T.);
#2103=EDGE_CURVE('',#1706,#1707,#1398,.T.);
#2104=EDGE_CURVE('',#1707,#1708,#781,.T.);
#2105=EDGE_CURVE('',#1708,#1709,#1399,.T.);
#2106=EDGE_CURVE('',#1709,#1710,#782,.T.);
#2107=EDGE_CURVE('',#1711,#1710,#1400,.F.);
#2108=EDGE_CURVE('',#1711,#1712,#783,.T.);
#2109=EDGE_CURVE('',#1712,#1713,#1401,.T.);
#2110=EDGE_CURVE('',#1713,#1714,#1402,.T.);
#2111=EDGE_CURVE('',#1715,#1714,#1403,.F.);
#2112=EDGE_CURVE('',#1715,#1716,#1404,.T.);
#2113=EDGE_CURVE('',#1717,#1716,#784,.F.);
#2114=EDGE_CURVE('',#1717,#1718,#1405,.T.);
#2115=EDGE_CURVE('',#1719,#1718,#785,.F.);
#2116=EDGE_CURVE('',#1720,#1719,#1406,.F.);
#2117=EDGE_CURVE('',#1720,#1721,#786,.T.);
#2118=EDGE_CURVE('',#1721,#1722,#1407,.T.);
#2119=EDGE_CURVE('',#1722,#1723,#1408,.T.);
#2120=EDGE_CURVE('',#1723,#1724,#1409,.T.);
#2121=EDGE_CURVE('',#1724,#1725,#787,.T.);
#2122=EDGE_CURVE('',#1725,#1726,#1410,.T.);
#2123=EDGE_CURVE('',#1726,#1727,#1411,.T.);
#2124=EDGE_CURVE('',#1727,#1559,#1412,.T.);
#2125=EDGE_CURVE('',#1558,#1728,#1413,.T.);
#2126=EDGE_CURVE('',#1728,#1729,#1414,.T.);
#2127=EDGE_CURVE('',#1729,#1730,#1415,.T.);
#2128=EDGE_CURVE('',#1730,#1731,#788,.T.);
#2129=EDGE_CURVE('',#1731,#1732,#789,.F.);
#2130=EDGE_CURVE('',#1732,#1733,#1416,.F.);
#2131=EDGE_CURVE('',#1733,#1734,#790,.F.);
#2132=EDGE_CURVE('',#1734,#1735,#791,.T.);
#2133=EDGE_CURVE('',#1736,#1735,#1417,.F.);
#2134=EDGE_CURVE('',#1736,#1737,#792,.T.);
#2135=EDGE_CURVE('',#1663,#1737,#1418,.F.);
#2136=EDGE_CURVE('',#1735,#1632,#793,.T.);
#2137=EDGE_CURVE('',#1736,#1631,#794,.T.);
#2138=EDGE_CURVE('',#1737,#1630,#795,.T.);
#2139=EDGE_CURVE('',#1663,#1629,#796,.T.);
#2140=EDGE_CURVE('',#1664,#1628,#797,.T.);
#2141=EDGE_CURVE('',#1714,#1578,#798,.T.);
#2142=EDGE_CURVE('',#1715,#1577,#799,.T.);
#2143=EDGE_CURVE('',#1716,#1576,#800,.T.);
#2144=EDGE_CURVE('',#1717,#1575,#801,.T.);
#2145=EDGE_CURVE('',#1718,#1574,#802,.T.);
#2146=EDGE_CURVE('',#1719,#1573,#803,.T.);
#2147=EDGE_CURVE('',#1572,#1720,#804,.T.);
#2148=EDGE_CURVE('',#1734,#1633,#805,.T.);
#2149=EDGE_CURVE('',#1579,#1713,#806,.T.);
#2150=EDGE_CURVE('',#1571,#1721,#807,.T.);
#2151=EDGE_CURVE('',#1666,#1626,#808,.T.);
#2152=EDGE_CURVE('',#1667,#1625,#809,.T.);
#2153=EDGE_CURVE('',#1668,#1624,#810,.T.);
#2154=EDGE_CURVE('',#1669,#1623,#811,.T.);
#2155=EDGE_CURVE('',#1588,#1704,#812,.T.);
#2156=EDGE_CURVE('',#1705,#1587,#813,.T.);
#2157=EDGE_CURVE('',#1706,#1586,#814,.T.);
#2158=EDGE_CURVE('',#1707,#1585,#815,.T.);
#2159=EDGE_CURVE('',#1708,#1584,#816,.T.);
#2160=EDGE_CURVE('',#1709,#1583,#817,.T.);
#2161=EDGE_CURVE('',#1710,#1582,#818,.T.);
#2162=EDGE_CURVE('',#1581,#1711,#819,.T.);
#2163=EDGE_CURVE('',#1589,#1703,#820,.T.);
#2164=EDGE_CURVE('',#1539,#1622,#821,.F.);
#2165=EDGE_CURVE('',#1621,#1738,#822,.T.);
#2166=EDGE_CURVE('',#1739,#1738,#823,.T.);
#2167=EDGE_CURVE('',#1634,#1739,#824,.T.);
#2168=EDGE_CURVE('',#1733,#1740,#825,.T.);
#2169=EDGE_CURVE('',#1741,#1740,#826,.T.);
#2170=EDGE_CURVE('',#1665,#1741,#827,.T.);
#2171=EDGE_CURVE('',#1627,#1536,#828,.F.);
#2172=EDGE_CURVE('',#1537,#1661,#829,.T.);
#2173=EDGE_CURVE('',#1742,#1660,#1419,.T.);
#2174=EDGE_CURVE('',#1743,#1742,#830,.T.);
#2175=EDGE_CURVE('',#1670,#1743,#831,.T.);
#2176=EDGE_CURVE('',#1744,#1745,#1420,.T.);
#2177=EDGE_CURVE('',#1745,#1746,#832,.T.);
#2178=EDGE_CURVE('',#1746,#1747,#1421,.T.);
#2179=EDGE_CURVE('',#1747,#1744,#833,.T.);
#2180=EDGE_CURVE('',#1745,#1748,#834,.T.);
#2181=EDGE_CURVE('',#1749,#1748,#835,.T.);
#2182=EDGE_CURVE('',#1749,#1746,#836,.T.);
#2183=EDGE_CURVE('',#1750,#1748,#1422,.F.);
#2184=EDGE_CURVE('',#1750,#1751,#837,.T.);
#2185=EDGE_CURVE('',#1751,#1749,#1423,.T.);
#2186=EDGE_CURVE('',#1750,#1752,#838,.T.);
#2187=EDGE_CURVE('',#1753,#1752,#839,.F.);
#2188=EDGE_CURVE('',#1753,#1754,#840,.T.);
#2189=EDGE_CURVE('',#1755,#1754,#841,.T.);
#2190=EDGE_CURVE('',#1755,#1756,#842,.T.);
#2191=EDGE_CURVE('',#1757,#1756,#843,.T.);
#2192=EDGE_CURVE('',#1758,#1757,#1424,.T.);
#2193=EDGE_CURVE('',#1751,#1758,#844,.T.);
#2194=EDGE_CURVE('',#1759,#1760,#1425,.T.);
#2195=EDGE_CURVE('',#1760,#1761,#845,.T.);
#2196=EDGE_CURVE('',#1761,#1762,#1426,.T.);
#2197=EDGE_CURVE('',#1762,#1759,#846,.T.);
#2198=EDGE_CURVE('',#1763,#1764,#1427,.T.);
#2199=EDGE_CURVE('',#1764,#1762,#1428,.T.);
#2200=EDGE_CURVE('',#1761,#1763,#1429,.T.);
#2201=EDGE_CURVE('',#1765,#1766,#1430,.T.);
#2202=EDGE_CURVE('',#1766,#1764,#847,.T.);
#2203=EDGE_CURVE('',#1763,#1765,#848,.T.);
#2204=EDGE_CURVE('',#1658,#1767,#1431,.T.);
#2205=EDGE_CURVE('',#1767,#1766,#1432,.T.);
#2206=EDGE_CURVE('',#1765,#1658,#1433,.T.);
#2207=EDGE_CURVE('',#1657,#1768,#1434,.T.);
#2208=EDGE_CURVE('',#1768,#1767,#849,.T.);
#2209=EDGE_CURVE('',#1769,#1770,#1435,.T.);
#2210=EDGE_CURVE('',#1770,#1768,#1436,.T.);
#2211=EDGE_CURVE('',#1657,#1769,#1437,.T.);
#2212=EDGE_CURVE('',#1771,#1772,#1438,.T.);
#2213=EDGE_CURVE('',#1772,#1770,#850,.T.);
#2214=EDGE_CURVE('',#1769,#1771,#851,.T.);
#2215=EDGE_CURVE('',#1759,#1772,#1439,.T.);
#2216=EDGE_CURVE('',#1771,#1760,#1440,.T.);
#2217=EDGE_CURVE('',#1765,#1773,#852,.T.);
#2218=EDGE_CURVE('',#1659,#1773,#1441,.T.);
#2219=EDGE_CURVE('',#1763,#1774,#853,.T.);
#2220=EDGE_CURVE('',#1773,#1774,#854,.T.);
#2221=EDGE_CURVE('',#1761,#1775,#855,.T.);
#2222=EDGE_CURVE('',#1774,#1775,#1442,.T.);
#2223=EDGE_CURVE('',#1760,#1776,#856,.T.);
#2224=EDGE_CURVE('',#1775,#1776,#857,.T.);
#2225=EDGE_CURVE('',#1777,#1778,#1443,.T.);
#2226=EDGE_CURVE('',#1778,#1779,#858,.T.);
#2227=EDGE_CURVE('',#1779,#1739,#1444,.T.);
#2228=EDGE_CURVE('',#1738,#1780,#1445,.T.);
#2229=EDGE_CURVE('',#1780,#1781,#859,.T.);
#2230=EDGE_CURVE('',#1781,#1782,#1446,.T.);
#2231=EDGE_CURVE('',#1782,#1777,#860,.T.);
#2232=EDGE_CURVE('',#1659,#1783,#1447,.T.);
#2233=EDGE_CURVE('',#1783,#1742,#861,.T.);
#2234=EDGE_CURVE('',#1773,#1784,#1448,.T.);
#2235=EDGE_CURVE('',#1784,#1783,#1449,.T.);
#2236=EDGE_CURVE('',#1774,#1785,#1450,.T.);
#2237=EDGE_CURVE('',#1785,#1784,#862,.T.);
#2238=EDGE_CURVE('',#1775,#1786,#1451,.T.);
#2239=EDGE_CURVE('',#1786,#1785,#1452,.T.);
#2240=EDGE_CURVE('',#1776,#1787,#1453,.T.);
#2241=EDGE_CURVE('',#1787,#1786,#863,.T.);
#2242=EDGE_CURVE('',#1788,#1789,#1454,.T.);
#2243=EDGE_CURVE('',#1789,#1787,#1455,.T.);
#2244=EDGE_CURVE('',#1776,#1788,#1456,.T.);
#2245=EDGE_CURVE('',#1757,#1789,#864,.T.);
#2246=EDGE_CURVE('',#1788,#1758,#865,.T.);
#2247=EDGE_CURVE('',#1771,#1788,#866,.T.);
#2248=EDGE_CURVE('',#1790,#1791,#1457,.T.);
#2249=EDGE_CURVE('',#1791,#1792,#867,.T.);
#2250=EDGE_CURVE('',#1792,#1793,#1458,.T.);
#2251=EDGE_CURVE('',#1793,#1790,#868,.T.);
#2252=EDGE_CURVE('',#1656,#1794,#1459,.T.);
#2253=EDGE_CURVE('',#1794,#1793,#1460,.T.);
#2254=EDGE_CURVE('',#1792,#1656,#1461,.T.);
#2255=EDGE_CURVE('',#1662,#1795,#1462,.T.);
#2256=EDGE_CURVE('',#1795,#1794,#869,.T.);
#2257=EDGE_CURVE('',#1769,#1792,#870,.T.);
#2258=EDGE_CURVE('',#1747,#1791,#871,.T.);
#2259=EDGE_CURVE('',#1796,#1790,#872,.T.);
#2260=EDGE_CURVE('',#1731,#1796,#873,.T.);
#2261=EDGE_CURVE('',#1562,#1730,#874,.T.);
#2262=EDGE_CURVE('',#1561,#1744,#875,.T.);
#2263=EDGE_CURVE('',#1618,#1782,#876,.T.);
#2264=EDGE_CURVE('',#1619,#1781,#877,.T.);
#2265=EDGE_CURVE('',#1620,#1780,#878,.T.);
#2266=EDGE_CURVE('',#1635,#1779,#879,.T.);
#2267=EDGE_CURVE('',#1797,#1778,#880,.T.);
#2268=EDGE_CURVE('',#1752,#1797,#881,.T.);
#2269=EDGE_CURVE('',#1797,#1798,#1463,.T.);
#2270=EDGE_CURVE('',#1798,#1777,#882,.T.);
#2271=EDGE_CURVE('',#1799,#1796,#883,.T.);
#2272=EDGE_CURVE('',#1732,#1799,#884,.T.);
#2273=EDGE_CURVE('',#1740,#1799,#1464,.T.);
#2274=EDGE_CURVE('',#1795,#1741,#885,.T.);
#2275=EDGE_CURVE('',#1564,#1728,#886,.T.);
#2276=EDGE_CURVE('',#1565,#1727,#887,.T.);
#2277=EDGE_CURVE('',#1566,#1726,#888,.T.);
#2278=EDGE_CURVE('',#1567,#1725,#889,.T.);
#2279=EDGE_CURVE('',#1568,#1724,#890,.T.);
#2280=EDGE_CURVE('',#1569,#1723,#891,.T.);
#2281=EDGE_CURVE('',#1570,#1722,#892,.T.);
#2282=EDGE_CURVE('',#1580,#1712,#893,.T.);
#2283=EDGE_CURVE('',#1563,#1729,#894,.T.);
#2284=EDGE_CURVE('',#1798,#1800,#895,.T.);
#2285=EDGE_CURVE('',#1800,#1801,#1465,.F.);
#2286=EDGE_CURVE('',#1802,#1801,#896,.T.);
#2287=EDGE_CURVE('',#1803,#1802,#1466,.T.);
#2288=EDGE_CURVE('',#1803,#1804,#1467,.F.);
#2289=EDGE_CURVE('',#1805,#1804,#897,.T.);
#2290=EDGE_CURVE('',#1805,#1806,#1468,.F.);
#2291=EDGE_CURVE('',#1807,#1806,#1469,.T.);
#2292=EDGE_CURVE('',#1807,#1808,#1470,.F.);
#2293=EDGE_CURVE('',#1809,#1808,#898,.T.);
#2294=EDGE_CURVE('',#1809,#1810,#1471,.F.);
#2295=EDGE_CURVE('',#1811,#1810,#1472,.T.);
#2296=EDGE_CURVE('',#1811,#1812,#1473,.F.);
#2297=EDGE_CURVE('',#1813,#1812,#899,.T.);
#2298=EDGE_CURVE('',#1813,#1814,#1474,.F.);
#2299=EDGE_CURVE('',#1815,#1814,#1475,.T.);
#2300=EDGE_CURVE('',#1815,#1753,#1476,.F.);
#2301=EDGE_CURVE('',#1673,#1816,#900,.T.);
#2302=EDGE_CURVE('',#1817,#1816,#1477,.T.);
#2303=EDGE_CURVE('',#1674,#1817,#901,.T.);
#2304=EDGE_CURVE('',#1672,#1818,#902,.T.);
#2305=EDGE_CURVE('',#1816,#1818,#903,.T.);
#2306=EDGE_CURVE('',#1671,#1819,#904,.T.);
#2307=EDGE_CURVE('',#1818,#1819,#1478,.T.);
#2308=EDGE_CURVE('',#1819,#1743,#905,.T.);
#2309=EDGE_CURVE('',#1800,#1820,#906,.T.);
#2310=EDGE_CURVE('',#1617,#1675,#907,.T.);
#2311=EDGE_CURVE('',#1821,#1817,#908,.T.);
#2312=EDGE_CURVE('',#1822,#1821,#909,.T.);
#2313=EDGE_CURVE('',#1820,#1822,#910,.F.);
#2314=EDGE_CURVE('',#1822,#1823,#1479,.F.);
#2315=EDGE_CURVE('',#1824,#1821,#1480,.T.);
#2316=EDGE_CURVE('',#1823,#1824,#911,.T.);
#2317=EDGE_CURVE('',#1823,#1755,#912,.F.);
#2318=EDGE_CURVE('',#1756,#1824,#913,.T.);
#2319=EDGE_CURVE('',#1613,#1679,#914,.T.);
#2320=EDGE_CURVE('',#1614,#1678,#915,.T.);
#2321=EDGE_CURVE('',#1615,#1677,#916,.T.);
#2322=EDGE_CURVE('',#1616,#1676,#917,.T.);
#2323=EDGE_CURVE('',#1590,#1702,#918,.T.);
#2324=EDGE_CURVE('',#1591,#1701,#919,.T.);
#2325=EDGE_CURVE('',#1592,#1700,#920,.T.);
#2326=EDGE_CURVE('',#1593,#1699,#921,.T.);
#2327=EDGE_CURVE('',#1594,#1698,#922,.T.);
#2328=EDGE_CURVE('',#1595,#1697,#923,.T.);
#2329=EDGE_CURVE('',#1596,#1696,#924,.T.);
#2330=EDGE_CURVE('',#1597,#1695,#925,.T.);
#2331=EDGE_CURVE('',#1598,#1694,#926,.T.);
#2332=EDGE_CURVE('',#1599,#1693,#927,.T.);
#2333=EDGE_CURVE('',#1600,#1692,#928,.T.);
#2334=EDGE_CURVE('',#1601,#1691,#929,.T.);
#2335=EDGE_CURVE('',#1602,#1690,#930,.T.);
#2336=EDGE_CURVE('',#1603,#1689,#931,.T.);
#2337=EDGE_CURVE('',#1604,#1688,#932,.T.);
#2338=EDGE_CURVE('',#1605,#1687,#933,.T.);
#2339=EDGE_CURVE('',#1606,#1686,#934,.T.);
#2340=EDGE_CURVE('',#1607,#1685,#935,.T.);
#2341=EDGE_CURVE('',#1608,#1684,#936,.T.);
#2342=EDGE_CURVE('',#1609,#1683,#937,.T.);
#2343=EDGE_CURVE('',#1610,#1682,#938,.T.);
#2344=EDGE_CURVE('',#1611,#1681,#939,.T.);
#2345=EDGE_CURVE('',#1612,#1680,#940,.T.);
#2346=EDGE_CURVE('',#1815,#1825,#941,.T.);
#2347=EDGE_CURVE('',#1754,#1825,#1481,.T.);
#2348=EDGE_CURVE('',#1826,#1820,#1482,.T.);
#2349=EDGE_CURVE('',#1801,#1826,#942,.T.);
#2350=EDGE_CURVE('',#1827,#1826,#943,.T.);
#2351=EDGE_CURVE('',#1802,#1827,#944,.T.);
#2352=EDGE_CURVE('',#1828,#1827,#1483,.T.);
#2353=EDGE_CURVE('',#1803,#1828,#945,.T.);
#2354=EDGE_CURVE('',#1829,#1828,#1484,.T.);
#2355=EDGE_CURVE('',#1804,#1829,#946,.T.);
#2356=EDGE_CURVE('',#1830,#1829,#947,.T.);
#2357=EDGE_CURVE('',#1805,#1830,#948,.T.);
#2358=EDGE_CURVE('',#1831,#1830,#1485,.T.);
#2359=EDGE_CURVE('',#1806,#1831,#949,.T.);
#2360=EDGE_CURVE('',#1832,#1831,#1486,.T.);
#2361=EDGE_CURVE('',#1807,#1832,#950,.T.);
#2362=EDGE_CURVE('',#1833,#1832,#1487,.T.);
#2363=EDGE_CURVE('',#1808,#1833,#951,.T.);
#2364=EDGE_CURVE('',#1834,#1833,#952,.T.);
#2365=EDGE_CURVE('',#1809,#1834,#953,.T.);
#2366=EDGE_CURVE('',#1835,#1834,#1488,.T.);
#2367=EDGE_CURVE('',#1810,#1835,#954,.T.);
#2368=EDGE_CURVE('',#1836,#1835,#1489,.T.);
#2369=EDGE_CURVE('',#1811,#1836,#955,.T.);
#2370=EDGE_CURVE('',#1837,#1836,#1490,.T.);
#2371=EDGE_CURVE('',#1812,#1837,#956,.T.);
#2372=EDGE_CURVE('',#1838,#1837,#957,.T.);
#2373=EDGE_CURVE('',#1813,#1838,#958,.T.);
#2374=EDGE_CURVE('',#1839,#1838,#1491,.T.);
#2375=EDGE_CURVE('',#1814,#1839,#959,.T.);
#2376=EDGE_CURVE('',#1825,#1839,#1492,.T.);
#2377=ORIENTED_EDGE('',*,*,#1840,.T.);
#2378=ORIENTED_EDGE('',*,*,#1841,.T.);
#2379=ORIENTED_EDGE('',*,*,#1842,.T.);
#2380=ORIENTED_EDGE('',*,*,#1841,.F.);
#2381=ORIENTED_EDGE('',*,*,#1842,.F.);
#2382=ORIENTED_EDGE('',*,*,#1843,.T.);
#2383=ORIENTED_EDGE('',*,*,#1844,.F.);
#2384=ORIENTED_EDGE('',*,*,#1843,.F.);
#2385=ORIENTED_EDGE('',*,*,#1840,.F.);
#2386=ORIENTED_EDGE('',*,*,#1845,.T.);
#2387=ORIENTED_EDGE('',*,*,#1846,.T.);
#2388=ORIENTED_EDGE('',*,*,#1847,.T.);
#2389=ORIENTED_EDGE('',*,*,#1846,.F.);
#2390=ORIENTED_EDGE('',*,*,#1847,.F.);
#2391=ORIENTED_EDGE('',*,*,#1848,.T.);
#2392=ORIENTED_EDGE('',*,*,#1849,.F.);
#2393=ORIENTED_EDGE('',*,*,#1848,.F.);
#2394=ORIENTED_EDGE('',*,*,#1845,.F.);
#2395=ORIENTED_EDGE('',*,*,#1850,.T.);
#2396=ORIENTED_EDGE('',*,*,#1851,.T.);
#2397=ORIENTED_EDGE('',*,*,#1852,.T.);
#2398=ORIENTED_EDGE('',*,*,#1851,.F.);
#2399=ORIENTED_EDGE('',*,*,#1852,.F.);
#2400=ORIENTED_EDGE('',*,*,#1853,.T.);
#2401=ORIENTED_EDGE('',*,*,#1854,.F.);
#2402=ORIENTED_EDGE('',*,*,#1853,.F.);
#2403=ORIENTED_EDGE('',*,*,#1850,.F.);
#2404=ORIENTED_EDGE('',*,*,#1855,.T.);
#2405=ORIENTED_EDGE('',*,*,#1856,.T.);
#2406=ORIENTED_EDGE('',*,*,#1857,.T.);
#2407=ORIENTED_EDGE('',*,*,#1856,.F.);
#2408=ORIENTED_EDGE('',*,*,#1857,.F.);
#2409=ORIENTED_EDGE('',*,*,#1858,.T.);
#2410=ORIENTED_EDGE('',*,*,#1859,.F.);
#2411=ORIENTED_EDGE('',*,*,#1858,.F.);
#2412=ORIENTED_EDGE('',*,*,#1855,.F.);
#2413=ORIENTED_EDGE('',*,*,#1860,.T.);
#2414=ORIENTED_EDGE('',*,*,#1861,.T.);
#2415=ORIENTED_EDGE('',*,*,#1862,.T.);
#2416=ORIENTED_EDGE('',*,*,#1861,.F.);
#2417=ORIENTED_EDGE('',*,*,#1862,.F.);
#2418=ORIENTED_EDGE('',*,*,#1863,.T.);
#2419=ORIENTED_EDGE('',*,*,#1864,.F.);
#2420=ORIENTED_EDGE('',*,*,#1863,.F.);
#2421=ORIENTED_EDGE('',*,*,#1860,.F.);
#2422=ORIENTED_EDGE('',*,*,#1865,.T.);
#2423=ORIENTED_EDGE('',*,*,#1866,.T.);
#2424=ORIENTED_EDGE('',*,*,#1867,.T.);
#2425=ORIENTED_EDGE('',*,*,#1866,.F.);
#2426=ORIENTED_EDGE('',*,*,#1867,.F.);
#2427=ORIENTED_EDGE('',*,*,#1868,.T.);
#2428=ORIENTED_EDGE('',*,*,#1869,.F.);
#2429=ORIENTED_EDGE('',*,*,#1868,.F.);
#2430=ORIENTED_EDGE('',*,*,#1865,.F.);
#2431=ORIENTED_EDGE('',*,*,#1870,.T.);
#2432=ORIENTED_EDGE('',*,*,#1871,.T.);
#2433=ORIENTED_EDGE('',*,*,#1872,.T.);
#2434=ORIENTED_EDGE('',*,*,#1871,.F.);
#2435=ORIENTED_EDGE('',*,*,#1872,.F.);
#2436=ORIENTED_EDGE('',*,*,#1873,.T.);
#2437=ORIENTED_EDGE('',*,*,#1874,.F.);
#2438=ORIENTED_EDGE('',*,*,#1873,.F.);
#2439=ORIENTED_EDGE('',*,*,#1870,.F.);
#2440=ORIENTED_EDGE('',*,*,#1875,.T.);
#2441=ORIENTED_EDGE('',*,*,#1876,.T.);
#2442=ORIENTED_EDGE('',*,*,#1877,.T.);
#2443=ORIENTED_EDGE('',*,*,#1876,.F.);
#2444=ORIENTED_EDGE('',*,*,#1877,.F.);
#2445=ORIENTED_EDGE('',*,*,#1878,.T.);
#2446=ORIENTED_EDGE('',*,*,#1879,.F.);
#2447=ORIENTED_EDGE('',*,*,#1878,.F.);
#2448=ORIENTED_EDGE('',*,*,#1875,.F.);
#2449=ORIENTED_EDGE('',*,*,#1880,.T.);
#2450=ORIENTED_EDGE('',*,*,#1881,.T.);
#2451=ORIENTED_EDGE('',*,*,#1882,.T.);
#2452=ORIENTED_EDGE('',*,*,#1881,.F.);
#2453=ORIENTED_EDGE('',*,*,#1882,.F.);
#2454=ORIENTED_EDGE('',*,*,#1883,.T.);
#2455=ORIENTED_EDGE('',*,*,#1884,.F.);
#2456=ORIENTED_EDGE('',*,*,#1883,.F.);
#2457=ORIENTED_EDGE('',*,*,#1880,.F.);
#2458=ORIENTED_EDGE('',*,*,#1885,.T.);
#2459=ORIENTED_EDGE('',*,*,#1886,.T.);
#2460=ORIENTED_EDGE('',*,*,#1887,.T.);
#2461=ORIENTED_EDGE('',*,*,#1886,.F.);
#2462=ORIENTED_EDGE('',*,*,#1887,.F.);
#2463=ORIENTED_EDGE('',*,*,#1888,.T.);
#2464=ORIENTED_EDGE('',*,*,#1889,.F.);
#2465=ORIENTED_EDGE('',*,*,#1888,.F.);
#2466=ORIENTED_EDGE('',*,*,#1885,.F.);
#2467=ORIENTED_EDGE('',*,*,#1890,.T.);
#2468=ORIENTED_EDGE('',*,*,#1891,.T.);
#2469=ORIENTED_EDGE('',*,*,#1892,.T.);
#2470=ORIENTED_EDGE('',*,*,#1891,.F.);
#2471=ORIENTED_EDGE('',*,*,#1892,.F.);
#2472=ORIENTED_EDGE('',*,*,#1893,.T.);
#2473=ORIENTED_EDGE('',*,*,#1894,.F.);
#2474=ORIENTED_EDGE('',*,*,#1893,.F.);
#2475=ORIENTED_EDGE('',*,*,#1890,.F.);
#2476=ORIENTED_EDGE('',*,*,#1895,.T.);
#2477=ORIENTED_EDGE('',*,*,#1896,.T.);
#2478=ORIENTED_EDGE('',*,*,#1897,.T.);
#2479=ORIENTED_EDGE('',*,*,#1896,.F.);
#2480=ORIENTED_EDGE('',*,*,#1897,.F.);
#2481=ORIENTED_EDGE('',*,*,#1898,.T.);
#2482=ORIENTED_EDGE('',*,*,#1899,.F.);
#2483=ORIENTED_EDGE('',*,*,#1898,.F.);
#2484=ORIENTED_EDGE('',*,*,#1895,.F.);
#2485=ORIENTED_EDGE('',*,*,#1900,.T.);
#2486=ORIENTED_EDGE('',*,*,#1901,.T.);
#2487=ORIENTED_EDGE('',*,*,#1902,.T.);
#2488=ORIENTED_EDGE('',*,*,#1901,.F.);
#2489=ORIENTED_EDGE('',*,*,#1902,.F.);
#2490=ORIENTED_EDGE('',*,*,#1903,.T.);
#2491=ORIENTED_EDGE('',*,*,#1904,.F.);
#2492=ORIENTED_EDGE('',*,*,#1903,.F.);
#2493=ORIENTED_EDGE('',*,*,#1900,.F.);
#2494=ORIENTED_EDGE('',*,*,#1905,.T.);
#2495=ORIENTED_EDGE('',*,*,#1906,.T.);
#2496=ORIENTED_EDGE('',*,*,#1907,.T.);
#2497=ORIENTED_EDGE('',*,*,#1908,.T.);
#2498=ORIENTED_EDGE('',*,*,#1909,.T.);
#2499=ORIENTED_EDGE('',*,*,#1910,.T.);
#2500=ORIENTED_EDGE('',*,*,#1907,.F.);
#2501=ORIENTED_EDGE('',*,*,#1911,.T.);
#2502=ORIENTED_EDGE('',*,*,#1912,.T.);
#2503=ORIENTED_EDGE('',*,*,#1913,.T.);
#2504=ORIENTED_EDGE('',*,*,#1905,.F.);
#2505=ORIENTED_EDGE('',*,*,#1914,.T.);
#2506=ORIENTED_EDGE('',*,*,#1914,.F.);
#2507=ORIENTED_EDGE('',*,*,#1915,.T.);
#2508=ORIENTED_EDGE('',*,*,#1916,.T.);
#2509=ORIENTED_EDGE('',*,*,#1917,.T.);
#2510=ORIENTED_EDGE('',*,*,#1908,.F.);
#2511=ORIENTED_EDGE('',*,*,#1918,.F.);
#2512=ORIENTED_EDGE('',*,*,#1919,.F.);
#2513=ORIENTED_EDGE('',*,*,#1915,.F.);
#2514=ORIENTED_EDGE('',*,*,#1920,.T.);
#2515=ORIENTED_EDGE('',*,*,#1921,.T.);
#2516=ORIENTED_EDGE('',*,*,#1922,.T.);
#2517=ORIENTED_EDGE('',*,*,#1923,.T.);
#2518=ORIENTED_EDGE('',*,*,#1921,.F.);
#2519=ORIENTED_EDGE('',*,*,#1924,.F.);
#2520=ORIENTED_EDGE('',*,*,#1925,.T.);
#2521=ORIENTED_EDGE('',*,*,#1926,.T.);
#2522=ORIENTED_EDGE('',*,*,#1927,.T.);
#2523=ORIENTED_EDGE('',*,*,#1928,.T.);
#2524=ORIENTED_EDGE('',*,*,#1929,.F.);
#2525=ORIENTED_EDGE('',*,*,#1930,.F.);
#2526=ORIENTED_EDGE('',*,*,#1931,.F.);
#2527=ORIENTED_EDGE('',*,*,#1932,.F.);
#2528=ORIENTED_EDGE('',*,*,#1933,.F.);
#2529=ORIENTED_EDGE('',*,*,#1934,.F.);
#2530=ORIENTED_EDGE('',*,*,#1935,.F.);
#2531=ORIENTED_EDGE('',*,*,#1931,.T.);
#2532=ORIENTED_EDGE('',*,*,#1936,.F.);
#2533=ORIENTED_EDGE('',*,*,#1927,.F.);
#2534=ORIENTED_EDGE('',*,*,#1932,.T.);
#2535=ORIENTED_EDGE('',*,*,#1935,.T.);
#2536=ORIENTED_EDGE('',*,*,#1930,.T.);
#2537=ORIENTED_EDGE('',*,*,#1937,.T.);
#2538=ORIENTED_EDGE('',*,*,#1938,.T.);
#2539=ORIENTED_EDGE('',*,*,#1939,.F.);
#2540=ORIENTED_EDGE('',*,*,#1940,.F.);
#2541=ORIENTED_EDGE('',*,*,#1941,.T.);
#2542=ORIENTED_EDGE('',*,*,#1929,.T.);
#2543=ORIENTED_EDGE('',*,*,#1942,.T.);
#2544=ORIENTED_EDGE('',*,*,#1943,.F.);
#2545=ORIENTED_EDGE('',*,*,#1944,.T.);
#2546=ORIENTED_EDGE('',*,*,#1945,.F.);
#2547=ORIENTED_EDGE('',*,*,#1946,.T.);
#2548=ORIENTED_EDGE('',*,*,#1937,.F.);
#2549=ORIENTED_EDGE('',*,*,#1874,.T.);
#2550=ORIENTED_EDGE('',*,*,#1933,.T.);
#2551=ORIENTED_EDGE('',*,*,#1941,.F.);
#2552=ORIENTED_EDGE('',*,*,#1947,.T.);
#2553=ORIENTED_EDGE('',*,*,#1948,.F.);
#2554=ORIENTED_EDGE('',*,*,#1949,.T.);
#2555=ORIENTED_EDGE('',*,*,#1950,.F.);
#2556=ORIENTED_EDGE('',*,*,#1951,.T.);
#2557=ORIENTED_EDGE('',*,*,#1952,.F.);
#2558=ORIENTED_EDGE('',*,*,#1953,.T.);
#2559=ORIENTED_EDGE('',*,*,#1954,.F.);
#2560=ORIENTED_EDGE('',*,*,#1955,.T.);
#2561=ORIENTED_EDGE('',*,*,#1956,.T.);
#2562=ORIENTED_EDGE('',*,*,#1957,.T.);
#2563=ORIENTED_EDGE('',*,*,#1958,.T.);
#2564=ORIENTED_EDGE('',*,*,#1959,.T.);
#2565=ORIENTED_EDGE('',*,*,#1960,.T.);
#2566=ORIENTED_EDGE('',*,*,#1961,.F.);
#2567=ORIENTED_EDGE('',*,*,#1962,.T.);
#2568=ORIENTED_EDGE('',*,*,#1963,.F.);
#2569=ORIENTED_EDGE('',*,*,#1964,.T.);
#2570=ORIENTED_EDGE('',*,*,#1965,.T.);
#2571=ORIENTED_EDGE('',*,*,#1966,.T.);
#2572=ORIENTED_EDGE('',*,*,#1967,.T.);
#2573=ORIENTED_EDGE('',*,*,#1968,.T.);
#2574=ORIENTED_EDGE('',*,*,#1969,.T.);
#2575=ORIENTED_EDGE('',*,*,#1970,.T.);
#2576=ORIENTED_EDGE('',*,*,#1971,.F.);
#2577=ORIENTED_EDGE('',*,*,#1972,.T.);
#2578=ORIENTED_EDGE('',*,*,#1973,.F.);
#2579=ORIENTED_EDGE('',*,*,#1974,.T.);
#2580=ORIENTED_EDGE('',*,*,#1975,.F.);
#2581=ORIENTED_EDGE('',*,*,#1976,.T.);
#2582=ORIENTED_EDGE('',*,*,#1977,.F.);
#2583=ORIENTED_EDGE('',*,*,#1978,.F.);
#2584=ORIENTED_EDGE('',*,*,#1979,.T.);
#2585=ORIENTED_EDGE('',*,*,#1980,.F.);
#2586=ORIENTED_EDGE('',*,*,#1981,.T.);
#2587=ORIENTED_EDGE('',*,*,#1982,.F.);
#2588=ORIENTED_EDGE('',*,*,#1983,.F.);
#2589=ORIENTED_EDGE('',*,*,#1984,.T.);
#2590=ORIENTED_EDGE('',*,*,#1985,.T.);
#2591=ORIENTED_EDGE('',*,*,#1986,.F.);
#2592=ORIENTED_EDGE('',*,*,#1987,.T.);
#2593=ORIENTED_EDGE('',*,*,#1988,.F.);
#2594=ORIENTED_EDGE('',*,*,#1989,.F.);
#2595=ORIENTED_EDGE('',*,*,#1990,.T.);
#2596=ORIENTED_EDGE('',*,*,#1991,.T.);
#2597=ORIENTED_EDGE('',*,*,#1992,.F.);
#2598=ORIENTED_EDGE('',*,*,#1993,.T.);
#2599=ORIENTED_EDGE('',*,*,#1994,.F.);
#2600=ORIENTED_EDGE('',*,*,#1995,.F.);
#2601=ORIENTED_EDGE('',*,*,#1996,.T.);
#2602=ORIENTED_EDGE('',*,*,#1997,.T.);
#2603=ORIENTED_EDGE('',*,*,#1998,.F.);
#2604=ORIENTED_EDGE('',*,*,#1999,.T.);
#2605=ORIENTED_EDGE('',*,*,#2000,.T.);
#2606=ORIENTED_EDGE('',*,*,#2001,.T.);
#2607=ORIENTED_EDGE('',*,*,#2002,.T.);
#2608=ORIENTED_EDGE('',*,*,#2003,.T.);
#2609=ORIENTED_EDGE('',*,*,#2004,.T.);
#2610=ORIENTED_EDGE('',*,*,#2005,.T.);
#2611=ORIENTED_EDGE('',*,*,#2006,.T.);
#2612=ORIENTED_EDGE('',*,*,#2007,.T.);
#2613=ORIENTED_EDGE('',*,*,#2008,.T.);
#2614=ORIENTED_EDGE('',*,*,#2009,.T.);
#2615=ORIENTED_EDGE('',*,*,#2010,.T.);
#2616=ORIENTED_EDGE('',*,*,#2011,.T.);
#2617=ORIENTED_EDGE('',*,*,#2012,.T.);
#2618=ORIENTED_EDGE('',*,*,#2013,.T.);
#2619=ORIENTED_EDGE('',*,*,#2014,.T.);
#2620=ORIENTED_EDGE('',*,*,#2015,.T.);
#2621=ORIENTED_EDGE('',*,*,#2016,.T.);
#2622=ORIENTED_EDGE('',*,*,#2017,.T.);
#2623=ORIENTED_EDGE('',*,*,#2018,.T.);
#2624=ORIENTED_EDGE('',*,*,#1854,.T.);
#2625=ORIENTED_EDGE('',*,*,#1859,.T.);
#2626=ORIENTED_EDGE('',*,*,#1864,.T.);
#2627=ORIENTED_EDGE('',*,*,#1844,.T.);
#2628=ORIENTED_EDGE('',*,*,#1869,.T.);
#2629=ORIENTED_EDGE('',*,*,#1849,.T.);
#2630=ORIENTED_EDGE('',*,*,#1884,.T.);
#2631=ORIENTED_EDGE('',*,*,#1879,.T.);
#2632=ORIENTED_EDGE('',*,*,#2019,.F.);
#2633=ORIENTED_EDGE('',*,*,#2020,.T.);
#2634=ORIENTED_EDGE('',*,*,#2021,.T.);
#2635=ORIENTED_EDGE('',*,*,#2022,.F.);
#2636=ORIENTED_EDGE('',*,*,#2023,.F.);
#2637=ORIENTED_EDGE('',*,*,#2024,.T.);
#2638=ORIENTED_EDGE('',*,*,#2025,.T.);
#2639=ORIENTED_EDGE('',*,*,#2026,.F.);
#2640=ORIENTED_EDGE('',*,*,#2027,.F.);
#2641=ORIENTED_EDGE('',*,*,#2028,.T.);
#2642=ORIENTED_EDGE('',*,*,#2029,.T.);
#2643=ORIENTED_EDGE('',*,*,#2024,.F.);
#2644=ORIENTED_EDGE('',*,*,#2030,.F.);
#2645=ORIENTED_EDGE('',*,*,#2031,.T.);
#2646=ORIENTED_EDGE('',*,*,#2032,.T.);
#2647=ORIENTED_EDGE('',*,*,#2028,.F.);
#2648=ORIENTED_EDGE('',*,*,#2033,.F.);
#2649=ORIENTED_EDGE('',*,*,#2034,.T.);
#2650=ORIENTED_EDGE('',*,*,#2035,.T.);
#2651=ORIENTED_EDGE('',*,*,#2031,.F.);
#2652=ORIENTED_EDGE('',*,*,#2036,.F.);
#2653=ORIENTED_EDGE('',*,*,#2022,.T.);
#2654=ORIENTED_EDGE('',*,*,#2037,.T.);
#2655=ORIENTED_EDGE('',*,*,#2034,.F.);
#2656=ORIENTED_EDGE('',*,*,#2038,.F.);
#2657=ORIENTED_EDGE('',*,*,#2039,.T.);
#2658=ORIENTED_EDGE('',*,*,#2040,.T.);
#2659=ORIENTED_EDGE('',*,*,#2020,.F.);
#2660=ORIENTED_EDGE('',*,*,#2041,.F.);
#2661=ORIENTED_EDGE('',*,*,#2026,.T.);
#2662=ORIENTED_EDGE('',*,*,#2042,.T.);
#2663=ORIENTED_EDGE('',*,*,#2039,.F.);
#2664=ORIENTED_EDGE('',*,*,#2042,.F.);
#2665=ORIENTED_EDGE('',*,*,#2025,.F.);
#2666=ORIENTED_EDGE('',*,*,#2029,.F.);
#2667=ORIENTED_EDGE('',*,*,#2032,.F.);
#2668=ORIENTED_EDGE('',*,*,#2035,.F.);
#2669=ORIENTED_EDGE('',*,*,#2037,.F.);
#2670=ORIENTED_EDGE('',*,*,#2021,.F.);
#2671=ORIENTED_EDGE('',*,*,#2040,.F.);
#2672=ORIENTED_EDGE('',*,*,#2043,.F.);
#2673=ORIENTED_EDGE('',*,*,#2044,.F.);
#2674=ORIENTED_EDGE('',*,*,#1925,.F.);
#2675=ORIENTED_EDGE('',*,*,#2045,.F.);
#2676=ORIENTED_EDGE('',*,*,#2044,.T.);
#2677=ORIENTED_EDGE('',*,*,#2046,.T.);
#2678=ORIENTED_EDGE('',*,*,#2047,.F.);
#2679=ORIENTED_EDGE('',*,*,#1922,.F.);
#2680=ORIENTED_EDGE('',*,*,#1926,.F.);
#2681=ORIENTED_EDGE('',*,*,#2043,.T.);
#2682=ORIENTED_EDGE('',*,*,#2048,.T.);
#2683=ORIENTED_EDGE('',*,*,#2049,.F.);
#2684=ORIENTED_EDGE('',*,*,#2046,.F.);
#2685=ORIENTED_EDGE('',*,*,#2036,.T.);
#2686=ORIENTED_EDGE('',*,*,#2033,.T.);
#2687=ORIENTED_EDGE('',*,*,#2030,.T.);
#2688=ORIENTED_EDGE('',*,*,#2027,.T.);
#2689=ORIENTED_EDGE('',*,*,#2023,.T.);
#2690=ORIENTED_EDGE('',*,*,#2050,.F.);
#2691=ORIENTED_EDGE('',*,*,#2051,.F.);
#2692=ORIENTED_EDGE('',*,*,#2052,.F.);
#2693=ORIENTED_EDGE('',*,*,#2053,.T.);
#2694=ORIENTED_EDGE('',*,*,#2054,.F.);
#2695=ORIENTED_EDGE('',*,*,#2055,.F.);
#2696=ORIENTED_EDGE('',*,*,#1916,.F.);
#2697=ORIENTED_EDGE('',*,*,#1919,.T.);
#2698=ORIENTED_EDGE('',*,*,#2056,.F.);
#2699=ORIENTED_EDGE('',*,*,#2057,.T.);
#2700=ORIENTED_EDGE('',*,*,#2058,.F.);
#2701=ORIENTED_EDGE('',*,*,#2045,.T.);
#2702=ORIENTED_EDGE('',*,*,#1924,.T.);
#2703=ORIENTED_EDGE('',*,*,#1920,.F.);
#2704=ORIENTED_EDGE('',*,*,#2059,.F.);
#2705=ORIENTED_EDGE('',*,*,#2048,.F.);
#2706=ORIENTED_EDGE('',*,*,#2060,.T.);
#2707=ORIENTED_EDGE('',*,*,#2061,.T.);
#2708=ORIENTED_EDGE('',*,*,#2062,.T.);
#2709=ORIENTED_EDGE('',*,*,#2063,.F.);
#2710=ORIENTED_EDGE('',*,*,#2064,.T.);
#2711=ORIENTED_EDGE('',*,*,#2065,.F.);
#2712=ORIENTED_EDGE('',*,*,#2066,.F.);
#2713=ORIENTED_EDGE('',*,*,#2067,.T.);
#2714=ORIENTED_EDGE('',*,*,#2068,.T.);
#2715=ORIENTED_EDGE('',*,*,#2069,.T.);
#2716=ORIENTED_EDGE('',*,*,#2070,.T.);
#2717=ORIENTED_EDGE('',*,*,#2071,.T.);
#2718=ORIENTED_EDGE('',*,*,#2072,.T.);
#2719=ORIENTED_EDGE('',*,*,#2073,.T.);
#2720=ORIENTED_EDGE('',*,*,#2074,.T.);
#2721=ORIENTED_EDGE('',*,*,#2075,.T.);
#2722=ORIENTED_EDGE('',*,*,#2076,.T.);
#2723=ORIENTED_EDGE('',*,*,#2077,.T.);
#2724=ORIENTED_EDGE('',*,*,#2078,.T.);
#2725=ORIENTED_EDGE('',*,*,#2079,.T.);
#2726=ORIENTED_EDGE('',*,*,#2080,.T.);
#2727=ORIENTED_EDGE('',*,*,#2081,.T.);
#2728=ORIENTED_EDGE('',*,*,#2082,.T.);
#2729=ORIENTED_EDGE('',*,*,#2083,.T.);
#2730=ORIENTED_EDGE('',*,*,#2084,.T.);
#2731=ORIENTED_EDGE('',*,*,#2085,.T.);
#2732=ORIENTED_EDGE('',*,*,#2086,.T.);
#2733=ORIENTED_EDGE('',*,*,#2087,.T.);
#2734=ORIENTED_EDGE('',*,*,#2088,.T.);
#2735=ORIENTED_EDGE('',*,*,#2089,.T.);
#2736=ORIENTED_EDGE('',*,*,#2090,.T.);
#2737=ORIENTED_EDGE('',*,*,#2091,.T.);
#2738=ORIENTED_EDGE('',*,*,#2092,.T.);
#2739=ORIENTED_EDGE('',*,*,#2093,.T.);
#2740=ORIENTED_EDGE('',*,*,#2094,.T.);
#2741=ORIENTED_EDGE('',*,*,#2095,.T.);
#2742=ORIENTED_EDGE('',*,*,#2096,.T.);
#2743=ORIENTED_EDGE('',*,*,#2097,.T.);
#2744=ORIENTED_EDGE('',*,*,#2098,.T.);
#2745=ORIENTED_EDGE('',*,*,#2099,.T.);
#2746=ORIENTED_EDGE('',*,*,#2100,.T.);
#2747=ORIENTED_EDGE('',*,*,#2101,.F.);
#2748=ORIENTED_EDGE('',*,*,#2102,.T.);
#2749=ORIENTED_EDGE('',*,*,#2103,.T.);
#2750=ORIENTED_EDGE('',*,*,#2104,.T.);
#2751=ORIENTED_EDGE('',*,*,#2105,.T.);
#2752=ORIENTED_EDGE('',*,*,#2106,.T.);
#2753=ORIENTED_EDGE('',*,*,#2107,.F.);
#2754=ORIENTED_EDGE('',*,*,#2108,.T.);
#2755=ORIENTED_EDGE('',*,*,#2109,.T.);
#2756=ORIENTED_EDGE('',*,*,#2110,.T.);
#2757=ORIENTED_EDGE('',*,*,#2111,.F.);
#2758=ORIENTED_EDGE('',*,*,#2112,.T.);
#2759=ORIENTED_EDGE('',*,*,#2113,.F.);
#2760=ORIENTED_EDGE('',*,*,#2114,.T.);
#2761=ORIENTED_EDGE('',*,*,#2115,.F.);
#2762=ORIENTED_EDGE('',*,*,#2116,.F.);
#2763=ORIENTED_EDGE('',*,*,#2117,.T.);
#2764=ORIENTED_EDGE('',*,*,#2118,.T.);
#2765=ORIENTED_EDGE('',*,*,#2119,.T.);
#2766=ORIENTED_EDGE('',*,*,#2120,.T.);
#2767=ORIENTED_EDGE('',*,*,#2121,.T.);
#2768=ORIENTED_EDGE('',*,*,#2122,.T.);
#2769=ORIENTED_EDGE('',*,*,#2123,.T.);
#2770=ORIENTED_EDGE('',*,*,#2124,.T.);
#2771=ORIENTED_EDGE('',*,*,#1939,.T.);
#2772=ORIENTED_EDGE('',*,*,#2125,.T.);
#2773=ORIENTED_EDGE('',*,*,#2126,.T.);
#2774=ORIENTED_EDGE('',*,*,#2127,.T.);
#2775=ORIENTED_EDGE('',*,*,#2128,.T.);
#2776=ORIENTED_EDGE('',*,*,#2129,.T.);
#2777=ORIENTED_EDGE('',*,*,#2130,.T.);
#2778=ORIENTED_EDGE('',*,*,#2131,.T.);
#2779=ORIENTED_EDGE('',*,*,#2132,.T.);
#2780=ORIENTED_EDGE('',*,*,#2133,.F.);
#2781=ORIENTED_EDGE('',*,*,#2134,.T.);
#2782=ORIENTED_EDGE('',*,*,#2135,.F.);
#2783=ORIENTED_EDGE('',*,*,#2133,.T.);
#2784=ORIENTED_EDGE('',*,*,#2136,.T.);
#2785=ORIENTED_EDGE('',*,*,#2014,.F.);
#2786=ORIENTED_EDGE('',*,*,#2137,.F.);
#2787=ORIENTED_EDGE('',*,*,#2134,.F.);
#2788=ORIENTED_EDGE('',*,*,#2137,.T.);
#2789=ORIENTED_EDGE('',*,*,#2013,.F.);
#2790=ORIENTED_EDGE('',*,*,#2138,.F.);
#2791=ORIENTED_EDGE('',*,*,#2135,.T.);
#2792=ORIENTED_EDGE('',*,*,#2138,.T.);
#2793=ORIENTED_EDGE('',*,*,#2012,.F.);
#2794=ORIENTED_EDGE('',*,*,#2139,.F.);
#2795=ORIENTED_EDGE('',*,*,#2060,.F.);
#2796=ORIENTED_EDGE('',*,*,#2139,.T.);
#2797=ORIENTED_EDGE('',*,*,#2011,.F.);
#2798=ORIENTED_EDGE('',*,*,#2140,.F.);
#2799=ORIENTED_EDGE('',*,*,#2111,.T.);
#2800=ORIENTED_EDGE('',*,*,#2141,.T.);
#2801=ORIENTED_EDGE('',*,*,#1960,.F.);
#2802=ORIENTED_EDGE('',*,*,#2142,.F.);
#2803=ORIENTED_EDGE('',*,*,#2112,.F.);
#2804=ORIENTED_EDGE('',*,*,#2142,.T.);
#2805=ORIENTED_EDGE('',*,*,#1959,.F.);
#2806=ORIENTED_EDGE('',*,*,#2143,.F.);
#2807=ORIENTED_EDGE('',*,*,#2113,.T.);
#2808=ORIENTED_EDGE('',*,*,#2143,.T.);
#2809=ORIENTED_EDGE('',*,*,#1958,.F.);
#2810=ORIENTED_EDGE('',*,*,#2144,.F.);
#2811=ORIENTED_EDGE('',*,*,#2114,.F.);
#2812=ORIENTED_EDGE('',*,*,#2144,.T.);
#2813=ORIENTED_EDGE('',*,*,#1957,.F.);
#2814=ORIENTED_EDGE('',*,*,#2145,.F.);
#2815=ORIENTED_EDGE('',*,*,#2115,.T.);
#2816=ORIENTED_EDGE('',*,*,#2145,.T.);
#2817=ORIENTED_EDGE('',*,*,#1956,.F.);
#2818=ORIENTED_EDGE('',*,*,#2146,.F.);
#2819=ORIENTED_EDGE('',*,*,#2116,.T.);
#2820=ORIENTED_EDGE('',*,*,#2146,.T.);
#2821=ORIENTED_EDGE('',*,*,#1955,.F.);
#2822=ORIENTED_EDGE('',*,*,#2147,.T.);
#2823=ORIENTED_EDGE('',*,*,#2132,.F.);
#2824=ORIENTED_EDGE('',*,*,#2148,.T.);
#2825=ORIENTED_EDGE('',*,*,#2015,.F.);
#2826=ORIENTED_EDGE('',*,*,#2136,.F.);
#2827=ORIENTED_EDGE('',*,*,#2141,.F.);
#2828=ORIENTED_EDGE('',*,*,#2110,.F.);
#2829=ORIENTED_EDGE('',*,*,#2149,.F.);
#2830=ORIENTED_EDGE('',*,*,#1961,.T.);
#2831=ORIENTED_EDGE('',*,*,#2147,.F.);
#2832=ORIENTED_EDGE('',*,*,#1954,.T.);
#2833=ORIENTED_EDGE('',*,*,#2150,.T.);
#2834=ORIENTED_EDGE('',*,*,#2117,.F.);
#2835=ORIENTED_EDGE('',*,*,#2063,.T.);
#2836=ORIENTED_EDGE('',*,*,#2151,.T.);
#2837=ORIENTED_EDGE('',*,*,#2008,.F.);
#2838=ORIENTED_EDGE('',*,*,#2152,.F.);
#2839=ORIENTED_EDGE('',*,*,#2064,.F.);
#2840=ORIENTED_EDGE('',*,*,#2152,.T.);
#2841=ORIENTED_EDGE('',*,*,#2007,.F.);
#2842=ORIENTED_EDGE('',*,*,#2153,.F.);
#2843=ORIENTED_EDGE('',*,*,#2065,.T.);
#2844=ORIENTED_EDGE('',*,*,#2153,.T.);
#2845=ORIENTED_EDGE('',*,*,#2006,.F.);
#2846=ORIENTED_EDGE('',*,*,#2154,.F.);
#2847=ORIENTED_EDGE('',*,*,#2101,.T.);
#2848=ORIENTED_EDGE('',*,*,#2155,.F.);
#2849=ORIENTED_EDGE('',*,*,#1970,.F.);
#2850=ORIENTED_EDGE('',*,*,#2156,.F.);
#2851=ORIENTED_EDGE('',*,*,#2102,.F.);
#2852=ORIENTED_EDGE('',*,*,#2156,.T.);
#2853=ORIENTED_EDGE('',*,*,#1969,.F.);
#2854=ORIENTED_EDGE('',*,*,#2157,.F.);
#2855=ORIENTED_EDGE('',*,*,#2103,.F.);
#2856=ORIENTED_EDGE('',*,*,#2157,.T.);
#2857=ORIENTED_EDGE('',*,*,#1968,.F.);
#2858=ORIENTED_EDGE('',*,*,#2158,.F.);
#2859=ORIENTED_EDGE('',*,*,#2104,.F.);
#2860=ORIENTED_EDGE('',*,*,#2158,.T.);
#2861=ORIENTED_EDGE('',*,*,#1967,.F.);
#2862=ORIENTED_EDGE('',*,*,#2159,.F.);
#2863=ORIENTED_EDGE('',*,*,#2105,.F.);
#2864=ORIENTED_EDGE('',*,*,#2159,.T.);
#2865=ORIENTED_EDGE('',*,*,#1966,.F.);
#2866=ORIENTED_EDGE('',*,*,#2160,.F.);
#2867=ORIENTED_EDGE('',*,*,#2106,.F.);
#2868=ORIENTED_EDGE('',*,*,#2160,.T.);
#2869=ORIENTED_EDGE('',*,*,#1965,.F.);
#2870=ORIENTED_EDGE('',*,*,#2161,.F.);
#2871=ORIENTED_EDGE('',*,*,#2107,.T.);
#2872=ORIENTED_EDGE('',*,*,#2161,.T.);
#2873=ORIENTED_EDGE('',*,*,#1964,.F.);
#2874=ORIENTED_EDGE('',*,*,#2162,.T.);
#2875=ORIENTED_EDGE('',*,*,#2155,.T.);
#2876=ORIENTED_EDGE('',*,*,#2100,.F.);
#2877=ORIENTED_EDGE('',*,*,#2163,.F.);
#2878=ORIENTED_EDGE('',*,*,#1971,.T.);
#2879=ORIENTED_EDGE('',*,*,#1913,.F.);
#2880=ORIENTED_EDGE('',*,*,#2164,.T.);
#2881=ORIENTED_EDGE('',*,*,#2004,.F.);
#2882=ORIENTED_EDGE('',*,*,#2165,.T.);
#2883=ORIENTED_EDGE('',*,*,#2166,.F.);
#2884=ORIENTED_EDGE('',*,*,#2167,.F.);
#2885=ORIENTED_EDGE('',*,*,#2016,.F.);
#2886=ORIENTED_EDGE('',*,*,#2148,.F.);
#2887=ORIENTED_EDGE('',*,*,#2131,.F.);
#2888=ORIENTED_EDGE('',*,*,#2168,.T.);
#2889=ORIENTED_EDGE('',*,*,#2169,.F.);
#2890=ORIENTED_EDGE('',*,*,#2170,.F.);
#2891=ORIENTED_EDGE('',*,*,#2061,.F.);
#2892=ORIENTED_EDGE('',*,*,#2140,.T.);
#2893=ORIENTED_EDGE('',*,*,#2010,.F.);
#2894=ORIENTED_EDGE('',*,*,#2171,.T.);
#2895=ORIENTED_EDGE('',*,*,#1911,.F.);
#2896=ORIENTED_EDGE('',*,*,#1906,.F.);
#2897=ORIENTED_EDGE('',*,*,#2047,.T.);
#2898=ORIENTED_EDGE('',*,*,#2049,.T.);
#2899=ORIENTED_EDGE('',*,*,#2059,.T.);
#2900=ORIENTED_EDGE('',*,*,#1923,.F.);
#2901=ORIENTED_EDGE('',*,*,#1910,.F.);
#2902=ORIENTED_EDGE('',*,*,#2172,.T.);
#2903=ORIENTED_EDGE('',*,*,#2056,.T.);
#2904=ORIENTED_EDGE('',*,*,#1918,.T.);
#2905=ORIENTED_EDGE('',*,*,#2005,.F.);
#2906=ORIENTED_EDGE('',*,*,#2164,.F.);
#2907=ORIENTED_EDGE('',*,*,#1912,.F.);
#2908=ORIENTED_EDGE('',*,*,#1917,.F.);
#2909=ORIENTED_EDGE('',*,*,#2055,.T.);
#2910=ORIENTED_EDGE('',*,*,#2173,.F.);
#2911=ORIENTED_EDGE('',*,*,#2174,.F.);
#2912=ORIENTED_EDGE('',*,*,#2175,.F.);
#2913=ORIENTED_EDGE('',*,*,#2066,.T.);
#2914=ORIENTED_EDGE('',*,*,#2154,.T.);
#2915=ORIENTED_EDGE('',*,*,#2176,.T.);
#2916=ORIENTED_EDGE('',*,*,#2177,.T.);
#2917=ORIENTED_EDGE('',*,*,#2178,.T.);
#2918=ORIENTED_EDGE('',*,*,#2179,.T.);
#2919=ORIENTED_EDGE('',*,*,#2177,.F.);
#2920=ORIENTED_EDGE('',*,*,#2180,.T.);
#2921=ORIENTED_EDGE('',*,*,#2181,.F.);
#2922=ORIENTED_EDGE('',*,*,#2182,.T.);
#2923=ORIENTED_EDGE('',*,*,#2183,.F.);
#2924=ORIENTED_EDGE('',*,*,#2184,.T.);
#2925=ORIENTED_EDGE('',*,*,#2185,.T.);
#2926=ORIENTED_EDGE('',*,*,#2181,.T.);
#2927=ORIENTED_EDGE('',*,*,#2184,.F.);
#2928=ORIENTED_EDGE('',*,*,#2186,.T.);
#2929=ORIENTED_EDGE('',*,*,#2187,.F.);
#2930=ORIENTED_EDGE('',*,*,#2188,.T.);
#2931=ORIENTED_EDGE('',*,*,#2189,.F.);
#2932=ORIENTED_EDGE('',*,*,#2190,.T.);
#2933=ORIENTED_EDGE('',*,*,#2191,.F.);
#2934=ORIENTED_EDGE('',*,*,#2192,.F.);
#2935=ORIENTED_EDGE('',*,*,#2193,.F.);
#2936=ORIENTED_EDGE('',*,*,#2194,.T.);
#2937=ORIENTED_EDGE('',*,*,#2195,.T.);
#2938=ORIENTED_EDGE('',*,*,#2196,.T.);
#2939=ORIENTED_EDGE('',*,*,#2197,.T.);
#2940=ORIENTED_EDGE('',*,*,#2198,.T.);
#2941=ORIENTED_EDGE('',*,*,#2199,.T.);
#2942=ORIENTED_EDGE('',*,*,#2196,.F.);
#2943=ORIENTED_EDGE('',*,*,#2200,.T.);
#2944=ORIENTED_EDGE('',*,*,#2201,.T.);
#2945=ORIENTED_EDGE('',*,*,#2202,.T.);
#2946=ORIENTED_EDGE('',*,*,#2198,.F.);
#2947=ORIENTED_EDGE('',*,*,#2203,.T.);
#2948=ORIENTED_EDGE('',*,*,#2204,.T.);
#2949=ORIENTED_EDGE('',*,*,#2205,.T.);
#2950=ORIENTED_EDGE('',*,*,#2201,.F.);
#2951=ORIENTED_EDGE('',*,*,#2206,.T.);
#2952=ORIENTED_EDGE('',*,*,#2207,.T.);
#2953=ORIENTED_EDGE('',*,*,#2208,.T.);
#2954=ORIENTED_EDGE('',*,*,#2204,.F.);
#2955=ORIENTED_EDGE('',*,*,#2052,.T.);
#2956=ORIENTED_EDGE('',*,*,#2209,.T.);
#2957=ORIENTED_EDGE('',*,*,#2210,.T.);
#2958=ORIENTED_EDGE('',*,*,#2207,.F.);
#2959=ORIENTED_EDGE('',*,*,#2211,.T.);
#2960=ORIENTED_EDGE('',*,*,#2212,.T.);
#2961=ORIENTED_EDGE('',*,*,#2213,.T.);
#2962=ORIENTED_EDGE('',*,*,#2209,.F.);
#2963=ORIENTED_EDGE('',*,*,#2214,.T.);
#2964=ORIENTED_EDGE('',*,*,#2194,.F.);
#2965=ORIENTED_EDGE('',*,*,#2215,.T.);
#2966=ORIENTED_EDGE('',*,*,#2212,.F.);
#2967=ORIENTED_EDGE('',*,*,#2216,.T.);
#2968=ORIENTED_EDGE('',*,*,#2206,.F.);
#2969=ORIENTED_EDGE('',*,*,#2217,.T.);
#2970=ORIENTED_EDGE('',*,*,#2218,.F.);
#2971=ORIENTED_EDGE('',*,*,#2053,.F.);
#2972=ORIENTED_EDGE('',*,*,#2203,.F.);
#2973=ORIENTED_EDGE('',*,*,#2219,.T.);
#2974=ORIENTED_EDGE('',*,*,#2220,.F.);
#2975=ORIENTED_EDGE('',*,*,#2217,.F.);
#2976=ORIENTED_EDGE('',*,*,#2200,.F.);
#2977=ORIENTED_EDGE('',*,*,#2221,.T.);
#2978=ORIENTED_EDGE('',*,*,#2222,.F.);
#2979=ORIENTED_EDGE('',*,*,#2219,.F.);
#2980=ORIENTED_EDGE('',*,*,#2195,.F.);
#2981=ORIENTED_EDGE('',*,*,#2223,.T.);
#2982=ORIENTED_EDGE('',*,*,#2224,.F.);
#2983=ORIENTED_EDGE('',*,*,#2221,.F.);
#2984=ORIENTED_EDGE('',*,*,#2197,.F.);
#2985=ORIENTED_EDGE('',*,*,#2199,.F.);
#2986=ORIENTED_EDGE('',*,*,#2202,.F.);
#2987=ORIENTED_EDGE('',*,*,#2205,.F.);
#2988=ORIENTED_EDGE('',*,*,#2208,.F.);
#2989=ORIENTED_EDGE('',*,*,#2210,.F.);
#2990=ORIENTED_EDGE('',*,*,#2213,.F.);
#2991=ORIENTED_EDGE('',*,*,#2215,.F.);
#2992=ORIENTED_EDGE('',*,*,#2225,.T.);
#2993=ORIENTED_EDGE('',*,*,#2226,.T.);
#2994=ORIENTED_EDGE('',*,*,#2227,.T.);
#2995=ORIENTED_EDGE('',*,*,#2166,.T.);
#2996=ORIENTED_EDGE('',*,*,#2228,.T.);
#2997=ORIENTED_EDGE('',*,*,#2229,.T.);
#2998=ORIENTED_EDGE('',*,*,#2230,.T.);
#2999=ORIENTED_EDGE('',*,*,#2231,.T.);
#3000=ORIENTED_EDGE('',*,*,#2173,.T.);
#3001=ORIENTED_EDGE('',*,*,#2054,.T.);
#3002=ORIENTED_EDGE('',*,*,#2232,.T.);
#3003=ORIENTED_EDGE('',*,*,#2233,.T.);
#3004=ORIENTED_EDGE('',*,*,#2234,.T.);
#3005=ORIENTED_EDGE('',*,*,#2235,.T.);
#3006=ORIENTED_EDGE('',*,*,#2232,.F.);
#3007=ORIENTED_EDGE('',*,*,#2218,.T.);
#3008=ORIENTED_EDGE('',*,*,#2236,.T.);
#3009=ORIENTED_EDGE('',*,*,#2237,.T.);
#3010=ORIENTED_EDGE('',*,*,#2234,.F.);
#3011=ORIENTED_EDGE('',*,*,#2220,.T.);
#3012=ORIENTED_EDGE('',*,*,#2238,.T.);
#3013=ORIENTED_EDGE('',*,*,#2239,.T.);
#3014=ORIENTED_EDGE('',*,*,#2236,.F.);
#3015=ORIENTED_EDGE('',*,*,#2222,.T.);
#3016=ORIENTED_EDGE('',*,*,#2240,.T.);
#3017=ORIENTED_EDGE('',*,*,#2241,.T.);
#3018=ORIENTED_EDGE('',*,*,#2238,.F.);
#3019=ORIENTED_EDGE('',*,*,#2224,.T.);
#3020=ORIENTED_EDGE('',*,*,#2242,.T.);
#3021=ORIENTED_EDGE('',*,*,#2243,.T.);
#3022=ORIENTED_EDGE('',*,*,#2240,.F.);
#3023=ORIENTED_EDGE('',*,*,#2244,.T.);
#3024=ORIENTED_EDGE('',*,*,#2192,.T.);
#3025=ORIENTED_EDGE('',*,*,#2245,.T.);
#3026=ORIENTED_EDGE('',*,*,#2242,.F.);
#3027=ORIENTED_EDGE('',*,*,#2246,.T.);
#3028=ORIENTED_EDGE('',*,*,#2216,.F.);
#3029=ORIENTED_EDGE('',*,*,#2247,.T.);
#3030=ORIENTED_EDGE('',*,*,#2244,.F.);
#3031=ORIENTED_EDGE('',*,*,#2223,.F.);
#3032=ORIENTED_EDGE('',*,*,#2248,.T.);
#3033=ORIENTED_EDGE('',*,*,#2249,.T.);
#3034=ORIENTED_EDGE('',*,*,#2250,.T.);
#3035=ORIENTED_EDGE('',*,*,#2251,.T.);
#3036=ORIENTED_EDGE('',*,*,#2252,.T.);
#3037=ORIENTED_EDGE('',*,*,#2253,.T.);
#3038=ORIENTED_EDGE('',*,*,#2250,.F.);
#3039=ORIENTED_EDGE('',*,*,#2254,.T.);
#3040=ORIENTED_EDGE('',*,*,#2019,.T.);
#3041=ORIENTED_EDGE('',*,*,#2058,.T.);
#3042=ORIENTED_EDGE('',*,*,#2255,.T.);
#3043=ORIENTED_EDGE('',*,*,#2256,.T.);
#3044=ORIENTED_EDGE('',*,*,#2252,.F.);
#3045=ORIENTED_EDGE('',*,*,#2050,.T.);
#3046=ORIENTED_EDGE('',*,*,#2041,.T.);
#3047=ORIENTED_EDGE('',*,*,#2038,.T.);
#3048=ORIENTED_EDGE('',*,*,#2211,.F.);
#3049=ORIENTED_EDGE('',*,*,#2051,.T.);
#3050=ORIENTED_EDGE('',*,*,#2254,.F.);
#3051=ORIENTED_EDGE('',*,*,#2257,.F.);
#3052=ORIENTED_EDGE('',*,*,#2214,.F.);
#3053=ORIENTED_EDGE('',*,*,#2257,.T.);
#3054=ORIENTED_EDGE('',*,*,#2249,.F.);
#3055=ORIENTED_EDGE('',*,*,#2258,.F.);
#3056=ORIENTED_EDGE('',*,*,#2178,.F.);
#3057=ORIENTED_EDGE('',*,*,#2182,.F.);
#3058=ORIENTED_EDGE('',*,*,#2185,.F.);
#3059=ORIENTED_EDGE('',*,*,#2193,.T.);
#3060=ORIENTED_EDGE('',*,*,#2246,.F.);
#3061=ORIENTED_EDGE('',*,*,#2247,.F.);
#3062=ORIENTED_EDGE('',*,*,#2179,.F.);
#3063=ORIENTED_EDGE('',*,*,#2258,.T.);
#3064=ORIENTED_EDGE('',*,*,#2248,.F.);
#3065=ORIENTED_EDGE('',*,*,#2259,.F.);
#3066=ORIENTED_EDGE('',*,*,#2260,.F.);
#3067=ORIENTED_EDGE('',*,*,#2128,.F.);
#3068=ORIENTED_EDGE('',*,*,#2261,.F.);
#3069=ORIENTED_EDGE('',*,*,#1943,.T.);
#3070=ORIENTED_EDGE('',*,*,#2262,.T.);
#3071=ORIENTED_EDGE('',*,*,#2001,.F.);
#3072=ORIENTED_EDGE('',*,*,#2263,.T.);
#3073=ORIENTED_EDGE('',*,*,#2230,.F.);
#3074=ORIENTED_EDGE('',*,*,#2264,.F.);
#3075=ORIENTED_EDGE('',*,*,#2002,.F.);
#3076=ORIENTED_EDGE('',*,*,#2264,.T.);
#3077=ORIENTED_EDGE('',*,*,#2229,.F.);
#3078=ORIENTED_EDGE('',*,*,#2265,.F.);
#3079=ORIENTED_EDGE('',*,*,#2003,.F.);
#3080=ORIENTED_EDGE('',*,*,#2265,.T.);
#3081=ORIENTED_EDGE('',*,*,#2228,.F.);
#3082=ORIENTED_EDGE('',*,*,#2165,.F.);
#3083=ORIENTED_EDGE('',*,*,#2017,.F.);
#3084=ORIENTED_EDGE('',*,*,#2167,.T.);
#3085=ORIENTED_EDGE('',*,*,#2227,.F.);
#3086=ORIENTED_EDGE('',*,*,#2266,.F.);
#3087=ORIENTED_EDGE('',*,*,#2018,.F.);
#3088=ORIENTED_EDGE('',*,*,#2266,.T.);
#3089=ORIENTED_EDGE('',*,*,#2226,.F.);
#3090=ORIENTED_EDGE('',*,*,#2267,.F.);
#3091=ORIENTED_EDGE('',*,*,#2268,.F.);
#3092=ORIENTED_EDGE('',*,*,#2186,.F.);
#3093=ORIENTED_EDGE('',*,*,#2183,.T.);
#3094=ORIENTED_EDGE('',*,*,#2180,.F.);
#3095=ORIENTED_EDGE('',*,*,#2176,.F.);
#3096=ORIENTED_EDGE('',*,*,#2262,.F.);
#3097=ORIENTED_EDGE('',*,*,#1942,.F.);
#3098=ORIENTED_EDGE('',*,*,#1928,.F.);
#3099=ORIENTED_EDGE('',*,*,#1936,.T.);
#3100=ORIENTED_EDGE('',*,*,#1934,.T.);
#3101=ORIENTED_EDGE('',*,*,#2269,.F.);
#3102=ORIENTED_EDGE('',*,*,#2267,.T.);
#3103=ORIENTED_EDGE('',*,*,#2225,.F.);
#3104=ORIENTED_EDGE('',*,*,#2270,.F.);
#3105=ORIENTED_EDGE('',*,*,#2129,.F.);
#3106=ORIENTED_EDGE('',*,*,#2260,.T.);
#3107=ORIENTED_EDGE('',*,*,#2271,.F.);
#3108=ORIENTED_EDGE('',*,*,#2272,.F.);
#3109=ORIENTED_EDGE('',*,*,#2130,.F.);
#3110=ORIENTED_EDGE('',*,*,#2272,.T.);
#3111=ORIENTED_EDGE('',*,*,#2273,.F.);
#3112=ORIENTED_EDGE('',*,*,#2168,.F.);
#3113=ORIENTED_EDGE('',*,*,#2256,.F.);
#3114=ORIENTED_EDGE('',*,*,#2274,.T.);
#3115=ORIENTED_EDGE('',*,*,#2169,.T.);
#3116=ORIENTED_EDGE('',*,*,#2273,.T.);
#3117=ORIENTED_EDGE('',*,*,#2271,.T.);
#3118=ORIENTED_EDGE('',*,*,#2259,.T.);
#3119=ORIENTED_EDGE('',*,*,#2251,.F.);
#3120=ORIENTED_EDGE('',*,*,#2253,.F.);
#3121=ORIENTED_EDGE('',*,*,#1946,.F.);
#3122=ORIENTED_EDGE('',*,*,#2275,.T.);
#3123=ORIENTED_EDGE('',*,*,#2125,.F.);
#3124=ORIENTED_EDGE('',*,*,#1938,.F.);
#3125=ORIENTED_EDGE('',*,*,#1947,.F.);
#3126=ORIENTED_EDGE('',*,*,#1940,.T.);
#3127=ORIENTED_EDGE('',*,*,#2124,.F.);
#3128=ORIENTED_EDGE('',*,*,#2276,.F.);
#3129=ORIENTED_EDGE('',*,*,#1948,.T.);
#3130=ORIENTED_EDGE('',*,*,#2276,.T.);
#3131=ORIENTED_EDGE('',*,*,#2123,.F.);
#3132=ORIENTED_EDGE('',*,*,#2277,.F.);
#3133=ORIENTED_EDGE('',*,*,#1949,.F.);
#3134=ORIENTED_EDGE('',*,*,#2277,.T.);
#3135=ORIENTED_EDGE('',*,*,#2122,.F.);
#3136=ORIENTED_EDGE('',*,*,#2278,.F.);
#3137=ORIENTED_EDGE('',*,*,#1950,.T.);
#3138=ORIENTED_EDGE('',*,*,#2278,.T.);
#3139=ORIENTED_EDGE('',*,*,#2121,.F.);
#3140=ORIENTED_EDGE('',*,*,#2279,.F.);
#3141=ORIENTED_EDGE('',*,*,#1951,.F.);
#3142=ORIENTED_EDGE('',*,*,#2279,.T.);
#3143=ORIENTED_EDGE('',*,*,#2120,.F.);
#3144=ORIENTED_EDGE('',*,*,#2280,.F.);
#3145=ORIENTED_EDGE('',*,*,#1952,.T.);
#3146=ORIENTED_EDGE('',*,*,#2280,.T.);
#3147=ORIENTED_EDGE('',*,*,#2119,.F.);
#3148=ORIENTED_EDGE('',*,*,#2281,.F.);
#3149=ORIENTED_EDGE('',*,*,#1953,.F.);
#3150=ORIENTED_EDGE('',*,*,#2281,.T.);
#3151=ORIENTED_EDGE('',*,*,#2118,.F.);
#3152=ORIENTED_EDGE('',*,*,#2150,.F.);
#3153=ORIENTED_EDGE('',*,*,#1962,.F.);
#3154=ORIENTED_EDGE('',*,*,#2149,.T.);
#3155=ORIENTED_EDGE('',*,*,#2109,.F.);
#3156=ORIENTED_EDGE('',*,*,#2282,.F.);
#3157=ORIENTED_EDGE('',*,*,#2162,.F.);
#3158=ORIENTED_EDGE('',*,*,#1963,.T.);
#3159=ORIENTED_EDGE('',*,*,#2282,.T.);
#3160=ORIENTED_EDGE('',*,*,#2108,.F.);
#3161=ORIENTED_EDGE('',*,*,#2009,.F.);
#3162=ORIENTED_EDGE('',*,*,#2151,.F.);
#3163=ORIENTED_EDGE('',*,*,#2062,.F.);
#3164=ORIENTED_EDGE('',*,*,#2170,.T.);
#3165=ORIENTED_EDGE('',*,*,#2274,.F.);
#3166=ORIENTED_EDGE('',*,*,#2255,.F.);
#3167=ORIENTED_EDGE('',*,*,#2057,.F.);
#3168=ORIENTED_EDGE('',*,*,#2172,.F.);
#3169=ORIENTED_EDGE('',*,*,#1909,.F.);
#3170=ORIENTED_EDGE('',*,*,#2171,.F.);
#3171=ORIENTED_EDGE('',*,*,#1944,.F.);
#3172=ORIENTED_EDGE('',*,*,#2261,.T.);
#3173=ORIENTED_EDGE('',*,*,#2127,.F.);
#3174=ORIENTED_EDGE('',*,*,#2283,.F.);
#3175=ORIENTED_EDGE('',*,*,#1945,.T.);
#3176=ORIENTED_EDGE('',*,*,#2283,.T.);
#3177=ORIENTED_EDGE('',*,*,#2126,.F.);
#3178=ORIENTED_EDGE('',*,*,#2275,.F.);
#3179=ORIENTED_EDGE('',*,*,#2268,.T.);
#3180=ORIENTED_EDGE('',*,*,#2269,.T.);
#3181=ORIENTED_EDGE('',*,*,#2284,.T.);
#3182=ORIENTED_EDGE('',*,*,#2285,.T.);
#3183=ORIENTED_EDGE('',*,*,#2286,.F.);
#3184=ORIENTED_EDGE('',*,*,#2287,.F.);
#3185=ORIENTED_EDGE('',*,*,#2288,.T.);
#3186=ORIENTED_EDGE('',*,*,#2289,.F.);
#3187=ORIENTED_EDGE('',*,*,#2290,.T.);
#3188=ORIENTED_EDGE('',*,*,#2291,.F.);
#3189=ORIENTED_EDGE('',*,*,#2292,.T.);
#3190=ORIENTED_EDGE('',*,*,#2293,.F.);
#3191=ORIENTED_EDGE('',*,*,#2294,.T.);
#3192=ORIENTED_EDGE('',*,*,#2295,.F.);
#3193=ORIENTED_EDGE('',*,*,#2296,.T.);
#3194=ORIENTED_EDGE('',*,*,#2297,.F.);
#3195=ORIENTED_EDGE('',*,*,#2298,.T.);
#3196=ORIENTED_EDGE('',*,*,#2299,.F.);
#3197=ORIENTED_EDGE('',*,*,#2300,.T.);
#3198=ORIENTED_EDGE('',*,*,#2187,.T.);
#3199=ORIENTED_EDGE('',*,*,#1904,.T.);
#3200=ORIENTED_EDGE('',*,*,#1894,.T.);
#3201=ORIENTED_EDGE('',*,*,#1899,.T.);
#3202=ORIENTED_EDGE('',*,*,#1889,.T.);
#3203=ORIENTED_EDGE('',*,*,#2070,.F.);
#3204=ORIENTED_EDGE('',*,*,#2301,.T.);
#3205=ORIENTED_EDGE('',*,*,#2302,.F.);
#3206=ORIENTED_EDGE('',*,*,#2303,.F.);
#3207=ORIENTED_EDGE('',*,*,#2069,.F.);
#3208=ORIENTED_EDGE('',*,*,#2304,.T.);
#3209=ORIENTED_EDGE('',*,*,#2305,.F.);
#3210=ORIENTED_EDGE('',*,*,#2301,.F.);
#3211=ORIENTED_EDGE('',*,*,#2068,.F.);
#3212=ORIENTED_EDGE('',*,*,#2306,.T.);
#3213=ORIENTED_EDGE('',*,*,#2307,.F.);
#3214=ORIENTED_EDGE('',*,*,#2304,.F.);
#3215=ORIENTED_EDGE('',*,*,#2067,.F.);
#3216=ORIENTED_EDGE('',*,*,#2175,.T.);
#3217=ORIENTED_EDGE('',*,*,#2308,.F.);
#3218=ORIENTED_EDGE('',*,*,#2306,.F.);
#3219=ORIENTED_EDGE('',*,*,#2309,.F.);
#3220=ORIENTED_EDGE('',*,*,#2284,.F.);
#3221=ORIENTED_EDGE('',*,*,#2270,.T.);
#3222=ORIENTED_EDGE('',*,*,#2231,.F.);
#3223=ORIENTED_EDGE('',*,*,#2263,.F.);
#3224=ORIENTED_EDGE('',*,*,#2000,.F.);
#3225=ORIENTED_EDGE('',*,*,#2310,.T.);
#3226=ORIENTED_EDGE('',*,*,#2071,.F.);
#3227=ORIENTED_EDGE('',*,*,#2303,.T.);
#3228=ORIENTED_EDGE('',*,*,#2311,.F.);
#3229=ORIENTED_EDGE('',*,*,#2312,.F.);
#3230=ORIENTED_EDGE('',*,*,#2313,.F.);
#3231=ORIENTED_EDGE('',*,*,#2314,.F.);
#3232=ORIENTED_EDGE('',*,*,#2312,.T.);
#3233=ORIENTED_EDGE('',*,*,#2315,.F.);
#3234=ORIENTED_EDGE('',*,*,#2316,.F.);
#3235=ORIENTED_EDGE('',*,*,#2317,.F.);
#3236=ORIENTED_EDGE('',*,*,#2316,.T.);
#3237=ORIENTED_EDGE('',*,*,#2318,.F.);
#3238=ORIENTED_EDGE('',*,*,#2190,.F.);
#3239=ORIENTED_EDGE('',*,*,#2245,.F.);
#3240=ORIENTED_EDGE('',*,*,#2191,.T.);
#3241=ORIENTED_EDGE('',*,*,#2318,.T.);
#3242=ORIENTED_EDGE('',*,*,#2315,.T.);
#3243=ORIENTED_EDGE('',*,*,#2311,.T.);
#3244=ORIENTED_EDGE('',*,*,#2302,.T.);
#3245=ORIENTED_EDGE('',*,*,#2305,.T.);
#3246=ORIENTED_EDGE('',*,*,#2307,.T.);
#3247=ORIENTED_EDGE('',*,*,#2308,.T.);
#3248=ORIENTED_EDGE('',*,*,#2174,.T.);
#3249=ORIENTED_EDGE('',*,*,#2233,.F.);
#3250=ORIENTED_EDGE('',*,*,#2235,.F.);
#3251=ORIENTED_EDGE('',*,*,#2237,.F.);
#3252=ORIENTED_EDGE('',*,*,#2239,.F.);
#3253=ORIENTED_EDGE('',*,*,#2241,.F.);
#3254=ORIENTED_EDGE('',*,*,#2243,.F.);
#3255=ORIENTED_EDGE('',*,*,#1996,.F.);
#3256=ORIENTED_EDGE('',*,*,#2319,.T.);
#3257=ORIENTED_EDGE('',*,*,#2075,.F.);
#3258=ORIENTED_EDGE('',*,*,#2320,.F.);
#3259=ORIENTED_EDGE('',*,*,#1997,.F.);
#3260=ORIENTED_EDGE('',*,*,#2320,.T.);
#3261=ORIENTED_EDGE('',*,*,#2074,.F.);
#3262=ORIENTED_EDGE('',*,*,#2321,.F.);
#3263=ORIENTED_EDGE('',*,*,#1998,.T.);
#3264=ORIENTED_EDGE('',*,*,#2321,.T.);
#3265=ORIENTED_EDGE('',*,*,#2073,.F.);
#3266=ORIENTED_EDGE('',*,*,#2322,.F.);
#3267=ORIENTED_EDGE('',*,*,#1999,.F.);
#3268=ORIENTED_EDGE('',*,*,#2322,.T.);
#3269=ORIENTED_EDGE('',*,*,#2072,.F.);
#3270=ORIENTED_EDGE('',*,*,#2310,.F.);
#3271=ORIENTED_EDGE('',*,*,#1972,.F.);
#3272=ORIENTED_EDGE('',*,*,#2163,.T.);
#3273=ORIENTED_EDGE('',*,*,#2099,.F.);
#3274=ORIENTED_EDGE('',*,*,#2323,.F.);
#3275=ORIENTED_EDGE('',*,*,#1973,.T.);
#3276=ORIENTED_EDGE('',*,*,#2323,.T.);
#3277=ORIENTED_EDGE('',*,*,#2098,.F.);
#3278=ORIENTED_EDGE('',*,*,#2324,.F.);
#3279=ORIENTED_EDGE('',*,*,#1974,.F.);
#3280=ORIENTED_EDGE('',*,*,#2324,.T.);
#3281=ORIENTED_EDGE('',*,*,#2097,.F.);
#3282=ORIENTED_EDGE('',*,*,#2325,.F.);
#3283=ORIENTED_EDGE('',*,*,#1975,.T.);
#3284=ORIENTED_EDGE('',*,*,#2325,.T.);
#3285=ORIENTED_EDGE('',*,*,#2096,.F.);
#3286=ORIENTED_EDGE('',*,*,#2326,.F.);
#3287=ORIENTED_EDGE('',*,*,#1976,.F.);
#3288=ORIENTED_EDGE('',*,*,#2326,.T.);
#3289=ORIENTED_EDGE('',*,*,#2095,.F.);
#3290=ORIENTED_EDGE('',*,*,#2327,.F.);
#3291=ORIENTED_EDGE('',*,*,#1977,.T.);
#3292=ORIENTED_EDGE('',*,*,#2327,.T.);
#3293=ORIENTED_EDGE('',*,*,#2094,.F.);
#3294=ORIENTED_EDGE('',*,*,#2328,.F.);
#3295=ORIENTED_EDGE('',*,*,#1978,.T.);
#3296=ORIENTED_EDGE('',*,*,#2328,.T.);
#3297=ORIENTED_EDGE('',*,*,#2093,.F.);
#3298=ORIENTED_EDGE('',*,*,#2329,.F.);
#3299=ORIENTED_EDGE('',*,*,#1979,.F.);
#3300=ORIENTED_EDGE('',*,*,#2329,.T.);
#3301=ORIENTED_EDGE('',*,*,#2092,.F.);
#3302=ORIENTED_EDGE('',*,*,#2330,.F.);
#3303=ORIENTED_EDGE('',*,*,#1980,.T.);
#3304=ORIENTED_EDGE('',*,*,#2330,.T.);
#3305=ORIENTED_EDGE('',*,*,#2091,.F.);
#3306=ORIENTED_EDGE('',*,*,#2331,.F.);
#3307=ORIENTED_EDGE('',*,*,#1981,.F.);
#3308=ORIENTED_EDGE('',*,*,#2331,.T.);
#3309=ORIENTED_EDGE('',*,*,#2090,.F.);
#3310=ORIENTED_EDGE('',*,*,#2332,.F.);
#3311=ORIENTED_EDGE('',*,*,#1982,.T.);
#3312=ORIENTED_EDGE('',*,*,#2332,.T.);
#3313=ORIENTED_EDGE('',*,*,#2089,.F.);
#3314=ORIENTED_EDGE('',*,*,#2333,.F.);
#3315=ORIENTED_EDGE('',*,*,#1983,.T.);
#3316=ORIENTED_EDGE('',*,*,#2333,.T.);
#3317=ORIENTED_EDGE('',*,*,#2088,.F.);
#3318=ORIENTED_EDGE('',*,*,#2334,.F.);
#3319=ORIENTED_EDGE('',*,*,#1984,.F.);
#3320=ORIENTED_EDGE('',*,*,#2334,.T.);
#3321=ORIENTED_EDGE('',*,*,#2087,.F.);
#3322=ORIENTED_EDGE('',*,*,#2335,.F.);
#3323=ORIENTED_EDGE('',*,*,#1985,.F.);
#3324=ORIENTED_EDGE('',*,*,#2335,.T.);
#3325=ORIENTED_EDGE('',*,*,#2086,.F.);
#3326=ORIENTED_EDGE('',*,*,#2336,.F.);
#3327=ORIENTED_EDGE('',*,*,#1986,.T.);
#3328=ORIENTED_EDGE('',*,*,#2336,.T.);
#3329=ORIENTED_EDGE('',*,*,#2085,.F.);
#3330=ORIENTED_EDGE('',*,*,#2337,.F.);
#3331=ORIENTED_EDGE('',*,*,#1987,.F.);
#3332=ORIENTED_EDGE('',*,*,#2337,.T.);
#3333=ORIENTED_EDGE('',*,*,#2084,.F.);
#3334=ORIENTED_EDGE('',*,*,#2338,.F.);
#3335=ORIENTED_EDGE('',*,*,#1988,.T.);
#3336=ORIENTED_EDGE('',*,*,#2338,.T.);
#3337=ORIENTED_EDGE('',*,*,#2083,.F.);
#3338=ORIENTED_EDGE('',*,*,#2339,.F.);
#3339=ORIENTED_EDGE('',*,*,#1989,.T.);
#3340=ORIENTED_EDGE('',*,*,#2339,.T.);
#3341=ORIENTED_EDGE('',*,*,#2082,.F.);
#3342=ORIENTED_EDGE('',*,*,#2340,.F.);
#3343=ORIENTED_EDGE('',*,*,#1990,.F.);
#3344=ORIENTED_EDGE('',*,*,#2340,.T.);
#3345=ORIENTED_EDGE('',*,*,#2081,.F.);
#3346=ORIENTED_EDGE('',*,*,#2341,.F.);
#3347=ORIENTED_EDGE('',*,*,#1991,.F.);
#3348=ORIENTED_EDGE('',*,*,#2341,.T.);
#3349=ORIENTED_EDGE('',*,*,#2080,.F.);
#3350=ORIENTED_EDGE('',*,*,#2342,.F.);
#3351=ORIENTED_EDGE('',*,*,#1992,.T.);
#3352=ORIENTED_EDGE('',*,*,#2342,.T.);
#3353=ORIENTED_EDGE('',*,*,#2079,.F.);
#3354=ORIENTED_EDGE('',*,*,#2343,.F.);
#3355=ORIENTED_EDGE('',*,*,#1993,.F.);
#3356=ORIENTED_EDGE('',*,*,#2343,.T.);
#3357=ORIENTED_EDGE('',*,*,#2078,.F.);
#3358=ORIENTED_EDGE('',*,*,#2344,.F.);
#3359=ORIENTED_EDGE('',*,*,#1994,.T.);
#3360=ORIENTED_EDGE('',*,*,#2344,.T.);
#3361=ORIENTED_EDGE('',*,*,#2077,.F.);
#3362=ORIENTED_EDGE('',*,*,#2345,.F.);
#3363=ORIENTED_EDGE('',*,*,#1995,.T.);
#3364=ORIENTED_EDGE('',*,*,#2345,.T.);
#3365=ORIENTED_EDGE('',*,*,#2076,.F.);
#3366=ORIENTED_EDGE('',*,*,#2319,.F.);
#3367=ORIENTED_EDGE('',*,*,#2300,.F.);
#3368=ORIENTED_EDGE('',*,*,#2346,.T.);
#3369=ORIENTED_EDGE('',*,*,#2347,.F.);
#3370=ORIENTED_EDGE('',*,*,#2188,.F.);
#3371=ORIENTED_EDGE('',*,*,#2285,.F.);
#3372=ORIENTED_EDGE('',*,*,#2309,.T.);
#3373=ORIENTED_EDGE('',*,*,#2348,.F.);
#3374=ORIENTED_EDGE('',*,*,#2349,.F.);
#3375=ORIENTED_EDGE('',*,*,#2286,.T.);
#3376=ORIENTED_EDGE('',*,*,#2349,.T.);
#3377=ORIENTED_EDGE('',*,*,#2350,.F.);
#3378=ORIENTED_EDGE('',*,*,#2351,.F.);
#3379=ORIENTED_EDGE('',*,*,#2287,.T.);
#3380=ORIENTED_EDGE('',*,*,#2351,.T.);
#3381=ORIENTED_EDGE('',*,*,#2352,.F.);
#3382=ORIENTED_EDGE('',*,*,#2353,.F.);
#3383=ORIENTED_EDGE('',*,*,#2288,.F.);
#3384=ORIENTED_EDGE('',*,*,#2353,.T.);
#3385=ORIENTED_EDGE('',*,*,#2354,.F.);
#3386=ORIENTED_EDGE('',*,*,#2355,.F.);
#3387=ORIENTED_EDGE('',*,*,#2289,.T.);
#3388=ORIENTED_EDGE('',*,*,#2355,.T.);
#3389=ORIENTED_EDGE('',*,*,#2356,.F.);
#3390=ORIENTED_EDGE('',*,*,#2357,.F.);
#3391=ORIENTED_EDGE('',*,*,#2290,.F.);
#3392=ORIENTED_EDGE('',*,*,#2357,.T.);
#3393=ORIENTED_EDGE('',*,*,#2358,.F.);
#3394=ORIENTED_EDGE('',*,*,#2359,.F.);
#3395=ORIENTED_EDGE('',*,*,#2291,.T.);
#3396=ORIENTED_EDGE('',*,*,#2359,.T.);
#3397=ORIENTED_EDGE('',*,*,#2360,.F.);
#3398=ORIENTED_EDGE('',*,*,#2361,.F.);
#3399=ORIENTED_EDGE('',*,*,#2292,.F.);
#3400=ORIENTED_EDGE('',*,*,#2361,.T.);
#3401=ORIENTED_EDGE('',*,*,#2362,.F.);
#3402=ORIENTED_EDGE('',*,*,#2363,.F.);
#3403=ORIENTED_EDGE('',*,*,#2293,.T.);
#3404=ORIENTED_EDGE('',*,*,#2363,.T.);
#3405=ORIENTED_EDGE('',*,*,#2364,.F.);
#3406=ORIENTED_EDGE('',*,*,#2365,.F.);
#3407=ORIENTED_EDGE('',*,*,#2294,.F.);
#3408=ORIENTED_EDGE('',*,*,#2365,.T.);
#3409=ORIENTED_EDGE('',*,*,#2366,.F.);
#3410=ORIENTED_EDGE('',*,*,#2367,.F.);
#3411=ORIENTED_EDGE('',*,*,#2295,.T.);
#3412=ORIENTED_EDGE('',*,*,#2367,.T.);
#3413=ORIENTED_EDGE('',*,*,#2368,.F.);
#3414=ORIENTED_EDGE('',*,*,#2369,.F.);
#3415=ORIENTED_EDGE('',*,*,#2296,.F.);
#3416=ORIENTED_EDGE('',*,*,#2369,.T.);
#3417=ORIENTED_EDGE('',*,*,#2370,.F.);
#3418=ORIENTED_EDGE('',*,*,#2371,.F.);
#3419=ORIENTED_EDGE('',*,*,#2297,.T.);
#3420=ORIENTED_EDGE('',*,*,#2371,.T.);
#3421=ORIENTED_EDGE('',*,*,#2372,.F.);
#3422=ORIENTED_EDGE('',*,*,#2373,.F.);
#3423=ORIENTED_EDGE('',*,*,#2298,.F.);
#3424=ORIENTED_EDGE('',*,*,#2373,.T.);
#3425=ORIENTED_EDGE('',*,*,#2374,.F.);
#3426=ORIENTED_EDGE('',*,*,#2375,.F.);
#3427=ORIENTED_EDGE('',*,*,#2299,.T.);
#3428=ORIENTED_EDGE('',*,*,#2375,.T.);
#3429=ORIENTED_EDGE('',*,*,#2376,.F.);
#3430=ORIENTED_EDGE('',*,*,#2346,.F.);
#3431=ORIENTED_EDGE('',*,*,#2376,.T.);
#3432=ORIENTED_EDGE('',*,*,#2374,.T.);
#3433=ORIENTED_EDGE('',*,*,#2372,.T.);
#3434=ORIENTED_EDGE('',*,*,#2370,.T.);
#3435=ORIENTED_EDGE('',*,*,#2368,.T.);
#3436=ORIENTED_EDGE('',*,*,#2366,.T.);
#3437=ORIENTED_EDGE('',*,*,#2364,.T.);
#3438=ORIENTED_EDGE('',*,*,#2362,.T.);
#3439=ORIENTED_EDGE('',*,*,#2360,.T.);
#3440=ORIENTED_EDGE('',*,*,#2358,.T.);
#3441=ORIENTED_EDGE('',*,*,#2356,.T.);
#3442=ORIENTED_EDGE('',*,*,#2354,.T.);
#3443=ORIENTED_EDGE('',*,*,#2352,.T.);
#3444=ORIENTED_EDGE('',*,*,#2350,.T.);
#3445=ORIENTED_EDGE('',*,*,#2348,.T.);
#3446=ORIENTED_EDGE('',*,*,#2313,.T.);
#3447=ORIENTED_EDGE('',*,*,#2314,.T.);
#3448=ORIENTED_EDGE('',*,*,#2317,.T.);
#3449=ORIENTED_EDGE('',*,*,#2189,.T.);
#3450=ORIENTED_EDGE('',*,*,#2347,.T.);
#3451=CONICAL_SURFACE('',#3680,0.9,0.785398163397449);
#3452=CONICAL_SURFACE('',#3686,0.9,0.785398163397449);
#3453=CONICAL_SURFACE('',#3692,0.899999999999999,0.785398163397449);
#3454=CONICAL_SURFACE('',#3698,0.899999999999998,0.785398163397449);
#3455=CONICAL_SURFACE('',#3704,0.899999999999999,0.785398163397449);
#3456=CONICAL_SURFACE('',#3710,0.900000000000007,0.785398163397448);
#3457=CONICAL_SURFACE('',#3716,0.899999999999999,0.785398163397449);
#3458=CONICAL_SURFACE('',#3722,0.899999999999999,0.785398163397449);
#3459=CONICAL_SURFACE('',#3728,0.900000000000016,0.785398163397449);
#3460=CONICAL_SURFACE('',#3734,0.900000000000016,0.785398163397449);
#3461=CONICAL_SURFACE('',#3740,0.899999999999999,0.785398163397449);
#3462=CONICAL_SURFACE('',#3746,0.900000000000016,0.785398163397449);
#3463=CONICAL_SURFACE('',#3752,0.900000000000016,0.785398163397449);
#3464=CONICAL_SURFACE('',#3759,1.59099255856475,0.349065850402616);
#3465=CONICAL_SURFACE('',#3762,1.59099255855914,0.349065850398698);
#3466=ADVANCED_FACE('',(#220),#3451,.T.);
#3467=ADVANCED_FACE('',(#221),#126,.T.);
#3468=ADVANCED_FACE('',(#222),#43,.F.);
#3469=ADVANCED_FACE('',(#223),#3452,.T.);
#3470=ADVANCED_FACE('',(#224),#127,.T.);
#3471=ADVANCED_FACE('',(#225),#44,.F.);
#3472=ADVANCED_FACE('',(#226),#3453,.T.);
#3473=ADVANCED_FACE('',(#227),#128,.T.);
#3474=ADVANCED_FACE('',(#228),#45,.F.);
#3475=ADVANCED_FACE('',(#229),#3454,.T.);
#3476=ADVANCED_FACE('',(#230),#129,.T.);
#3477=ADVANCED_FACE('',(#231),#46,.F.);
#3478=ADVANCED_FACE('',(#232),#3455,.T.);
#3479=ADVANCED_FACE('',(#233),#130,.T.);
#3480=ADVANCED_FACE('',(#234),#47,.F.);
#3481=ADVANCED_FACE('',(#235),#3456,.T.);
#3482=ADVANCED_FACE('',(#236),#131,.T.);
#3483=ADVANCED_FACE('',(#237),#48,.F.);
#3484=ADVANCED_FACE('',(#238),#3457,.T.);
#3485=ADVANCED_FACE('',(#239),#132,.T.);
#3486=ADVANCED_FACE('',(#240),#49,.F.);
#3487=ADVANCED_FACE('',(#241),#3458,.T.);
#3488=ADVANCED_FACE('',(#242),#133,.T.);
#3489=ADVANCED_FACE('',(#243),#50,.F.);
#3490=ADVANCED_FACE('',(#244),#3459,.T.);
#3491=ADVANCED_FACE('',(#245),#134,.T.);
#3492=ADVANCED_FACE('',(#246),#51,.F.);
#3493=ADVANCED_FACE('',(#247),#3460,.T.);
#3494=ADVANCED_FACE('',(#248),#135,.T.);
#3495=ADVANCED_FACE('',(#249),#52,.F.);
#3496=ADVANCED_FACE('',(#250),#3461,.T.);
#3497=ADVANCED_FACE('',(#251),#136,.T.);
#3498=ADVANCED_FACE('',(#252),#53,.F.);
#3499=ADVANCED_FACE('',(#253),#3462,.T.);
#3500=ADVANCED_FACE('',(#254),#137,.T.);
#3501=ADVANCED_FACE('',(#255),#54,.F.);
#3502=ADVANCED_FACE('',(#256),#3463,.T.);
#3503=ADVANCED_FACE('',(#257),#138,.T.);
#3504=ADVANCED_FACE('',(#258),#55,.F.);
#3505=ADVANCED_FACE('',(#259),#56,.T.);
#3506=ADVANCED_FACE('',(#260),#3464,.F.);
#3507=ADVANCED_FACE('',(#261),#3465,.F.);
#3508=ADVANCED_FACE('',(#262),#139,.F.);
#3509=ADVANCED_FACE('',(#263),#57,.F.);
#3510=ADVANCED_FACE('',(#264),#58,.T.);
#3511=ADVANCED_FACE('',(#265),#59,.F.);
#3512=ADVANCED_FACE('',(#266),#60,.F.);
#3513=ADVANCED_FACE('',(#267),#61,.F.);
#3514=ADVANCED_FACE('',(#268),#62,.F.);
#3515=ADVANCED_FACE('',(#269),#63,.T.);
#3516=ADVANCED_FACE('',(#270,#25),#64,.F.);
#3517=ADVANCED_FACE('',(#271,#26,#27,#28,#29,#30,#31,#32,#33),#65,.F.);
#3518=ADVANCED_FACE('',(#272),#140,.F.);
#3519=ADVANCED_FACE('',(#273),#66,.F.);
#3520=ADVANCED_FACE('',(#274),#141,.F.);
#3521=ADVANCED_FACE('',(#275),#67,.F.);
#3522=ADVANCED_FACE('',(#276),#142,.F.);
#3523=ADVANCED_FACE('',(#277),#68,.F.);
#3524=ADVANCED_FACE('',(#278),#69,.F.);
#3525=ADVANCED_FACE('',(#279),#143,.F.);
#3526=ADVANCED_FACE('',(#280,#34),#70,.T.);
#3527=ADVANCED_FACE('',(#281),#71,.F.);
#3528=ADVANCED_FACE('',(#282),#72,.F.);
#3529=ADVANCED_FACE('',(#283),#73,.T.);
#3530=ADVANCED_FACE('',(#284),#74,.F.);
#3531=ADVANCED_FACE('',(#285),#75,.T.);
#3532=ADVANCED_FACE('',(#286),#144,.F.);
#3533=ADVANCED_FACE('',(#287),#76,.T.);
#3534=ADVANCED_FACE('',(#288),#145,.F.);
#3535=ADVANCED_FACE('',(#289),#77,.T.);
#3536=ADVANCED_FACE('',(#290),#146,.F.);
#3537=ADVANCED_FACE('',(#291),#147,.T.);
#3538=ADVANCED_FACE('',(#292),#78,.T.);
#3539=ADVANCED_FACE('',(#293),#148,.T.);
#3540=ADVANCED_FACE('',(#294),#79,.T.);
#3541=ADVANCED_FACE('',(#295),#149,.F.);
#3542=ADVANCED_FACE('',(#296),#80,.T.);
#3543=ADVANCED_FACE('',(#297),#150,.T.);
#3544=ADVANCED_FACE('',(#298),#81,.T.);
#3545=ADVANCED_FACE('',(#299),#151,.F.);
#3546=ADVANCED_FACE('',(#300),#82,.T.);
#3547=ADVANCED_FACE('',(#301),#152,.F.);
#3548=ADVANCED_FACE('',(#302),#153,.F.);
#3549=ADVANCED_FACE('',(#303),#83,.T.);
#3550=ADVANCED_FACE('',(#304),#154,.T.);
#3551=ADVANCED_FACE('',(#305),#84,.T.);
#3552=ADVANCED_FACE('',(#306),#155,.T.);
#3553=ADVANCED_FACE('',(#307),#85,.T.);
#3554=ADVANCED_FACE('',(#308),#156,.F.);
#3555=ADVANCED_FACE('',(#309),#86,.T.);
#3556=ADVANCED_FACE('',(#310,#35),#87,.T.);
#3557=ADVANCED_FACE('',(#311),#157,.F.);
#3558=ADVANCED_FACE('',(#312),#88,.T.);
#3559=ADVANCED_FACE('',(#313),#158,.F.);
#3560=ADVANCED_FACE('',(#314),#89,.T.);
#3561=ADVANCED_FACE('',(#315),#159,.F.);
#3562=ADVANCED_FACE('',(#316),#90,.T.);
#3563=ADVANCED_FACE('',(#317),#160,.T.);
#3564=ADVANCED_FACE('',(#318),#15,.T.);
#3565=ADVANCED_FACE('',(#319),#161,.T.);
#3566=ADVANCED_FACE('',(#320),#16,.T.);
#3567=ADVANCED_FACE('',(#321),#162,.T.);
#3568=ADVANCED_FACE('',(#322),#17,.T.);
#3569=ADVANCED_FACE('',(#323),#163,.T.);
#3570=ADVANCED_FACE('',(#324),#18,.T.);
#3571=ADVANCED_FACE('',(#325),#164,.T.);
#3572=ADVANCED_FACE('',(#326),#91,.T.);
#3573=ADVANCED_FACE('',(#327),#165,.T.);
#3574=ADVANCED_FACE('',(#328),#92,.T.);
#3575=ADVANCED_FACE('',(#329,#36),#93,.F.);
#3576=ADVANCED_FACE('',(#330),#166,.T.);
#3577=ADVANCED_FACE('',(#331),#19,.T.);
#3578=ADVANCED_FACE('',(#332),#167,.T.);
#3579=ADVANCED_FACE('',(#333),#20,.T.);
#3580=ADVANCED_FACE('',(#334),#168,.T.);
#3581=ADVANCED_FACE('',(#335),#21,.T.);
#3582=ADVANCED_FACE('',(#336),#169,.T.);
#3583=ADVANCED_FACE('',(#337),#170,.T.);
#3584=ADVANCED_FACE('',(#338),#171,.T.);
#3585=ADVANCED_FACE('',(#339),#22,.T.);
#3586=ADVANCED_FACE('',(#340),#172,.T.);
#3587=ADVANCED_FACE('',(#341),#173,.T.);
#3588=ADVANCED_FACE('',(#342),#94,.T.);
#3589=ADVANCED_FACE('',(#343),#95,.T.);
#3590=ADVANCED_FACE('',(#344),#174,.F.);
#3591=ADVANCED_FACE('',(#345),#96,.T.);
#3592=ADVANCED_FACE('',(#346),#175,.F.);
#3593=ADVANCED_FACE('',(#347),#176,.F.);
#3594=ADVANCED_FACE('',(#348),#97,.T.);
#3595=ADVANCED_FACE('',(#349),#177,.F.);
#3596=ADVANCED_FACE('',(#350),#98,.T.);
#3597=ADVANCED_FACE('',(#351),#178,.F.);
#3598=ADVANCED_FACE('',(#352),#99,.T.);
#3599=ADVANCED_FACE('',(#353),#179,.F.);
#3600=ADVANCED_FACE('',(#354),#180,.F.);
#3601=ADVANCED_FACE('',(#355),#181,.T.);
#3602=ADVANCED_FACE('',(#356),#182,.F.);
#3603=ADVANCED_FACE('',(#357),#100,.T.);
#3604=ADVANCED_FACE('',(#358),#183,.F.);
#3605=ADVANCED_FACE('',(#359),#184,.T.);
#3606=ADVANCED_FACE('',(#360),#185,.F.);
#3607=ADVANCED_FACE('',(#361),#186,.F.);
#3608=ADVANCED_FACE('',(#362),#101,.T.);
#3609=ADVANCED_FACE('',(#363),#102,.T.);
#3610=ADVANCED_FACE('',(#364),#187,.F.);
#3611=ADVANCED_FACE('',(#365),#188,.T.);
#3612=ADVANCED_FACE('',(#366,#37,#38,#39,#40),#103,.F.);
#3613=ADVANCED_FACE('',(#367),#189,.F.);
#3614=ADVANCED_FACE('',(#368),#104,.T.);
#3615=ADVANCED_FACE('',(#369),#190,.F.);
#3616=ADVANCED_FACE('',(#370),#105,.T.);
#3617=ADVANCED_FACE('',(#371),#106,.T.);
#3618=ADVANCED_FACE('',(#372),#191,.F.);
#3619=ADVANCED_FACE('',(#373),#107,.T.);
#3620=ADVANCED_FACE('',(#374),#108,.T.);
#3621=ADVANCED_FACE('',(#375),#109,.T.);
#3622=ADVANCED_FACE('',(#376),#192,.F.);
#3623=ADVANCED_FACE('',(#377),#110,.T.);
#3624=ADVANCED_FACE('',(#378),#193,.F.);
#3625=ADVANCED_FACE('',(#379),#194,.F.);
#3626=ADVANCED_FACE('',(#380),#195,.T.);
#3627=ADVANCED_FACE('',(#381),#196,.F.);
#3628=ADVANCED_FACE('',(#382),#111,.T.);
#3629=ADVANCED_FACE('',(#383),#197,.F.);
#3630=ADVANCED_FACE('',(#384),#198,.T.);
#3631=ADVANCED_FACE('',(#385),#112,.T.);
#3632=ADVANCED_FACE('',(#386),#199,.F.);
#3633=ADVANCED_FACE('',(#387),#113,.T.);
#3634=ADVANCED_FACE('',(#388),#200,.F.);
#3635=ADVANCED_FACE('',(#389),#114,.T.);
#3636=ADVANCED_FACE('',(#390),#201,.T.);
#3637=ADVANCED_FACE('',(#391),#115,.T.);
#3638=ADVANCED_FACE('',(#392),#202,.F.);
#3639=ADVANCED_FACE('',(#393),#116,.T.);
#3640=ADVANCED_FACE('',(#394),#203,.F.);
#3641=ADVANCED_FACE('',(#395),#117,.T.);
#3642=ADVANCED_FACE('',(#396),#204,.T.);
#3643=ADVANCED_FACE('',(#397),#118,.T.);
#3644=ADVANCED_FACE('',(#398),#205,.F.);
#3645=ADVANCED_FACE('',(#399),#119,.T.);
#3646=ADVANCED_FACE('',(#400),#206,.F.);
#3647=ADVANCED_FACE('',(#401),#120,.T.);
#3648=ADVANCED_FACE('',(#402),#207,.T.);
#3649=ADVANCED_FACE('',(#403),#208,.F.);
#3650=ADVANCED_FACE('',(#404),#209,.F.);
#3651=ADVANCED_FACE('',(#405),#121,.T.);
#3652=ADVANCED_FACE('',(#406),#210,.T.);
#3653=ADVANCED_FACE('',(#407),#211,.F.);
#3654=ADVANCED_FACE('',(#408),#122,.T.);
#3655=ADVANCED_FACE('',(#409),#212,.F.);
#3656=ADVANCED_FACE('',(#410),#213,.T.);
#3657=ADVANCED_FACE('',(#411),#214,.F.);
#3658=ADVANCED_FACE('',(#412),#123,.T.);
#3659=ADVANCED_FACE('',(#413),#215,.F.);
#3660=ADVANCED_FACE('',(#414),#216,.T.);
#3661=ADVANCED_FACE('',(#415),#217,.F.);
#3662=ADVANCED_FACE('',(#416),#124,.T.);
#3663=ADVANCED_FACE('',(#417),#218,.F.);
#3664=ADVANCED_FACE('',(#418),#219,.T.);
#3665=ADVANCED_FACE('',(#419),#125,.T.);
#3666=CLOSED_SHELL('',(#3466,#3467,#3468,#3469,#3470,#3471,#3472,#3473,
#3474,#3475,#3476,#3477,#3478,#3479,#3480,#3481,#3482,#3483,#3484,#3485,
#3486,#3487,#3488,#3489,#3490,#3491,#3492,#3493,#3494,#3495,#3496,#3497,
#3498,#3499,#3500,#3501,#3502,#3503,#3504,#3505,#3506,#3507,#3508,#3509,
#3510,#3511,#3512,#3513,#3514,#3515,#3516,#3517,#3518,#3519,#3520,#3521,
#3522,#3523,#3524,#3525,#3526,#3527,#3528,#3529,#3530,#3531,#3532,#3533,
#3534,#3535,#3536,#3537,#3538,#3539,#3540,#3541,#3542,#3543,#3544,#3545,
#3546,#3547,#3548,#3549,#3550,#3551,#3552,#3553,#3554,#3555,#3556,#3557,
#3558,#3559,#3560,#3561,#3562,#3563,#3564,#3565,#3566,#3567,#3568,#3569,
#3570,#3571,#3572,#3573,#3574,#3575,#3576,#3577,#3578,#3579,#3580,#3581,
#3582,#3583,#3584,#3585,#3586,#3587,#3588,#3589,#3590,#3591,#3592,#3593,
#3594,#3595,#3596,#3597,#3598,#3599,#3600,#3601,#3602,#3603,#3604,#3605,
#3606,#3607,#3608,#3609,#3610,#3611,#3612,#3613,#3614,#3615,#3616,#3617,
#3618,#3619,#3620,#3621,#3622,#3623,#3624,#3625,#3626,#3627,#3628,#3629,
#3630,#3631,#3632,#3633,#3634,#3635,#3636,#3637,#3638,#3639,#3640,#3641,
#3642,#3643,#3644,#3645,#3646,#3647,#3648,#3649,#3650,#3651,#3652,#3653,
#3654,#3655,#3656,#3657,#3658,#3659,#3660,#3661,#3662,#3663,#3664,#3665));
#3667=DERIVED_UNIT_ELEMENT(#3669,1.);
#3668=DERIVED_UNIT_ELEMENT(#6345,-3.);
#3669=(
MASS_UNIT()
NAMED_UNIT(*)
SI_UNIT(.KILO.,.GRAM.)
);
#3670=DERIVED_UNIT((#3667,#3668));
#3671=MEASURE_REPRESENTATION_ITEM('density measure',
POSITIVE_RATIO_MEASURE(7850.),#3670);
#3672=PROPERTY_DEFINITION_REPRESENTATION(#3677,#3674);
#3673=PROPERTY_DEFINITION_REPRESENTATION(#3678,#3675);
#3674=REPRESENTATION('material name',(#3676),#6342);
#3675=REPRESENTATION('density',(#3671),#6342);
#3676=DESCRIPTIVE_REPRESENTATION_ITEM('\X2\92FC\X0\','\X2\92FC\X0\');
#3677=PROPERTY_DEFINITION('material property','material name',#6352);
#3678=PROPERTY_DEFINITION('material property','density of part',#6352);
#3679=AXIS2_PLACEMENT_3D('',#5233,#4089,#4090);
#3680=AXIS2_PLACEMENT_3D('',#5234,#4091,#4092);
#3681=AXIS2_PLACEMENT_3D('',#5236,#4093,#4094);
#3682=AXIS2_PLACEMENT_3D('',#5239,#4096,#4097);
#3683=AXIS2_PLACEMENT_3D('',#5240,#4098,#4099);
#3684=AXIS2_PLACEMENT_3D('',#5243,#4101,#4102);
#3685=AXIS2_PLACEMENT_3D('',#5244,#4103,#4104);
#3686=AXIS2_PLACEMENT_3D('',#5245,#4105,#4106);
#3687=AXIS2_PLACEMENT_3D('',#5247,#4107,#4108);
#3688=AXIS2_PLACEMENT_3D('',#5250,#4110,#4111);
#3689=AXIS2_PLACEMENT_3D('',#5251,#4112,#4113);
#3690=AXIS2_PLACEMENT_3D('',#5254,#4115,#4116);
#3691=AXIS2_PLACEMENT_3D('',#5255,#4117,#4118);
#3692=AXIS2_PLACEMENT_3D('',#5256,#4119,#4120);
#3693=AXIS2_PLACEMENT_3D('',#5258,#4121,#4122);
#3694=AXIS2_PLACEMENT_3D('',#5261,#4124,#4125);
#3695=AXIS2_PLACEMENT_3D('',#5262,#4126,#4127);
#3696=AXIS2_PLACEMENT_3D('',#5265,#4129,#4130);
#3697=AXIS2_PLACEMENT_3D('',#5266,#4131,#4132);
#3698=AXIS2_PLACEMENT_3D('',#5267,#4133,#4134);
#3699=AXIS2_PLACEMENT_3D('',#5269,#4135,#4136);
#3700=AXIS2_PLACEMENT_3D('',#5272,#4138,#4139);
#3701=AXIS2_PLACEMENT_3D('',#5273,#4140,#4141);
#3702=AXIS2_PLACEMENT_3D('',#5276,#4143,#4144);
#3703=AXIS2_PLACEMENT_3D('',#5277,#4145,#4146);
#3704=AXIS2_PLACEMENT_3D('',#5278,#4147,#4148);
#3705=AXIS2_PLACEMENT_3D('',#5280,#4149,#4150);
#3706=AXIS2_PLACEMENT_3D('',#5283,#4152,#4153);
#3707=AXIS2_PLACEMENT_3D('',#5284,#4154,#4155);
#3708=AXIS2_PLACEMENT_3D('',#5287,#4157,#4158);
#3709=AXIS2_PLACEMENT_3D('',#5288,#4159,#4160);
#3710=AXIS2_PLACEMENT_3D('',#5289,#4161,#4162);
#3711=AXIS2_PLACEMENT_3D('',#5291,#4163,#4164);
#3712=AXIS2_PLACEMENT_3D('',#5294,#4166,#4167);
#3713=AXIS2_PLACEMENT_3D('',#5295,#4168,#4169);
#3714=AXIS2_PLACEMENT_3D('',#5298,#4171,#4172);
#3715=AXIS2_PLACEMENT_3D('',#5299,#4173,#4174);
#3716=AXIS2_PLACEMENT_3D('',#5300,#4175,#4176);
#3717=AXIS2_PLACEMENT_3D('',#5302,#4177,#4178);
#3718=AXIS2_PLACEMENT_3D('',#5305,#4180,#4181);
#3719=AXIS2_PLACEMENT_3D('',#5306,#4182,#4183);
#3720=AXIS2_PLACEMENT_3D('',#5309,#4185,#4186);
#3721=AXIS2_PLACEMENT_3D('',#5310,#4187,#4188);
#3722=AXIS2_PLACEMENT_3D('',#5311,#4189,#4190);
#3723=AXIS2_PLACEMENT_3D('',#5313,#4191,#4192);
#3724=AXIS2_PLACEMENT_3D('',#5316,#4194,#4195);
#3725=AXIS2_PLACEMENT_3D('',#5317,#4196,#4197);
#3726=AXIS2_PLACEMENT_3D('',#5320,#4199,#4200);
#3727=AXIS2_PLACEMENT_3D('',#5321,#4201,#4202);
#3728=AXIS2_PLACEMENT_3D('',#5322,#4203,#4204);
#3729=AXIS2_PLACEMENT_3D('',#5324,#4205,#4206);
#3730=AXIS2_PLACEMENT_3D('',#5327,#4208,#4209);
#3731=AXIS2_PLACEMENT_3D('',#5328,#4210,#4211);
#3732=AXIS2_PLACEMENT_3D('',#5331,#4213,#4214);
#3733=AXIS2_PLACEMENT_3D('',#5332,#4215,#4216);
#3734=AXIS2_PLACEMENT_3D('',#5333,#4217,#4218);
#3735=AXIS2_PLACEMENT_3D('',#5335,#4219,#4220);
#3736=AXIS2_PLACEMENT_3D('',#5338,#4222,#4223);
#3737=AXIS2_PLACEMENT_3D('',#5339,#4224,#4225);
#3738=AXIS2_PLACEMENT_3D('',#5342,#4227,#4228);
#3739=AXIS2_PLACEMENT_3D('',#5343,#4229,#4230);
#3740=AXIS2_PLACEMENT_3D('',#5344,#4231,#4232);
#3741=AXIS2_PLACEMENT_3D('',#5346,#4233,#4234);
#3742=AXIS2_PLACEMENT_3D('',#5349,#4236,#4237);
#3743=AXIS2_PLACEMENT_3D('',#5350,#4238,#4239);
#3744=AXIS2_PLACEMENT_3D('',#5353,#4241,#4242);
#3745=AXIS2_PLACEMENT_3D('',#5354,#4243,#4244);
#3746=AXIS2_PLACEMENT_3D('',#5355,#4245,#4246);
#3747=AXIS2_PLACEMENT_3D('',#5357,#4247,#4248);
#3748=AXIS2_PLACEMENT_3D('',#5360,#4250,#4251);
#3749=AXIS2_PLACEMENT_3D('',#5361,#4252,#4253);
#3750=AXIS2_PLACEMENT_3D('',#5364,#4255,#4256);
#3751=AXIS2_PLACEMENT_3D('',#5365,#4257,#4258);
#3752=AXIS2_PLACEMENT_3D('',#5366,#4259,#4260);
#3753=AXIS2_PLACEMENT_3D('',#5368,#4261,#4262);
#3754=AXIS2_PLACEMENT_3D('',#5371,#4264,#4265);
#3755=AXIS2_PLACEMENT_3D('',#5372,#4266,#4267);
#3756=AXIS2_PLACEMENT_3D('',#5375,#4269,#4270);
#3757=AXIS2_PLACEMENT_3D('',#5376,#4271,#4272);
#3758=AXIS2_PLACEMENT_3D('',#5377,#4273,#4274);
#3759=AXIS2_PLACEMENT_3D('',#5386,#4279,#4280);
#3760=AXIS2_PLACEMENT_3D('',#5392,#4281,#4282);
#3761=AXIS2_PLACEMENT_3D('',#5393,#4283,#4284);
#3762=AXIS2_PLACEMENT_3D('',#5394,#4285,#4286);
#3763=AXIS2_PLACEMENT_3D('',#5400,#4287,#4288);
#3764=AXIS2_PLACEMENT_3D('',#5401,#4289,#4290);
#3765=AXIS2_PLACEMENT_3D('',#5402,#4291,#4292);
#3766=AXIS2_PLACEMENT_3D('',#5406,#4294,#4295);
#3767=AXIS2_PLACEMENT_3D('',#5408,#4297,#4298);
#3768=AXIS2_PLACEMENT_3D('',#5412,#4301,#4302);
#3769=AXIS2_PLACEMENT_3D('',#5421,#4307,#4308);
#3770=AXIS2_PLACEMENT_3D('',#5427,#4312,#4313);
#3771=AXIS2_PLACEMENT_3D('',#5436,#4318,#4319);
#3772=AXIS2_PLACEMENT_3D('',#5445,#4324,#4325);
#3773=AXIS2_PLACEMENT_3D('',#5448,#4328,#4329);
#3774=AXIS2_PLACEMENT_3D('',#5458,#4335,#4336);
#3775=AXIS2_PLACEMENT_3D('',#5464,#4339,#4340);
#3776=AXIS2_PLACEMENT_3D('',#5466,#4341,#4342);
#3777=AXIS2_PLACEMENT_3D('',#5467,#4343,#4344);
#3778=AXIS2_PLACEMENT_3D('',#5468,#4345,#4346);
#3779=AXIS2_PLACEMENT_3D('',#5470,#4347,#4348);
#3780=AXIS2_PLACEMENT_3D('',#5472,#4349,#4350);
#3781=AXIS2_PLACEMENT_3D('',#5474,#4351,#4352);
#3782=AXIS2_PLACEMENT_3D('',#5478,#4354,#4355);
#3783=AXIS2_PLACEMENT_3D('',#5480,#4356,#4357);
#3784=AXIS2_PLACEMENT_3D('',#5482,#4358,#4359);
#3785=AXIS2_PLACEMENT_3D('',#5486,#4361,#4362);
#3786=AXIS2_PLACEMENT_3D('',#5490,#4364,#4365);
#3787=AXIS2_PLACEMENT_3D('',#5494,#4367,#4368);
#3788=AXIS2_PLACEMENT_3D('',#5496,#4369,#4370);
#3789=AXIS2_PLACEMENT_3D('',#5498,#4371,#4372);
#3790=AXIS2_PLACEMENT_3D('',#5500,#4373,#4374);
#3791=AXIS2_PLACEMENT_3D('',#5504,#4376,#4377);
#3792=AXIS2_PLACEMENT_3D('',#5508,#4379,#4380);
#3793=AXIS2_PLACEMENT_3D('',#5512,#4382,#4383);
#3794=AXIS2_PLACEMENT_3D('',#5516,#4385,#4386);
#3795=AXIS2_PLACEMENT_3D('',#5520,#4388,#4389);
#3796=AXIS2_PLACEMENT_3D('',#5522,#4390,#4391);
#3797=AXIS2_PLACEMENT_3D('',#5524,#4392,#4393);
#3798=AXIS2_PLACEMENT_3D('',#5528,#4395,#4396);
#3799=AXIS2_PLACEMENT_3D('',#5530,#4397,#4398);
#3800=AXIS2_PLACEMENT_3D('',#5534,#4400,#4401);
#3801=AXIS2_PLACEMENT_3D('',#5538,#4403,#4404);
#3802=AXIS2_PLACEMENT_3D('',#5542,#4406,#4407);
#3803=AXIS2_PLACEMENT_3D('',#5546,#4409,#4410);
#3804=AXIS2_PLACEMENT_3D('',#5550,#4412,#4413);
#3805=AXIS2_PLACEMENT_3D('',#5554,#4415,#4416);
#3806=AXIS2_PLACEMENT_3D('',#5558,#4418,#4419);
#3807=AXIS2_PLACEMENT_3D('',#5562,#4421,#4422);
#3808=AXIS2_PLACEMENT_3D('',#5566,#4424,#4425);
#3809=AXIS2_PLACEMENT_3D('',#5570,#4427,#4428);
#3810=AXIS2_PLACEMENT_3D('',#5574,#4430,#4431);
#3811=AXIS2_PLACEMENT_3D('',#5578,#4433,#4434);
#3812=AXIS2_PLACEMENT_3D('',#5582,#4436,#4437);
#3813=AXIS2_PLACEMENT_3D('',#5588,#4440,#4441);
#3814=AXIS2_PLACEMENT_3D('',#5592,#4443,#4444);
#3815=AXIS2_PLACEMENT_3D('',#5600,#4448,#4449);
#3816=AXIS2_PLACEMENT_3D('',#5604,#4451,#4452);
#3817=AXIS2_PLACEMENT_3D('',#5610,#4455,#4456);
#3818=AXIS2_PLACEMENT_3D('',#5612,#4458,#4459);
#3819=AXIS2_PLACEMENT_3D('',#5628,#4461,#4462);
#3820=AXIS2_PLACEMENT_3D('',#5630,#4464,#4465);
#3821=AXIS2_PLACEMENT_3D('',#5639,#4470,#4471);
#3822=AXIS2_PLACEMENT_3D('',#5641,#4472,#4473);
#3823=AXIS2_PLACEMENT_3D('',#5644,#4475,#4476);
#3824=AXIS2_PLACEMENT_3D('',#5645,#4477,#4478);
#3825=AXIS2_PLACEMENT_3D('',#5651,#4482,#4483);
#3826=AXIS2_PLACEMENT_3D('',#5653,#4484,#4485);
#3827=AXIS2_PLACEMENT_3D('',#5656,#4487,#4488);
#3828=AXIS2_PLACEMENT_3D('',#5657,#4489,#4490);
#3829=AXIS2_PLACEMENT_3D('',#5660,#4493,#4494);
#3830=AXIS2_PLACEMENT_3D('',#5666,#4498,#4499);
#3831=AXIS2_PLACEMENT_3D('',#5677,#4500,#4501);
#3832=AXIS2_PLACEMENT_3D('',#5678,#4502,#4503);
#3833=AXIS2_PLACEMENT_3D('',#5684,#4507,#4508);
#3834=AXIS2_PLACEMENT_3D('',#5688,#4511,#4512);
#3835=AXIS2_PLACEMENT_3D('',#5692,#4515,#4516);
#3836=AXIS2_PLACEMENT_3D('',#5705,#4523,#4524);
#3837=AXIS2_PLACEMENT_3D('',#5709,#4527,#4528);
#3838=AXIS2_PLACEMENT_3D('',#5711,#4530,#4531);
#3839=AXIS2_PLACEMENT_3D('',#5720,#4535,#4536);
#3840=AXIS2_PLACEMENT_3D('',#5724,#4538,#4539);
#3841=AXIS2_PLACEMENT_3D('',#5730,#4542,#4543);
#3842=AXIS2_PLACEMENT_3D('',#5734,#4545,#4546);
#3843=AXIS2_PLACEMENT_3D('',#5738,#4548,#4549);
#3844=AXIS2_PLACEMENT_3D('',#5742,#4551,#4552);
#3845=AXIS2_PLACEMENT_3D('',#5746,#4554,#4555);
#3846=AXIS2_PLACEMENT_3D('',#5750,#4557,#4558);
#3847=AXIS2_PLACEMENT_3D('',#5754,#4560,#4561);
#3848=AXIS2_PLACEMENT_3D('',#5758,#4563,#4564);
#3849=AXIS2_PLACEMENT_3D('',#5762,#4566,#4567);
#3850=AXIS2_PLACEMENT_3D('',#5766,#4569,#4570);
#3851=AXIS2_PLACEMENT_3D('',#5770,#4572,#4573);
#3852=AXIS2_PLACEMENT_3D('',#5774,#4575,#4576);
#3853=AXIS2_PLACEMENT_3D('',#5778,#4578,#4579);
#3854=AXIS2_PLACEMENT_3D('',#5782,#4581,#4582);
#3855=AXIS2_PLACEMENT_3D('',#5784,#4583,#4584);
#3856=AXIS2_PLACEMENT_3D('',#5788,#4586,#4587);
#3857=AXIS2_PLACEMENT_3D('',#5790,#4588,#4589);
#3858=AXIS2_PLACEMENT_3D('',#5792,#4590,#4591);
#3859=AXIS2_PLACEMENT_3D('',#5796,#4593,#4594);
#3860=AXIS2_PLACEMENT_3D('',#5800,#4596,#4597);
#3861=AXIS2_PLACEMENT_3D('',#5804,#4599,#4600);
#3862=AXIS2_PLACEMENT_3D('',#5808,#4602,#4603);
#3863=AXIS2_PLACEMENT_3D('',#5812,#4605,#4606);
#3864=AXIS2_PLACEMENT_3D('',#5814,#4607,#4608);
#3865=AXIS2_PLACEMENT_3D('',#5816,#4609,#4610);
#3866=AXIS2_PLACEMENT_3D('',#5818,#4611,#4612);
#3867=AXIS2_PLACEMENT_3D('',#5822,#4614,#4615);
#3868=AXIS2_PLACEMENT_3D('',#5826,#4617,#4618);
#3869=AXIS2_PLACEMENT_3D('',#5830,#4620,#4621);
#3870=AXIS2_PLACEMENT_3D('',#5832,#4622,#4623);
#3871=AXIS2_PLACEMENT_3D('',#5834,#4624,#4625);
#3872=AXIS2_PLACEMENT_3D('',#5838,#4627,#4628);
#3873=AXIS2_PLACEMENT_3D('',#5840,#4629,#4630);
#3874=AXIS2_PLACEMENT_3D('',#5841,#4631,#4632);
#3875=AXIS2_PLACEMENT_3D('',#5843,#4633,#4634);
#3876=AXIS2_PLACEMENT_3D('',#5845,#4635,#4636);
#3877=AXIS2_PLACEMENT_3D('',#5847,#4637,#4638);
#3878=AXIS2_PLACEMENT_3D('',#5853,#4641,#4642);
#3879=AXIS2_PLACEMENT_3D('',#5859,#4645,#4646);
#3880=AXIS2_PLACEMENT_3D('',#5862,#4648,#4649);
#3881=AXIS2_PLACEMENT_3D('',#5863,#4650,#4651);
#3882=AXIS2_PLACEMENT_3D('',#5866,#4654,#4655);
#3883=AXIS2_PLACEMENT_3D('',#5868,#4657,#4658);
#3884=AXIS2_PLACEMENT_3D('',#5870,#4660,#4661);
#3885=AXIS2_PLACEMENT_3D('',#5872,#4663,#4664);
#3886=AXIS2_PLACEMENT_3D('',#5875,#4667,#4668);
#3887=AXIS2_PLACEMENT_3D('',#5877,#4670,#4671);
#3888=AXIS2_PLACEMENT_3D('',#5879,#4673,#4674);
#3889=AXIS2_PLACEMENT_3D('',#5881,#4676,#4677);
#3890=AXIS2_PLACEMENT_3D('',#5883,#4679,#4680);
#3891=AXIS2_PLACEMENT_3D('',#5885,#4682,#4683);
#3892=AXIS2_PLACEMENT_3D('',#5887,#4685,#4686);
#3893=AXIS2_PLACEMENT_3D('',#5889,#4688,#4689);
#3894=AXIS2_PLACEMENT_3D('',#5891,#4691,#4692);
#3895=AXIS2_PLACEMENT_3D('',#5894,#4695,#4696);
#3896=AXIS2_PLACEMENT_3D('',#5896,#4698,#4699);
#3897=AXIS2_PLACEMENT_3D('',#5898,#4701,#4702);
#3898=AXIS2_PLACEMENT_3D('',#5901,#4705,#4706);
#3899=AXIS2_PLACEMENT_3D('',#5903,#4708,#4709);
#3900=AXIS2_PLACEMENT_3D('',#5905,#4711,#4712);
#3901=AXIS2_PLACEMENT_3D('',#5907,#4714,#4715);
#3902=AXIS2_PLACEMENT_3D('',#5909,#4717,#4718);
#3903=AXIS2_PLACEMENT_3D('',#5911,#4720,#4721);
#3904=AXIS2_PLACEMENT_3D('',#5913,#4723,#4724);
#3905=AXIS2_PLACEMENT_3D('',#5915,#4726,#4727);
#3906=AXIS2_PLACEMENT_3D('',#5928,#4736,#4737);
#3907=AXIS2_PLACEMENT_3D('',#5930,#4739,#4740);
#3908=AXIS2_PLACEMENT_3D('',#5932,#4741,#4742);
#3909=AXIS2_PLACEMENT_3D('',#5936,#4745,#4746);
#3910=AXIS2_PLACEMENT_3D('',#5939,#4747,#4748);
#3911=AXIS2_PLACEMENT_3D('',#5943,#4750,#4751);
#3912=AXIS2_PLACEMENT_3D('',#5945,#4753,#4754);
#3913=AXIS2_PLACEMENT_3D('',#5951,#4758,#4759);
#3914=AXIS2_PLACEMENT_3D('',#5953,#4760,#4761);
#3915=AXIS2_PLACEMENT_3D('',#5956,#4763,#4764);
#3916=AXIS2_PLACEMENT_3D('',#5957,#4765,#4766);
#3917=AXIS2_PLACEMENT_3D('',#5971,#4773,#4774);
#3918=AXIS2_PLACEMENT_3D('',#5973,#4776,#4777);
#3919=AXIS2_PLACEMENT_3D('',#5976,#4778,#4779);
#3920=AXIS2_PLACEMENT_3D('',#5980,#4781,#4782);
#3921=AXIS2_PLACEMENT_3D('',#5982,#4784,#4785);
#3922=AXIS2_PLACEMENT_3D('',#5985,#4786,#4787);
#3923=AXIS2_PLACEMENT_3D('',#5986,#4788,#4789);
#3924=AXIS2_PLACEMENT_3D('',#5987,#4790,#4791);
#3925=AXIS2_PLACEMENT_3D('',#5988,#4792,#4793);
#3926=AXIS2_PLACEMENT_3D('',#5991,#4794,#4795);
#3927=AXIS2_PLACEMENT_3D('',#5994,#4798,#4799);
#3928=AXIS2_PLACEMENT_3D('',#5996,#4800,#4801);
#3929=AXIS2_PLACEMENT_3D('',#5997,#4802,#4803);
#3930=AXIS2_PLACEMENT_3D('',#5998,#4804,#4805);
#3931=AXIS2_PLACEMENT_3D('',#5999,#4806,#4807);
#3932=AXIS2_PLACEMENT_3D('',#6001,#4808,#4809);
#3933=AXIS2_PLACEMENT_3D('',#6003,#4811,#4812);
#3934=AXIS2_PLACEMENT_3D('',#6006,#4813,#4814);
#3935=AXIS2_PLACEMENT_3D('',#6007,#4815,#4816);
#3936=AXIS2_PLACEMENT_3D('',#6008,#4817,#4818);
#3937=AXIS2_PLACEMENT_3D('',#6009,#4819,#4820);
#3938=AXIS2_PLACEMENT_3D('',#6012,#4821,#4822);
#3939=AXIS2_PLACEMENT_3D('',#6015,#4825,#4826);
#3940=AXIS2_PLACEMENT_3D('',#6016,#4827,#4828);
#3941=AXIS2_PLACEMENT_3D('',#6017,#4829,#4830);
#3942=AXIS2_PLACEMENT_3D('',#6018,#4831,#4832);
#3943=AXIS2_PLACEMENT_3D('',#6021,#4834,#4835);
#3944=AXIS2_PLACEMENT_3D('',#6022,#4836,#4837);
#3945=AXIS2_PLACEMENT_3D('',#6026,#4840,#4841);
#3946=AXIS2_PLACEMENT_3D('',#6029,#4843,#4844);
#3947=AXIS2_PLACEMENT_3D('',#6030,#4845,#4846);
#3948=AXIS2_PLACEMENT_3D('',#6034,#4849,#4850);
#3949=AXIS2_PLACEMENT_3D('',#6037,#4851,#4852);
#3950=AXIS2_PLACEMENT_3D('',#6040,#4854,#4855);
#3951=AXIS2_PLACEMENT_3D('',#6042,#4856,#4857);
#3952=AXIS2_PLACEMENT_3D('',#6046,#4859,#4860);
#3953=AXIS2_PLACEMENT_3D('',#6048,#4862,#4863);
#3954=AXIS2_PLACEMENT_3D('',#6050,#4864,#4865);
#3955=AXIS2_PLACEMENT_3D('',#6052,#4867,#4868);
#3956=AXIS2_PLACEMENT_3D('',#6054,#4869,#4870);
#3957=AXIS2_PLACEMENT_3D('',#6055,#4871,#4872);
#3958=AXIS2_PLACEMENT_3D('',#6056,#4873,#4874);
#3959=AXIS2_PLACEMENT_3D('',#6058,#4875,#4876);
#3960=AXIS2_PLACEMENT_3D('',#6060,#4878,#4879);
#3961=AXIS2_PLACEMENT_3D('',#6062,#4880,#4881);
#3962=AXIS2_PLACEMENT_3D('',#6063,#4882,#4883);
#3963=AXIS2_PLACEMENT_3D('',#6064,#4884,#4885);
#3964=AXIS2_PLACEMENT_3D('',#6066,#4886,#4887);
#3965=AXIS2_PLACEMENT_3D('',#6068,#4889,#4890);
#3966=AXIS2_PLACEMENT_3D('',#6071,#4891,#4892);
#3967=AXIS2_PLACEMENT_3D('',#6072,#4893,#4894);
#3968=AXIS2_PLACEMENT_3D('',#6073,#4895,#4896);
#3969=AXIS2_PLACEMENT_3D('',#6074,#4897,#4898);
#3970=AXIS2_PLACEMENT_3D('',#6077,#4901,#4902);
#3971=AXIS2_PLACEMENT_3D('',#6079,#4904,#4905);
#3972=AXIS2_PLACEMENT_3D('',#6082,#4906,#4907);
#3973=AXIS2_PLACEMENT_3D('',#6086,#4909,#4910);
#3974=AXIS2_PLACEMENT_3D('',#6088,#4912,#4913);
#3975=AXIS2_PLACEMENT_3D('',#6090,#4914,#4915);
#3976=AXIS2_PLACEMENT_3D('',#6091,#4916,#4917);
#3977=AXIS2_PLACEMENT_3D('',#6092,#4918,#4919);
#3978=AXIS2_PLACEMENT_3D('',#6093,#4920,#4921);
#3979=AXIS2_PLACEMENT_3D('',#6095,#4922,#4923);
#3980=AXIS2_PLACEMENT_3D('',#6097,#4925,#4926);
#3981=AXIS2_PLACEMENT_3D('',#6099,#4928,#4929);
#3982=AXIS2_PLACEMENT_3D('',#6101,#4931,#4932);
#3983=AXIS2_PLACEMENT_3D('',#6107,#4937,#4938);
#3984=AXIS2_PLACEMENT_3D('',#6110,#4941,#4942);
#3985=AXIS2_PLACEMENT_3D('',#6112,#4944,#4945);
#3986=AXIS2_PLACEMENT_3D('',#6113,#4946,#4947);
#3987=AXIS2_PLACEMENT_3D('',#6115,#4949,#4950);
#3988=AXIS2_PLACEMENT_3D('',#6119,#4953,#4954);
#3989=AXIS2_PLACEMENT_3D('',#6121,#4955,#4956);
#3990=AXIS2_PLACEMENT_3D('',#6123,#4958,#4959);
#3991=AXIS2_PLACEMENT_3D('',#6127,#4962,#4963);
#3992=AXIS2_PLACEMENT_3D('',#6128,#4964,#4965);
#3993=AXIS2_PLACEMENT_3D('',#6129,#4966,#4967);
#3994=AXIS2_PLACEMENT_3D('',#6131,#4969,#4970);
#3995=AXIS2_PLACEMENT_3D('',#6133,#4972,#4973);
#3996=AXIS2_PLACEMENT_3D('',#6135,#4975,#4976);
#3997=AXIS2_PLACEMENT_3D('',#6137,#4978,#4979);
#3998=AXIS2_PLACEMENT_3D('',#6139,#4981,#4982);
#3999=AXIS2_PLACEMENT_3D('',#6141,#4984,#4985);
#4000=AXIS2_PLACEMENT_3D('',#6143,#4987,#4988);
#4001=AXIS2_PLACEMENT_3D('',#6145,#4990,#4991);
#4002=AXIS2_PLACEMENT_3D('',#6146,#4992,#4993);
#4003=AXIS2_PLACEMENT_3D('',#6148,#4995,#4996);
#4004=AXIS2_PLACEMENT_3D('',#6149,#4997,#4998);
#4005=AXIS2_PLACEMENT_3D('',#6150,#4999,#5000);
#4006=AXIS2_PLACEMENT_3D('',#6152,#5002,#5003);
#4007=AXIS2_PLACEMENT_3D('',#6153,#5004,#5005);
#4008=AXIS2_PLACEMENT_3D('',#6157,#5007,#5008);
#4009=AXIS2_PLACEMENT_3D('',#6161,#5010,#5011);
#4010=AXIS2_PLACEMENT_3D('',#6163,#5012,#5013);
#4011=AXIS2_PLACEMENT_3D('',#6167,#5015,#5016);
#4012=AXIS2_PLACEMENT_3D('',#6169,#5017,#5018);
#4013=AXIS2_PLACEMENT_3D('',#6171,#5019,#5020);
#4014=AXIS2_PLACEMENT_3D('',#6175,#5022,#5023);
#4015=AXIS2_PLACEMENT_3D('',#6177,#5024,#5025);
#4016=AXIS2_PLACEMENT_3D('',#6179,#5026,#5027);
#4017=AXIS2_PLACEMENT_3D('',#6183,#5029,#5030);
#4018=AXIS2_PLACEMENT_3D('',#6185,#5031,#5032);
#4019=AXIS2_PLACEMENT_3D('',#6186,#5033,#5034);
#4020=AXIS2_PLACEMENT_3D('',#6187,#5035,#5036);
#4021=AXIS2_PLACEMENT_3D('',#6191,#5038,#5039);
#4022=AXIS2_PLACEMENT_3D('',#6193,#5041,#5042);
#4023=AXIS2_PLACEMENT_3D('',#6197,#5045,#5046);
#4024=AXIS2_PLACEMENT_3D('',#6200,#5048,#5049);
#4025=AXIS2_PLACEMENT_3D('',#6201,#5050,#5051);
#4026=AXIS2_PLACEMENT_3D('',#6203,#5053,#5054);
#4027=AXIS2_PLACEMENT_3D('',#6212,#5060,#5061);
#4028=AXIS2_PLACEMENT_3D('',#6214,#5062,#5063);
#4029=AXIS2_PLACEMENT_3D('',#6216,#5064,#5065);
#4030=AXIS2_PLACEMENT_3D('',#6218,#5067,#5068);
#4031=AXIS2_PLACEMENT_3D('',#6221,#5071,#5072);
#4032=AXIS2_PLACEMENT_3D('',#6222,#5073,#5074);
#4033=AXIS2_PLACEMENT_3D('',#6225,#5077,#5078);
#4034=AXIS2_PLACEMENT_3D('',#6227,#5080,#5081);
#4035=AXIS2_PLACEMENT_3D('',#6229,#5083,#5084);
#4036=AXIS2_PLACEMENT_3D('',#6230,#5085,#5086);
#4037=AXIS2_PLACEMENT_3D('',#6232,#5088,#5089);
#4038=AXIS2_PLACEMENT_3D('',#6234,#5091,#5092);
#4039=AXIS2_PLACEMENT_3D('',#6236,#5094,#5095);
#4040=AXIS2_PLACEMENT_3D('',#6238,#5097,#5098);
#4041=AXIS2_PLACEMENT_3D('',#6240,#5100,#5101);
#4042=AXIS2_PLACEMENT_3D('',#6242,#5103,#5104);
#4043=AXIS2_PLACEMENT_3D('',#6244,#5106,#5107);
#4044=AXIS2_PLACEMENT_3D('',#6246,#5109,#5110);
#4045=AXIS2_PLACEMENT_3D('',#6248,#5112,#5113);
#4046=AXIS2_PLACEMENT_3D('',#6250,#5115,#5116);
#4047=AXIS2_PLACEMENT_3D('',#6252,#5118,#5119);
#4048=AXIS2_PLACEMENT_3D('',#6254,#5121,#5122);
#4049=AXIS2_PLACEMENT_3D('',#6256,#5124,#5125);
#4050=AXIS2_PLACEMENT_3D('',#6258,#5127,#5128);
#4051=AXIS2_PLACEMENT_3D('',#6260,#5130,#5131);
#4052=AXIS2_PLACEMENT_3D('',#6262,#5133,#5134);
#4053=AXIS2_PLACEMENT_3D('',#6264,#5136,#5137);
#4054=AXIS2_PLACEMENT_3D('',#6266,#5139,#5140);
#4055=AXIS2_PLACEMENT_3D('',#6268,#5142,#5143);
#4056=AXIS2_PLACEMENT_3D('',#6270,#5145,#5146);
#4057=AXIS2_PLACEMENT_3D('',#6272,#5148,#5149);
#4058=AXIS2_PLACEMENT_3D('',#6274,#5151,#5152);
#4059=AXIS2_PLACEMENT_3D('',#6276,#5154,#5155);
#4060=AXIS2_PLACEMENT_3D('',#6277,#5156,#5157);
#4061=AXIS2_PLACEMENT_3D('',#6280,#5159,#5160);
#4062=AXIS2_PLACEMENT_3D('',#6281,#5161,#5162);
#4063=AXIS2_PLACEMENT_3D('',#6283,#5163,#5164);
#4064=AXIS2_PLACEMENT_3D('',#6285,#5166,#5167);
#4065=AXIS2_PLACEMENT_3D('',#6289,#5170,#5171);
#4066=AXIS2_PLACEMENT_3D('',#6291,#5172,#5173);
#4067=AXIS2_PLACEMENT_3D('',#6293,#5175,#5176);
#4068=AXIS2_PLACEMENT_3D('',#6295,#5177,#5178);
#4069=AXIS2_PLACEMENT_3D('',#6297,#5180,#5181);
#4070=AXIS2_PLACEMENT_3D('',#6301,#5184,#5185);
#4071=AXIS2_PLACEMENT_3D('',#6303,#5186,#5187);
#4072=AXIS2_PLACEMENT_3D('',#6305,#5189,#5190);
#4073=AXIS2_PLACEMENT_3D('',#6307,#5191,#5192);
#4074=AXIS2_PLACEMENT_3D('',#6309,#5194,#5195);
#4075=AXIS2_PLACEMENT_3D('',#6311,#5196,#5197);
#4076=AXIS2_PLACEMENT_3D('',#6313,#5199,#5200);
#4077=AXIS2_PLACEMENT_3D('',#6317,#5203,#5204);
#4078=AXIS2_PLACEMENT_3D('',#6319,#5205,#5206);
#4079=AXIS2_PLACEMENT_3D('',#6321,#5208,#5209);
#4080=AXIS2_PLACEMENT_3D('',#6323,#5210,#5211);
#4081=AXIS2_PLACEMENT_3D('',#6325,#5213,#5214);
#4082=AXIS2_PLACEMENT_3D('',#6327,#5215,#5216);
#4083=AXIS2_PLACEMENT_3D('',#6329,#5218,#5219);
#4084=AXIS2_PLACEMENT_3D('',#6333,#5222,#5223);
#4085=AXIS2_PLACEMENT_3D('',#6335,#5224,#5225);
#4086=AXIS2_PLACEMENT_3D('',#6337,#5227,#5228);
#4087=AXIS2_PLACEMENT_3D('',#6338,#5229,#5230);
#4088=AXIS2_PLACEMENT_3D('',#6339,#5231,#5232);
#4089=DIRECTION('axis',(0.,0.,1.));
#4090=DIRECTION('refdir',(1.,0.,0.));
#4091=DIRECTION('center_axis',(0.,-1.,0.));
#4092=DIRECTION('ref_axis',(1.,0.,0.));
#4093=DIRECTION('center_axis',(0.,-1.,0.));
#4094=DIRECTION('ref_axis',(1.,0.,0.));
#4095=DIRECTION('',(-0.707106781186548,-0.707106781186547,8.65956056235494E-17));
#4096=DIRECTION('center_axis',(0.,1.,0.));
#4097=DIRECTION('ref_axis',(1.,0.,0.));
#4098=DIRECTION('center_axis',(0.,1.,0.));
#4099=DIRECTION('ref_axis',(1.,0.,0.));
#4100=DIRECTION('',(0.,-1.,0.));
#4101=DIRECTION('center_axis',(0.,-1.,0.));
#4102=DIRECTION('ref_axis',(1.,0.,0.));
#4103=DIRECTION('center_axis',(0.,-1.,0.));
#4104=DIRECTION('ref_axis',(1.,0.,0.));
#4105=DIRECTION('center_axis',(0.,-1.,0.));
#4106=DIRECTION('ref_axis',(1.,0.,0.));
#4107=DIRECTION('center_axis',(0.,-1.,0.));
#4108=DIRECTION('ref_axis',(1.,0.,0.));
#4109=DIRECTION('',(-0.707106781186548,-0.707106781186547,8.65956056235494E-17));
#4110=DIRECTION('center_axis',(0.,1.,0.));
#4111=DIRECTION('ref_axis',(1.,0.,0.));
#4112=DIRECTION('center_axis',(0.,1.,0.));
#4113=DIRECTION('ref_axis',(1.,0.,0.));
#4114=DIRECTION('',(0.,-1.,0.));
#4115=DIRECTION('center_axis',(0.,-1.,0.));
#4116=DIRECTION('ref_axis',(1.,0.,0.));
#4117=DIRECTION('center_axis',(0.,-1.,0.));
#4118=DIRECTION('ref_axis',(1.,0.,0.));
#4119=DIRECTION('center_axis',(0.,-1.,0.));
#4120=DIRECTION('ref_axis',(1.,0.,0.));
#4121=DIRECTION('center_axis',(0.,-1.,0.));
#4122=DIRECTION('ref_axis',(1.,0.,0.));
#4123=DIRECTION('',(-0.707106781186548,-0.707106781186547,8.65956056235494E-17));
#4124=DIRECTION('center_axis',(0.,1.,0.));
#4125=DIRECTION('ref_axis',(1.,0.,0.));
#4126=DIRECTION('center_axis',(0.,1.,0.));
#4127=DIRECTION('ref_axis',(1.,0.,0.));
#4128=DIRECTION('',(0.,-1.,0.));
#4129=DIRECTION('center_axis',(0.,-1.,0.));
#4130=DIRECTION('ref_axis',(1.,0.,0.));
#4131=DIRECTION('center_axis',(0.,-1.,0.));
#4132=DIRECTION('ref_axis',(1.,0.,0.));
#4133=DIRECTION('center_axis',(0.,-1.,0.));
#4134=DIRECTION('ref_axis',(1.,0.,0.));
#4135=DIRECTION('center_axis',(0.,-1.,0.));
#4136=DIRECTION('ref_axis',(1.,0.,0.));
#4137=DIRECTION('',(-0.707106781186548,-0.707106781186547,8.65956056235494E-17));
#4138=DIRECTION('center_axis',(0.,1.,0.));
#4139=DIRECTION('ref_axis',(1.,0.,0.));
#4140=DIRECTION('center_axis',(0.,1.,0.));
#4141=DIRECTION('ref_axis',(1.,0.,0.));
#4142=DIRECTION('',(0.,-1.,0.));
#4143=DIRECTION('center_axis',(0.,-1.,0.));
#4144=DIRECTION('ref_axis',(1.,0.,0.));
#4145=DIRECTION('center_axis',(0.,-1.,0.));
#4146=DIRECTION('ref_axis',(1.,0.,0.));
#4147=DIRECTION('center_axis',(0.,-1.,0.));
#4148=DIRECTION('ref_axis',(1.,0.,0.));
#4149=DIRECTION('center_axis',(0.,-1.,0.));
#4150=DIRECTION('ref_axis',(1.,0.,0.));
#4151=DIRECTION('',(-0.707106781186548,-0.707106781186547,8.65956056235494E-17));
#4152=DIRECTION('center_axis',(0.,1.,0.));
#4153=DIRECTION('ref_axis',(1.,0.,0.));
#4154=DIRECTION('center_axis',(0.,1.,0.));
#4155=DIRECTION('ref_axis',(1.,0.,0.));
#4156=DIRECTION('',(0.,-1.,0.));
#4157=DIRECTION('center_axis',(0.,-1.,0.));
#4158=DIRECTION('ref_axis',(1.,0.,0.));
#4159=DIRECTION('center_axis',(0.,-1.,0.));
#4160=DIRECTION('ref_axis',(1.,0.,0.));
#4161=DIRECTION('center_axis',(0.,-1.,0.));
#4162=DIRECTION('ref_axis',(1.,0.,0.));
#4163=DIRECTION('center_axis',(0.,-1.,0.));
#4164=DIRECTION('ref_axis',(1.,0.,0.));
#4165=DIRECTION('',(-0.707106781186547,-0.707106781186548,8.65956056235493E-17));
#4166=DIRECTION('center_axis',(0.,1.,0.));
#4167=DIRECTION('ref_axis',(1.,0.,0.));
#4168=DIRECTION('center_axis',(0.,1.,0.));
#4169=DIRECTION('ref_axis',(1.,0.,0.));
#4170=DIRECTION('',(0.,-1.,0.));
#4171=DIRECTION('center_axis',(0.,-1.,0.));
#4172=DIRECTION('ref_axis',(1.,0.,0.));
#4173=DIRECTION('center_axis',(0.,-1.,0.));
#4174=DIRECTION('ref_axis',(1.,0.,0.));
#4175=DIRECTION('center_axis',(0.,-1.,0.));
#4176=DIRECTION('ref_axis',(1.,0.,0.));
#4177=DIRECTION('center_axis',(0.,-1.,0.));
#4178=DIRECTION('ref_axis',(1.,0.,0.));
#4179=DIRECTION('',(-0.707106781186548,-0.707106781186547,8.65956056235494E-17));
#4180=DIRECTION('center_axis',(0.,1.,0.));
#4181=DIRECTION('ref_axis',(1.,0.,0.));
#4182=DIRECTION('center_axis',(0.,1.,0.));
#4183=DIRECTION('ref_axis',(1.,0.,0.));
#4184=DIRECTION('',(0.,-1.,0.));
#4185=DIRECTION('center_axis',(0.,-1.,0.));
#4186=DIRECTION('ref_axis',(1.,0.,0.));
#4187=DIRECTION('center_axis',(0.,-1.,0.));
#4188=DIRECTION('ref_axis',(1.,0.,0.));
#4189=DIRECTION('center_axis',(0.,-1.,0.));
#4190=DIRECTION('ref_axis',(1.,0.,0.));
#4191=DIRECTION('center_axis',(0.,-1.,0.));
#4192=DIRECTION('ref_axis',(1.,0.,0.));
#4193=DIRECTION('',(-0.707106781186548,-0.707106781186547,8.65956056235494E-17));
#4194=DIRECTION('center_axis',(0.,1.,0.));
#4195=DIRECTION('ref_axis',(1.,0.,0.));
#4196=DIRECTION('center_axis',(0.,1.,0.));
#4197=DIRECTION('ref_axis',(1.,0.,0.));
#4198=DIRECTION('',(0.,-1.,0.));
#4199=DIRECTION('center_axis',(0.,-1.,0.));
#4200=DIRECTION('ref_axis',(1.,0.,0.));
#4201=DIRECTION('center_axis',(0.,-1.,0.));
#4202=DIRECTION('ref_axis',(1.,0.,0.));
#4203=DIRECTION('center_axis',(0.,-1.,0.));
#4204=DIRECTION('ref_axis',(1.,0.,0.));
#4205=DIRECTION('center_axis',(0.,-1.,0.));
#4206=DIRECTION('ref_axis',(1.,0.,0.));
#4207=DIRECTION('',(-0.707106781186548,-0.707106781186547,8.65956056235494E-17));
#4208=DIRECTION('center_axis',(0.,1.,0.));
#4209=DIRECTION('ref_axis',(1.,0.,0.));
#4210=DIRECTION('center_axis',(0.,1.,0.));
#4211=DIRECTION('ref_axis',(1.,0.,0.));
#4212=DIRECTION('',(0.,-1.,0.));
#4213=DIRECTION('center_axis',(0.,-1.,0.));
#4214=DIRECTION('ref_axis',(1.,0.,0.));
#4215=DIRECTION('center_axis',(0.,-1.,0.));
#4216=DIRECTION('ref_axis',(1.,0.,0.));
#4217=DIRECTION('center_axis',(0.,-1.,0.));
#4218=DIRECTION('ref_axis',(1.,0.,0.));
#4219=DIRECTION('center_axis',(0.,-1.,0.));
#4220=DIRECTION('ref_axis',(1.,0.,0.));
#4221=DIRECTION('',(-0.707106781186548,-0.707106781186547,8.65956056235494E-17));
#4222=DIRECTION('center_axis',(0.,1.,0.));
#4223=DIRECTION('ref_axis',(1.,0.,0.));
#4224=DIRECTION('center_axis',(0.,1.,0.));
#4225=DIRECTION('ref_axis',(1.,0.,0.));
#4226=DIRECTION('',(0.,-1.,0.));
#4227=DIRECTION('center_axis',(0.,-1.,0.));
#4228=DIRECTION('ref_axis',(1.,0.,0.));
#4229=DIRECTION('center_axis',(0.,-1.,0.));
#4230=DIRECTION('ref_axis',(1.,0.,0.));
#4231=DIRECTION('center_axis',(0.,-1.,0.));
#4232=DIRECTION('ref_axis',(1.,0.,0.));
#4233=DIRECTION('center_axis',(0.,-1.,0.));
#4234=DIRECTION('ref_axis',(1.,0.,0.));
#4235=DIRECTION('',(-0.707106781186548,-0.707106781186547,8.65956056235494E-17));
#4236=DIRECTION('center_axis',(0.,1.,0.));
#4237=DIRECTION('ref_axis',(1.,0.,0.));
#4238=DIRECTION('center_axis',(0.,1.,0.));
#4239=DIRECTION('ref_axis',(1.,0.,0.));
#4240=DIRECTION('',(0.,-1.,0.));
#4241=DIRECTION('center_axis',(0.,-1.,0.));
#4242=DIRECTION('ref_axis',(1.,0.,0.));
#4243=DIRECTION('center_axis',(0.,-1.,0.));
#4244=DIRECTION('ref_axis',(1.,0.,0.));
#4245=DIRECTION('center_axis',(0.,-1.,0.));
#4246=DIRECTION('ref_axis',(1.,0.,0.));
#4247=DIRECTION('center_axis',(0.,-1.,0.));
#4248=DIRECTION('ref_axis',(1.,0.,0.));
#4249=DIRECTION('',(-0.707106781186548,-0.707106781186547,8.65956056235494E-17));
#4250=DIRECTION('center_axis',(0.,1.,0.));
#4251=DIRECTION('ref_axis',(1.,0.,0.));
#4252=DIRECTION('center_axis',(0.,1.,0.));
#4253=DIRECTION('ref_axis',(1.,0.,0.));
#4254=DIRECTION('',(0.,-1.,0.));
#4255=DIRECTION('center_axis',(0.,-1.,0.));
#4256=DIRECTION('ref_axis',(1.,0.,0.));
#4257=DIRECTION('center_axis',(0.,-1.,0.));
#4258=DIRECTION('ref_axis',(1.,0.,0.));
#4259=DIRECTION('center_axis',(0.,-1.,0.));
#4260=DIRECTION('ref_axis',(1.,0.,0.));
#4261=DIRECTION('center_axis',(0.,-1.,0.));
#4262=DIRECTION('ref_axis',(1.,0.,0.));
#4263=DIRECTION('',(-0.707106781186548,-0.707106781186547,8.65956056235494E-17));
#4264=DIRECTION('center_axis',(0.,1.,0.));
#4265=DIRECTION('ref_axis',(1.,0.,0.));
#4266=DIRECTION('center_axis',(0.,1.,0.));
#4267=DIRECTION('ref_axis',(1.,0.,0.));
#4268=DIRECTION('',(0.,-1.,0.));
#4269=DIRECTION('center_axis',(0.,-1.,0.));
#4270=DIRECTION('ref_axis',(1.,0.,0.));
#4271=DIRECTION('center_axis',(0.,-1.,0.));
#4272=DIRECTION('ref_axis',(1.,0.,0.));
#4273=DIRECTION('center_axis',(0.342020143325666,-0.93969262078591,0.));
#4274=DIRECTION('ref_axis',(0.,0.,-1.));
#4275=DIRECTION('',(0.93969262078591,0.342020143325666,0.));
#4276=DIRECTION('',(0.,0.,1.));
#4277=DIRECTION('',(-0.93969262078591,-0.342020143325666,0.));
#4278=DIRECTION('',(0.,0.,-1.));
#4279=DIRECTION('center_axis',(1.,0.,0.));
#4280=DIRECTION('ref_axis',(-1.85530334911706E-13,0.707106781186547,0.707106781186548));
#4281=DIRECTION('center_axis',(-1.,0.,0.));
#4282=DIRECTION('ref_axis',(-3.93569842976733E-13,0.707106781186547,0.707106781186548));
#4283=DIRECTION('center_axis',(1.,0.,0.));
#4284=DIRECTION('ref_axis',(0.,0.707106781186547,0.707106781186548));
#4285=DIRECTION('center_axis',(1.,0.,0.));
#4286=DIRECTION('ref_axis',(1.8553033491236E-13,0.707106781186549,-0.707106781186546));
#4287=DIRECTION('center_axis',(1.,0.,0.));
#4288=DIRECTION('ref_axis',(0.,0.707106781186549,-0.707106781186546));
#4289=DIRECTION('center_axis',(-1.,0.,0.));
#4290=DIRECTION('ref_axis',(3.93569842976734E-13,0.707106781186549,-0.707106781186546));
#4291=DIRECTION('center_axis',(-1.,0.,-5.57776047539797E-13));
#4292=DIRECTION('ref_axis',(3.93569842976734E-13,0.707106781186549,-0.707106781186546));
#4293=DIRECTION('',(-1.,0.,-5.57776047539797E-13));
#4294=DIRECTION('center_axis',(-1.,0.,8.0668446681985E-12));
#4295=DIRECTION('ref_axis',(3.93569842976734E-13,0.707106781186549,-0.707106781186546));
#4296=DIRECTION('',(1.,0.,5.57776047539797E-13));
#4297=DIRECTION('center_axis',(0.,1.,0.));
#4298=DIRECTION('ref_axis',(0.,0.,1.));
#4299=DIRECTION('',(1.,0.,5.57776047547986E-13));
#4300=DIRECTION('',(8.0668446681985E-12,0.,1.));
#4301=DIRECTION('center_axis',(0.342020143325669,-0.939692620785908,0.));
#4302=DIRECTION('ref_axis',(0.,0.,-1.));
#4303=DIRECTION('',(0.939692620785908,0.342020143325669,0.));
#4304=DIRECTION('',(0.,0.,-1.));
#4305=DIRECTION('',(-0.939692620785908,-0.342020143325669,0.));
#4306=DIRECTION('',(0.,0.,1.));
#4307=DIRECTION('center_axis',(0.,1.,0.));
#4308=DIRECTION('ref_axis',(0.,0.,1.));
#4309=DIRECTION('',(1.,0.,0.));
#4310=DIRECTION('',(0.,0.,-1.));
#4311=DIRECTION('',(1.,0.,0.));
#4312=DIRECTION('center_axis',(1.,0.,-6.75015598957102E-13));
#4313=DIRECTION('ref_axis',(-6.75015598957102E-13,0.,-1.));
#4314=DIRECTION('',(6.75015598957102E-13,0.,1.));
#4315=DIRECTION('',(0.,1.,0.));
#4316=DIRECTION('',(6.75015598957102E-13,0.,1.));
#4317=DIRECTION('',(0.,1.,0.));
#4318=DIRECTION('center_axis',(-1.,0.,6.71462885274945E-13));
#4319=DIRECTION('ref_axis',(6.71462885274945E-13,0.,1.));
#4320=DIRECTION('',(6.71462885274945E-13,0.,1.));
#4321=DIRECTION('',(0.,-1.,0.));
#4322=DIRECTION('',(-6.71462885274945E-13,0.,-1.));
#4323=DIRECTION('',(0.,1.,0.));
#4324=DIRECTION('center_axis',(0.,-1.,0.));
#4325=DIRECTION('ref_axis',(1.,0.,0.));
#4326=DIRECTION('',(1.,0.,1.25562040773396E-13));
#4327=DIRECTION('',(-1.,0.,6.7061047004237E-13));
#4328=DIRECTION('center_axis',(1.25562040773396E-13,0.,-1.));
#4329=DIRECTION('ref_axis',(1.,0.,1.25562040773396E-13));
#4330=DIRECTION('',(1.,0.,1.25562040773396E-13));
#4331=DIRECTION('',(0.,-1.,0.));
#4332=DIRECTION('',(1.,0.,1.25562040773396E-13));
#4333=DIRECTION('',(0.,-1.,0.));
#4334=DIRECTION('',(1.,0.,1.25562040773396E-13));
#4335=DIRECTION('center_axis',(0.,-1.,0.));
#4336=DIRECTION('ref_axis',(1.,0.,0.));
#4337=DIRECTION('',(1.,0.,-6.33870033423167E-13));
#4338=DIRECTION('',(6.38145304459597E-13,0.,1.));
#4339=DIRECTION('center_axis',(0.,1.,0.));
#4340=DIRECTION('ref_axis',(-5.96781300375572E-14,0.,1.));
#4341=DIRECTION('center_axis',(0.,-1.,0.));
#4342=DIRECTION('ref_axis',(-0.991602732922133,0.,-0.129321382846601));
#4343=DIRECTION('center_axis',(0.,1.,0.));
#4344=DIRECTION('ref_axis',(0.991602732922117,0.,0.129321382846725));
#4345=DIRECTION('center_axis',(0.,-1.,0.));
#4346=DIRECTION('ref_axis',(1.,0.,0.));
#4347=DIRECTION('center_axis',(0.,1.,0.));
#4348=DIRECTION('ref_axis',(0.,0.,1.));
#4349=DIRECTION('center_axis',(0.,-1.,0.));
#4350=DIRECTION('ref_axis',(-0.991602732921731,0.,-0.129321382849687));
#4351=DIRECTION('center_axis',(0.,1.,0.));
#4352=DIRECTION('ref_axis',(0.991602732921724,0.,0.129321382849733));
#4353=DIRECTION('',(1.,0.,-5.17559718049115E-15));
#4354=DIRECTION('center_axis',(0.,1.,0.));
#4355=DIRECTION('ref_axis',(0.,0.,1.));
#4356=DIRECTION('center_axis',(0.,-1.,0.));
#4357=DIRECTION('ref_axis',(0.129321382946664,0.,-0.991602732909083));
#4358=DIRECTION('center_axis',(0.,1.,0.));
#4359=DIRECTION('ref_axis',(-0.12932138299365,0.,0.991602732902955));
#4360=DIRECTION('',(1.53546423592251E-11,0.,1.));
#4361=DIRECTION('center_axis',(0.,1.,0.));
#4362=DIRECTION('ref_axis',(-1.,0.,1.53566048766152E-11));
#4363=DIRECTION('',(-1.,0.,2.56091444365547E-12));
#4364=DIRECTION('center_axis',(0.,-1.,0.));
#4365=DIRECTION('ref_axis',(1.,0.,0.));
#4366=DIRECTION('',(2.36217664813502E-16,0.,1.));
#4367=DIRECTION('center_axis',(0.,-1.,0.));
#4368=DIRECTION('ref_axis',(0.460761203217735,0.,-0.88752414818378));
#4369=DIRECTION('center_axis',(0.,1.,0.));
#4370=DIRECTION('ref_axis',(-0.460761203217736,0.,0.88752414818378));
#4371=DIRECTION('center_axis',(0.,-1.,0.));
#4372=DIRECTION('ref_axis',(0.1293213827801,0.,-0.991602732930806));
#4373=DIRECTION('center_axis',(0.,1.,0.));
#4374=DIRECTION('ref_axis',(-0.129321382884357,0.,0.991602732917209));
#4375=DIRECTION('',(0.,0.,1.));
#4376=DIRECTION('center_axis',(0.,1.,0.));
#4377=DIRECTION('ref_axis',(-1.,0.,0.));
#4378=DIRECTION('',(-1.,0.,0.));
#4379=DIRECTION('center_axis',(0.,-1.,0.));
#4380=DIRECTION('ref_axis',(1.,0.,-1.42108547152018E-13));
#4381=DIRECTION('',(1.43622487640651E-13,0.,1.));
#4382=DIRECTION('center_axis',(0.,-1.,0.));
#4383=DIRECTION('ref_axis',(7.20312698377405E-12,0.,-1.));
#4384=DIRECTION('',(1.,0.,7.20608757852106E-12));
#4385=DIRECTION('center_axis',(0.,1.,0.));
#4386=DIRECTION('ref_axis',(-7.20312698395984E-12,0.,1.));
#4387=DIRECTION('',(-7.19994867529727E-12,0.,1.));
#4388=DIRECTION('center_axis',(0.,1.,0.));
#4389=DIRECTION('ref_axis',(-1.,0.,0.));
#4390=DIRECTION('center_axis',(0.,-1.,0.));
#4391=DIRECTION('ref_axis',(0.129321382855342,0.,-0.991602732920993));
#4392=DIRECTION('center_axis',(0.,1.,0.));
#4393=DIRECTION('ref_axis',(-0.129321382855341,0.,0.991602732920993));
#4394=DIRECTION('',(4.82745243369133E-12,0.,1.));
#4395=DIRECTION('center_axis',(0.,1.,0.));
#4396=DIRECTION('ref_axis',(-1.,0.,4.82740123771624E-12));
#4397=DIRECTION('center_axis',(0.,-1.,0.));
#4398=DIRECTION('ref_axis',(1.,0.,8.88178419700125E-16));
#4399=DIRECTION('',(-9.37391471970015E-16,0.,1.));
#4400=DIRECTION('center_axis',(0.,1.,0.));
#4401=DIRECTION('ref_axis',(-1.,0.,-9.3247078186522E-16));
#4402=DIRECTION('',(-1.,0.,7.07546334979696E-15));
#4403=DIRECTION('center_axis',(0.,1.,0.));
#4404=DIRECTION('ref_axis',(0.,0.,-1.));
#4405=DIRECTION('',(0.,0.,-1.));
#4406=DIRECTION('center_axis',(0.,-1.,0.));
#4407=DIRECTION('ref_axis',(1.,0.,0.));
#4408=DIRECTION('',(0.,0.,1.));
#4409=DIRECTION('center_axis',(0.,1.,0.));
#4410=DIRECTION('ref_axis',(-1.,0.,0.));
#4411=DIRECTION('',(-1.,0.,0.));
#4412=DIRECTION('center_axis',(0.,1.,0.));
#4413=DIRECTION('ref_axis',(0.,0.,-1.));
#4414=DIRECTION('',(0.,0.,-1.));
#4415=DIRECTION('center_axis',(0.,-1.,0.));
#4416=DIRECTION('ref_axis',(1.,0.,0.));
#4417=DIRECTION('',(0.,0.,1.));
#4418=DIRECTION('center_axis',(0.,1.,0.));
#4419=DIRECTION('ref_axis',(-1.,0.,0.));
#4420=DIRECTION('',(-1.,0.,0.));
#4421=DIRECTION('center_axis',(0.,1.,0.));
#4422=DIRECTION('ref_axis',(0.,0.,-1.));
#4423=DIRECTION('',(0.,0.,-1.));
#4424=DIRECTION('center_axis',(0.,-1.,0.));
#4425=DIRECTION('ref_axis',(1.,0.,0.));
#4426=DIRECTION('',(0.,0.,1.));
#4427=DIRECTION('center_axis',(0.,1.,0.));
#4428=DIRECTION('ref_axis',(-1.,0.,0.));
#4429=DIRECTION('',(-1.,0.,-6.23378274225394E-15));
#4430=DIRECTION('center_axis',(0.,1.,0.));
#4431=DIRECTION('ref_axis',(0.,0.,-1.));
#4432=DIRECTION('',(0.,0.,-1.));
#4433=DIRECTION('center_axis',(0.,1.,0.));
#4434=DIRECTION('ref_axis',(7.66908806577668E-6,0.,-0.999999999970593));
#4435=DIRECTION('',(-1.,0.,-1.16827669081871E-14));
#4436=DIRECTION('center_axis',(0.,1.,0.));
#4437=DIRECTION('ref_axis',(-0.999999999806173,0.,-1.96889100693493E-5));
#4438=DIRECTION('',(0.,0.,1.));
#4439=DIRECTION('',(-1.,0.,-5.57776047539797E-13));
#4440=DIRECTION('center_axis',(0.,1.,0.));
#4441=DIRECTION('ref_axis',(7.20534743480785E-12,0.,-1.));
#4442=DIRECTION('',(5.5777142163637E-13,0.,-1.));
#4443=DIRECTION('center_axis',(0.,1.,0.));
#4444=DIRECTION('ref_axis',(1.,0.,5.77315972805094E-13));
#4445=DIRECTION('',(1.,0.,5.57776047547986E-13));
#4446=DIRECTION('',(0.,0.,1.));
#4447=DIRECTION('',(-1.,0.,1.92094402391588E-13));
#4448=DIRECTION('center_axis',(0.,1.,0.));
#4449=DIRECTION('ref_axis',(-1.38777878078148E-14,0.,-1.));
#4450=DIRECTION('',(2.00098335833269E-15,0.,-1.));
#4451=DIRECTION('center_axis',(0.,1.,0.));
#4452=DIRECTION('ref_axis',(1.,0.,0.));
#4453=DIRECTION('',(1.,0.,-5.11838633483703E-12));
#4454=DIRECTION('',(0.,0.,1.));
#4455=DIRECTION('center_axis',(0.,1.,0.));
#4456=DIRECTION('ref_axis',(1.86329352085912E-13,0.,1.));
#4457=DIRECTION('',(1.,0.,-6.33870033423167E-13));
#4458=DIRECTION('center_axis',(1.,0.,0.));
#4459=DIRECTION('ref_axis',(0.,0.,-1.));
#4460=DIRECTION('',(1.,0.,0.));
#4461=DIRECTION('center_axis',(1.,0.,0.));
#4462=DIRECTION('ref_axis',(0.,0.,-1.));
#4463=DIRECTION('',(1.,0.,0.));
#4464=DIRECTION('center_axis',(0.,0.,1.));
#4465=DIRECTION('ref_axis',(0.,-1.,0.));
#4466=DIRECTION('',(0.,-1.,0.));
#4467=DIRECTION('',(1.,0.,0.));
#4468=DIRECTION('',(0.,-1.,0.));
#4469=DIRECTION('',(1.,0.,0.));
#4470=DIRECTION('center_axis',(1.,0.,0.));
#4471=DIRECTION('ref_axis',(0.,0.,1.));
#4472=DIRECTION('center_axis',(1.,0.,-8.0668446681985E-12));
#4473=DIRECTION('ref_axis',(0.,0.,1.));
#4474=DIRECTION('',(1.,0.,0.));
#4475=DIRECTION('center_axis',(1.,0.,0.));
#4476=DIRECTION('ref_axis',(0.,0.,1.));
#4477=DIRECTION('center_axis',(0.,1.,-6.16790569236199E-17));
#4478=DIRECTION('ref_axis',(0.,6.16790569236199E-17,1.));
#4479=DIRECTION('',(8.0668446681985E-12,6.16790569236199E-17,1.));
#4480=DIRECTION('',(1.,0.,0.));
#4481=DIRECTION('',(0.,6.16790569236199E-17,1.));
#4482=DIRECTION('center_axis',(1.,0.,0.));
#4483=DIRECTION('ref_axis',(0.,1.,0.));
#4484=DIRECTION('center_axis',(1.,0.,-8.0668446681985E-12));
#4485=DIRECTION('ref_axis',(0.,1.,0.));
#4486=DIRECTION('',(1.,0.,0.));
#4487=DIRECTION('center_axis',(1.,0.,0.));
#4488=DIRECTION('ref_axis',(0.,1.,0.));
#4489=DIRECTION('center_axis',(0.,0.,-1.));
#4490=DIRECTION('ref_axis',(0.,1.,0.));
#4491=DIRECTION('',(0.,1.,0.));
#4492=DIRECTION('',(0.,1.,0.));
#4493=DIRECTION('center_axis',(0.,-1.,0.));
#4494=DIRECTION('ref_axis',(0.,0.,-1.));
#4495=DIRECTION('',(-8.0668446681985E-12,0.,-1.));
#4496=DIRECTION('',(1.,0.,0.));
#4497=DIRECTION('',(0.,0.,-1.));
#4498=DIRECTION('center_axis',(1.,0.,0.));
#4499=DIRECTION('ref_axis',(0.,-1.,0.));
#4500=DIRECTION('center_axis',(1.,0.,0.));
#4501=DIRECTION('ref_axis',(0.,-1.,0.));
#4502=DIRECTION('center_axis',(-1.,0.,0.));
#4503=DIRECTION('ref_axis',(0.,0.,1.));
#4504=DIRECTION('',(0.,0.,1.));
#4505=DIRECTION('',(0.,-1.,0.));
#4506=DIRECTION('',(0.,1.,0.));
#4507=DIRECTION('center_axis',(0.,0.,-1.));
#4508=DIRECTION('ref_axis',(0.,1.,0.));
#4509=DIRECTION('',(1.,0.,0.));
#4510=DIRECTION('',(0.,-1.,0.));
#4511=DIRECTION('center_axis',(0.,-1.,0.));
#4512=DIRECTION('ref_axis',(0.,0.,-1.));
#4513=DIRECTION('',(1.,0.,0.));
#4514=DIRECTION('',(0.,0.,1.));
#4515=DIRECTION('center_axis',(-1.,0.,8.0668446681985E-12));
#4516=DIRECTION('ref_axis',(-8.0668446681985E-12,0.,-1.));
#4517=DIRECTION('',(-8.0668446681985E-12,0.,-1.));
#4518=DIRECTION('',(0.,-1.,0.));
#4519=DIRECTION('',(8.0668446681985E-12,0.,1.));
#4520=DIRECTION('',(0.,-1.,0.));
#4521=DIRECTION('',(-8.0668446681985E-12,0.,-1.));
#4522=DIRECTION('',(0.,-1.,0.));
#4523=DIRECTION('center_axis',(-1.,0.,8.0668446681985E-12));
#4524=DIRECTION('ref_axis',(-3.93569842976733E-13,0.707106781186547,0.707106781186548));
#4525=DIRECTION('',(0.,-1.,0.));
#4526=DIRECTION('',(-8.0668446681985E-12,0.,-1.));
#4527=DIRECTION('center_axis',(0.,0.,1.));
#4528=DIRECTION('ref_axis',(0.,-1.,0.));
#4529=DIRECTION('',(0.,1.,0.));
#4530=DIRECTION('center_axis',(0.,-1.,0.));
#4531=DIRECTION('ref_axis',(1.,0.,0.));
#4532=DIRECTION('',(-1.,0.,1.92094402391588E-13));
#4533=DIRECTION('',(0.,0.,1.));
#4534=DIRECTION('',(1.,0.,5.57776047547986E-13));
#4535=DIRECTION('center_axis',(0.,1.,0.));
#4536=DIRECTION('ref_axis',(1.,0.,5.77315972805094E-13));
#4537=DIRECTION('',(5.5777142163637E-13,0.,-1.));
#4538=DIRECTION('center_axis',(0.,1.,0.));
#4539=DIRECTION('ref_axis',(7.20534743480785E-12,0.,-1.));
#4540=DIRECTION('',(-1.,0.,-5.57776047539797E-13));
#4541=DIRECTION('',(3.67034644627626E-12,0.,1.));
#4542=DIRECTION('center_axis',(0.,1.,0.));
#4543=DIRECTION('ref_axis',(-0.999999999806173,0.,-1.96889100693493E-5));
#4544=DIRECTION('',(-1.,0.,-1.16827669081871E-14));
#4545=DIRECTION('center_axis',(0.,1.,0.));
#4546=DIRECTION('ref_axis',(7.66908806577668E-6,0.,-0.999999999970593));
#4547=DIRECTION('',(0.,0.,-1.));
#4548=DIRECTION('center_axis',(0.,1.,0.));
#4549=DIRECTION('ref_axis',(0.,0.,-1.));
#4550=DIRECTION('',(-1.,0.,-6.23378274225394E-15));
#4551=DIRECTION('center_axis',(0.,1.,0.));
#4552=DIRECTION('ref_axis',(-1.,0.,0.));
#4553=DIRECTION('',(0.,0.,1.));
#4554=DIRECTION('center_axis',(0.,-1.,0.));
#4555=DIRECTION('ref_axis',(1.,0.,0.));
#4556=DIRECTION('',(0.,0.,-1.));
#4557=DIRECTION('center_axis',(0.,1.,0.));
#4558=DIRECTION('ref_axis',(0.,0.,-1.));
#4559=DIRECTION('',(-1.,0.,0.));
#4560=DIRECTION('center_axis',(0.,1.,0.));
#4561=DIRECTION('ref_axis',(-1.,0.,0.));
#4562=DIRECTION('',(0.,0.,1.));
#4563=DIRECTION('center_axis',(0.,-1.,0.));
#4564=DIRECTION('ref_axis',(1.,0.,0.));
#4565=DIRECTION('',(0.,0.,-1.));
#4566=DIRECTION('center_axis',(0.,1.,0.));
#4567=DIRECTION('ref_axis',(0.,0.,-1.));
#4568=DIRECTION('',(-1.,0.,0.));
#4569=DIRECTION('center_axis',(0.,1.,0.));
#4570=DIRECTION('ref_axis',(-1.,0.,0.));
#4571=DIRECTION('',(0.,0.,1.));
#4572=DIRECTION('center_axis',(0.,-1.,0.));
#4573=DIRECTION('ref_axis',(1.,0.,0.));
#4574=DIRECTION('',(0.,0.,-1.));
#4575=DIRECTION('center_axis',(0.,1.,0.));
#4576=DIRECTION('ref_axis',(0.,0.,-1.));
#4577=DIRECTION('',(-1.,0.,7.07546334979696E-15));
#4578=DIRECTION('center_axis',(0.,1.,0.));
#4579=DIRECTION('ref_axis',(-1.,0.,-9.3247078186522E-16));
#4580=DIRECTION('',(-9.37391471970015E-16,0.,1.));
#4581=DIRECTION('center_axis',(0.,-1.,0.));
#4582=DIRECTION('ref_axis',(1.,0.,8.88178419700125E-16));
#4583=DIRECTION('center_axis',(0.,1.,0.));
#4584=DIRECTION('ref_axis',(-1.,0.,4.82740123771624E-12));
#4585=DIRECTION('',(4.82745243369133E-12,0.,1.));
#4586=DIRECTION('center_axis',(0.,1.,0.));
#4587=DIRECTION('ref_axis',(-0.129321382855341,0.,0.991602732920993));
#4588=DIRECTION('center_axis',(0.,-1.,0.));
#4589=DIRECTION('ref_axis',(0.129321382855342,0.,-0.991602732920993));
#4590=DIRECTION('center_axis',(0.,1.,0.));
#4591=DIRECTION('ref_axis',(-1.,0.,0.));
#4592=DIRECTION('',(-7.19994867529727E-12,0.,1.));
#4593=DIRECTION('center_axis',(0.,1.,0.));
#4594=DIRECTION('ref_axis',(-7.20312698395984E-12,0.,1.));
#4595=DIRECTION('',(1.,0.,7.20608757852106E-12));
#4596=DIRECTION('center_axis',(0.,-1.,0.));
#4597=DIRECTION('ref_axis',(7.20312698377405E-12,0.,-1.));
#4598=DIRECTION('',(1.43622487640651E-13,0.,1.));
#4599=DIRECTION('center_axis',(0.,-1.,0.));
#4600=DIRECTION('ref_axis',(1.,0.,-1.42108547152018E-13));
#4601=DIRECTION('',(-1.,0.,0.));
#4602=DIRECTION('center_axis',(0.,1.,0.));
#4603=DIRECTION('ref_axis',(-1.,0.,0.));
#4604=DIRECTION('',(0.,0.,1.));
#4605=DIRECTION('center_axis',(0.,1.,0.));
#4606=DIRECTION('ref_axis',(-0.129321382884357,0.,0.991602732917209));
#4607=DIRECTION('center_axis',(0.,-1.,0.));
#4608=DIRECTION('ref_axis',(0.1293213827801,0.,-0.991602732930806));
#4609=DIRECTION('center_axis',(0.,1.,0.));
#4610=DIRECTION('ref_axis',(-0.460761203217736,0.,0.88752414818378));
#4611=DIRECTION('center_axis',(0.,-1.,0.));
#4612=DIRECTION('ref_axis',(0.460761203217735,0.,-0.88752414818378));
#4613=DIRECTION('',(2.36217664813502E-16,0.,1.));
#4614=DIRECTION('center_axis',(0.,-1.,0.));
#4615=DIRECTION('ref_axis',(1.,0.,0.));
#4616=DIRECTION('',(-1.,0.,2.56091444365547E-12));
#4617=DIRECTION('center_axis',(0.,1.,0.));
#4618=DIRECTION('ref_axis',(-1.,0.,1.53566048766152E-11));
#4619=DIRECTION('',(1.53546423592251E-11,0.,1.));
#4620=DIRECTION('center_axis',(0.,1.,0.));
#4621=DIRECTION('ref_axis',(-0.12932138299365,0.,0.991602732902955));
#4622=DIRECTION('center_axis',(0.,-1.,0.));
#4623=DIRECTION('ref_axis',(0.129321382946664,0.,-0.991602732909083));
#4624=DIRECTION('center_axis',(0.,1.,0.));
#4625=DIRECTION('ref_axis',(0.,0.,1.));
#4626=DIRECTION('',(1.,0.,-5.17559718049115E-15));
#4627=DIRECTION('center_axis',(0.,1.,0.));
#4628=DIRECTION('ref_axis',(0.991602732921724,0.,0.129321382849733));
#4629=DIRECTION('center_axis',(0.,-1.,0.));
#4630=DIRECTION('ref_axis',(-0.991602732921731,0.,-0.129321382849687));
#4631=DIRECTION('center_axis',(0.,1.,0.));
#4632=DIRECTION('ref_axis',(0.,0.,1.));
#4633=DIRECTION('center_axis',(0.,1.,0.));
#4634=DIRECTION('ref_axis',(0.991602732922117,0.,0.129321382846725));
#4635=DIRECTION('center_axis',(0.,-1.,0.));
#4636=DIRECTION('ref_axis',(-0.991602732922133,0.,-0.129321382846601));
#4637=DIRECTION('center_axis',(0.,1.,0.));
#4638=DIRECTION('ref_axis',(-5.96781300375572E-14,0.,1.));
#4639=DIRECTION('',(6.38145304459597E-13,0.,1.));
#4640=DIRECTION('',(1.,0.,-6.33870033423167E-13));
#4641=DIRECTION('center_axis',(0.,1.,0.));
#4642=DIRECTION('ref_axis',(1.86329352085912E-13,0.,1.));
#4643=DIRECTION('',(0.,0.,1.));
#4644=DIRECTION('',(1.,0.,-5.11838633483703E-12));
#4645=DIRECTION('center_axis',(0.,1.,0.));
#4646=DIRECTION('ref_axis',(1.,0.,0.));
#4647=DIRECTION('',(2.00098335833269E-15,0.,-1.));
#4648=DIRECTION('center_axis',(0.,1.,0.));
#4649=DIRECTION('ref_axis',(-1.38777878078148E-14,0.,-1.));
#4650=DIRECTION('center_axis',(0.,1.,0.));
#4651=DIRECTION('ref_axis',(1.,0.,0.));
#4652=DIRECTION('',(0.,1.,0.));
#4653=DIRECTION('',(0.,1.,0.));
#4654=DIRECTION('center_axis',(-1.,0.,-2.00098335833269E-15));
#4655=DIRECTION('ref_axis',(-2.00098335833269E-15,0.,1.));
#4656=DIRECTION('',(0.,1.,0.));
#4657=DIRECTION('center_axis',(0.,1.,0.));
#4658=DIRECTION('ref_axis',(-1.38777878078148E-14,0.,-1.));
#4659=DIRECTION('',(0.,1.,0.));
#4660=DIRECTION('center_axis',(1.92094402391588E-13,0.,1.));
#4661=DIRECTION('ref_axis',(1.,0.,-1.92094402391588E-13));
#4662=DIRECTION('',(0.,1.,0.));
#4663=DIRECTION('center_axis',(0.,1.,0.));
#4664=DIRECTION('ref_axis',(-0.460761203217736,0.,0.88752414818378));
#4665=DIRECTION('',(0.,1.,0.));
#4666=DIRECTION('',(0.,1.,0.));
#4667=DIRECTION('center_axis',(0.,1.,0.));
#4668=DIRECTION('ref_axis',(0.460761203217735,0.,-0.88752414818378));
#4669=DIRECTION('',(0.,1.,0.));
#4670=DIRECTION('center_axis',(1.,0.,-2.36217664813502E-16));
#4671=DIRECTION('ref_axis',(-2.36217664813502E-16,0.,-1.));
#4672=DIRECTION('',(0.,1.,0.));
#4673=DIRECTION('center_axis',(0.,1.,0.));
#4674=DIRECTION('ref_axis',(1.,0.,0.));
#4675=DIRECTION('',(0.,1.,0.));
#4676=DIRECTION('center_axis',(2.56091444365547E-12,0.,1.));
#4677=DIRECTION('ref_axis',(1.,0.,-2.56091444365547E-12));
#4678=DIRECTION('',(0.,1.,0.));
#4679=DIRECTION('center_axis',(0.,1.,0.));
#4680=DIRECTION('ref_axis',(-1.,0.,1.53566048766152E-11));
#4681=DIRECTION('',(0.,-1.,0.));
#4682=DIRECTION('center_axis',(-5.11838633483703E-12,0.,-1.));
#4683=DIRECTION('ref_axis',(-1.,0.,5.11838633483703E-12));
#4684=DIRECTION('',(0.,1.,0.));
#4685=DIRECTION('center_axis',(0.,-1.,0.));
#4686=DIRECTION('ref_axis',(0.1293213827801,0.,-0.991602732930806));
#4687=DIRECTION('',(0.,-1.,0.));
#4688=DIRECTION('center_axis',(1.,0.,-1.53546423592251E-11));
#4689=DIRECTION('ref_axis',(1.53546423592251E-11,0.,1.));
#4690=DIRECTION('',(0.,-1.,0.));
#4691=DIRECTION('center_axis',(0.,1.,0.));
#4692=DIRECTION('ref_axis',(1.,0.,5.77315972805094E-13));
#4693=DIRECTION('',(0.,1.,0.));
#4694=DIRECTION('',(0.,1.,0.));
#4695=DIRECTION('center_axis',(-1.,0.,-5.5777142163637E-13));
#4696=DIRECTION('ref_axis',(-5.5777142163637E-13,0.,1.));
#4697=DIRECTION('',(0.,1.,0.));
#4698=DIRECTION('center_axis',(0.,1.,0.));
#4699=DIRECTION('ref_axis',(7.20534743480785E-12,0.,-1.));
#4700=DIRECTION('',(0.,1.,0.));
#4701=DIRECTION('center_axis',(0.,1.,0.));
#4702=DIRECTION('ref_axis',(-7.20312698395984E-12,0.,1.));
#4703=DIRECTION('',(0.,-1.,0.));
#4704=DIRECTION('',(0.,1.,0.));
#4705=DIRECTION('center_axis',(7.20608757852106E-12,0.,-1.));
#4706=DIRECTION('ref_axis',(-1.,0.,-7.20608757852106E-12));
#4707=DIRECTION('',(0.,1.,0.));
#4708=DIRECTION('center_axis',(0.,1.,0.));
#4709=DIRECTION('ref_axis',(7.20312698377405E-12,0.,-1.));
#4710=DIRECTION('',(0.,1.,0.));
#4711=DIRECTION('center_axis',(1.,0.,-1.43622487640651E-13));
#4712=DIRECTION('ref_axis',(-1.43622487640651E-13,0.,-1.));
#4713=DIRECTION('',(0.,1.,0.));
#4714=DIRECTION('center_axis',(0.,1.,0.));
#4715=DIRECTION('ref_axis',(1.,0.,-1.42108547152018E-13));
#4716=DIRECTION('',(0.,1.,0.));
#4717=DIRECTION('center_axis',(0.,0.,1.));
#4718=DIRECTION('ref_axis',(1.,0.,0.));
#4719=DIRECTION('',(0.,1.,0.));
#4720=DIRECTION('center_axis',(0.,1.,0.));
#4721=DIRECTION('ref_axis',(-1.,0.,0.));
#4722=DIRECTION('',(0.,-1.,0.));
#4723=DIRECTION('center_axis',(1.,0.,7.19994867529728E-12));
#4724=DIRECTION('ref_axis',(-7.19994867529727E-12,0.,1.));
#4725=DIRECTION('',(0.,-1.,0.));
#4726=DIRECTION('center_axis',(1.,0.,0.));
#4727=DIRECTION('ref_axis',(0.,0.,1.));
#4728=DIRECTION('',(0.,-1.,0.));
#4729=DIRECTION('',(0.,1.,0.));
#4730=DIRECTION('',(-3.67034644627626E-12,0.,-1.));
#4731=DIRECTION('',(0.,1.,0.));
#4732=DIRECTION('',(0.,-1.,0.));
#4733=DIRECTION('',(3.67034644627626E-12,0.,1.));
#4734=DIRECTION('',(0.,-1.,0.));
#4735=DIRECTION('',(0.,1.,0.));
#4736=DIRECTION('center_axis',(1.,0.,5.57776047547986E-13));
#4737=DIRECTION('ref_axis',(-3.93569842976733E-13,0.707106781186547,0.707106781186548));
#4738=DIRECTION('',(-1.,0.,-5.57776047547986E-13));
#4739=DIRECTION('center_axis',(-5.57776047539797E-13,0.,1.));
#4740=DIRECTION('ref_axis',(-1.,0.,-5.57776047539797E-13));
#4741=DIRECTION('center_axis',(5.57776047539797E-13,0.,-1.));
#4742=DIRECTION('ref_axis',(-0.707106781186548,-0.707106781186547,5.70257580993947E-12));
#4743=DIRECTION('',(-1.,0.,8.06688049755558E-12));
#4744=DIRECTION('',(0.,-1.,0.));
#4745=DIRECTION('center_axis',(6.38145304459597E-13,0.,1.));
#4746=DIRECTION('ref_axis',(-0.707106781186544,0.707106781186551,4.52186628100929E-13));
#4747=DIRECTION('center_axis',(-6.33870033423167E-13,0.,-1.));
#4748=DIRECTION('ref_axis',(-0.707106781186544,0.707106781186551,4.52186628100929E-13));
#4749=DIRECTION('',(6.38145304459597E-13,0.,1.));
#4750=DIRECTION('center_axis',(0.,0.,1.));
#4751=DIRECTION('ref_axis',(-0.707106781186544,0.707106781186551,4.52186628100929E-13));
#4752=DIRECTION('',(-6.38145304459597E-13,0.,-1.));
#4753=DIRECTION('center_axis',(0.,-1.,0.));
#4754=DIRECTION('ref_axis',(1.,0.,0.));
#4755=DIRECTION('',(1.,0.,-6.33870033423167E-13));
#4756=DIRECTION('',(-1.83297056265483E-13,0.,-1.));
#4757=DIRECTION('',(-1.,0.,0.));
#4758=DIRECTION('center_axis',(1.83297056265484E-13,0.,1.));
#4759=DIRECTION('ref_axis',(0.707106781186553,0.707106781186543,-1.25607396694701E-13));
#4760=DIRECTION('center_axis',(-6.33870033423167E-13,0.,-1.));
#4761=DIRECTION('ref_axis',(0.707106781186553,0.707106781186543,-1.25607396694701E-13));
#4762=DIRECTION('',(1.83297056265483E-13,0.,1.));
#4763=DIRECTION('center_axis',(0.,0.,1.));
#4764=DIRECTION('ref_axis',(0.707106781186553,0.707106781186543,-1.25607396694701E-13));
#4765=DIRECTION('center_axis',(-1.,0.,1.83297056265484E-13));
#4766=DIRECTION('ref_axis',(-1.83297056265483E-13,0.,-1.));
#4767=DIRECTION('',(0.,1.,0.));
#4768=DIRECTION('',(-1.83297056265483E-13,0.,-1.));
#4769=DIRECTION('',(0.,-1.,0.));
#4770=DIRECTION('',(-1.83297056265483E-13,0.,-1.));
#4771=DIRECTION('',(0.,-1.,0.));
#4772=DIRECTION('',(0.,0.,-1.));
#4773=DIRECTION('center_axis',(1.,0.,-1.83297056265484E-13));
#4774=DIRECTION('ref_axis',(0.,-0.707106781186547,0.707106781186548));
#4775=DIRECTION('',(0.,-1.,0.));
#4776=DIRECTION('center_axis',(0.,0.,-1.));
#4777=DIRECTION('ref_axis',(0.707106781186544,0.707106781186551,0.));
#4778=DIRECTION('center_axis',(0.,0.,-1.));
#4779=DIRECTION('ref_axis',(0.,1.,0.));
#4780=DIRECTION('',(0.,0.,-1.));
#4781=DIRECTION('center_axis',(-1.85037170770861E-16,0.,1.));
#4782=DIRECTION('ref_axis',(1.,0.,1.85037170770861E-16));
#4783=DIRECTION('',(0.,0.,1.));
#4784=DIRECTION('center_axis',(0.,1.,0.));
#4785=DIRECTION('ref_axis',(0.,0.,1.));
#4786=DIRECTION('center_axis',(0.999999999984071,0.,5.64425365704816E-6));
#4787=DIRECTION('ref_axis',(5.64425365704816E-6,0.,-0.999999999984071));
#4788=DIRECTION('center_axis',(0.,-1.,0.));
#4789=DIRECTION('ref_axis',(0.707106365872364,0.,-0.707107196500487));
#4790=DIRECTION('center_axis',(0.,1.,0.));
#4791=DIRECTION('ref_axis',(0.707106365872364,0.,-0.707107196500487));
#4792=DIRECTION('center_axis',(-1.,0.,-1.96143286701576E-12));
#4793=DIRECTION('ref_axis',(1.38168136364172E-12,0.707106781186548,-0.707106781186547));
#4794=DIRECTION('center_axis',(1.,0.,1.95750822958492E-12));
#4795=DIRECTION('ref_axis',(1.95750822958492E-12,0.,-1.));
#4796=DIRECTION('',(1.,0.,1.96143286701576E-12));
#4797=DIRECTION('',(-1.,0.,-1.96143286701576E-12));
#4798=DIRECTION('center_axis',(0.,1.,0.));
#4799=DIRECTION('ref_axis',(0.,0.,1.));
#4800=DIRECTION('center_axis',(1.4490563935432E-5,0.,-0.999999999895012));
#4801=DIRECTION('ref_axis',(-0.999999999895012,0.,-1.4490563935432E-5));
#4802=DIRECTION('center_axis',(0.,-1.,0.));
#4803=DIRECTION('ref_axis',(-0.707105466613783,0.,-0.707108095756869));
#4804=DIRECTION('center_axis',(0.,1.,0.));
#4805=DIRECTION('ref_axis',(-0.707105466613783,0.,-0.707108095756869));
#4806=DIRECTION('center_axis',(8.0668446681985E-12,0.,1.));
#4807=DIRECTION('ref_axis',(-0.707106781186548,0.707106781186547,5.70257580993947E-12));
#4808=DIRECTION('center_axis',(-8.064660051431E-12,0.,-1.));
#4809=DIRECTION('ref_axis',(-1.,0.,8.064660051431E-12));
#4810=DIRECTION('',(-8.0668446681985E-12,0.,-1.));
#4811=DIRECTION('center_axis',(0.,1.,0.));
#4812=DIRECTION('ref_axis',(0.,0.,1.));
#4813=DIRECTION('center_axis',(-1.,0.,4.26695715797601E-13));
#4814=DIRECTION('ref_axis',(4.26695715797601E-13,0.,1.));
#4815=DIRECTION('center_axis',(0.,-1.,0.));
#4816=DIRECTION('ref_axis',(-0.707101154195474,0.,0.707112408132843));
#4817=DIRECTION('center_axis',(0.,1.,0.));
#4818=DIRECTION('ref_axis',(-0.707101154195474,0.,0.707112408132843));
#4819=DIRECTION('center_axis',(1.,0.,0.));
#4820=DIRECTION('ref_axis',(0.,0.707106781186547,0.707106781186548));
#4821=DIRECTION('center_axis',(-1.,0.,0.));
#4822=DIRECTION('ref_axis',(0.,0.,1.));
#4823=DIRECTION('',(-1.,0.,0.));
#4824=DIRECTION('',(1.,0.,0.));
#4825=DIRECTION('center_axis',(0.,1.,0.));
#4826=DIRECTION('ref_axis',(0.,0.,1.));
#4827=DIRECTION('center_axis',(0.,-1.,0.));
#4828=DIRECTION('ref_axis',(0.707109546217656,0.,0.707104016144627));
#4829=DIRECTION('center_axis',(0.,1.,0.));
#4830=DIRECTION('ref_axis',(0.707109546217656,0.,0.707104016144627));
#4831=DIRECTION('center_axis',(0.,-1.,0.));
#4832=DIRECTION('ref_axis',(-0.999999999895012,0.,-1.44905639354861E-5));
#4833=DIRECTION('',(0.,-1.,0.));
#4834=DIRECTION('center_axis',(0.,-1.,0.));
#4835=DIRECTION('ref_axis',(-0.707105466613783,0.,-0.707108095756869));
#4836=DIRECTION('center_axis',(1.96143286701576E-12,0.,-1.));
#4837=DIRECTION('ref_axis',(1.,0.,1.96143286701576E-12));
#4838=DIRECTION('',(0.,-1.,0.));
#4839=DIRECTION('',(1.,0.,1.96143286701576E-12));
#4840=DIRECTION('center_axis',(0.,-1.,0.));
#4841=DIRECTION('ref_axis',(5.64425366631536E-6,0.,-0.999999999984071));
#4842=DIRECTION('',(0.,-1.,0.));
#4843=DIRECTION('center_axis',(0.,-1.,0.));
#4844=DIRECTION('ref_axis',(0.707106365872364,0.,-0.707107196500487));
#4845=DIRECTION('center_axis',(1.,0.,0.));
#4846=DIRECTION('ref_axis',(0.,0.,1.));
#4847=DIRECTION('',(0.,-1.,0.));
#4848=DIRECTION('',(0.,0.,1.));
#4849=DIRECTION('center_axis',(0.,-1.,0.));
#4850=DIRECTION('ref_axis',(1.,0.,0.));
#4851=DIRECTION('center_axis',(0.,-1.,0.));
#4852=DIRECTION('ref_axis',(0.99999999979497,0.,2.02499223690954E-5));
#4853=DIRECTION('',(-1.,0.,6.33870033423167E-13));
#4854=DIRECTION('center_axis',(0.,-1.,0.));
#4855=DIRECTION('ref_axis',(1.86329352085912E-13,0.,1.));
#4856=DIRECTION('center_axis',(0.,-1.,0.));
#4857=DIRECTION('ref_axis',(-0.999999999806173,0.,-1.96889100693493E-5));
#4858=DIRECTION('',(1.,0.,1.16827669081871E-14));
#4859=DIRECTION('center_axis',(0.,-1.,0.));
#4860=DIRECTION('ref_axis',(7.66908806577668E-6,0.,-0.999999999970593));
#4861=DIRECTION('',(0.,0.,1.));
#4862=DIRECTION('center_axis',(-8.0668446681985E-12,0.,-1.));
#4863=DIRECTION('ref_axis',(-0.707106781186548,-0.707106781186547,5.70257580993947E-12));
#4864=DIRECTION('center_axis',(8.06762064560946E-12,0.,1.));
#4865=DIRECTION('ref_axis',(-1.,0.,8.06762064560946E-12));
#4866=DIRECTION('',(8.0668446681985E-12,0.,1.));
#4867=DIRECTION('center_axis',(0.,-1.,0.));
#4868=DIRECTION('ref_axis',(0.,0.,-1.));
#4869=DIRECTION('center_axis',(-0.999999999941978,0.,1.07723941260976E-5));
#4870=DIRECTION('ref_axis',(-1.07723941260976E-5,0.,-0.999999999941978));
#4871=DIRECTION('center_axis',(0.,1.,0.));
#4872=DIRECTION('ref_axis',(-0.707105466613783,0.,-0.707108095756869));
#4873=DIRECTION('center_axis',(1.,0.,1.96143286701576E-12));
#4874=DIRECTION('ref_axis',(1.38168136364172E-12,-0.707106781186548,-0.707106781186547));
#4875=DIRECTION('center_axis',(-1.,0.,-1.96583490226961E-12));
#4876=DIRECTION('ref_axis',(1.96583490226961E-12,0.,-1.));
#4877=DIRECTION('',(-1.,0.,-1.96143286701576E-12));
#4878=DIRECTION('center_axis',(0.,-1.,0.));
#4879=DIRECTION('ref_axis',(0.,0.,-1.));
#4880=DIRECTION('center_axis',(-6.81893922856702E-6,0.,-0.999999999976751));
#4881=DIRECTION('ref_axis',(0.999999999976751,0.,-6.81893922856702E-6));
#4882=DIRECTION('center_axis',(0.,1.,0.));
#4883=DIRECTION('ref_axis',(0.707106365872364,0.,-0.707107196500487));
#4884=DIRECTION('center_axis',(0.,0.,1.));
#4885=DIRECTION('ref_axis',(0.707106781186544,-0.707106781186551,0.));
#4886=DIRECTION('center_axis',(0.,0.,-1.));
#4887=DIRECTION('ref_axis',(1.,0.,0.));
#4888=DIRECTION('',(0.,0.,-1.));
#4889=DIRECTION('center_axis',(0.,-1.,0.));
#4890=DIRECTION('ref_axis',(0.,0.,-1.));
#4891=DIRECTION('center_axis',(0.999999999874349,0.,-1.58525421276965E-5));
#4892=DIRECTION('ref_axis',(1.58525421276965E-5,0.,0.999999999874349));
#4893=DIRECTION('center_axis',(0.,1.,0.));
#4894=DIRECTION('ref_axis',(0.707109546217656,0.,0.707104016144627));
#4895=DIRECTION('center_axis',(0.,-1.,0.));
#4896=DIRECTION('ref_axis',(0.707109546217656,0.,0.707104016144627));
#4897=DIRECTION('center_axis',(-1.,0.,0.));
#4898=DIRECTION('ref_axis',(0.,-0.707106781186547,0.707106781186548));
#4899=DIRECTION('',(1.,0.,0.));
#4900=DIRECTION('',(-1.,0.,0.));
#4901=DIRECTION('center_axis',(0.,-1.,0.));
#4902=DIRECTION('ref_axis',(0.999999999967745,0.,8.03183784792656E-6));
#4903=DIRECTION('',(0.,-1.,0.));
#4904=DIRECTION('center_axis',(-1.,0.,0.));
#4905=DIRECTION('ref_axis',(0.,-0.707106781186547,0.707106781186548));
#4906=DIRECTION('center_axis',(-1.,0.,6.38145304459597E-13));
#4907=DIRECTION('ref_axis',(0.,-0.707106781186547,0.707106781186548));
#4908=DIRECTION('',(-1.,0.,0.));
#4909=DIRECTION('center_axis',(1.,0.,0.));
#4910=DIRECTION('ref_axis',(0.,0.,1.));
#4911=DIRECTION('',(1.,0.,0.));
#4912=DIRECTION('center_axis',(0.,-1.,0.));
#4913=DIRECTION('ref_axis',(0.,0.,-1.));
#4914=DIRECTION('center_axis',(1.59154704289695E-5,0.,0.999999999873349));
#4915=DIRECTION('ref_axis',(-0.999999999873349,0.,1.59154704289695E-5));
#4916=DIRECTION('center_axis',(0.,1.,0.));
#4917=DIRECTION('ref_axis',(-0.707101154195474,0.,0.707112408132843));
#4918=DIRECTION('center_axis',(0.,-1.,0.));
#4919=DIRECTION('ref_axis',(-0.707101154195474,0.,0.707112408132843));
#4920=DIRECTION('center_axis',(-8.0668446681985E-12,0.,-1.));
#4921=DIRECTION('ref_axis',(-0.707106781186548,-0.707106781186547,5.70257580993947E-12));
#4922=DIRECTION('center_axis',(-5.57776047547986E-13,0.,1.));
#4923=DIRECTION('ref_axis',(-0.707106781186548,-0.707106781186547,5.70257580993947E-12));
#4924=DIRECTION('',(8.0668446681985E-12,0.,1.));
#4925=DIRECTION('center_axis',(0.,-1.,0.));
#4926=DIRECTION('ref_axis',(4.26792717064935E-13,0.,1.));
#4927=DIRECTION('',(0.,-1.,0.));
#4928=DIRECTION('center_axis',(0.,0.,1.));
#4929=DIRECTION('ref_axis',(-1.,0.,0.));
#4930=DIRECTION('',(0.,-1.,0.));
#4931=DIRECTION('center_axis',(1.,0.,-6.38145304459597E-13));
#4932=DIRECTION('ref_axis',(6.38145304459597E-13,0.,1.));
#4933=DIRECTION('',(0.,0.,1.));
#4934=DIRECTION('',(0.,-1.,0.));
#4935=DIRECTION('',(0.,-1.,0.));
#4936=DIRECTION('',(0.,-1.,0.));
#4937=DIRECTION('center_axis',(0.,1.,0.));
#4938=DIRECTION('ref_axis',(7.66908806577668E-6,0.,-0.999999999970593));
#4939=DIRECTION('',(0.,1.,0.));
#4940=DIRECTION('',(0.,1.,0.));
#4941=DIRECTION('center_axis',(-1.16827669081871E-14,0.,1.));
#4942=DIRECTION('ref_axis',(1.,0.,1.16827669081871E-14));
#4943=DIRECTION('',(0.,1.,0.));
#4944=DIRECTION('center_axis',(0.,1.,0.));
#4945=DIRECTION('ref_axis',(-0.999999999806173,0.,-1.96889100693493E-5));
#4946=DIRECTION('center_axis',(0.,1.,0.));
#4947=DIRECTION('ref_axis',(1.86329352085912E-13,0.,1.));
#4948=DIRECTION('',(0.,1.,0.));
#4949=DIRECTION('center_axis',(-6.33870033423167E-13,0.,-1.));
#4950=DIRECTION('ref_axis',(-1.,0.,6.33870033423167E-13));
#4951=DIRECTION('',(0.,1.,0.));
#4952=DIRECTION('',(1.,0.,-6.33870033423167E-13));
#4953=DIRECTION('center_axis',(0.,1.,0.));
#4954=DIRECTION('ref_axis',(0.99999999979497,0.,2.02499223690954E-5));
#4955=DIRECTION('center_axis',(0.,1.,0.));
#4956=DIRECTION('ref_axis',(0.99999999979497,0.,2.02499223690954E-5));
#4957=DIRECTION('',(0.,1.,0.));
#4958=DIRECTION('center_axis',(-6.33870033423167E-13,0.,-1.));
#4959=DIRECTION('ref_axis',(1.,0.,-6.33870033423167E-13));
#4960=DIRECTION('',(1.,0.,-6.33870033423167E-13));
#4961=DIRECTION('',(0.,-1.,0.));
#4962=DIRECTION('center_axis',(0.,-1.,0.));
#4963=DIRECTION('ref_axis',(1.86329352085912E-13,0.,1.));
#4964=DIRECTION('center_axis',(0.,1.,0.));
#4965=DIRECTION('ref_axis',(1.86329352085912E-13,0.,1.));
#4966=DIRECTION('center_axis',(0.,-1.,0.));
#4967=DIRECTION('ref_axis',(1.,0.,0.));
#4968=DIRECTION('',(1.,0.,-3.66817687372826E-12));
#4969=DIRECTION('center_axis',(0.,-1.,0.));
#4970=DIRECTION('ref_axis',(0.991602732922117,0.,0.129321382846725));
#4971=DIRECTION('',(0.,-1.,0.));
#4972=DIRECTION('center_axis',(0.,-1.,0.));
#4973=DIRECTION('ref_axis',(0.,0.,1.));
#4974=DIRECTION('',(0.,-1.,0.));
#4975=DIRECTION('center_axis',(0.,-1.,0.));
#4976=DIRECTION('ref_axis',(-0.991602732921731,0.,-0.129321382849687));
#4977=DIRECTION('',(0.,-1.,0.));
#4978=DIRECTION('center_axis',(0.,-1.,0.));
#4979=DIRECTION('ref_axis',(0.991602732921724,0.,0.129321382849733));
#4980=DIRECTION('',(0.,-1.,0.));
#4981=DIRECTION('center_axis',(-5.17559718049115E-15,0.,-1.));
#4982=DIRECTION('ref_axis',(1.,0.,-5.17559718049115E-15));
#4983=DIRECTION('',(0.,-1.,0.));
#4984=DIRECTION('center_axis',(0.,-1.,0.));
#4985=DIRECTION('ref_axis',(0.,0.,1.));
#4986=DIRECTION('',(0.,-1.,0.));
#4987=DIRECTION('center_axis',(0.,-1.,0.));
#4988=DIRECTION('ref_axis',(0.129321382946664,0.,-0.991602732909083));
#4989=DIRECTION('',(0.,-1.,0.));
#4990=DIRECTION('center_axis',(0.,-1.,0.));
#4991=DIRECTION('ref_axis',(-0.12932138299365,0.,0.991602732902955));
#4992=DIRECTION('center_axis',(0.,-1.,0.));
#4993=DIRECTION('ref_axis',(-0.129321382884357,0.,0.991602732917209));
#4994=DIRECTION('',(0.,-1.,0.));
#4995=DIRECTION('center_axis',(1.,0.,0.));
#4996=DIRECTION('ref_axis',(0.,0.,1.));
#4997=DIRECTION('center_axis',(5.57776047547986E-13,0.,-1.));
#4998=DIRECTION('ref_axis',(1.,0.,5.57776047547986E-13));
#4999=DIRECTION('center_axis',(0.,-1.,0.));
#5000=DIRECTION('ref_axis',(-5.96781300375572E-14,0.,1.));
#5001=DIRECTION('',(0.,-1.,0.));
#5002=DIRECTION('center_axis',(0.,-1.,0.));
#5003=DIRECTION('ref_axis',(-0.991602732922133,0.,-0.129321382846601));
#5004=DIRECTION('center_axis',(0.,-1.,0.));
#5005=DIRECTION('ref_axis',(1.,0.,0.));
#5006=DIRECTION('',(0.,0.,-1.));
#5007=DIRECTION('center_axis',(0.,1.,0.));
#5008=DIRECTION('ref_axis',(1.,0.,0.));
#5009=DIRECTION('',(1.,0.,-6.09908000529394E-15));
#5010=DIRECTION('center_axis',(0.,-1.,0.));
#5011=DIRECTION('ref_axis',(-0.12932148972861,0.,0.991602718982947));
#5012=DIRECTION('center_axis',(0.,1.,0.));
#5013=DIRECTION('ref_axis',(0.129321489728764,0.,-0.991602718982927));
#5014=DIRECTION('',(0.,0.,-1.));
#5015=DIRECTION('center_axis',(0.,1.,0.));
#5016=DIRECTION('ref_axis',(1.,0.,0.));
#5017=DIRECTION('center_axis',(0.,-1.,0.));
#5018=DIRECTION('ref_axis',(-0.991602732921779,0.,-0.129321382849316));
#5019=DIRECTION('center_axis',(0.,1.,0.));
#5020=DIRECTION('ref_axis',(0.991602732921778,0.,0.129321382849319));
#5021=DIRECTION('',(1.,0.,-3.79543785451621E-13));
#5022=DIRECTION('center_axis',(0.,1.,0.));
#5023=DIRECTION('ref_axis',(0.,0.,1.));
#5024=DIRECTION('center_axis',(0.,-1.,0.));
#5025=DIRECTION('ref_axis',(-0.991602732922508,0.,-0.129321382843725));
#5026=DIRECTION('center_axis',(0.,1.,0.));
#5027=DIRECTION('ref_axis',(0.991602732922508,0.,0.129321382843722));
#5028=DIRECTION('',(1.,0.,2.57145313012221E-13));
#5029=DIRECTION('center_axis',(0.,1.,0.));
#5030=DIRECTION('ref_axis',(1.49195325094192E-14,0.,1.));
#5031=DIRECTION('center_axis',(0.,-1.,0.));
#5032=DIRECTION('ref_axis',(-0.991602732921803,0.,-0.129321382849134));
#5033=DIRECTION('center_axis',(0.,1.,0.));
#5034=DIRECTION('ref_axis',(0.991602732921807,0.,0.1293213828491));
#5035=DIRECTION('center_axis',(0.,-1.,0.));
#5036=DIRECTION('ref_axis',(7.66908806577668E-6,0.,-0.999999999970593));
#5037=DIRECTION('',(0.,-1.,0.));
#5038=DIRECTION('center_axis',(0.,1.,0.));
#5039=DIRECTION('ref_axis',(7.66908806577668E-6,0.,-0.999999999970593));
#5040=DIRECTION('',(0.,-1.,0.));
#5041=DIRECTION('center_axis',(-1.16827669081871E-14,0.,1.));
#5042=DIRECTION('ref_axis',(-1.,0.,-1.16827669081871E-14));
#5043=DIRECTION('',(0.,-1.,0.));
#5044=DIRECTION('',(-1.,0.,-1.16827669081871E-14));
#5045=DIRECTION('center_axis',(0.,-1.,0.));
#5046=DIRECTION('ref_axis',(-0.999999999806173,0.,-1.96889100693493E-5));
#5047=DIRECTION('',(0.,-1.,0.));
#5048=DIRECTION('center_axis',(0.,1.,0.));
#5049=DIRECTION('ref_axis',(-0.999999999806173,0.,-1.96889100693493E-5));
#5050=DIRECTION('center_axis',(1.,0.,-3.67034644627626E-12));
#5051=DIRECTION('ref_axis',(3.67034644627626E-12,0.,1.));
#5052=DIRECTION('',(3.67034644627626E-12,0.,1.));
#5053=DIRECTION('center_axis',(-1.,0.,0.));
#5054=DIRECTION('ref_axis',(0.,0.,-1.));
#5055=DIRECTION('',(0.,-1.,0.));
#5056=DIRECTION('',(0.,-1.,0.));
#5057=DIRECTION('',(0.,0.,-1.));
#5058=DIRECTION('',(0.,-1.,0.));
#5059=DIRECTION('',(0.,0.,-1.));
#5060=DIRECTION('center_axis',(0.,-1.,0.));
#5061=DIRECTION('ref_axis',(0.99999999979497,0.,2.02499223690954E-5));
#5062=DIRECTION('center_axis',(0.,1.,0.));
#5063=DIRECTION('ref_axis',(0.99999999979497,0.,2.02499223690954E-5));
#5064=DIRECTION('center_axis',(0.,1.,0.));
#5065=DIRECTION('ref_axis',(0.99999999979497,0.,2.02499223690954E-5));
#5066=DIRECTION('',(0.,-1.,0.));
#5067=DIRECTION('center_axis',(-6.33870033423167E-13,0.,-1.));
#5068=DIRECTION('ref_axis',(1.,0.,-6.33870033423167E-13));
#5069=DIRECTION('',(1.,0.,-6.33870033423167E-13));
#5070=DIRECTION('',(1.,0.,-6.33870033423167E-13));
#5071=DIRECTION('center_axis',(0.,-1.,0.));
#5072=DIRECTION('ref_axis',(1.,0.,0.));
#5073=DIRECTION('center_axis',(1.,0.,0.));
#5074=DIRECTION('ref_axis',(0.,0.,1.));
#5075=DIRECTION('',(0.,-1.,0.));
#5076=DIRECTION('',(0.,-1.,0.));
#5077=DIRECTION('center_axis',(0.,-1.,0.));
#5078=DIRECTION('ref_axis',(-1.,0.,0.));
#5079=DIRECTION('',(0.,-1.,0.));
#5080=DIRECTION('center_axis',(-6.23378274225394E-15,0.,1.));
#5081=DIRECTION('ref_axis',(-1.,0.,-6.23378274225394E-15));
#5082=DIRECTION('',(0.,-1.,0.));
#5083=DIRECTION('center_axis',(0.,-1.,0.));
#5084=DIRECTION('ref_axis',(0.,0.,-1.));
#5085=DIRECTION('center_axis',(0.,-1.,0.));
#5086=DIRECTION('ref_axis',(-1.,0.,0.));
#5087=DIRECTION('',(0.,-1.,0.));
#5088=DIRECTION('center_axis',(0.,-1.,0.));
#5089=DIRECTION('ref_axis',(0.129321382855342,0.,-0.991602732920993));
#5090=DIRECTION('',(0.,-1.,0.));
#5091=DIRECTION('center_axis',(0.,-1.,0.));
#5092=DIRECTION('ref_axis',(-0.129321382855341,0.,0.991602732920993));
#5093=DIRECTION('',(0.,-1.,0.));
#5094=DIRECTION('center_axis',(1.,0.,-4.82745243369133E-12));
#5095=DIRECTION('ref_axis',(4.82745243369133E-12,0.,1.));
#5096=DIRECTION('',(0.,-1.,0.));
#5097=DIRECTION('center_axis',(0.,-1.,0.));
#5098=DIRECTION('ref_axis',(-1.,0.,4.82740123771624E-12));
#5099=DIRECTION('',(0.,-1.,0.));
#5100=DIRECTION('center_axis',(0.,-1.,0.));
#5101=DIRECTION('ref_axis',(1.,0.,8.88178419700125E-16));
#5102=DIRECTION('',(0.,-1.,0.));
#5103=DIRECTION('center_axis',(1.,0.,9.37391471970015E-16));
#5104=DIRECTION('ref_axis',(-9.37391471970015E-16,0.,1.));
#5105=DIRECTION('',(0.,-1.,0.));
#5106=DIRECTION('center_axis',(0.,-1.,0.));
#5107=DIRECTION('ref_axis',(-1.,0.,-9.3247078186522E-16));
#5108=DIRECTION('',(0.,-1.,0.));
#5109=DIRECTION('center_axis',(7.07546334979696E-15,0.,1.));
#5110=DIRECTION('ref_axis',(-1.,0.,7.07546334979696E-15));
#5111=DIRECTION('',(0.,-1.,0.));
#5112=DIRECTION('center_axis',(0.,-1.,0.));
#5113=DIRECTION('ref_axis',(0.,0.,-1.));
#5114=DIRECTION('',(0.,-1.,0.));
#5115=DIRECTION('center_axis',(-1.,0.,0.));
#5116=DIRECTION('ref_axis',(0.,0.,-1.));
#5117=DIRECTION('',(0.,-1.,0.));
#5118=DIRECTION('center_axis',(0.,-1.,0.));
#5119=DIRECTION('ref_axis',(1.,0.,0.));
#5120=DIRECTION('',(0.,-1.,0.));
#5121=DIRECTION('center_axis',(1.,0.,0.));
#5122=DIRECTION('ref_axis',(0.,0.,1.));
#5123=DIRECTION('',(0.,-1.,0.));
#5124=DIRECTION('center_axis',(0.,-1.,0.));
#5125=DIRECTION('ref_axis',(-1.,0.,0.));
#5126=DIRECTION('',(0.,-1.,0.));
#5127=DIRECTION('center_axis',(0.,0.,1.));
#5128=DIRECTION('ref_axis',(-1.,0.,0.));
#5129=DIRECTION('',(0.,-1.,0.));
#5130=DIRECTION('center_axis',(0.,-1.,0.));
#5131=DIRECTION('ref_axis',(0.,0.,-1.));
#5132=DIRECTION('',(0.,-1.,0.));
#5133=DIRECTION('center_axis',(-1.,0.,0.));
#5134=DIRECTION('ref_axis',(0.,0.,-1.));
#5135=DIRECTION('',(0.,-1.,0.));
#5136=DIRECTION('center_axis',(0.,-1.,0.));
#5137=DIRECTION('ref_axis',(1.,0.,0.));
#5138=DIRECTION('',(0.,-1.,0.));
#5139=DIRECTION('center_axis',(1.,0.,0.));
#5140=DIRECTION('ref_axis',(0.,0.,1.));
#5141=DIRECTION('',(0.,-1.,0.));
#5142=DIRECTION('center_axis',(0.,-1.,0.));
#5143=DIRECTION('ref_axis',(-1.,0.,0.));
#5144=DIRECTION('',(0.,-1.,0.));
#5145=DIRECTION('center_axis',(0.,0.,1.));
#5146=DIRECTION('ref_axis',(-1.,0.,0.));
#5147=DIRECTION('',(0.,-1.,0.));
#5148=DIRECTION('center_axis',(0.,-1.,0.));
#5149=DIRECTION('ref_axis',(0.,0.,-1.));
#5150=DIRECTION('',(0.,-1.,0.));
#5151=DIRECTION('center_axis',(-1.,0.,0.));
#5152=DIRECTION('ref_axis',(0.,0.,-1.));
#5153=DIRECTION('',(0.,-1.,0.));
#5154=DIRECTION('center_axis',(0.,-1.,0.));
#5155=DIRECTION('ref_axis',(1.,0.,0.));
#5156=DIRECTION('center_axis',(0.,-1.,0.));
#5157=DIRECTION('ref_axis',(0.991602732921807,0.,0.1293213828491));
#5158=DIRECTION('',(0.,-1.,0.));
#5159=DIRECTION('center_axis',(0.,1.,0.));
#5160=DIRECTION('ref_axis',(0.991602732921807,0.,0.1293213828491));
#5161=DIRECTION('center_axis',(0.,-1.,0.));
#5162=DIRECTION('ref_axis',(1.,0.,0.));
#5163=DIRECTION('center_axis',(0.,1.,0.));
#5164=DIRECTION('ref_axis',(1.,0.,0.));
#5165=DIRECTION('',(0.,-1.,0.));
#5166=DIRECTION('center_axis',(-6.09908000529393E-15,0.,-1.));
#5167=DIRECTION('ref_axis',(1.,0.,-6.09908000529394E-15));
#5168=DIRECTION('',(1.,0.,-6.09908000529394E-15));
#5169=DIRECTION('',(0.,-1.,0.));
#5170=DIRECTION('center_axis',(0.,-1.,0.));
#5171=DIRECTION('ref_axis',(-0.12932148972861,0.,0.991602718982947));
#5172=DIRECTION('center_axis',(0.,-1.,0.));
#5173=DIRECTION('ref_axis',(-0.12932148972861,0.,0.991602718982947));
#5174=DIRECTION('',(0.,-1.,0.));
#5175=DIRECTION('center_axis',(0.,-1.,0.));
#5176=DIRECTION('ref_axis',(0.129321489728764,0.,-0.991602718982927));
#5177=DIRECTION('center_axis',(0.,1.,0.));
#5178=DIRECTION('ref_axis',(0.129321489728764,0.,-0.991602718982927));
#5179=DIRECTION('',(0.,-1.,0.));
#5180=DIRECTION('center_axis',(-1.,0.,0.));
#5181=DIRECTION('ref_axis',(0.,0.,-1.));
#5182=DIRECTION('',(0.,0.,-1.));
#5183=DIRECTION('',(0.,-1.,0.));
#5184=DIRECTION('center_axis',(0.,-1.,0.));
#5185=DIRECTION('ref_axis',(1.,0.,0.));
#5186=DIRECTION('center_axis',(0.,1.,0.));
#5187=DIRECTION('ref_axis',(1.,0.,0.));
#5188=DIRECTION('',(0.,-1.,0.));
#5189=DIRECTION('center_axis',(0.,-1.,0.));
#5190=DIRECTION('ref_axis',(-0.991602732921779,0.,-0.129321382849316));
#5191=DIRECTION('center_axis',(0.,-1.,0.));
#5192=DIRECTION('ref_axis',(-0.991602732921779,0.,-0.129321382849316));
#5193=DIRECTION('',(0.,-1.,0.));
#5194=DIRECTION('center_axis',(0.,-1.,0.));
#5195=DIRECTION('ref_axis',(0.991602732921778,0.,0.129321382849319));
#5196=DIRECTION('center_axis',(0.,1.,0.));
#5197=DIRECTION('ref_axis',(0.991602732921778,0.,0.129321382849319));
#5198=DIRECTION('',(0.,-1.,0.));
#5199=DIRECTION('center_axis',(-3.79543785451621E-13,0.,-1.));
#5200=DIRECTION('ref_axis',(1.,0.,-3.79543785451621E-13));
#5201=DIRECTION('',(1.,0.,-3.79543785451621E-13));
#5202=DIRECTION('',(0.,-1.,0.));
#5203=DIRECTION('center_axis',(0.,-1.,0.));
#5204=DIRECTION('ref_axis',(0.,0.,1.));
#5205=DIRECTION('center_axis',(0.,1.,0.));
#5206=DIRECTION('ref_axis',(0.,0.,1.));
#5207=DIRECTION('',(0.,-1.,0.));
#5208=DIRECTION('center_axis',(0.,-1.,0.));
#5209=DIRECTION('ref_axis',(-0.991602732922508,0.,-0.129321382843725));
#5210=DIRECTION('center_axis',(0.,-1.,0.));
#5211=DIRECTION('ref_axis',(-0.991602732922508,0.,-0.129321382843725));
#5212=DIRECTION('',(0.,-1.,0.));
#5213=DIRECTION('center_axis',(0.,-1.,0.));
#5214=DIRECTION('ref_axis',(0.991602732922508,0.,0.129321382843722));
#5215=DIRECTION('center_axis',(0.,1.,0.));
#5216=DIRECTION('ref_axis',(0.991602732922508,0.,0.129321382843722));
#5217=DIRECTION('',(0.,-1.,0.));
#5218=DIRECTION('center_axis',(2.57145313012221E-13,0.,-1.));
#5219=DIRECTION('ref_axis',(1.,0.,2.57145313012221E-13));
#5220=DIRECTION('',(1.,0.,2.57145313012221E-13));
#5221=DIRECTION('',(0.,-1.,0.));
#5222=DIRECTION('center_axis',(0.,-1.,0.));
#5223=DIRECTION('ref_axis',(1.49195325094192E-14,0.,1.));
#5224=DIRECTION('center_axis',(0.,1.,0.));
#5225=DIRECTION('ref_axis',(1.49195325094192E-14,0.,1.));
#5226=DIRECTION('',(0.,-1.,0.));
#5227=DIRECTION('center_axis',(0.,-1.,0.));
#5228=DIRECTION('ref_axis',(-0.991602732921803,0.,-0.129321382849134));
#5229=DIRECTION('center_axis',(0.,-1.,0.));
#5230=DIRECTION('ref_axis',(-0.991602732921803,0.,-0.129321382849134));
#5231=DIRECTION('center_axis',(0.,-1.,0.));
#5232=DIRECTION('ref_axis',(1.,0.,0.));
#5233=CARTESIAN_POINT('',(0.,0.,0.));
#5234=CARTESIAN_POINT('Origin',(3.17500000000018,1.31,3.17499999994414));
#5235=CARTESIAN_POINT('',(2.37500000000018,1.41,3.17499999994414));
#5236=CARTESIAN_POINT('Origin',(3.17500000000018,1.41,3.17499999994414));
#5237=CARTESIAN_POINT('',(2.17500000000018,1.21,3.17499999994414));
#5238=CARTESIAN_POINT('',(2.27500000000018,1.31,3.17499999994414));
#5239=CARTESIAN_POINT('Origin',(3.17500000000018,1.21,3.17499999994414));
#5240=CARTESIAN_POINT('Origin',(3.17500000000018,-0.09,3.17499999994414));
#5241=CARTESIAN_POINT('',(2.17500000000018,-0.19,3.17499999994414));
#5242=CARTESIAN_POINT('',(2.17500000000018,-0.09,3.17499999994414));
#5243=CARTESIAN_POINT('Origin',(3.17500000000018,-0.19,3.17499999994414));
#5244=CARTESIAN_POINT('Origin',(3.17500000000018,1.41,3.17499999994414));
#5245=CARTESIAN_POINT('Origin',(3.17500000000018,1.31,28.5749999999441));
#5246=CARTESIAN_POINT('',(2.37500000000018,1.41,28.5749999999441));
#5247=CARTESIAN_POINT('Origin',(3.17500000000018,1.41,28.5749999999441));
#5248=CARTESIAN_POINT('',(2.17500000000018,1.21,28.5749999999441));
#5249=CARTESIAN_POINT('',(2.27500000000018,1.31,28.5749999999441));
#5250=CARTESIAN_POINT('Origin',(3.17500000000018,1.21,28.5749999999441));
#5251=CARTESIAN_POINT('Origin',(3.17500000000018,-0.09,28.5749999999441));
#5252=CARTESIAN_POINT('',(2.17500000000018,-0.19,28.5749999999441));
#5253=CARTESIAN_POINT('',(2.17500000000018,-0.09,28.5749999999441));
#5254=CARTESIAN_POINT('Origin',(3.17500000000018,-0.19,28.5749999999441));
#5255=CARTESIAN_POINT('Origin',(3.17500000000018,1.41,28.5749999999441));
#5256=CARTESIAN_POINT('Origin',(3.17500000000018,1.31,55.5624990000005));
#5257=CARTESIAN_POINT('',(2.37500000000018,1.41,55.5624990000005));
#5258=CARTESIAN_POINT('Origin',(3.17500000000018,1.41,55.5624990000005));
#5259=CARTESIAN_POINT('',(2.17500000000018,1.21,55.5624990000005));
#5260=CARTESIAN_POINT('',(2.27500000000018,1.31,55.5624990000005));
#5261=CARTESIAN_POINT('Origin',(3.17500000000018,1.21,55.5624990000005));
#5262=CARTESIAN_POINT('Origin',(3.17500000000018,-0.09,55.5624990000005));
#5263=CARTESIAN_POINT('',(2.17500000000018,-0.19,55.5624990000005));
#5264=CARTESIAN_POINT('',(2.17500000000018,-0.09,55.5624990000005));
#5265=CARTESIAN_POINT('Origin',(3.17500000000018,-0.19,55.5624990000005));
#5266=CARTESIAN_POINT('Origin',(3.17500000000018,1.41,55.5624990000005));
#5267=CARTESIAN_POINT('Origin',(3.17500000000018,1.31,73.0249989999963));
#5268=CARTESIAN_POINT('',(2.37500000000018,1.41,73.0249989999963));
#5269=CARTESIAN_POINT('Origin',(3.17500000000018,1.41,73.0249989999963));
#5270=CARTESIAN_POINT('',(2.17500000000018,1.21,73.0249989999963));
#5271=CARTESIAN_POINT('',(2.27500000000018,1.31,73.0249989999963));
#5272=CARTESIAN_POINT('Origin',(3.17500000000018,1.21,73.0249989999963));
#5273=CARTESIAN_POINT('Origin',(3.17500000000018,-0.09,73.0249989999963));
#5274=CARTESIAN_POINT('',(2.17500000000018,-0.19,73.0249989999963));
#5275=CARTESIAN_POINT('',(2.17500000000018,-0.09,73.0249989999963));
#5276=CARTESIAN_POINT('Origin',(3.17500000000018,-0.19,73.0249989999963));
#5277=CARTESIAN_POINT('Origin',(3.17500000000018,1.41,73.0249989999963));
#5278=CARTESIAN_POINT('Origin',(44.0531250000002,1.31,73.0249989999963));
#5279=CARTESIAN_POINT('',(43.2531250000002,1.41,73.0249989999963));
#5280=CARTESIAN_POINT('Origin',(44.0531250000002,1.41,73.0249989999963));
#5281=CARTESIAN_POINT('',(43.0531250000002,1.21,73.0249989999963));
#5282=CARTESIAN_POINT('',(43.1531250000002,1.31,73.0249989999963));
#5283=CARTESIAN_POINT('Origin',(44.0531250000002,1.21,73.0249989999963));
#5284=CARTESIAN_POINT('Origin',(44.0531250000002,-0.09,73.0249989999963));
#5285=CARTESIAN_POINT('',(43.0531250000002,-0.19,73.0249989999963));
#5286=CARTESIAN_POINT('',(43.0531250000002,-0.09,73.0249989999963));
#5287=CARTESIAN_POINT('Origin',(44.0531250000002,-0.19,73.0249989999963));
#5288=CARTESIAN_POINT('Origin',(44.0531250000002,1.41,73.0249989999963));
#5289=CARTESIAN_POINT('Origin',(57.15,1.31,3.17499999994414));
#5290=CARTESIAN_POINT('',(56.35,1.41,3.17499999994414));
#5291=CARTESIAN_POINT('Origin',(57.15,1.41,3.17499999994414));
#5292=CARTESIAN_POINT('',(56.15,1.21,3.17499999994414));
#5293=CARTESIAN_POINT('',(56.25,1.31,3.17499999994414));
#5294=CARTESIAN_POINT('Origin',(57.15,1.21,3.17499999994414));
#5295=CARTESIAN_POINT('Origin',(57.15,-0.09,3.17499999994414));
#5296=CARTESIAN_POINT('',(56.15,-0.19,3.17499999994414));
#5297=CARTESIAN_POINT('',(56.15,-0.09,3.17499999994414));
#5298=CARTESIAN_POINT('Origin',(57.15,-0.19,3.17499999994414));
#5299=CARTESIAN_POINT('Origin',(57.15,1.41,3.17499999994414));
#5300=CARTESIAN_POINT('Origin',(104.775,1.31,73.0249989999963));
#5301=CARTESIAN_POINT('',(103.975,1.41,73.0249989999963));
#5302=CARTESIAN_POINT('Origin',(104.775,1.41,73.0249989999963));
#5303=CARTESIAN_POINT('',(103.775,1.21,73.0249989999963));
#5304=CARTESIAN_POINT('',(103.875,1.31,73.0249989999963));
#5305=CARTESIAN_POINT('Origin',(104.775,1.21,73.0249989999963));
#5306=CARTESIAN_POINT('Origin',(104.775,-0.09,73.0249989999963));
#5307=CARTESIAN_POINT('',(103.775,-0.19,73.0249989999963));
#5308=CARTESIAN_POINT('',(103.775,-0.09,73.0249989999963));
#5309=CARTESIAN_POINT('Origin',(104.775,-0.19,73.0249989999963));
#5310=CARTESIAN_POINT('Origin',(104.775,1.41,73.0249989999963));
#5311=CARTESIAN_POINT('Origin',(114.3,1.31,3.17499999994414));
#5312=CARTESIAN_POINT('',(113.5,1.41,3.17499999994414));
#5313=CARTESIAN_POINT('Origin',(114.3,1.41,3.17499999994414));
#5314=CARTESIAN_POINT('',(113.3,1.21,3.17499999994414));
#5315=CARTESIAN_POINT('',(113.4,1.31,3.17499999994414));
#5316=CARTESIAN_POINT('Origin',(114.3,1.21,3.17499999994414));
#5317=CARTESIAN_POINT('Origin',(114.3,-0.09,3.17499999994414));
#5318=CARTESIAN_POINT('',(113.3,-0.19,3.17499999994414));
#5319=CARTESIAN_POINT('',(113.3,-0.09,3.17499999994414));
#5320=CARTESIAN_POINT('Origin',(114.3,-0.19,3.17499999994414));
#5321=CARTESIAN_POINT('Origin',(114.3,1.41,3.17499999994414));
#5322=CARTESIAN_POINT('Origin',(171.45,1.31,3.17499999994414));
#5323=CARTESIAN_POINT('',(170.65,1.41,3.17499999994414));
#5324=CARTESIAN_POINT('Origin',(171.45,1.41,3.17499999994414));
#5325=CARTESIAN_POINT('',(170.45,1.21,3.17499999994414));
#5326=CARTESIAN_POINT('',(170.55,1.31,3.17499999994414));
#5327=CARTESIAN_POINT('Origin',(171.45,1.21,3.17499999994414));
#5328=CARTESIAN_POINT('Origin',(171.45,-0.09,3.17499999994414));
#5329=CARTESIAN_POINT('',(170.45,-0.19,3.17499999994414));
#5330=CARTESIAN_POINT('',(170.45,-0.09,3.17499999994414));
#5331=CARTESIAN_POINT('Origin',(171.45,-0.19,3.17499999994414));
#5332=CARTESIAN_POINT('Origin',(171.45,1.41,3.17499999994414));
#5333=CARTESIAN_POINT('Origin',(184.546875021739,1.31,73.0249989999963));
#5334=CARTESIAN_POINT('',(183.746875021739,1.41,73.0249989999963));
#5335=CARTESIAN_POINT('Origin',(184.546875021739,1.41,73.0249989999963));
#5336=CARTESIAN_POINT('',(183.546875021739,1.21,73.0249989999963));
#5337=CARTESIAN_POINT('',(183.646875021739,1.31,73.0249989999963));
#5338=CARTESIAN_POINT('Origin',(184.546875021739,1.21,73.0249989999963));
#5339=CARTESIAN_POINT('Origin',(184.546875021739,-0.09,73.0249989999963));
#5340=CARTESIAN_POINT('',(183.546875021739,-0.19,73.0249989999963));
#5341=CARTESIAN_POINT('',(183.546875021739,-0.09,73.0249989999963));
#5342=CARTESIAN_POINT('Origin',(184.546875021739,-0.19,73.0249989999963));
#5343=CARTESIAN_POINT('Origin',(184.546875021739,1.41,73.0249989999963));
#5344=CARTESIAN_POINT('Origin',(128.587500021739,1.31,73.0249989999963));
#5345=CARTESIAN_POINT('',(127.787500021739,1.41,73.0249989999963));
#5346=CARTESIAN_POINT('Origin',(128.587500021739,1.41,73.0249989999963));
#5347=CARTESIAN_POINT('',(127.587500021739,1.21,73.0249989999963));
#5348=CARTESIAN_POINT('',(127.687500021739,1.31,73.0249989999963));
#5349=CARTESIAN_POINT('Origin',(128.587500021739,1.21,73.0249989999963));
#5350=CARTESIAN_POINT('Origin',(128.587500021739,-0.09,73.0249989999963));
#5351=CARTESIAN_POINT('',(127.587500021739,-0.19,73.0249989999963));
#5352=CARTESIAN_POINT('',(127.587500021739,-0.09,73.0249989999963));
#5353=CARTESIAN_POINT('Origin',(128.587500021739,-0.19,73.0249989999963));
#5354=CARTESIAN_POINT('Origin',(128.587500021739,1.41,73.0249989999963));
#5355=CARTESIAN_POINT('Origin',(225.425000760869,1.31,73.0249989999963));
#5356=CARTESIAN_POINT('',(224.625000760869,1.41,73.0249989999963));
#5357=CARTESIAN_POINT('Origin',(225.425000760869,1.41,73.0249989999963));
#5358=CARTESIAN_POINT('',(224.425000760869,1.21,73.0249989999963));
#5359=CARTESIAN_POINT('',(224.525000760869,1.31,73.0249989999963));
#5360=CARTESIAN_POINT('Origin',(225.425000760869,1.21,73.0249989999963));
#5361=CARTESIAN_POINT('Origin',(225.425000760869,-0.09,73.0249989999963));
#5362=CARTESIAN_POINT('',(224.425000760869,-0.19,73.0249989999963));
#5363=CARTESIAN_POINT('',(224.425000760869,-0.09,73.0249989999963));
#5364=CARTESIAN_POINT('Origin',(225.425000760869,-0.19,73.0249989999963));
#5365=CARTESIAN_POINT('Origin',(225.425000760869,1.41,73.0249989999963));
#5366=CARTESIAN_POINT('Origin',(225.425000760869,1.31,19.0499999999924));
#5367=CARTESIAN_POINT('',(224.625000760869,1.41,19.0499999999924));
#5368=CARTESIAN_POINT('Origin',(225.425000760869,1.41,19.0499999999924));
#5369=CARTESIAN_POINT('',(224.425000760869,1.21,19.0499999999924));
#5370=CARTESIAN_POINT('',(224.525000760869,1.31,19.0499999999924));
#5371=CARTESIAN_POINT('Origin',(225.425000760869,1.21,19.0499999999924));
#5372=CARTESIAN_POINT('Origin',(225.425000760869,-0.09,19.0499999999924));
#5373=CARTESIAN_POINT('',(224.425000760869,-0.19,19.0499999999924));
#5374=CARTESIAN_POINT('',(224.425000760869,-0.09,19.0499999999924));
#5375=CARTESIAN_POINT('Origin',(225.425000760869,-0.19,19.0499999999924));
#5376=CARTESIAN_POINT('Origin',(225.425000760869,1.41,19.0499999999924));
#5377=CARTESIAN_POINT('Origin',(-0.450000000077423,0.500992558589215,42.5843743747774));
#5378=CARTESIAN_POINT('',(-0.700000000139696,0.41,38.5687490000003));
#5379=CARTESIAN_POINT('',(-0.20000000001515,0.59198511717843,38.5687490000003));
#5380=CARTESIAN_POINT('',(-0.700000000139696,0.41,38.5687490000003));
#5381=CARTESIAN_POINT('',(-0.20000000001515,0.59198511717843,45.5687490000003));
#5382=CARTESIAN_POINT('',(-0.20000000001515,0.59198511717843,42.5843743747774));
#5383=CARTESIAN_POINT('',(-0.700000000139696,0.41,45.5687490000003));
#5384=CARTESIAN_POINT('',(-0.20000000001515,0.59198511717843,45.5687490000003));
#5385=CARTESIAN_POINT('',(-0.700000000139696,0.41,42.5843743747774));
#5386=CARTESIAN_POINT('Origin',(-0.450000000009513,-1.09,45.5687490000003));
#5387=CARTESIAN_POINT('',(-0.20000000001515,-0.329030924252325,47.0687490000006));
#5388=CARTESIAN_POINT('',(-0.700000000003875,-1.09,47.0687490000003));
#5389=CARTESIAN_POINT('Ctrl Pts',(-0.700000000001934,-1.09,47.0687490000003));
#5390=CARTESIAN_POINT('Ctrl Pts',(-0.700000000001934,-0.731276256297134,
47.0687490000003));
#5391=CARTESIAN_POINT('Ctrl Pts',(-0.200000000015148,-0.32903092425076,
47.0687490000006));
#5392=CARTESIAN_POINT('Origin',(-0.700000000003875,-1.09,45.5687490000003));
#5393=CARTESIAN_POINT('Origin',(-0.20000000001515,-1.09,45.5687490000003));
#5394=CARTESIAN_POINT('Origin',(-0.449999999992699,-1.09,38.5687490000003));
#5395=CARTESIAN_POINT('',(-0.699999999970249,-1.09,37.0687490000003));
#5396=CARTESIAN_POINT('',(-0.20000000001515,-0.329030924275989,37.0687490000006));
#5397=CARTESIAN_POINT('Ctrl Pts',(-0.200000000015149,-0.329030924277541,
37.0687490000006));
#5398=CARTESIAN_POINT('Ctrl Pts',(-0.699999999972192,-0.731276256308271,
37.0687490000003));
#5399=CARTESIAN_POINT('Ctrl Pts',(-0.699999999972192,-1.09,37.0687490000003));
#5400=CARTESIAN_POINT('Origin',(-0.20000000001515,-1.09,38.5687490000003));
#5401=CARTESIAN_POINT('Origin',(-0.699999999970249,-1.09,38.5687490000003));
#5402=CARTESIAN_POINT('Origin',(58.3000002498657,-1.09,38.5687490000332));
#5403=CARTESIAN_POINT('',(-2.19999999998995,0.41,38.5687489999995));
#5404=CARTESIAN_POINT('',(58.3000002498657,0.41,38.5687490000332));
#5405=CARTESIAN_POINT('',(-2.20000000000205,-1.09,37.0687490000167));
#5406=CARTESIAN_POINT('Origin',(-2.20000000000288,-1.09,38.5687489999995));
#5407=CARTESIAN_POINT('',(58.3000002498665,-1.09,37.0687490000332));
#5408=CARTESIAN_POINT('Origin',(114.300000499748,0.41,38.0999997495528));
#5409=CARTESIAN_POINT('',(-2.19999999993348,0.41,45.5687489999995));
#5410=CARTESIAN_POINT('',(57.0500002498114,0.41,45.5687490000325));
#5411=CARTESIAN_POINT('',(-2.19999999999789,0.41,37.5843743752547));
#5412=CARTESIAN_POINT('Origin',(-0.45000000001515,0.000992558566550502,
53.615624500001));
#5413=CARTESIAN_POINT('',(-0.20000000001515,0.0919851171331011,63.6625));
#5414=CARTESIAN_POINT('',(-0.70000000001515,-0.0900000000000001,63.6625));
#5415=CARTESIAN_POINT('',(-1.23726666631101,-0.285549074395125,63.6625));
#5416=CARTESIAN_POINT('',(-0.70000000001515,-0.0900000000000001,60.1625));
#5417=CARTESIAN_POINT('',(-0.70000000001515,-0.0900000000000001,53.615624500001));
#5418=CARTESIAN_POINT('',(-0.20000000001515,0.0919851171331011,60.1625));
#5419=CARTESIAN_POINT('',(-1.47831201994346,-0.373282408225508,60.1625));
#5420=CARTESIAN_POINT('',(-0.20000000001515,0.0919851171331011,53.615624500001));
#5421=CARTESIAN_POINT('Origin',(-2.20000000030108,-0.0900000000000001,60.1625));
#5422=CARTESIAN_POINT('',(-1.70000000030108,-0.0900000000000001,63.6625));
#5423=CARTESIAN_POINT('',(-2.20000000030108,-0.0900000000000001,63.6625));
#5424=CARTESIAN_POINT('',(-1.70000000030108,-0.0900000000000001,60.1625));
#5425=CARTESIAN_POINT('',(-1.70000000030108,-0.0900000000000001,61.0375));
#5426=CARTESIAN_POINT('',(-2.20000000030108,-0.0900000000000001,60.1625));
#5427=CARTESIAN_POINT('Origin',(77.6671875000017,-1.39,76.3999990000369));
#5428=CARTESIAN_POINT('',(77.6671875,-1.39,73.8999989999814));
#5429=CARTESIAN_POINT('',(77.6671875000017,-1.39,76.3999990000369));
#5430=CARTESIAN_POINT('',(77.6671875,-1.39,73.8999989999814));
#5431=CARTESIAN_POINT('',(77.6671875000017,-0.19,76.3999990000369));
#5432=CARTESIAN_POINT('',(77.6671875000017,-1.39,76.3999990000369));
#5433=CARTESIAN_POINT('',(77.6671875,-0.19,73.8999989999832));
#5434=CARTESIAN_POINT('',(77.6671874999916,-0.19,61.4523431250223));
#5435=CARTESIAN_POINT('',(77.6671875,-0.74,73.8999989999832));
#5436=CARTESIAN_POINT('Origin',(57.6671875,-1.39,73.8999989999807));
#5437=CARTESIAN_POINT('',(57.6671875,-1.39,73.8999989999807));
#5438=CARTESIAN_POINT('',(57.6671875000017,-1.39,76.399999000049));
#5439=CARTESIAN_POINT('',(57.6671875,-1.39,73.8999989999807));
#5440=CARTESIAN_POINT('',(57.6671875,-0.19,73.8999989999807));
#5441=CARTESIAN_POINT('',(57.6671875,-0.74,73.8999989999807));
#5442=CARTESIAN_POINT('',(57.6671875000017,-0.19,76.399999000049));
#5443=CARTESIAN_POINT('',(57.6671874999908,-0.19,60.2023431250007));
#5444=CARTESIAN_POINT('',(57.6671875000017,-1.39,76.399999000049));
#5445=CARTESIAN_POINT('Origin',(67.6671875000009,-1.39,75.1499990000161));
#5446=CARTESIAN_POINT('',(57.0702214600195,-1.39,73.8999989999807));
#5447=CARTESIAN_POINT('',(106.681250000001,-1.39,76.3999990000185));
#5448=CARTESIAN_POINT('Origin',(46.473255420038,-0.09,73.8999989999793));
#5449=CARTESIAN_POINT('',(102.354869579958,-0.19,73.8999989999863));
#5450=CARTESIAN_POINT('',(112.106940335017,-0.19,73.8999989999876));
#5451=CARTESIAN_POINT('',(102.354869579958,-2.29,73.8999989999863));
#5452=CARTESIAN_POINT('',(102.354869579958,-0.09,73.8999989999863));
#5453=CARTESIAN_POINT('',(46.473255420038,-2.29,73.8999989999793));
#5454=CARTESIAN_POINT('',(80.3866279599451,-2.29,73.8999989999836));
#5455=CARTESIAN_POINT('',(46.473255420038,-0.19,73.8999989999793));
#5456=CARTESIAN_POINT('',(46.473255420038,-0.09,73.8999989999793));
#5457=CARTESIAN_POINT('',(112.106940335017,-0.19,73.8999989999876));
#5458=CARTESIAN_POINT('Origin',(177.74062525,-0.19,46.5046872499401));
#5459=CARTESIAN_POINT('',(106.681250000001,-0.19,76.3999990000224));
#5460=CARTESIAN_POINT('',(202.376564778957,-0.19,76.3999989999617));
#5461=CARTESIAN_POINT('',(106.681249999999,-0.19,73.7833920652543));
#5462=CARTESIAN_POINT('',(106.68124999999,-0.19,60.1440396576198));
#5463=CARTESIAN_POINT('',(106.014503416156,-0.19,72.8633472714366));
#5464=CARTESIAN_POINT('Origin',(107.195130420043,-0.19,72.7093739999859));
#5465=CARTESIAN_POINT('',(103.535496583844,-0.19,72.8633472714375));
#5466=CARTESIAN_POINT('Origin',(104.775,-0.19,73.0249989999963));
#5467=CARTESIAN_POINT('Origin',(102.354869579958,-0.19,72.7093739999856));
#5468=CARTESIAN_POINT('Origin',(177.74062525,-0.19,46.5046872499401));
#5469=CARTESIAN_POINT('',(45.2926284161524,-0.19,72.8633472714342));
#5470=CARTESIAN_POINT('Origin',(46.473255420038,-0.19,72.7093739999786));
#5471=CARTESIAN_POINT('',(42.813621583848,-0.19,72.8633472714342));
#5472=CARTESIAN_POINT('Origin',(44.0531250000002,-0.19,73.0249989999963));
#5473=CARTESIAN_POINT('',(41.6329945799623,-0.19,73.8999989999793));
#5474=CARTESIAN_POINT('Origin',(41.6329945799623,-0.19,72.7093739999786));
#5475=CARTESIAN_POINT('',(5.59513042003822,-0.19,73.8999989999795));
#5476=CARTESIAN_POINT('',(91.667877835019,-0.19,73.8999989999791));
#5477=CARTESIAN_POINT('',(4.41450341615255,-0.19,72.8633472714342));
#5478=CARTESIAN_POINT('Origin',(5.59513042003821,-0.19,72.7093739999788));
#5479=CARTESIAN_POINT('',(3.33665172868354,-0.19,71.7854955838598));
#5480=CARTESIAN_POINT('Origin',(3.17500000000018,-0.19,73.0249989999963));
#5481=CARTESIAN_POINT('',(2.30000000034625,-0.19,70.6048685800479));
#5482=CARTESIAN_POINT('Origin',(3.49062500030611,-0.19,70.6048685800297));
#5483=CARTESIAN_POINT('',(2.30000000031565,-0.19,68.6124990000185));
#5484=CARTESIAN_POINT('',(2.30000000006431,-0.19,52.2436583363451));
#5485=CARTESIAN_POINT('',(3.30000000030029,-0.19,67.6124990000032));
#5486=CARTESIAN_POINT('Origin',(3.30000000031564,-0.19,68.6124990000032));
#5487=CARTESIAN_POINT('',(4.50000000021277,-0.19,67.6124990000001));
#5488=CARTESIAN_POINT('',(90.520312625177,-0.19,67.6124989997798));
#5489=CARTESIAN_POINT('',(5.50000000021277,-0.19,66.6124990000001));
#5490=CARTESIAN_POINT('Origin',(4.50000000021277,-0.19,66.6124990000001));
#5491=CARTESIAN_POINT('',(5.50000000021277,-0.19,57.2124989999857));
#5492=CARTESIAN_POINT('',(5.50000000021278,-0.19,56.5585931249701));
#5493=CARTESIAN_POINT('',(4.96076120343051,-0.19,56.324974851802));
#5494=CARTESIAN_POINT('Origin',(4.50000000021277,-0.19,57.2124989999857));
#5495=CARTESIAN_POINT('',(4.42306800369355,-0.19,55.4930277242326));
#5496=CARTESIAN_POINT('Origin',(5.42152240664824,-0.19,55.4374507036182));
#5497=CARTESIAN_POINT('',(3.33665172847531,-0.19,54.322995583837));
#5498=CARTESIAN_POINT('Origin',(3.17500000000018,-0.19,55.5624990000005));
#5499=CARTESIAN_POINT('',(2.29999999998484,-0.19,53.1423685799535));
#5500=CARTESIAN_POINT('Origin',(3.49062499997251,-0.19,53.1423685799535));
#5501=CARTESIAN_POINT('',(2.29999999998484,-0.19,49.568749000002));
#5502=CARTESIAN_POINT('',(2.29999999998485,-0.19,46.786718124971));
#5503=CARTESIAN_POINT('',(3.29999999998485,-0.19,48.568749000002));
#5504=CARTESIAN_POINT('Origin',(3.29999999998485,-0.19,49.568749000002));
#5505=CARTESIAN_POINT('',(7.7999999999496,-0.19,48.5687490000021));
#5506=CARTESIAN_POINT('',(90.5203126249922,-0.19,48.568749000002));
#5507=CARTESIAN_POINT('',(8.79999999994961,-0.19,47.5687490000019));
#5508=CARTESIAN_POINT('Origin',(7.7999999999496,-0.19,47.568749000002));
#5509=CARTESIAN_POINT('',(8.79999999994804,-0.19,36.5687490000406));
#5510=CARTESIAN_POINT('',(8.79999999994954,-0.19,47.0367181249831));
#5511=CARTESIAN_POINT('',(7.79999999995607,-0.19,35.5687490000416));
#5512=CARTESIAN_POINT('Origin',(7.79999999994887,-0.19,36.5687490000408));
#5513=CARTESIAN_POINT('',(3.29999999996901,-0.19,35.5687490000092));
#5514=CARTESIAN_POINT('',(92.7703126250172,-0.19,35.5687490006539));
#5515=CARTESIAN_POINT('',(2.30000000000285,-0.19,34.5687490000286));
#5516=CARTESIAN_POINT('Origin',(3.29999999997621,-0.19,34.5687490000358));
#5517=CARTESIAN_POINT('',(2.30000000002857,-0.19,30.995130419952));
#5518=CARTESIAN_POINT('',(2.29999999997275,-0.19,38.7499088343145));
#5519=CARTESIAN_POINT('',(3.33665172850033,-0.19,29.8145034161078));
#5520=CARTESIAN_POINT('Origin',(3.49062499999306,-0.19,30.995130419952));
#5521=CARTESIAN_POINT('',(3.33665172856936,-0.19,27.3354965837929));
#5522=CARTESIAN_POINT('Origin',(3.17500000000018,-0.19,28.5749999999441));
#5523=CARTESIAN_POINT('',(2.30000000006343,-0.19,26.154869579942));
#5524=CARTESIAN_POINT('Origin',(3.49062500002792,-0.19,26.1548695799363));
#5525=CARTESIAN_POINT('',(2.29999999996419,-0.19,5.59513041995725));
#5526=CARTESIAN_POINT('',(2.30000000006292,-0.19,26.0499088353721));
#5527=CARTESIAN_POINT('',(3.33665172851869,-0.19,4.41450341609646));
#5528=CARTESIAN_POINT('Origin',(3.49062499992866,-0.19,5.5951304199515));
#5529=CARTESIAN_POINT('',(4.42500000000017,-0.19,3.17499999994414));
#5530=CARTESIAN_POINT('Origin',(3.17500000000018,-0.19,3.17499999994414));
#5531=CARTESIAN_POINT('',(4.42500000000018,-0.19,1.99062499993276));
#5532=CARTESIAN_POINT('',(4.42500000000017,-0.19,24.2476561249363));
#5533=CARTESIAN_POINT('',(5.61562499996466,-0.19,0.799999999968283));
#5534=CARTESIAN_POINT('Origin',(5.61562499996466,-0.19,1.99062499993276));
#5535=CARTESIAN_POINT('',(54.7093750000355,-0.19,0.799999999967936));
#5536=CARTESIAN_POINT('',(116.225000125017,-0.19,0.799999999967502));
#5537=CARTESIAN_POINT('',(55.9,-0.19,1.99062499993242));
#5538=CARTESIAN_POINT('Origin',(54.7093750000355,-0.19,1.99062499993242));
#5539=CARTESIAN_POINT('',(55.9,-0.19,3.17499999994414));
#5540=CARTESIAN_POINT('',(55.9,-0.19,24.8398436249421));
#5541=CARTESIAN_POINT('',(58.4,-0.19,3.17499999994414));
#5542=CARTESIAN_POINT('Origin',(57.15,-0.19,3.17499999994414));
#5543=CARTESIAN_POINT('',(58.4,-0.19,1.99062499993242));
#5544=CARTESIAN_POINT('',(58.4,-0.19,24.2476561249362));
#5545=CARTESIAN_POINT('',(59.5906249999645,-0.19,0.799999999967936));
#5546=CARTESIAN_POINT('Origin',(59.5906249999645,-0.19,1.99062499993242));
#5547=CARTESIAN_POINT('',(111.859375000036,-0.19,0.799999999967936));
#5548=CARTESIAN_POINT('',(144.800000125018,-0.19,0.799999999967937));
#5549=CARTESIAN_POINT('',(113.05,-0.19,1.99062499993242));
#5550=CARTESIAN_POINT('Origin',(111.859375000036,-0.19,1.99062499993242));
#5551=CARTESIAN_POINT('',(113.05,-0.19,3.17499999994414));
#5552=CARTESIAN_POINT('',(113.05,-0.19,24.8398436249421));
#5553=CARTESIAN_POINT('',(115.55,-0.19,3.17499999994414));
#5554=CARTESIAN_POINT('Origin',(114.3,-0.19,3.17499999994414));
#5555=CARTESIAN_POINT('',(115.55,-0.19,1.99062499993242));
#5556=CARTESIAN_POINT('',(115.55,-0.19,24.2476561249362));
#5557=CARTESIAN_POINT('',(116.740624999965,-0.19,0.799999999967936));
#5558=CARTESIAN_POINT('Origin',(116.740624999965,-0.19,1.99062499993242));
#5559=CARTESIAN_POINT('',(169.009375000036,-0.19,0.799999999967936));
#5560=CARTESIAN_POINT('',(173.375000125018,-0.19,0.799999999967937));
#5561=CARTESIAN_POINT('',(170.2,-0.19,1.99062499993242));
#5562=CARTESIAN_POINT('Origin',(169.009375000036,-0.19,1.99062499993242));
#5563=CARTESIAN_POINT('',(170.2,-0.19,3.17499999994414));
#5564=CARTESIAN_POINT('',(170.2,-0.19,24.8398436249421));
#5565=CARTESIAN_POINT('',(172.7,-0.19,3.17499999994414));
#5566=CARTESIAN_POINT('Origin',(171.45,-0.19,3.17499999994414));
#5567=CARTESIAN_POINT('',(172.7,-0.19,1.99062499993242));
#5568=CARTESIAN_POINT('',(172.7,-0.19,24.2476561249362));
#5569=CARTESIAN_POINT('',(173.890624999964,-0.19,0.799999999967936));
#5570=CARTESIAN_POINT('Origin',(173.890624999964,-0.19,1.99062499993242));
#5571=CARTESIAN_POINT('',(227.609375499999,-0.19,0.799999999968268));
#5572=CARTESIAN_POINT('',(202.675000375,-0.19,0.799999999968115));
#5573=CARTESIAN_POINT('',(228.800000499999,-0.19,1.99062499996827));
#5574=CARTESIAN_POINT('Origin',(227.609375499999,-0.19,1.99062499996827));
#5575=CARTESIAN_POINT('',(228.800000499999,-0.19,1.58749714696457));
#5576=CARTESIAN_POINT('',(228.800000499999,-0.19,60.5585941263397));
#5577=CARTESIAN_POINT('',(227.012501,-0.19,-0.200000000030426));
#5578=CARTESIAN_POINT('Origin',(227.0124872914,-0.19,1.58751370860053));
#5579=CARTESIAN_POINT('',(1.5874956921073,-0.19,-0.200000000033062));
#5580=CARTESIAN_POINT('',(89.6640604710537,-0.19,-0.200000000032032));
#5581=CARTESIAN_POINT('',(-0.200000000288268,-0.19,1.58749900000052));
#5582=CARTESIAN_POINT('Origin',(1.58753419463499,-0.19,1.58753419460053));
#5583=CARTESIAN_POINT('',(-0.200000000015158,-0.19,37.0687490000006));
#5584=CARTESIAN_POINT('',(-0.200000000015148,-0.19,46.786718124971));
#5585=CARTESIAN_POINT('',(7.10000000009146,-0.19,37.0687490000366));
#5586=CARTESIAN_POINT('',(90.0203126249949,-0.19,37.0687490000509));
#5587=CARTESIAN_POINT('',(7.29999999995151,-0.19,37.2687489998982));
#5588=CARTESIAN_POINT('Origin',(7.10000000009002,-0.19,37.2687489998981));
#5589=CARTESIAN_POINT('',(7.29999999994615,-0.19,46.8687490000021));
#5590=CARTESIAN_POINT('',(7.29999999994892,-0.19,41.8867181248716));
#5591=CARTESIAN_POINT('',(7.09999999994615,-0.19,47.068749000002));
#5592=CARTESIAN_POINT('Origin',(7.09999999994615,-0.19,46.868749000002));
#5593=CARTESIAN_POINT('',(-0.200000000015158,-0.19,47.0687490000006));
#5594=CARTESIAN_POINT('',(88.770312624939,-0.19,47.0687490000502));
#5595=CARTESIAN_POINT('',(-0.199999999981316,-0.19,57.4124989999866));
#5596=CARTESIAN_POINT('',(-0.200000000015148,-0.19,46.786718124971));
#5597=CARTESIAN_POINT('',(4.10000000021278,-0.19,57.4124989999857));
#5598=CARTESIAN_POINT('',(90.0930021264571,-0.19,57.4124989999692));
#5599=CARTESIAN_POINT('',(4.30000000021278,-0.19,57.6124989999857));
#5600=CARTESIAN_POINT('Origin',(4.10000000021279,-0.19,57.6124989999857));
#5601=CARTESIAN_POINT('',(4.30000000021277,-0.19,66.2124990000001));
#5602=CARTESIAN_POINT('',(4.3000000002128,-0.19,52.0585931249627));
#5603=CARTESIAN_POINT('',(4.10000000021277,-0.19,66.4124990000001));
#5604=CARTESIAN_POINT('Origin',(4.10000000021277,-0.19,66.2124990000001));
#5605=CARTESIAN_POINT('',(-0.199999999859491,-0.19,66.4124990000221));
#5606=CARTESIAN_POINT('',(90.9203126251572,-0.19,66.4124989995557));
#5607=CARTESIAN_POINT('',(-0.200000000020246,-0.19,74.6125205320938));
#5608=CARTESIAN_POINT('',(-0.200000000015148,-0.19,46.786718124971));
#5609=CARTESIAN_POINT('',(1.58751712292234,-0.19,76.399999000089));
#5610=CARTESIAN_POINT('Origin',(1.58751712292201,-0.19,74.6124818770005));
#5611=CARTESIAN_POINT('',(202.376564778957,-0.19,76.3999989999617));
#5612=CARTESIAN_POINT('Origin',(-2.20000000030108,-2.09,59.6625));
#5613=CARTESIAN_POINT('',(-2.11421356219289,-2.58999999999997,59.6625));
#5614=CARTESIAN_POINT('',(-2.20000000030108,-2.09,59.1625));
#5615=CARTESIAN_POINT('Ctrl Pts',(-2.11421356219289,-2.58999999999997,59.6625));
#5616=CARTESIAN_POINT('Ctrl Pts',(-2.1142135621934,-2.58999999999997,59.599176969796));
#5617=CARTESIAN_POINT('Ctrl Pts',(-2.11891339125649,-2.57724516963436,59.5319990132681));
#5618=CARTESIAN_POINT('Ctrl Pts',(-2.13546520620303,-2.52607645381309,59.408973410021));
#5619=CARTESIAN_POINT('Ctrl Pts',(-2.1470344278538,-2.48768523999975,59.3530784588132));
#5620=CARTESIAN_POINT('Ctrl Pts',(-2.16843655490143,-2.39944200957242,59.2648352283859));
#5621=CARTESIAN_POINT('Ctrl Pts',(-2.17971847747501,-2.34353890597865,59.2264282569417));
#5622=CARTESIAN_POINT('Ctrl Pts',(-2.195601189541,-2.22048306861042,59.1752477895985));
#5623=CARTESIAN_POINT('Ctrl Pts',(-2.19999999982382,-2.15329366093368,59.1625));
#5624=CARTESIAN_POINT('Ctrl Pts',(-2.19999999982382,-2.09,59.1625));
#5625=CARTESIAN_POINT('',(-1.70000000030108,-2.58999999999997,59.6625));
#5626=CARTESIAN_POINT('',(-2.20000000030108,-2.58999999999997,59.6625));
#5627=CARTESIAN_POINT('',(-1.70000000030108,-2.09,59.1625));
#5628=CARTESIAN_POINT('Origin',(-1.70000000030108,-2.09,59.6625));
#5629=CARTESIAN_POINT('',(-2.20000000030108,-2.09,59.1625));
#5630=CARTESIAN_POINT('Origin',(-2.20000000030108,0.410000000000002,64.6625));
#5631=CARTESIAN_POINT('',(-2.20000000030108,0.410000000000002,64.6625));
#5632=CARTESIAN_POINT('',(-2.20000000030108,-2.09,64.6625));
#5633=CARTESIAN_POINT('',(-2.19999999977946,0.160000000000001,64.6625));
#5634=CARTESIAN_POINT('',(-1.70000000030108,0.410000000000002,64.6625));
#5635=CARTESIAN_POINT('',(-2.20000000030108,0.410000000000002,64.6625));
#5636=CARTESIAN_POINT('',(-1.70000000030108,-2.09,64.6625));
#5637=CARTESIAN_POINT('',(-1.70000000030108,0.410000000000002,64.6625));
#5638=CARTESIAN_POINT('',(-2.20000000030108,-2.09,64.6625));
#5639=CARTESIAN_POINT('Origin',(-2.20000000030108,0.410000000000002,64.1625));
#5640=CARTESIAN_POINT('',(-2.20000000030108,0.91,64.1625));
#5641=CARTESIAN_POINT('Origin',(-2.20000000000205,0.410000000000002,64.1625));
#5642=CARTESIAN_POINT('',(-1.70000000030108,0.91,64.1625));
#5643=CARTESIAN_POINT('',(-2.20000000030108,0.91,64.1625));
#5644=CARTESIAN_POINT('Origin',(-1.70000000030108,0.410000000000002,64.1625));
#5645=CARTESIAN_POINT('Origin',(-2.20000000030108,0.91,59.6625));
#5646=CARTESIAN_POINT('',(-2.20000000030108,0.91,59.6625));
#5647=CARTESIAN_POINT('',(-2.19999999991092,0.909999999999999,48.3656245000084));
#5648=CARTESIAN_POINT('',(-1.70000000030108,0.91,59.6625));
#5649=CARTESIAN_POINT('',(-2.20000000030108,0.91,59.6625));
#5650=CARTESIAN_POINT('',(-1.70000000030108,0.91,59.6625));
#5651=CARTESIAN_POINT('Origin',(-2.20000000030108,0.41,59.6625));
#5652=CARTESIAN_POINT('',(-2.20000000030108,0.41,59.1625));
#5653=CARTESIAN_POINT('Origin',(-2.20000000000205,0.41,59.6625));
#5654=CARTESIAN_POINT('',(-1.70000000030108,0.41,59.1625));
#5655=CARTESIAN_POINT('',(-2.20000000030108,0.41,59.1625));
#5656=CARTESIAN_POINT('Origin',(-1.70000000030108,0.41,59.6625));
#5657=CARTESIAN_POINT('Origin',(-2.20000000030108,-2.09,59.1625));
#5658=CARTESIAN_POINT('',(-2.19999999982382,-1.09,59.1625));
#5659=CARTESIAN_POINT('',(-1.70000000030108,-2.09,59.1625));
#5660=CARTESIAN_POINT('Origin',(-2.20000000030108,-2.59,64.1625));
#5661=CARTESIAN_POINT('',(-2.11421356215658,-2.59,64.1625));
#5662=CARTESIAN_POINT('',(-2.11421356227162,-2.59,49.901564000227));
#5663=CARTESIAN_POINT('',(-1.70000000030108,-2.59,64.1625));
#5664=CARTESIAN_POINT('',(-2.20000000030108,-2.59,64.1625));
#5665=CARTESIAN_POINT('',(-1.70000000030108,-2.59,64.1625));
#5666=CARTESIAN_POINT('Origin',(-2.20000000030108,-2.09,64.1625));
#5667=CARTESIAN_POINT('Ctrl Pts',(-2.19999999977945,-2.09,64.6625));
#5668=CARTESIAN_POINT('Ctrl Pts',(-2.19999999977945,-2.15329366093367,64.6625));
#5669=CARTESIAN_POINT('Ctrl Pts',(-2.19560118949684,-2.22048306861043,64.6497522104015));
#5670=CARTESIAN_POINT('Ctrl Pts',(-2.17971847743166,-2.34353890597874,64.5985717430583));
#5671=CARTESIAN_POINT('Ctrl Pts',(-2.16843655485868,-2.39944200957257,64.560164771614));
#5672=CARTESIAN_POINT('Ctrl Pts',(-2.14703442781246,-2.48768523999993,64.4719215411866));
#5673=CARTESIAN_POINT('Ctrl Pts',(-2.13546520616259,-2.52607645381324,64.4160265899787));
#5674=CARTESIAN_POINT('Ctrl Pts',(-2.11891339121805,-2.57724516963443,64.2930009867317));
#5675=CARTESIAN_POINT('Ctrl Pts',(-2.11421356215607,-2.59,64.2258230302039));
#5676=CARTESIAN_POINT('Ctrl Pts',(-2.11421356215658,-2.59,64.1625));
#5677=CARTESIAN_POINT('Origin',(-1.70000000030108,-2.09,64.1625));
#5678=CARTESIAN_POINT('Origin',(-1.70000000030108,-0.84,61.9125));
#5679=CARTESIAN_POINT('',(-1.70000000030108,-1.59,60.1625));
#5680=CARTESIAN_POINT('',(-1.70000000030108,-1.59,63.6625));
#5681=CARTESIAN_POINT('',(-1.70000000030108,-1.59,62.7875));
#5682=CARTESIAN_POINT('',(-1.70000000030108,-1.215,60.1625));
#5683=CARTESIAN_POINT('',(-1.70000000030108,-0.465,63.6625));
#5684=CARTESIAN_POINT('Origin',(-2.20000000030108,-1.59,60.1625));
#5685=CARTESIAN_POINT('',(-0.200000000301078,-1.59,60.1625));
#5686=CARTESIAN_POINT('',(-2.20000000030108,-1.59,60.1625));
#5687=CARTESIAN_POINT('',(-0.20000000001515,-0.84,60.1625));
#5688=CARTESIAN_POINT('Origin',(-2.20000000030108,-1.59,63.6625));
#5689=CARTESIAN_POINT('',(-0.200000000301078,-1.59,63.6625));
#5690=CARTESIAN_POINT('',(-2.20000000030108,-1.59,63.6625));
#5691=CARTESIAN_POINT('',(-0.20000000001515,-1.59,55.365624500001));
#5692=CARTESIAN_POINT('Origin',(-2.20000000000205,-0.09,37.0687490000167));
#5693=CARTESIAN_POINT('',(-2.19999999959617,-2.09,74.6125421571173));
#5694=CARTESIAN_POINT('',(-2.19999999989853,-2.09,49.9015640002277));
#5695=CARTESIAN_POINT('',(-2.19999999959617,1.81,74.6125421571173));
#5696=CARTESIAN_POINT('',(-2.19999999959617,-0.09,74.6125421571173));
#5697=CARTESIAN_POINT('',(-2.20000000028827,1.81,1.58747931109412));
#5698=CARTESIAN_POINT('',(-2.19999999999789,1.81,37.5843743752547));
#5699=CARTESIAN_POINT('',(-2.20000000028827,-2.09,1.58747931109412));
#5700=CARTESIAN_POINT('',(-2.20000000028827,-0.09,1.58747931109412));
#5701=CARTESIAN_POINT('',(-2.20000000000205,-2.09,37.0687490000167));
#5702=CARTESIAN_POINT('',(-2.19999999999789,-2.09,37.5843743752547));
#5703=CARTESIAN_POINT('',(-2.20000000000205,-0.09,37.0687490000167));
#5704=CARTESIAN_POINT('',(-2.19999999992138,-1.09,47.0687490000079));
#5705=CARTESIAN_POINT('Origin',(-2.20000000000679,-1.09,45.5687489999995));
#5706=CARTESIAN_POINT('',(-2.19999999992138,-2.09,47.0687490000079));
#5707=CARTESIAN_POINT('',(-2.19999999992138,-0.09,47.0687490000079));
#5708=CARTESIAN_POINT('',(-2.19999999989853,-2.09,49.9015640002277));
#5709=CARTESIAN_POINT('Origin',(-2.20000000030108,-0.0900000000000001,63.6625));
#5710=CARTESIAN_POINT('',(-0.20000000001515,-0.0900000000000001,63.6625));
#5711=CARTESIAN_POINT('Origin',(114.300000499859,-2.29,18.4343744998737));
#5712=CARTESIAN_POINT('',(4.10000000021279,-2.29,57.4124989999857));
#5713=CARTESIAN_POINT('',(-0.199999999981325,-2.29,57.4124989999866));
#5714=CARTESIAN_POINT('',(58.3726897513896,-2.29,57.4124989999753));
#5715=CARTESIAN_POINT('',(-0.200000000121339,-2.29,47.0687490000006));
#5716=CARTESIAN_POINT('',(-0.200000000015148,-2.29,32.7515617499379));
#5717=CARTESIAN_POINT('',(7.09999999994615,-2.29,47.068749000002));
#5718=CARTESIAN_POINT('',(57.050000249861,-2.29,47.0687490000325));
#5719=CARTESIAN_POINT('',(7.29999999994615,-2.29,46.8687490000021));
#5720=CARTESIAN_POINT('Origin',(7.09999999994615,-2.29,46.868749000002));
#5721=CARTESIAN_POINT('',(7.2999999999515,-2.29,37.2687489998982));
#5722=CARTESIAN_POINT('',(7.29999999995675,-2.29,27.8515617498561));
#5723=CARTESIAN_POINT('',(7.10000000009147,-2.29,37.0687490000366));
#5724=CARTESIAN_POINT('Origin',(7.10000000009002,-2.29,37.2687489998981));
#5725=CARTESIAN_POINT('',(-0.200000000158041,-2.29,37.0687490000006));
#5726=CARTESIAN_POINT('',(58.3000002499168,-2.29,37.0687490000332));
#5727=CARTESIAN_POINT('',(-0.200000000288277,-2.29,1.58749900000052));
#5728=CARTESIAN_POINT('',(-0.200000000257354,-2.29,10.0109367501472));
#5729=CARTESIAN_POINT('',(1.5874956921073,-2.29,-0.200000000033061));
#5730=CARTESIAN_POINT('Origin',(1.58753419463499,-2.29,1.58753419460053));
#5731=CARTESIAN_POINT('',(227.012501,-2.29,-0.200000000030427));
#5732=CARTESIAN_POINT('',(170.65625074993,-2.29,-0.200000000031086));
#5733=CARTESIAN_POINT('',(228.800000499999,-2.29,1.58749714696457));
#5734=CARTESIAN_POINT('Origin',(227.0124872914,-2.29,1.58751370860053));
#5735=CARTESIAN_POINT('',(228.800000499999,-2.29,1.99062499996827));
#5736=CARTESIAN_POINT('',(228.800000499999,-2.29,46.5234377513065));
#5737=CARTESIAN_POINT('',(227.609375499999,-2.29,0.79999999996827));
#5738=CARTESIAN_POINT('Origin',(227.609375499999,-2.29,1.99062499996827));
#5739=CARTESIAN_POINT('',(173.890624999964,-2.29,0.799999999967935));
#5740=CARTESIAN_POINT('',(170.954687999929,-2.29,0.799999999967917));
#5741=CARTESIAN_POINT('',(172.7,-2.29,1.99062499993242));
#5742=CARTESIAN_POINT('Origin',(173.890624999964,-2.29,1.99062499993242));
#5743=CARTESIAN_POINT('',(172.7,-2.29,3.17499999994414));
#5744=CARTESIAN_POINT('',(172.7,-2.29,10.2124997499031));
#5745=CARTESIAN_POINT('',(170.2,-2.29,3.17499999994414));
#5746=CARTESIAN_POINT('Origin',(171.45,-2.29,3.17499999994414));
#5747=CARTESIAN_POINT('',(170.2,-2.29,1.99062499993242));
#5748=CARTESIAN_POINT('',(170.2,-2.29,10.8046872499089));
#5749=CARTESIAN_POINT('',(169.009375000036,-2.29,0.799999999967935));
#5750=CARTESIAN_POINT('Origin',(169.009375000036,-2.29,1.99062499993242));
#5751=CARTESIAN_POINT('',(116.740624999965,-2.29,0.799999999967935));
#5752=CARTESIAN_POINT('',(141.654687749947,-2.29,0.799999999967935));
#5753=CARTESIAN_POINT('',(115.55,-2.29,1.99062499993242));
#5754=CARTESIAN_POINT('Origin',(116.740624999965,-2.29,1.99062499993242));
#5755=CARTESIAN_POINT('',(115.55,-2.29,3.17499999994414));
#5756=CARTESIAN_POINT('',(115.55,-2.29,10.2124997499031));
#5757=CARTESIAN_POINT('',(113.05,-2.29,3.17499999994414));
#5758=CARTESIAN_POINT('Origin',(114.3,-2.29,3.17499999994414));
#5759=CARTESIAN_POINT('',(113.05,-2.29,1.99062499993242));
#5760=CARTESIAN_POINT('',(113.05,-2.29,10.8046872499089));
#5761=CARTESIAN_POINT('',(111.859375000036,-2.29,0.799999999967935));
#5762=CARTESIAN_POINT('Origin',(111.859375000036,-2.29,1.99062499993242));
#5763=CARTESIAN_POINT('',(59.5906249999645,-2.29,0.799999999967935));
#5764=CARTESIAN_POINT('',(113.079687749947,-2.29,0.799999999967935));
#5765=CARTESIAN_POINT('',(58.4,-2.29,1.99062499993242));
#5766=CARTESIAN_POINT('Origin',(59.5906249999645,-2.29,1.99062499993242));
#5767=CARTESIAN_POINT('',(58.4,-2.29,3.17499999994414));
#5768=CARTESIAN_POINT('',(58.4,-2.29,10.2124997499031));
#5769=CARTESIAN_POINT('',(55.9,-2.29,3.17499999994414));
#5770=CARTESIAN_POINT('Origin',(57.15,-2.29,3.17499999994414));
#5771=CARTESIAN_POINT('',(55.9,-2.29,1.99062499993242));
#5772=CARTESIAN_POINT('',(55.9,-2.29,10.8046872499089));
#5773=CARTESIAN_POINT('',(54.7093750000355,-2.29,0.799999999967935));
#5774=CARTESIAN_POINT('Origin',(54.7093750000355,-2.29,1.99062499993242));
#5775=CARTESIAN_POINT('',(5.61562499996467,-2.29,0.799999999968282));
#5776=CARTESIAN_POINT('',(84.5046877499473,-2.29,0.799999999967724));
#5777=CARTESIAN_POINT('',(4.42500000000018,-2.29,1.99062499993276));
#5778=CARTESIAN_POINT('Origin',(5.61562499996466,-2.29,1.99062499993276));
#5779=CARTESIAN_POINT('',(4.42500000000018,-2.29,3.17499999994414));
#5780=CARTESIAN_POINT('',(4.42500000000018,-2.29,10.2124997499032));
#5781=CARTESIAN_POINT('',(3.33665172851869,-2.29,4.41450341609646));
#5782=CARTESIAN_POINT('Origin',(3.17500000000018,-2.29,3.17499999994414));
#5783=CARTESIAN_POINT('',(2.29999999996418,-2.29,5.59513041995725));
#5784=CARTESIAN_POINT('Origin',(3.49062499992866,-2.29,5.5951304199515));
#5785=CARTESIAN_POINT('',(2.30000000006343,-2.29,26.154869579942));
#5786=CARTESIAN_POINT('',(2.29999999999516,-2.29,12.0147524601858));
#5787=CARTESIAN_POINT('',(3.33665172856936,-2.29,27.3354965837929));
#5788=CARTESIAN_POINT('Origin',(3.49062500002792,-2.29,26.1548695799363));
#5789=CARTESIAN_POINT('',(3.33665172850033,-2.29,29.8145034161078));
#5790=CARTESIAN_POINT('Origin',(3.17500000000018,-2.29,28.5749999999441));
#5791=CARTESIAN_POINT('',(2.30000000002858,-2.29,30.995130419952));
#5792=CARTESIAN_POINT('Origin',(3.49062499999306,-2.29,30.995130419952));
#5793=CARTESIAN_POINT('',(2.30000000000285,-2.29,34.5687490000286));
#5794=CARTESIAN_POINT('',(2.30000000007379,-2.29,24.7147524595097));
#5795=CARTESIAN_POINT('',(3.29999999996901,-2.29,35.5687490000092));
#5796=CARTESIAN_POINT('Origin',(3.29999999997621,-2.29,34.5687490000358));
#5797=CARTESIAN_POINT('',(7.79999999995608,-2.29,35.5687490000416));
#5798=CARTESIAN_POINT('',(61.0500002498459,-2.29,35.5687490004253));
#5799=CARTESIAN_POINT('',(8.79999999994803,-2.29,36.5687490000406));
#5800=CARTESIAN_POINT('Origin',(7.79999999994887,-2.29,36.5687490000408));
#5801=CARTESIAN_POINT('',(8.79999999994961,-2.29,47.5687490000019));
#5802=CARTESIAN_POINT('',(8.79999999994752,-2.29,33.0015617499454));
#5803=CARTESIAN_POINT('',(7.7999999999496,-2.29,48.5687490000021));
#5804=CARTESIAN_POINT('Origin',(7.7999999999496,-2.29,47.568749000002));
#5805=CARTESIAN_POINT('',(3.29999999998485,-2.29,48.568749000002));
#5806=CARTESIAN_POINT('',(58.800000249922,-2.29,48.568749000002));
#5807=CARTESIAN_POINT('',(2.29999999998485,-2.29,49.568749000002));
#5808=CARTESIAN_POINT('Origin',(3.29999999998485,-2.29,49.568749000002));
#5809=CARTESIAN_POINT('',(2.29999999998485,-2.29,53.1423685799535));
#5810=CARTESIAN_POINT('',(2.29999999998485,-2.29,32.7515617499379));
#5811=CARTESIAN_POINT('',(3.3366517284753,-2.29,54.322995583837));
#5812=CARTESIAN_POINT('Origin',(3.49062499997251,-2.29,53.1423685799535));
#5813=CARTESIAN_POINT('',(4.42306800369354,-2.29,55.4930277242326));
#5814=CARTESIAN_POINT('Origin',(3.17500000000018,-2.29,55.5624990000005));
#5815=CARTESIAN_POINT('',(4.96076120343051,-2.29,56.324974851802));
#5816=CARTESIAN_POINT('Origin',(5.42152240664824,-2.29,55.4374507036182));
#5817=CARTESIAN_POINT('',(5.50000000021276,-2.29,57.2124989999857));
#5818=CARTESIAN_POINT('Origin',(4.50000000021277,-2.29,57.2124989999857));
#5819=CARTESIAN_POINT('',(5.50000000021277,-2.29,66.6124990000001));
#5820=CARTESIAN_POINT('',(5.50000000021276,-2.29,42.5234367499369));
#5821=CARTESIAN_POINT('',(4.50000000021277,-2.29,67.6124990000001));
#5822=CARTESIAN_POINT('Origin',(4.50000000021277,-2.29,66.6124990000001));
#5823=CARTESIAN_POINT('',(3.30000000030029,-2.29,67.6124990000032));
#5824=CARTESIAN_POINT('',(58.8000002501427,-2.29,67.612498999861));
#5825=CARTESIAN_POINT('',(2.30000000031565,-2.29,68.6124990000185));
#5826=CARTESIAN_POINT('Origin',(3.30000000031564,-2.29,68.6124990000032));
#5827=CARTESIAN_POINT('',(2.30000000034624,-2.29,70.6048685800479));
#5828=CARTESIAN_POINT('',(2.29999999984881,-2.29,38.2085019608249));
#5829=CARTESIAN_POINT('',(3.33665172868354,-2.29,71.7854955838598));
#5830=CARTESIAN_POINT('Origin',(3.49062500030611,-2.29,70.6048685800297));
#5831=CARTESIAN_POINT('',(4.41450341615255,-2.29,72.8633472714342));
#5832=CARTESIAN_POINT('Origin',(3.17500000000018,-2.29,73.0249989999963));
#5833=CARTESIAN_POINT('',(5.59513042003822,-2.29,73.8999989999795));
#5834=CARTESIAN_POINT('Origin',(5.59513042003821,-2.29,72.7093739999788));
#5835=CARTESIAN_POINT('',(41.6329945799623,-2.29,73.8999989999793));
#5836=CARTESIAN_POINT('',(59.9475654599489,-2.29,73.8999989999793));
#5837=CARTESIAN_POINT('',(42.813621583848,-2.29,72.8633472714342));
#5838=CARTESIAN_POINT('Origin',(41.6329945799623,-2.29,72.7093739999786));
#5839=CARTESIAN_POINT('',(45.2926284161524,-2.29,72.8633472714342));
#5840=CARTESIAN_POINT('Origin',(44.0531250000002,-2.29,73.0249989999963));
#5841=CARTESIAN_POINT('Origin',(46.473255420038,-2.29,72.7093739999786));
#5842=CARTESIAN_POINT('',(103.535496583844,-2.29,72.8633472714375));
#5843=CARTESIAN_POINT('Origin',(102.354869579958,-2.29,72.7093739999856));
#5844=CARTESIAN_POINT('',(106.014503416156,-2.29,72.8633472714366));
#5845=CARTESIAN_POINT('Origin',(104.775,-2.29,73.0249989999963));
#5846=CARTESIAN_POINT('',(106.681249999999,-2.29,73.7833920652543));
#5847=CARTESIAN_POINT('Origin',(107.195130420043,-2.29,72.7093739999859));
#5848=CARTESIAN_POINT('',(106.681250000001,-2.29,76.3999990000185));
#5849=CARTESIAN_POINT('',(106.681249999982,-2.29,46.1088832825664));
#5850=CARTESIAN_POINT('',(1.58751712292234,-2.29,76.399999000089));
#5851=CARTESIAN_POINT('',(57.9437588114091,-2.29,76.3999990000533));
#5852=CARTESIAN_POINT('',(-0.200000000020246,-2.29,74.6125205320938));
#5853=CARTESIAN_POINT('Origin',(1.58751712292201,-2.29,74.6124818770005));
#5854=CARTESIAN_POINT('',(-0.1999999998595,-2.29,66.4124990000221));
#5855=CARTESIAN_POINT('',(-0.200000000015148,-2.29,32.7515617499379));
#5856=CARTESIAN_POINT('',(4.10000000021277,-2.29,66.4124990000001));
#5857=CARTESIAN_POINT('',(59.2000002501588,-2.29,66.4124989997181));
#5858=CARTESIAN_POINT('',(4.30000000021277,-2.29,66.2124990000001));
#5859=CARTESIAN_POINT('Origin',(4.10000000021277,-2.29,66.2124990000001));
#5860=CARTESIAN_POINT('',(4.30000000021279,-2.29,57.6124989999857));
#5861=CARTESIAN_POINT('',(4.30000000021282,-2.29,38.0234367499296));
#5862=CARTESIAN_POINT('Origin',(4.10000000021279,-2.29,57.6124989999857));
#5863=CARTESIAN_POINT('Origin',(4.10000000021277,-2.39,66.2124990000001));
#5864=CARTESIAN_POINT('',(4.10000000021277,-2.39,66.4124990000001));
#5865=CARTESIAN_POINT('',(4.30000000021277,-2.39,66.2124990000001));
#5866=CARTESIAN_POINT('Origin',(4.30000000021279,-2.39,57.6124989999857));
#5867=CARTESIAN_POINT('',(4.30000000021279,-2.39,57.6124989999857));
#5868=CARTESIAN_POINT('Origin',(4.10000000021279,-2.39,57.6124989999857));
#5869=CARTESIAN_POINT('',(4.10000000021279,-2.39,57.4124989999857));
#5870=CARTESIAN_POINT('Origin',(2.44537900291256,-2.39,57.4124989999861));
#5871=CARTESIAN_POINT('',(-0.199999999981323,-2.39,57.4124989999866));
#5872=CARTESIAN_POINT('Origin',(5.42152240664824,-2.39,55.4374507036182));
#5873=CARTESIAN_POINT('',(4.42306800369354,-2.39,55.4930277242326));
#5874=CARTESIAN_POINT('',(4.96076120343051,-2.39,56.324974851802));
#5875=CARTESIAN_POINT('Origin',(4.50000000021277,-2.39,57.2124989999857));
#5876=CARTESIAN_POINT('',(5.50000000021277,-2.39,57.2124989999857));
#5877=CARTESIAN_POINT('Origin',(5.50000000021277,-2.39,66.6124990000001));
#5878=CARTESIAN_POINT('',(5.50000000021277,-2.39,66.6124990000001));
#5879=CARTESIAN_POINT('Origin',(4.50000000021277,-2.39,66.6124990000001));
#5880=CARTESIAN_POINT('',(4.50000000021277,-2.39,67.6124990000001));
#5881=CARTESIAN_POINT('Origin',(3.30000000030029,-2.39,67.6124990000032));
#5882=CARTESIAN_POINT('',(3.30000000030029,-2.39,67.6124990000032));
#5883=CARTESIAN_POINT('Origin',(3.30000000031564,-2.39,68.6124990000032));
#5884=CARTESIAN_POINT('',(2.30000000031565,-2.39,68.6124990000185));
#5885=CARTESIAN_POINT('Origin',(4.10000000021277,-2.39,66.4124990000001));
#5886=CARTESIAN_POINT('',(-0.199999999859497,-2.39,66.4124990000221));
#5887=CARTESIAN_POINT('Origin',(3.17500000000018,-0.09,55.5624990000005));
#5888=CARTESIAN_POINT('',(3.3366517284753,-0.09,54.322995583837));
#5889=CARTESIAN_POINT('Origin',(2.30000000015243,-0.09,57.9826294200564));
#5890=CARTESIAN_POINT('',(2.30000000034624,-0.09,70.6048685800479));
#5891=CARTESIAN_POINT('Origin',(7.09999999994615,-2.39,46.868749000002));
#5892=CARTESIAN_POINT('',(7.09999999994615,-2.39,47.068749000002));
#5893=CARTESIAN_POINT('',(7.29999999994615,-2.39,46.8687490000021));
#5894=CARTESIAN_POINT('Origin',(7.2999999999515,-2.39,37.2687489998982));
#5895=CARTESIAN_POINT('',(7.2999999999515,-2.39,37.2687489998982));
#5896=CARTESIAN_POINT('Origin',(7.10000000009002,-2.39,37.2687489998981));
#5897=CARTESIAN_POINT('',(7.10000000009147,-2.39,37.0687490000366));
#5898=CARTESIAN_POINT('Origin',(3.29999999997621,-2.39,34.5687490000358));
#5899=CARTESIAN_POINT('',(2.30000000000285,-2.39,34.5687490000286));
#5900=CARTESIAN_POINT('',(3.29999999996901,-2.39,35.5687490000092));
#5901=CARTESIAN_POINT('Origin',(7.79999999995607,-2.39,35.5687490000416));
#5902=CARTESIAN_POINT('',(7.79999999995607,-2.39,35.5687490000416));
#5903=CARTESIAN_POINT('Origin',(7.79999999994887,-2.39,36.5687490000408));
#5904=CARTESIAN_POINT('',(8.79999999994803,-2.39,36.5687490000406));
#5905=CARTESIAN_POINT('Origin',(8.79999999994961,-2.39,47.5687490000019));
#5906=CARTESIAN_POINT('',(8.79999999994961,-2.39,47.5687490000019));
#5907=CARTESIAN_POINT('Origin',(7.7999999999496,-2.39,47.568749000002));
#5908=CARTESIAN_POINT('',(7.7999999999496,-2.39,48.5687490000021));
#5909=CARTESIAN_POINT('Origin',(3.29999999998485,-2.39,48.568749000002));
#5910=CARTESIAN_POINT('',(3.29999999998485,-2.39,48.568749000002));
#5911=CARTESIAN_POINT('Origin',(3.29999999998485,-2.39,49.568749000002));
#5912=CARTESIAN_POINT('',(2.29999999998485,-2.39,49.568749000002));
#5913=CARTESIAN_POINT('Origin',(2.30000000002858,-0.09,30.995130419952));
#5914=CARTESIAN_POINT('',(2.30000000002858,-0.09,30.995130419952));
#5915=CARTESIAN_POINT('Origin',(-0.20000000001515,-0.09,47.068749000002));
#5916=CARTESIAN_POINT('',(-0.20000000001515,-0.09,37.0687490000006));
#5917=CARTESIAN_POINT('',(-0.200000000288263,3.31,1.58749900000052));
#5918=CARTESIAN_POINT('',(-0.200000000288272,-0.09,1.58749900000052));
#5919=CARTESIAN_POINT('',(-0.200000000020246,3.31,74.6125205320938));
#5920=CARTESIAN_POINT('',(-0.200000000020245,3.31,74.6125205320938));
#5921=CARTESIAN_POINT('',(-0.200000000020245,-0.09,74.6125205320938));
#5922=CARTESIAN_POINT('',(-0.200000000020246,-3.59,74.6125205320938));
#5923=CARTESIAN_POINT('',(-0.200000000020245,-0.09,74.6125205320938));
#5924=CARTESIAN_POINT('',(-0.200000000121339,-3.59,47.0687490000006));
#5925=CARTESIAN_POINT('',(-0.200000000020245,-3.59,74.6125205320938));
#5926=CARTESIAN_POINT('',(-0.20000000012134,-0.09,47.0687490000006));
#5927=CARTESIAN_POINT('',(-0.20000000001515,-0.09,47.0687490000006));
#5928=CARTESIAN_POINT('Origin',(57.0500002498114,-1.09,45.5687490000325));
#5929=CARTESIAN_POINT('',(57.0500002498106,-1.09,47.0687490000325));
#5930=CARTESIAN_POINT('Origin',(2.29999999998485,-0.09,37.068749000002));
#5931=CARTESIAN_POINT('',(-0.700000000002048,-3.59,37.0687490000046));
#5932=CARTESIAN_POINT('Origin',(-0.700000000002048,-2.09,37.0687490000262));
#5933=CARTESIAN_POINT('',(-0.200000000158044,-3.59,37.0687490000006));
#5934=CARTESIAN_POINT('',(-0.200000000158044,-3.59,37.0687490000006));
#5935=CARTESIAN_POINT('',(-0.200000000158044,-0.09,37.0687490000006));
#5936=CARTESIAN_POINT('Origin',(108.181249999988,-1.59,55.941695907405));
#5937=CARTESIAN_POINT('',(106.681250000001,-1.59,76.3999990000224));
#5938=CARTESIAN_POINT('',(108.181250000001,-0.09,76.3999990000214));
#5939=CARTESIAN_POINT('Origin',(108.181250000001,-1.59,76.3999990000219));
#5940=CARTESIAN_POINT('',(108.181250000002,-0.09,78.3999989999984));
#5941=CARTESIAN_POINT('',(108.181249999988,-0.0900000000000001,55.941695907405));
#5942=CARTESIAN_POINT('',(106.681250000001,-1.59,78.3999948143965));
#5943=CARTESIAN_POINT('Origin',(108.181250000002,-1.59,78.3999990000742));
#5944=CARTESIAN_POINT('',(106.681249999988,-1.59,55.941695907406));
#5945=CARTESIAN_POINT('Origin',(114.300000499748,-0.09,38.0999997495528));
#5946=CARTESIAN_POINT('',(125.18125,-0.09,76.3999990000107));
#5947=CARTESIAN_POINT('',(227.012504307896,-0.09,76.3999989999461));
#5948=CARTESIAN_POINT('',(125.181250000001,-0.09,78.3999989999984));
#5949=CARTESIAN_POINT('',(125.181249999997,-0.0900000000000001,57.2499993747785));
#5950=CARTESIAN_POINT('',(227.012525847385,-0.09,78.3999989999984));
#5951=CARTESIAN_POINT('Origin',(125.181249999997,-1.59,57.2499993747785));
#5952=CARTESIAN_POINT('',(126.68125,-1.59,76.3999990000097));
#5953=CARTESIAN_POINT('Origin',(125.18125,-1.59,76.3999989999648));
#5954=CARTESIAN_POINT('',(126.68125,-1.59,78.3999989999984));
#5955=CARTESIAN_POINT('',(126.681249999997,-1.59,57.2499993747782));
#5956=CARTESIAN_POINT('Origin',(125.181250000001,-1.59,78.3999990000171));
#5957=CARTESIAN_POINT('Origin',(126.68125,-0.09,76.3999990000059));
#5958=CARTESIAN_POINT('',(126.68125,-0.19,76.3999990000097));
#5959=CARTESIAN_POINT('',(126.68125,-0.09,76.3999990000097));
#5960=CARTESIAN_POINT('',(126.68125,-0.19,73.7833920756513));
#5961=CARTESIAN_POINT('',(126.681249999998,-0.19,61.4523431249776));
#5962=CARTESIAN_POINT('',(126.68125,-2.29,73.7833920756513));
#5963=CARTESIAN_POINT('',(126.68125,-0.09,73.7833920756513));
#5964=CARTESIAN_POINT('',(126.68125,-2.29,76.3999990000059));
#5965=CARTESIAN_POINT('',(126.681249999998,-2.29,61.4523431249776));
#5966=CARTESIAN_POINT('',(126.68125,-3.59,76.3999990000059));
#5967=CARTESIAN_POINT('',(126.68125,-0.09,76.3999990000059));
#5968=CARTESIAN_POINT('',(126.68125,-3.59,76.8999989999984));
#5969=CARTESIAN_POINT('',(126.68125,-3.59,76.3999990000059));
#5970=CARTESIAN_POINT('',(126.68125,-2.09,78.3999989999984));
#5971=CARTESIAN_POINT('Origin',(126.68125,-2.09,76.8999989999984));
#5972=CARTESIAN_POINT('',(126.68125,-0.09,78.3999989999984));
#5973=CARTESIAN_POINT('Origin',(229.300000499999,1.81,19.8437438156655));
#5974=CARTESIAN_POINT('',(229.300000499999,3.31,74.6124952261651));
#5975=CARTESIAN_POINT('',(230.800000499999,1.81,74.6124952261651));
#5976=CARTESIAN_POINT('Origin',(229.300000499999,1.81,74.6124952261651));
#5977=CARTESIAN_POINT('',(230.800000499999,1.81,1.58748788177813));
#5978=CARTESIAN_POINT('',(230.800000499999,1.81,19.8437438156655));
#5979=CARTESIAN_POINT('',(229.300000499999,3.31,1.58748788177813));
#5980=CARTESIAN_POINT('Origin',(229.300000499999,1.81,1.58748788177813));
#5981=CARTESIAN_POINT('',(229.300000499999,3.31,19.8437438156655));
#5982=CARTESIAN_POINT('Origin',(227.0124872914,1.81,1.58751370860053));
#5983=CARTESIAN_POINT('',(227.012508669088,1.81,-2.19999999981067));
#5984=CARTESIAN_POINT('',(227.012500202708,3.31,-0.69999999983456));
#5985=CARTESIAN_POINT('Origin',(227.012500202708,1.81,-0.69999999983456));
#5986=CARTESIAN_POINT('Origin',(227.0124872914,3.31,1.58751370860053));
#5987=CARTESIAN_POINT('Origin',(227.0124872914,1.81,1.58751370860053));
#5988=CARTESIAN_POINT('Origin',(57.9437469468223,1.81,-0.700000000142285));
#5989=CARTESIAN_POINT('',(1.58749339382388,1.81,-2.20000000025282));
#5990=CARTESIAN_POINT('',(1.58749339382094,3.31,-0.700000000252823));
#5991=CARTESIAN_POINT('Origin',(1.58749339382094,1.81,-0.700000000252823));
#5992=CARTESIAN_POINT('',(57.9437469468223,3.31,-0.700000000142285));
#5993=CARTESIAN_POINT('',(57.9437469468252,1.81,-2.20000000014228));
#5994=CARTESIAN_POINT('Origin',(1.58753419463499,1.81,1.58753419460053));
#5995=CARTESIAN_POINT('',(-0.700000000445754,3.31,1.58750104694002));
#5996=CARTESIAN_POINT('Origin',(-0.700000000445754,1.81,1.58750104694002));
#5997=CARTESIAN_POINT('Origin',(1.58753419463499,3.31,1.58753419460053));
#5998=CARTESIAN_POINT('Origin',(1.58753419463499,1.81,1.58753419460053));
#5999=CARTESIAN_POINT('Origin',(-0.699999999997889,1.81,37.5843743752426));
#6000=CARTESIAN_POINT('',(-0.699999999699188,3.31,74.6125421571052));
#6001=CARTESIAN_POINT('Origin',(-0.699999999699188,1.81,74.6125421571052));
#6002=CARTESIAN_POINT('',(-0.699999999997889,3.31,37.5843743752426));
#6003=CARTESIAN_POINT('Origin',(1.58751712292201,1.81,74.6124818770005));
#6004=CARTESIAN_POINT('',(1.58751712292363,1.81,78.3999989999984));
#6005=CARTESIAN_POINT('',(1.58751712292299,3.31,76.8999989999984));
#6006=CARTESIAN_POINT('Origin',(1.58751712292299,1.81,76.8999989999984));
#6007=CARTESIAN_POINT('Origin',(1.58751712292201,3.31,74.6124818770005));
#6008=CARTESIAN_POINT('Origin',(1.58751712292201,1.81,74.6124818770005));
#6009=CARTESIAN_POINT('Origin',(170.656263173566,1.81,76.8999989999984));
#6010=CARTESIAN_POINT('',(227.012525847385,1.81,78.3999989999984));
#6011=CARTESIAN_POINT('',(227.012525847385,3.31,76.8999989999984));
#6012=CARTESIAN_POINT('Origin',(227.012525847385,1.81,76.8999989999984));
#6013=CARTESIAN_POINT('',(170.656263173566,3.31,76.8999989999984));
#6014=CARTESIAN_POINT('',(170.656263173566,1.81,78.3999989999984));
#6015=CARTESIAN_POINT('Origin',(227.01246580534,1.81,74.6124648053005));
#6016=CARTESIAN_POINT('Origin',(227.01246580534,3.31,74.6124648053005));
#6017=CARTESIAN_POINT('Origin',(227.01246580534,1.81,74.6124648053005));
#6018=CARTESIAN_POINT('Origin',(1.58753419463499,-0.09,1.58753419460053));
#6019=CARTESIAN_POINT('',(1.58749339382388,-2.09,-2.20000000025282));
#6020=CARTESIAN_POINT('',(1.58749339382388,-0.09,-2.20000000025282));
#6021=CARTESIAN_POINT('Origin',(1.58753419463499,-2.09,1.58753419460053));
#6022=CARTESIAN_POINT('Origin',(1.58749339382388,-0.09,-2.20000000025282));
#6023=CARTESIAN_POINT('',(227.012508669088,-2.09,-2.19999999981067));
#6024=CARTESIAN_POINT('',(227.012508669088,-0.09,-2.19999999981067));
#6025=CARTESIAN_POINT('',(57.9437469468252,-2.09,-2.20000000014228));
#6026=CARTESIAN_POINT('Origin',(227.0124872914,-0.09,1.58751370860053));
#6027=CARTESIAN_POINT('',(230.800000499999,-2.09,1.58748788177813));
#6028=CARTESIAN_POINT('',(230.800000499999,-0.09,1.58748788177813));
#6029=CARTESIAN_POINT('Origin',(227.0124872914,-2.09,1.58751370860053));
#6030=CARTESIAN_POINT('Origin',(230.800000499999,-0.09,1.58748788177813));
#6031=CARTESIAN_POINT('',(230.800000499999,-2.09,74.6124952261651));
#6032=CARTESIAN_POINT('',(230.800000499999,-0.09,74.6124952261651));
#6033=CARTESIAN_POINT('',(230.800000499999,-2.09,19.8437438156655));
#6034=CARTESIAN_POINT('Origin',(114.300000499748,3.31,38.0999997495528));
#6035=CARTESIAN_POINT('',(228.800000499999,3.31,74.6125010027394));
#6036=CARTESIAN_POINT('',(227.012504307907,3.31,76.3999994999118));
#6037=CARTESIAN_POINT('Origin',(227.01246580534,3.31,74.6124648053005));
#6038=CARTESIAN_POINT('',(1.58751712292233,3.31,76.399999000089));
#6039=CARTESIAN_POINT('',(227.012504307896,3.31,76.3999989999461));
#6040=CARTESIAN_POINT('Origin',(1.58751712292201,3.31,74.6124818770005));
#6041=CARTESIAN_POINT('',(1.5874956921073,3.31,-0.200000000033063));
#6042=CARTESIAN_POINT('Origin',(1.58753419463499,3.31,1.58753419460053));
#6043=CARTESIAN_POINT('',(227.012501,3.31,-0.200000000030425));
#6044=CARTESIAN_POINT('',(1.5874956921073,3.31,-0.200000000033061));
#6045=CARTESIAN_POINT('',(228.800000499999,3.31,1.58749714696457));
#6046=CARTESIAN_POINT('Origin',(227.0124872914,3.31,1.58751370860053));
#6047=CARTESIAN_POINT('',(228.800000499999,3.31,1.58749714696457));
#6048=CARTESIAN_POINT('Origin',(-0.699999999997889,-2.09,37.5843743752426));
#6049=CARTESIAN_POINT('',(-0.70000000028827,-3.59,1.58747931108202));
#6050=CARTESIAN_POINT('Origin',(-0.70000000028827,-2.09,1.58747931108202));
#6051=CARTESIAN_POINT('',(-0.699999999997889,-3.59,37.5843743752426));
#6052=CARTESIAN_POINT('Origin',(1.58753419463499,-2.09,1.58753419460053));
#6053=CARTESIAN_POINT('',(1.58750955241507,-3.59,-0.700000000587652));
#6054=CARTESIAN_POINT('Origin',(1.58750955241507,-2.09,-0.700000000587652));
#6055=CARTESIAN_POINT('Origin',(1.58753419463499,-3.59,1.58753419460053));
#6056=CARTESIAN_POINT('Origin',(57.9437469468223,-2.09,-0.700000000142285));
#6057=CARTESIAN_POINT('',(227.012508669085,-3.59,-0.699999999810668));
#6058=CARTESIAN_POINT('Origin',(227.012508669085,-2.09,-0.699999999810668));
#6059=CARTESIAN_POINT('',(57.9437469468223,-3.59,-0.700000000142285));
#6060=CARTESIAN_POINT('Origin',(227.0124872914,-2.09,1.58751370860053));
#6061=CARTESIAN_POINT('',(229.300000999818,-3.59,1.58749811018356));
#6062=CARTESIAN_POINT('Origin',(229.300000999818,-2.09,1.58749811018356));
#6063=CARTESIAN_POINT('Origin',(227.0124872914,-3.59,1.58751370860053));
#6064=CARTESIAN_POINT('Origin',(229.300000499999,-2.09,19.8437438156655));
#6065=CARTESIAN_POINT('',(229.300000499999,-3.59,74.6124952261651));
#6066=CARTESIAN_POINT('Origin',(229.300000499999,-2.09,74.6124952261651));
#6067=CARTESIAN_POINT('',(229.300000499999,-3.59,19.8437438156655));
#6068=CARTESIAN_POINT('Origin',(227.01246580534,-2.09,74.6124648053005));
#6069=CARTESIAN_POINT('',(227.012525847385,-2.09,78.3999989999984));
#6070=CARTESIAN_POINT('',(227.01250206858,-3.59,76.8999994997947));
#6071=CARTESIAN_POINT('Origin',(227.01250206858,-2.09,76.8999994997947));
#6072=CARTESIAN_POINT('Origin',(227.01246580534,-3.59,74.6124648053005));
#6073=CARTESIAN_POINT('Origin',(227.01246580534,-2.09,74.6124648053005));
#6074=CARTESIAN_POINT('Origin',(170.656263173566,-2.09,76.8999989999984));
#6075=CARTESIAN_POINT('',(170.656263173566,-3.59,76.8999989999984));
#6076=CARTESIAN_POINT('',(170.656263173566,-2.09,78.3999989999984));
#6077=CARTESIAN_POINT('Origin',(227.01246580534,-0.09,74.6124648053005));
#6078=CARTESIAN_POINT('',(227.012525847385,-0.09,78.3999989999984));
#6079=CARTESIAN_POINT('Origin',(139.626578970113,-2.09,76.8999989999984));
#6080=CARTESIAN_POINT('',(106.681250000001,-3.59,76.8999989999984));
#6081=CARTESIAN_POINT('',(106.681250000001,-2.09,78.3999948143965));
#6082=CARTESIAN_POINT('Origin',(106.681249999999,-2.09,76.8999989999984));
#6083=CARTESIAN_POINT('',(1.58751712292363,-2.09,78.3999989999984));
#6084=CARTESIAN_POINT('',(139.626578970113,-2.09,78.3999989999984));
#6085=CARTESIAN_POINT('',(1.58751712292363,-3.59,76.8999989999984));
#6086=CARTESIAN_POINT('Origin',(1.58751712292363,-2.09,76.8999989999984));
#6087=CARTESIAN_POINT('',(139.626578970113,-3.59,76.8999989999984));
#6088=CARTESIAN_POINT('Origin',(1.58751712292201,-2.09,74.6124818770005));
#6089=CARTESIAN_POINT('',(-0.699999999786149,-3.59,74.6125182839117));
#6090=CARTESIAN_POINT('Origin',(-0.699999999786149,-2.09,74.6125182839117));
#6091=CARTESIAN_POINT('Origin',(1.58751712292201,-3.59,74.6124818770005));
#6092=CARTESIAN_POINT('Origin',(1.58751712292201,-2.09,74.6124818770005));
#6093=CARTESIAN_POINT('Origin',(-0.699999999898528,-2.09,49.9015640002156));
#6094=CARTESIAN_POINT('',(-0.69999999992138,-3.59,47.0687490000024));
#6095=CARTESIAN_POINT('Origin',(-0.69999999992138,-2.09,47.0687490000046));
#6096=CARTESIAN_POINT('',(-0.699999999898528,-3.59,49.9015640002156));
#6097=CARTESIAN_POINT('Origin',(1.58751712292201,-0.09,74.6124818770005));
#6098=CARTESIAN_POINT('',(1.58751712292363,-0.09,78.3999989999984));
#6099=CARTESIAN_POINT('Origin',(227.012525847385,-0.09,78.3999989999984));
#6100=CARTESIAN_POINT('',(106.681250000001,-0.09,78.3999948143965));
#6101=CARTESIAN_POINT('Origin',(106.681249999999,-0.09,73.7833920652543));
#6102=CARTESIAN_POINT('',(106.681250000001,-3.59,76.3999990000185));
#6103=CARTESIAN_POINT('',(106.681250000001,-3.59,76.3999990000185));
#6104=CARTESIAN_POINT('',(106.681250000001,-0.09,76.3999990000185));
#6105=CARTESIAN_POINT('',(106.681249999999,-0.09,73.7833920652543));
#6106=CARTESIAN_POINT('',(106.681250000001,-0.09,76.3999990000224));
#6107=CARTESIAN_POINT('Origin',(227.0124872914,-0.09,1.58751370860053));
#6108=CARTESIAN_POINT('',(228.800000499999,-0.09,1.58749714696457));
#6109=CARTESIAN_POINT('',(227.012501,-0.09,-0.200000000030428));
#6110=CARTESIAN_POINT('Origin',(1.5874956921073,-0.09,-0.200000000033061));
#6111=CARTESIAN_POINT('',(1.5874956921073,-0.09,-0.200000000033061));
#6112=CARTESIAN_POINT('Origin',(1.58753419463499,-0.09,1.58753419460053));
#6113=CARTESIAN_POINT('Origin',(1.58751712292201,-0.09,74.6124818770005));
#6114=CARTESIAN_POINT('',(1.58751712292234,-0.09,76.399999000089));
#6115=CARTESIAN_POINT('Origin',(227.012504307896,-0.09,76.3999989999461));
#6116=CARTESIAN_POINT('',(227.012504307907,-0.19,76.3999994999118));
#6117=CARTESIAN_POINT('',(227.012504307907,-0.09,76.3999994999118));
#6118=CARTESIAN_POINT('',(202.376564778957,-0.19,76.3999989999617));
#6119=CARTESIAN_POINT('Origin',(227.01246580534,-0.09,74.6124648053005));
#6120=CARTESIAN_POINT('',(228.800000499999,-0.19,74.6125010027394));
#6121=CARTESIAN_POINT('Origin',(227.01246580534,-0.19,74.6124648053005));
#6122=CARTESIAN_POINT('',(228.800000499999,-0.09,74.6125010027394));
#6123=CARTESIAN_POINT('Origin',(1.58751712292233,-0.09,76.399999000089));
#6124=CARTESIAN_POINT('',(1.58751712292235,-3.59,76.399999000089));
#6125=CARTESIAN_POINT('',(227.012504307896,-3.59,76.3999989999461));
#6126=CARTESIAN_POINT('',(1.58751712292234,-0.09,76.399999000089));
#6127=CARTESIAN_POINT('Origin',(1.58751712292201,-0.09,74.6124818770005));
#6128=CARTESIAN_POINT('Origin',(1.58751712292201,-3.59,74.6124818770005));
#6129=CARTESIAN_POINT('Origin',(52.2406320928407,-3.59,62.7343789999995));
#6130=CARTESIAN_POINT('',(-0.20000000012134,-3.59,47.0687490000006));
#6131=CARTESIAN_POINT('Origin',(102.354869579958,-0.09,72.7093739999856));
#6132=CARTESIAN_POINT('',(103.535496583844,-0.09,72.8633472714375));
#6133=CARTESIAN_POINT('Origin',(46.473255420038,-0.09,72.7093739999786));
#6134=CARTESIAN_POINT('',(45.2926284161524,-0.09,72.8633472714342));
#6135=CARTESIAN_POINT('Origin',(44.0531250000002,-0.09,73.0249989999963));
#6136=CARTESIAN_POINT('',(42.813621583848,-0.09,72.8633472714342));
#6137=CARTESIAN_POINT('Origin',(41.6329945799623,-0.09,72.7093739999786));
#6138=CARTESIAN_POINT('',(41.6329945799623,-0.09,73.8999989999793));
#6139=CARTESIAN_POINT('Origin',(5.59513042003821,-0.09,73.8999989999795));
#6140=CARTESIAN_POINT('',(5.59513042003821,-0.09,73.8999989999795));
#6141=CARTESIAN_POINT('Origin',(5.59513042003821,-0.09,72.7093739999788));
#6142=CARTESIAN_POINT('',(4.41450341615254,-0.09,72.8633472714342));
#6143=CARTESIAN_POINT('Origin',(3.17500000000018,-0.09,73.0249989999963));
#6144=CARTESIAN_POINT('',(3.33665172868354,-0.09,71.7854955838598));
#6145=CARTESIAN_POINT('Origin',(3.49062500030611,-0.09,70.6048685800297));
#6146=CARTESIAN_POINT('Origin',(3.49062499997251,-0.09,53.1423685799535));
#6147=CARTESIAN_POINT('',(2.29999999998485,-0.09,53.1423685799535));
#6148=CARTESIAN_POINT('Origin',(2.29999999998485,-0.09,47.068749000002));
#6149=CARTESIAN_POINT('Origin',(-0.20000000012134,-0.09,47.0687490000006));
#6150=CARTESIAN_POINT('Origin',(107.195130420043,-0.09,72.7093739999859));
#6151=CARTESIAN_POINT('',(106.014503416156,-0.09,72.8633472714366));
#6152=CARTESIAN_POINT('Origin',(104.775,-0.09,73.0249989999963));
#6153=CARTESIAN_POINT('Origin',(177.74062525,-0.19,46.5046872499401));
#6154=CARTESIAN_POINT('',(228.800000499999,-0.19,16.6093749999683));
#6155=CARTESIAN_POINT('',(228.800000499999,-0.19,60.5585941263397));
#6156=CARTESIAN_POINT('',(227.609375499999,-0.19,17.7999999999683));
#6157=CARTESIAN_POINT('Origin',(227.609375499999,-0.19,16.6093749999683));
#6158=CARTESIAN_POINT('',(225.425000760869,-0.19,17.7999999999914));
#6159=CARTESIAN_POINT('',(201.582813005434,-0.19,17.7999999999684));
#6160=CARTESIAN_POINT('',(225.263348898708,-0.19,20.289503398722));
#6161=CARTESIAN_POINT('Origin',(225.425000760869,-0.19,19.0499999999924));
#6162=CARTESIAN_POINT('',(226.300000499999,-0.19,21.470130386011));
#6163=CARTESIAN_POINT('Origin',(225.109375499999,-0.19,21.470130386011));
#6164=CARTESIAN_POINT('',(226.300000499999,-0.19,70.6048686139788));
#6165=CARTESIAN_POINT('',(226.300000499999,-0.19,58.5547779319594));
#6166=CARTESIAN_POINT('',(225.263348898708,-0.19,71.7854956012678));
#6167=CARTESIAN_POINT('Origin',(225.109375499999,-0.19,70.6048686139788));
#6168=CARTESIAN_POINT('',(224.185497344716,-0.19,72.8633472714346));
#6169=CARTESIAN_POINT('Origin',(225.425000760869,-0.19,73.0249989999963));
#6170=CARTESIAN_POINT('',(223.004870340833,-0.19,73.8999989999782));
#6171=CARTESIAN_POINT('Origin',(223.004870340833,-0.19,72.7093739999799));
#6172=CARTESIAN_POINT('',(186.967005441776,-0.19,73.8999989999919));
#6173=CARTESIAN_POINT('',(182.353815345893,-0.19,73.8999989999936));
#6174=CARTESIAN_POINT('',(185.786378437892,-0.19,72.8633472714417));
#6175=CARTESIAN_POINT('Origin',(186.967005441776,-0.19,72.7093739999936));
#6176=CARTESIAN_POINT('',(183.307371605586,-0.19,72.8633472714416));
#6177=CARTESIAN_POINT('Origin',(184.546875021739,-0.19,73.0249989999963));
#6178=CARTESIAN_POINT('',(182.126744601702,-0.19,73.8999989999919));
#6179=CARTESIAN_POINT('Origin',(182.126744601702,-0.19,72.7093739999936));
#6180=CARTESIAN_POINT('',(131.007630441775,-0.19,73.8999989999787));
#6181=CARTESIAN_POINT('',(154.374127845884,-0.19,73.8999989999847));
#6182=CARTESIAN_POINT('',(129.827003437891,-0.19,72.8633472714349));
#6183=CARTESIAN_POINT('Origin',(131.007630441775,-0.19,72.7093739999804));
#6184=CARTESIAN_POINT('',(127.347996605587,-0.19,72.8633472714349));
#6185=CARTESIAN_POINT('Origin',(128.587500021739,-0.19,73.0249989999963));
#6186=CARTESIAN_POINT('Origin',(126.167369601703,-0.19,72.7093739999804));
#6187=CARTESIAN_POINT('Origin',(227.0124872914,-0.09,1.58751370860053));
#6188=CARTESIAN_POINT('',(227.012501,-3.59,-0.200000000030429));
#6189=CARTESIAN_POINT('',(227.012501,-0.09,-0.200000000030428));
#6190=CARTESIAN_POINT('',(228.800000499999,-3.59,1.58749714696457));
#6191=CARTESIAN_POINT('Origin',(227.0124872914,-3.59,1.58751370860053));
#6192=CARTESIAN_POINT('',(228.800000499999,-0.09,1.58749714696457));
#6193=CARTESIAN_POINT('Origin',(227.012501,-0.09,-0.200000000030428));
#6194=CARTESIAN_POINT('',(1.5874956921073,-3.59,-0.200000000033063));
#6195=CARTESIAN_POINT('',(1.5874956921073,-0.09,-0.200000000033061));
#6196=CARTESIAN_POINT('',(1.5874956921073,-3.59,-0.200000000033061));
#6197=CARTESIAN_POINT('Origin',(1.58753419463499,-0.09,1.58753419460053));
#6198=CARTESIAN_POINT('',(-0.200000000288272,-3.59,1.58749900000052));
#6199=CARTESIAN_POINT('',(-0.200000000288272,-0.09,1.58749900000052));
#6200=CARTESIAN_POINT('Origin',(1.58753419463499,-3.59,1.58753419460053));
#6201=CARTESIAN_POINT('Origin',(-0.200000000288272,-0.09,1.58749900000052));
#6202=CARTESIAN_POINT('',(-0.200000000020245,-3.59,74.6125205320938));
#6203=CARTESIAN_POINT('Origin',(228.800000499999,-0.09,74.6125010027394));
#6204=CARTESIAN_POINT('',(228.800000499999,-2.29,16.6093749999683));
#6205=CARTESIAN_POINT('',(228.800000499999,-0.09,16.6093749999683));
#6206=CARTESIAN_POINT('',(228.800000499999,-0.09,1.99062499996827));
#6207=CARTESIAN_POINT('',(228.800000499999,-3.59,74.6125010027394));
#6208=CARTESIAN_POINT('',(228.800000499999,-3.59,1.58749714696457));
#6209=CARTESIAN_POINT('',(228.800000499999,-2.29,74.6125010027394));
#6210=CARTESIAN_POINT('',(228.800000499999,-0.09,74.6125010027394));
#6211=CARTESIAN_POINT('',(228.800000499999,-2.29,60.5585941263397));
#6212=CARTESIAN_POINT('Origin',(227.01246580534,-0.09,74.6124648053005));
#6213=CARTESIAN_POINT('',(227.012504307907,-2.29,76.3999994999118));
#6214=CARTESIAN_POINT('Origin',(227.01246580534,-2.29,74.6124648053005));
#6215=CARTESIAN_POINT('',(227.012504307907,-3.59,76.3999994999118));
#6216=CARTESIAN_POINT('Origin',(227.01246580534,-3.59,74.6124648053005));
#6217=CARTESIAN_POINT('',(227.012504307907,-0.09,76.3999994999118));
#6218=CARTESIAN_POINT('Origin',(126.68125,-0.09,76.3999990000097));
#6219=CARTESIAN_POINT('',(152.210937625009,-2.29,76.3999989999935));
#6220=CARTESIAN_POINT('',(227.012504307896,-3.59,76.3999989999461));
#6221=CARTESIAN_POINT('Origin',(114.300000499748,-3.59,38.0999997495528));
#6222=CARTESIAN_POINT('Origin',(172.7,-0.09,1.99062499993242));
#6223=CARTESIAN_POINT('',(172.7,-0.09,3.17499999994414));
#6224=CARTESIAN_POINT('',(172.7,-0.09,1.99062499993242));
#6225=CARTESIAN_POINT('Origin',(173.890624999964,-0.09,1.99062499993242));
#6226=CARTESIAN_POINT('',(173.890624999964,-0.09,0.799999999967935));
#6227=CARTESIAN_POINT('Origin',(227.609375499999,-0.09,0.79999999996827));
#6228=CARTESIAN_POINT('',(227.609375499999,-0.09,0.79999999996827));
#6229=CARTESIAN_POINT('Origin',(227.609375499999,-0.09,1.99062499996827));
#6230=CARTESIAN_POINT('Origin',(3.49062499999306,-0.09,30.995130419952));
#6231=CARTESIAN_POINT('',(3.33665172850032,-0.09,29.8145034161078));
#6232=CARTESIAN_POINT('Origin',(3.17500000000018,-0.09,28.5749999999441));
#6233=CARTESIAN_POINT('',(3.33665172856936,-0.09,27.3354965837929));
#6234=CARTESIAN_POINT('Origin',(3.49062500002792,-0.09,26.1548695799363));
#6235=CARTESIAN_POINT('',(2.30000000006343,-0.09,26.154869579942));
#6236=CARTESIAN_POINT('Origin',(2.29999999996418,-0.09,5.59513041995725));
#6237=CARTESIAN_POINT('',(2.29999999996418,-0.09,5.59513041995725));
#6238=CARTESIAN_POINT('Origin',(3.49062499992866,-0.09,5.5951304199515));
#6239=CARTESIAN_POINT('',(3.33665172851869,-0.09,4.41450341609646));
#6240=CARTESIAN_POINT('Origin',(3.17500000000018,-0.09,3.17499999994414));
#6241=CARTESIAN_POINT('',(4.42500000000018,-0.09,3.17499999994414));
#6242=CARTESIAN_POINT('Origin',(4.42500000000018,-0.09,1.99062499993276));
#6243=CARTESIAN_POINT('',(4.42500000000018,-0.09,1.99062499993276));
#6244=CARTESIAN_POINT('Origin',(5.61562499996466,-0.09,1.99062499993276));
#6245=CARTESIAN_POINT('',(5.61562499996467,-0.09,0.799999999968283));
#6246=CARTESIAN_POINT('Origin',(54.7093750000355,-0.09,0.799999999967935));
#6247=CARTESIAN_POINT('',(54.7093750000355,-0.09,0.799999999967935));
#6248=CARTESIAN_POINT('Origin',(54.7093750000355,-0.09,1.99062499993242));
#6249=CARTESIAN_POINT('',(55.9,-0.09,1.99062499993242));
#6250=CARTESIAN_POINT('Origin',(55.9,-0.09,3.17499999994414));
#6251=CARTESIAN_POINT('',(55.9,-0.09,3.17499999994414));
#6252=CARTESIAN_POINT('Origin',(57.15,-0.09,3.17499999994414));
#6253=CARTESIAN_POINT('',(58.4,-0.09,3.17499999994414));
#6254=CARTESIAN_POINT('Origin',(58.4,-0.09,1.99062499993242));
#6255=CARTESIAN_POINT('',(58.4,-0.09,1.99062499993242));
#6256=CARTESIAN_POINT('Origin',(59.5906249999645,-0.09,1.99062499993242));
#6257=CARTESIAN_POINT('',(59.5906249999645,-0.09,0.799999999967935));
#6258=CARTESIAN_POINT('Origin',(111.859375000036,-0.09,0.799999999967935));
#6259=CARTESIAN_POINT('',(111.859375000036,-0.09,0.799999999967935));
#6260=CARTESIAN_POINT('Origin',(111.859375000036,-0.09,1.99062499993242));
#6261=CARTESIAN_POINT('',(113.05,-0.09,1.99062499993242));
#6262=CARTESIAN_POINT('Origin',(113.05,-0.09,3.17499999994414));
#6263=CARTESIAN_POINT('',(113.05,-0.09,3.17499999994414));
#6264=CARTESIAN_POINT('Origin',(114.3,-0.09,3.17499999994414));
#6265=CARTESIAN_POINT('',(115.55,-0.09,3.17499999994414));
#6266=CARTESIAN_POINT('Origin',(115.55,-0.09,1.99062499993242));
#6267=CARTESIAN_POINT('',(115.55,-0.09,1.99062499993242));
#6268=CARTESIAN_POINT('Origin',(116.740624999965,-0.09,1.99062499993242));
#6269=CARTESIAN_POINT('',(116.740624999965,-0.09,0.799999999967935));
#6270=CARTESIAN_POINT('Origin',(169.009375000036,-0.09,0.799999999967935));
#6271=CARTESIAN_POINT('',(169.009375000036,-0.09,0.799999999967935));
#6272=CARTESIAN_POINT('Origin',(169.009375000036,-0.09,1.99062499993242));
#6273=CARTESIAN_POINT('',(170.2,-0.09,1.99062499993242));
#6274=CARTESIAN_POINT('Origin',(170.2,-0.09,3.17499999994414));
#6275=CARTESIAN_POINT('',(170.2,-0.09,3.17499999994414));
#6276=CARTESIAN_POINT('Origin',(171.45,-0.09,3.17499999994414));
#6277=CARTESIAN_POINT('Origin',(126.167369601703,-0.09,72.7093739999804));
#6278=CARTESIAN_POINT('',(127.347996605587,-2.29,72.8633472714349));
#6279=CARTESIAN_POINT('',(127.347996605587,-0.09,72.8633472714349));
#6280=CARTESIAN_POINT('Origin',(126.167369601703,-2.29,72.7093739999804));
#6281=CARTESIAN_POINT('Origin',(227.609375499999,-0.09,16.6093749999683));
#6282=CARTESIAN_POINT('',(227.609375499999,-2.29,17.7999999999683));
#6283=CARTESIAN_POINT('Origin',(227.609375499999,-2.29,16.6093749999683));
#6284=CARTESIAN_POINT('',(227.609375499999,-0.09,17.7999999999683));
#6285=CARTESIAN_POINT('Origin',(225.425000760869,-0.09,17.7999999999683));
#6286=CARTESIAN_POINT('',(225.425000760869,-2.29,17.7999999999914));
#6287=CARTESIAN_POINT('',(201.582813005434,-2.29,17.7999999999684));
#6288=CARTESIAN_POINT('',(225.425000760869,-0.09,17.7999999999914));
#6289=CARTESIAN_POINT('Origin',(225.425000760869,-0.09,19.0499999999924));
#6290=CARTESIAN_POINT('',(225.263348898708,-2.29,20.289503398722));
#6291=CARTESIAN_POINT('Origin',(225.425000760869,-2.29,19.0499999999924));
#6292=CARTESIAN_POINT('',(225.263348898708,-0.09,20.289503398722));
#6293=CARTESIAN_POINT('Origin',(225.109375499999,-0.09,21.470130386011));
#6294=CARTESIAN_POINT('',(226.300000499999,-2.29,21.470130386011));
#6295=CARTESIAN_POINT('Origin',(225.109375499999,-2.29,21.470130386011));
#6296=CARTESIAN_POINT('',(226.300000499999,-0.09,21.470130386011));
#6297=CARTESIAN_POINT('Origin',(226.300000499999,-0.09,70.6048686139788));
#6298=CARTESIAN_POINT('',(226.300000499999,-2.29,70.6048686139788));
#6299=CARTESIAN_POINT('',(226.300000499999,-2.29,58.5547779319594));
#6300=CARTESIAN_POINT('',(226.300000499999,-0.09,70.6048686139788));
#6301=CARTESIAN_POINT('Origin',(225.109375499999,-0.09,70.6048686139788));
#6302=CARTESIAN_POINT('',(225.263348898708,-2.29,71.7854956012678));
#6303=CARTESIAN_POINT('Origin',(225.109375499999,-2.29,70.6048686139788));
#6304=CARTESIAN_POINT('',(225.263348898708,-0.09,71.7854956012678));
#6305=CARTESIAN_POINT('Origin',(225.425000760869,-0.09,73.0249989999963));
#6306=CARTESIAN_POINT('',(224.185497344716,-2.29,72.8633472714346));
#6307=CARTESIAN_POINT('Origin',(225.425000760869,-2.29,73.0249989999963));
#6308=CARTESIAN_POINT('',(224.185497344716,-0.09,72.8633472714346));
#6309=CARTESIAN_POINT('Origin',(223.004870340833,-0.09,72.7093739999799));
#6310=CARTESIAN_POINT('',(223.004870340833,-2.29,73.8999989999782));
#6311=CARTESIAN_POINT('Origin',(223.004870340833,-2.29,72.7093739999799));
#6312=CARTESIAN_POINT('',(223.004870340833,-0.09,73.8999989999782));
#6313=CARTESIAN_POINT('Origin',(186.967005441776,-0.09,73.8999989999919));
#6314=CARTESIAN_POINT('',(186.967005441776,-2.29,73.8999989999919));
#6315=CARTESIAN_POINT('',(182.353815345893,-2.29,73.8999989999936));
#6316=CARTESIAN_POINT('',(186.967005441776,-0.09,73.8999989999919));
#6317=CARTESIAN_POINT('Origin',(186.967005441776,-0.09,72.7093739999936));
#6318=CARTESIAN_POINT('',(185.786378437892,-2.29,72.8633472714417));
#6319=CARTESIAN_POINT('Origin',(186.967005441776,-2.29,72.7093739999936));
#6320=CARTESIAN_POINT('',(185.786378437892,-0.09,72.8633472714417));
#6321=CARTESIAN_POINT('Origin',(184.546875021739,-0.09,73.0249989999963));
#6322=CARTESIAN_POINT('',(183.307371605586,-2.29,72.8633472714416));
#6323=CARTESIAN_POINT('Origin',(184.546875021739,-2.29,73.0249989999963));
#6324=CARTESIAN_POINT('',(183.307371605586,-0.09,72.8633472714416));
#6325=CARTESIAN_POINT('Origin',(182.126744601702,-0.09,72.7093739999936));
#6326=CARTESIAN_POINT('',(182.126744601702,-2.29,73.8999989999919));
#6327=CARTESIAN_POINT('Origin',(182.126744601702,-2.29,72.7093739999936));
#6328=CARTESIAN_POINT('',(182.126744601702,-0.09,73.8999989999919));
#6329=CARTESIAN_POINT('Origin',(131.007630441775,-0.09,73.8999989999787));
#6330=CARTESIAN_POINT('',(131.007630441775,-2.29,73.8999989999787));
#6331=CARTESIAN_POINT('',(154.374127845884,-2.29,73.8999989999847));
#6332=CARTESIAN_POINT('',(131.007630441775,-0.09,73.8999989999787));
#6333=CARTESIAN_POINT('Origin',(131.007630441775,-0.09,72.7093739999804));
#6334=CARTESIAN_POINT('',(129.827003437891,-2.29,72.8633472714349));
#6335=CARTESIAN_POINT('Origin',(131.007630441775,-2.29,72.7093739999804));
#6336=CARTESIAN_POINT('',(129.827003437891,-0.09,72.8633472714349));
#6337=CARTESIAN_POINT('Origin',(128.587500021739,-0.09,73.0249989999963));
#6338=CARTESIAN_POINT('Origin',(128.587500021739,-2.29,73.0249989999963));
#6339=CARTESIAN_POINT('Origin',(177.74062525,-2.29,46.5046872499401));
#6340=UNCERTAINTY_MEASURE_WITH_UNIT(LENGTH_MEASURE(0.01),#6344,
'DISTANCE_ACCURACY_VALUE',
'Maximum model space distance between geometric entities at asserted c
onnectivities');
#6341=UNCERTAINTY_MEASURE_WITH_UNIT(LENGTH_MEASURE(0.01),#6344,
'DISTANCE_ACCURACY_VALUE',
'Maximum model space distance between geometric entities at asserted c
onnectivities');
#6342=(
GEOMETRIC_REPRESENTATION_CONTEXT(3)
GLOBAL_UNCERTAINTY_ASSIGNED_CONTEXT((#6340))
GLOBAL_UNIT_ASSIGNED_CONTEXT((#6344,#6346,#6347))
REPRESENTATION_CONTEXT('','3D')
);
#6343=(
GEOMETRIC_REPRESENTATION_CONTEXT(3)
GLOBAL_UNCERTAINTY_ASSIGNED_CONTEXT((#6341))
GLOBAL_UNIT_ASSIGNED_CONTEXT((#6344,#6346,#6347))
REPRESENTATION_CONTEXT('','3D')
);
#6344=(
LENGTH_UNIT()
NAMED_UNIT(*)
SI_UNIT(.MILLI.,.METRE.)
);
#6345=(
LENGTH_UNIT()
NAMED_UNIT(*)
SI_UNIT($,.METRE.)
);
#6346=(
NAMED_UNIT(*)
PLANE_ANGLE_UNIT()
SI_UNIT($,.RADIAN.)
);
#6347=(
NAMED_UNIT(*)
SI_UNIT($,.STERADIAN.)
SOLID_ANGLE_UNIT()
);
#6348=SHAPE_DEFINITION_REPRESENTATION(#6349,#6350);
#6349=PRODUCT_DEFINITION_SHAPE('',$,#6352);
#6350=SHAPE_REPRESENTATION('',(#3679),#6342);
#6351=PRODUCT_DEFINITION_CONTEXT('part definition',#6356,'design');
#6352=PRODUCT_DEFINITION('blad_bumper','blad_bumper',#6353,#6351);
#6353=PRODUCT_DEFINITION_FORMATION('',$,#6358);
#6354=PRODUCT_RELATED_PRODUCT_CATEGORY('blad_bumper','blad_bumper',(#6358));
#6355=APPLICATION_PROTOCOL_DEFINITION('international standard',
'automotive_design',2009,#6356);
#6356=APPLICATION_CONTEXT(
'Core Data for Automotive Mechanical Design Process');
#6357=PRODUCT_CONTEXT('part definition',#6356,'mechanical');
#6358=PRODUCT('blad_bumper','blad_bumper',$,(#6357));
#6359=PRESENTATION_STYLE_ASSIGNMENT((#6361));
#6360=PRESENTATION_STYLE_ASSIGNMENT((#6362));
#6361=SURFACE_STYLE_USAGE(.BOTH.,#6363);
#6362=SURFACE_STYLE_USAGE(.BOTH.,#6364);
#6363=SURFACE_SIDE_STYLE('',(#6365));
#6364=SURFACE_SIDE_STYLE('',(#6366));
#6365=SURFACE_STYLE_FILL_AREA(#6367);
#6366=SURFACE_STYLE_FILL_AREA(#6368);
#6367=FILL_AREA_STYLE('\X2\92FC\X0\ - \X2\30B530C630F3\X0\',(#6369));
#6368=FILL_AREA_STYLE('\X2\30D730E930B930C130C330AF\X0\ - \X2\534A900F660E\X0\ 
\X2\51496CA2\X0\(\X2\70708272\X0\)',(#6370));
#6369=FILL_AREA_STYLE_COLOUR('\X2\92FC\X0\ - \X2\30B530C630F3\X0\',#6371);
#6370=FILL_AREA_STYLE_COLOUR(
'\X2\30D730E930B930C130C330AF\X0\ - \X2\534A900F660E\X0\ \X2\51496CA2\X0\(
\X2\70708272\X0\)',#6372);
#6371=COLOUR_RGB('\X2\92FC\X0\ - \X2\30B530C630F3\X0\',0.627450980392157,
0.627450980392157,0.627450980392157);
#6372=COLOUR_RGB('\X2\30D730E930B930C130C330AF\X0\ - \X2\534A900F660E\X0\ 
\X2\51496CA2\X0\(\X2\70708272\X0\)',0.701960784313725,0.701960784313725,
0.701960784313725);
ENDSEC;
END-ISO-10303-21;
