999
"DXF R12 Output" (www.mydxf.blogspot.com)
 0 
SECTION
 2 
HEADER
 9 
$ACADVER
 1 
AC1009
 9 
$EXTMIN
 10 
 0 
 20 
 0 
 9 
$EXTMAX
 10 
 8.5 
 20 
 11 
 0 
ENDSEC
 0 
SECTION
 2 
ENTITIES
0
POLYLINE
8
B.Silkscreen
62
7
70
0
10
0.000000
20
0.000000
66
1
0
VERTEX
8
B.Silkscreen
10
100.837373
20
-116.680729
70
0
0
VERTEX
8
B.Silkscreen
10
100.698911
20
-115.637060
70
0
0
VERTEX
8
B.Silkscreen
10
100.301475
20
-114.680731
70
0
0
VERTEX
8
B.Silkscreen
10
99.671989
20
-113.858378
70
0
0
VERTEX
8
B.Silkscreen
10
98.837375
20
-113.216632
70
0
0
VERTEX
8
B.Silkscreen
10
97.864300
20
-112.814708
70
0
0
VERTEX
8
B.Silkscreen
10
96.837378
20
-112.680734
70
0
0
VERTEX
8
B.Silkscreen
10
95.810456
20
-112.814708
70
0
0
VERTEX
8
B.Silkscreen
10
94.837381
20
-113.216632
70
0
0
VERTEX
8
B.Silkscreen
10
94.002767
20
-113.858378
70
0
0
VERTEX
8
B.Silkscreen
10
93.373281
20
-114.680731
70
0
0
VERTEX
8
B.Silkscreen
10
92.975845
20
-115.637060
70
0
0
VERTEX
8
B.Silkscreen
10
92.837383
20
-116.680729
70
0
0
VERTEX
8
B.Silkscreen
10
92.975845
20
-117.724398
70
0
0
VERTEX
8
B.Silkscreen
10
93.373281
20
-118.680726
70
0
0
VERTEX
8
B.Silkscreen
10
94.002767
20
-119.503080
70
0
0
VERTEX
8
B.Silkscreen
10
94.837381
20
-120.144826
70
0
0
VERTEX
8
B.Silkscreen
10
95.810456
20
-120.546749
70
0
0
VERTEX
8
B.Silkscreen
10
96.837378
20
-120.680724
70
0
0
VERTEX
8
B.Silkscreen
10
97.864300
20
-120.546749
70
0
0
VERTEX
8
B.Silkscreen
10
98.837375
20
-120.144826
70
0
0
VERTEX
8
B.Silkscreen
10
99.671989
20
-119.503080
70
0
0
VERTEX
8
B.Silkscreen
10
100.301475
20
-118.680726
70
0
0
VERTEX
8
B.Silkscreen
10
100.698911
20
-117.724398
70
0
0
VERTEX
8
B.Silkscreen
10
100.837373
20
-116.680729
70
0
0
VERTEX
8
B.Silkscreen
10
100.837373
20
-116.680729
70
0
0
SEQEND
8
B.Silkscreen
0
POLYLINE
8
B.Silkscreen
62
7
70
0
10
0.000000
20
0.000000
66
1
0
VERTEX
8
B.Silkscreen
10
100.837373
20
-178.593151
70
0
0
VERTEX
8
B.Silkscreen
10
100.698911
20
-177.549482
70
0
0
VERTEX
8
B.Silkscreen
10
100.301475
20
-176.593153
70
0
0
VERTEX
8
B.Silkscreen
10
99.671989
20
-175.770800
70
0
0
VERTEX
8
B.Silkscreen
10
98.837375
20
-175.129054
70
0
0
VERTEX
8
B.Silkscreen
10
97.864300
20
-174.727130
70
0
0
VERTEX
8
B.Silkscreen
10
96.837378
20
-174.593156
70
0
0
VERTEX
8
B.Silkscreen
10
95.810456
20
-174.727130
70
0
0
VERTEX
8
B.Silkscreen
10
94.837381
20
-175.129054
70
0
0
VERTEX
8
B.Silkscreen
10
94.002767
20
-175.770800
70
0
0
VERTEX
8
B.Silkscreen
10
93.373281
20
-176.593153
70
0
0
VERTEX
8
B.Silkscreen
10
92.975845
20
-177.549482
70
0
0
VERTEX
8
B.Silkscreen
10
92.837383
20
-178.593151
70
0
0
VERTEX
8
B.Silkscreen
10
92.975845
20
-179.636820
70
0
0
VERTEX
8
B.Silkscreen
10
93.373281
20
-180.593148
70
0
0
VERTEX
8
B.Silkscreen
10
94.002767
20
-181.415502
70
0
0
VERTEX
8
B.Silkscreen
10
94.837381
20
-182.057248
70
0
0
VERTEX
8
B.Silkscreen
10
95.810456
20
-182.459171
70
0
0
VERTEX
8
B.Silkscreen
10
96.837378
20
-182.593146
70
0
0
VERTEX
8
B.Silkscreen
10
97.864300
20
-182.459171
70
0
0
VERTEX
8
B.Silkscreen
10
98.837375
20
-182.057248
70
0
0
VERTEX
8
B.Silkscreen
10
99.671989
20
-181.415502
70
0
0
VERTEX
8
B.Silkscreen
10
100.301475
20
-180.593148
70
0
0
VERTEX
8
B.Silkscreen
10
100.698911
20
-179.636820
70
0
0
VERTEX
8
B.Silkscreen
10
100.837373
20
-178.593151
70
0
0
VERTEX
8
B.Silkscreen
10
100.837373
20
-178.593151
70
0
0
SEQEND
8
B.Silkscreen
0
POLYLINE
8
B.Silkscreen
62
7
70
0
10
0.000000
20
0.000000
66
1
0
VERTEX
8
B.Silkscreen
10
315.136108
20
-178.593151
70
0
0
VERTEX
8
B.Silkscreen
10
314.997646
20
-177.549482
70
0
0
VERTEX
8
B.Silkscreen
10
314.600210
20
-176.593153
70
0
0
VERTEX
8
B.Silkscreen
10
313.970724
20
-175.770800
70
0
0
VERTEX
8
B.Silkscreen
10
313.136111
20
-175.129054
70
0
0
VERTEX
8
B.Silkscreen
10
312.163036
20
-174.727130
70
0
0
VERTEX
8
B.Silkscreen
10
311.136113
20
-174.593156
70
0
0
VERTEX
8
B.Silkscreen
10
310.109191
20
-174.727130
70
0
0
VERTEX
8
B.Silkscreen
10
309.136116
20
-175.129054
70
0
0
VERTEX
8
B.Silkscreen
10
308.301502
20
-175.770800
70
0
0
VERTEX
8
B.Silkscreen
10
307.672016
20
-176.593153
70
0
0
VERTEX
8
B.Silkscreen
10
307.274580
20
-177.549482
70
0
0
VERTEX
8
B.Silkscreen
10
307.136118
20
-178.593151
70
0
0
VERTEX
8
B.Silkscreen
10
307.274580
20
-179.636820
70
0
0
VERTEX
8
B.Silkscreen
10
307.672016
20
-180.593148
70
0
0
VERTEX
8
B.Silkscreen
10
308.301502
20
-181.415502
70
0
0
VERTEX
8
B.Silkscreen
10
309.136116
20
-182.057248
70
0
0
VERTEX
8
B.Silkscreen
10
310.109191
20
-182.459171
70
0
0
VERTEX
8
B.Silkscreen
10
311.136113
20
-182.593146
70
0
0
VERTEX
8
B.Silkscreen
10
312.163036
20
-182.459171
70
0
0
VERTEX
8
B.Silkscreen
10
313.136111
20
-182.057248
70
0
0
VERTEX
8
B.Silkscreen
10
313.970724
20
-181.415502
70
0
0
VERTEX
8
B.Silkscreen
10
314.600210
20
-180.593148
70
0
0
VERTEX
8
B.Silkscreen
10
314.997646
20
-179.636820
70
0
0
VERTEX
8
B.Silkscreen
10
315.136108
20
-178.593151
70
0
0
VERTEX
8
B.Silkscreen
10
315.136108
20
-178.593151
70
0
0
SEQEND
8
B.Silkscreen
0
POLYLINE
8
B.Silkscreen
62
7
70
0
10
0.000000
20
0.000000
66
1
0
VERTEX
8
B.Silkscreen
10
315.149603
20
-116.680729
70
0
0
VERTEX
8
B.Silkscreen
10
315.068337
20
-115.874590
70
0
0
VERTEX
8
B.Silkscreen
10
314.835263
20
-115.123750
70
0
0
VERTEX
8
B.Silkscreen
10
313.978031
20
-113.852306
70
0
0
VERTEX
8
B.Silkscreen
10
312.706586
20
-112.995074
70
0
0
VERTEX
8
B.Silkscreen
10
311.955746
20
-112.762000
70
0
0
VERTEX
8
B.Silkscreen
10
311.149608
20
-112.680734
70
0
0
VERTEX
8
B.Silkscreen
10
310.343470
20
-112.762000
70
0
0
VERTEX
8
B.Silkscreen
10
309.592630
20
-112.995074
70
0
0
VERTEX
8
B.Silkscreen
10
308.321185
20
-113.852306
70
0
0
VERTEX
8
B.Silkscreen
10
307.463953
20
-115.123750
70
0
0
VERTEX
8
B.Silkscreen
10
307.230879
20
-115.874590
70
0
0
VERTEX
8
B.Silkscreen
10
307.149613
20
-116.680729
70
0
0
VERTEX
8
B.Silkscreen
10
307.288075
20
-117.724398
70
0
0
VERTEX
8
B.Silkscreen
10
307.685511
20
-118.680726
70
0
0
VERTEX
8
B.Silkscreen
10
308.314997
20
-119.503080
70
0
0
VERTEX
8
B.Silkscreen
10
309.149611
20
-120.144826
70
0
0
VERTEX
8
B.Silkscreen
10
310.122686
20
-120.546749
70
0
0
VERTEX
8
B.Silkscreen
10
311.149608
20
-120.680724
70
0
0
VERTEX
8
B.Silkscreen
10
312.176530
20
-120.546749
70
0
0
VERTEX
8
B.Silkscreen
10
313.149605
20
-120.144826
70
0
0
VERTEX
8
B.Silkscreen
10
313.984219
20
-119.503080
70
0
0
VERTEX
8
B.Silkscreen
10
314.613705
20
-118.680726
70
0
0
VERTEX
8
B.Silkscreen
10
315.011141
20
-117.724398
70
0
0
VERTEX
8
B.Silkscreen
10
315.149603
20
-116.680729
70
0
0
VERTEX
8
B.Silkscreen
10
315.149603
20
-116.680729
70
0
0
SEQEND
8
B.Silkscreen
0
POLYLINE
8
B.Silkscreen
62
7
70
0
10
0.000000
20
0.000000
66
1
0
VERTEX
8
B.Silkscreen
10
186.009786
20
-175.008135
70
0
0
VERTEX
8
B.Silkscreen
10
185.924062
20
-174.923468
70
0
0
SEQEND
8
B.Silkscreen
0
POLYLINE
8
B.Silkscreen
62
7
70
0
10
0.000000
20
0.000000
66
1
0
VERTEX
8
B.Silkscreen
10
185.924062
20
-174.923468
70
0
0
VERTEX
8
B.Silkscreen
10
185.752612
20
-174.836156
70
0
0
SEQEND
8
B.Silkscreen
0
POLYLINE
8
B.Silkscreen
62
7
70
0
10
0.000000
20
0.000000
66
1
0
VERTEX
8
B.Silkscreen
10
185.752612
20
-174.836156
70
0
0
VERTEX
8
B.Silkscreen
10
185.323987
20
-174.836156
70
0
0
SEQEND
8
B.Silkscreen
0
POLYLINE
8
B.Silkscreen
62
7
70
0
10
0.000000
20
0.000000
66
1
0
VERTEX
8
B.Silkscreen
10
185.323987
20
-174.836156
70
0
0
VERTEX
8
B.Silkscreen
10
185.152538
20
-174.923468
70
0
0
SEQEND
8
B.Silkscreen
0
POLYLINE
8
B.Silkscreen
62
7
70
0
10
0.000000
20
0.000000
66
1
0
VERTEX
8
B.Silkscreen
10
185.152538
20
-174.923468
70
0
0
VERTEX
8
B.Silkscreen
10
185.066813
20
-175.008135
70
0
0
SEQEND
8
B.Silkscreen
0
POLYLINE
8
B.Silkscreen
62
7
70
0
10
0.000000
20
0.000000
66
1
0
VERTEX
8
B.Silkscreen
10
185.066813
20
-175.008135
70
0
0
VERTEX
8
B.Silkscreen
10
184.981088
20
-175.180113
70
0
0
SEQEND
8
B.Silkscreen
0
POLYLINE
8
B.Silkscreen
62
7
70
0
10
0.000000
20
0.000000
66
1
0
VERTEX
8
B.Silkscreen
10
184.981088
20
-175.180113
70
0
0
VERTEX
8
B.Silkscreen
10
184.981088
20
-175.352092
70
0
0
SEQEND
8
B.Silkscreen
0
POLYLINE
8
B.Silkscreen
62
7
70
0
10
0.000000
20
0.000000
66
1
0
VERTEX
8
B.Silkscreen
10
184.981088
20
-175.352092
70
0
0
VERTEX
8
B.Silkscreen
10
185.066813
20
-175.608738
70
0
0
SEQEND
8
B.Silkscreen
0
POLYLINE
8
B.Silkscreen
62
7
70
0
10
0.000000
20
0.000000
66
1
0
VERTEX
8
B.Silkscreen
10
185.066813
20
-175.608738
70
0
0
VERTEX
8
B.Silkscreen
10
186.095511
20
-176.637966
70
0
0
SEQEND
8
B.Silkscreen
0
POLYLINE
8
B.Silkscreen
62
7
70
0
10
0.000000
20
0.000000
66
1
0
VERTEX
8
B.Silkscreen
10
186.095511
20
-176.637966
70
0
0
VERTEX
8
B.Silkscreen
10
184.981088
20
-176.637966
70
0
0
SEQEND
8
B.Silkscreen
0
POLYLINE
8
B.Silkscreen
62
7
70
0
10
0.000000
20
0.000000
66
1
0
VERTEX
8
B.Silkscreen
10
183.866929
20
-174.836156
70
0
0
VERTEX
8
B.Silkscreen
10
183.695479
20
-174.836156
70
0
0
SEQEND
8
B.Silkscreen
0
POLYLINE
8
B.Silkscreen
62
7
70
0
10
0.000000
20
0.000000
66
1
0
VERTEX
8
B.Silkscreen
10
183.695479
20
-174.836156
70
0
0
VERTEX
8
B.Silkscreen
10
183.524029
20
-174.923468
70
0
0
SEQEND
8
B.Silkscreen
0
POLYLINE
8
B.Silkscreen
62
7
70
0
10
0.000000
20
0.000000
66
1
0
VERTEX
8
B.Silkscreen
10
183.524029
20
-174.923468
70
0
0
VERTEX
8
B.Silkscreen
10
183.438304
20
-175.008135
70
0
0
SEQEND
8
B.Silkscreen
0
POLYLINE
8
B.Silkscreen
62
7
70
0
10
0.000000
20
0.000000
66
1
0
VERTEX
8
B.Silkscreen
10
183.438304
20
-175.008135
70
0
0
VERTEX
8
B.Silkscreen
10
183.352579
20
-175.180113
70
0
0
SEQEND
8
B.Silkscreen
0
POLYLINE
8
B.Silkscreen
62
7
70
0
10
0.000000
20
0.000000
66
1
0
VERTEX
8
B.Silkscreen
10
183.352579
20
-175.180113
70
0
0
VERTEX
8
B.Silkscreen
10
183.266855
20
-175.524071
70
0
0
SEQEND
8
B.Silkscreen
0
POLYLINE
8
B.Silkscreen
62
7
70
0
10
0.000000
20
0.000000
66
1
0
VERTEX
8
B.Silkscreen
10
183.266855
20
-175.524071
70
0
0
VERTEX
8
B.Silkscreen
10
183.266855
20
-175.952696
70
0
0
SEQEND
8
B.Silkscreen
0
POLYLINE
8
B.Silkscreen
62
7
70
0
10
0.000000
20
0.000000
66
1
0
VERTEX
8
B.Silkscreen
10
183.266855
20
-175.952696
70
0
0
VERTEX
8
B.Silkscreen
10
183.352579
20
-176.294008
70
0
0
SEQEND
8
B.Silkscreen
0
POLYLINE
8
B.Silkscreen
62
7
70
0
10
0.000000
20
0.000000
66
1
0
VERTEX
8
B.Silkscreen
10
183.352579
20
-176.294008
70
0
0
VERTEX
8
B.Silkscreen
10
183.438304
20
-176.465987
70
0
0
SEQEND
8
B.Silkscreen
0
POLYLINE
8
B.Silkscreen
62
7
70
0
10
0.000000
20
0.000000
66
1
0
VERTEX
8
B.Silkscreen
10
183.438304
20
-176.465987
70
0
0
VERTEX
8
B.Silkscreen
10
183.524029
20
-176.550653
70
0
0
SEQEND
8
B.Silkscreen
0
POLYLINE
8
B.Silkscreen
62
7
70
0
10
0.000000
20
0.000000
66
1
0
VERTEX
8
B.Silkscreen
10
183.524029
20
-176.550653
70
0
0
VERTEX
8
B.Silkscreen
10
183.695479
20
-176.637966
70
0
0
SEQEND
8
B.Silkscreen
0
POLYLINE
8
B.Silkscreen
62
7
70
0
10
0.000000
20
0.000000
66
1
0
VERTEX
8
B.Silkscreen
10
183.695479
20
-176.637966
70
0
0
VERTEX
8
B.Silkscreen
10
183.866929
20
-176.637966
70
0
0
SEQEND
8
B.Silkscreen
0
POLYLINE
8
B.Silkscreen
62
7
70
0
10
0.000000
20
0.000000
66
1
0
VERTEX
8
B.Silkscreen
10
183.866929
20
-176.637966
70
0
0
VERTEX
8
B.Silkscreen
10
184.038379
20
-176.550653
70
0
0
SEQEND
8
B.Silkscreen
0
POLYLINE
8
B.Silkscreen
62
7
70
0
10
0.000000
20
0.000000
66
1
0
VERTEX
8
B.Silkscreen
10
184.038379
20
-176.550653
70
0
0
VERTEX
8
B.Silkscreen
10
184.124103
20
-176.465987
70
0
0
SEQEND
8
B.Silkscreen
0
POLYLINE
8
B.Silkscreen
62
7
70
0
10
0.000000
20
0.000000
66
1
0
VERTEX
8
B.Silkscreen
10
184.124103
20
-176.465987
70
0
0
VERTEX
8
B.Silkscreen
10
184.209828
20
-176.294008
70
0
0
SEQEND
8
B.Silkscreen
0
POLYLINE
8
B.Silkscreen
62
7
70
0
10
0.000000
20
0.000000
66
1
0
VERTEX
8
B.Silkscreen
10
184.209828
20
-176.294008
70
0
0
VERTEX
8
B.Silkscreen
10
184.295553
20
-175.952696
70
0
0
SEQEND
8
B.Silkscreen
0
POLYLINE
8
B.Silkscreen
62
7
70
0
10
0.000000
20
0.000000
66
1
0
VERTEX
8
B.Silkscreen
10
184.295553
20
-175.952696
70
0
0
VERTEX
8
B.Silkscreen
10
184.295553
20
-175.524071
70
0
0
SEQEND
8
B.Silkscreen
0
POLYLINE
8
B.Silkscreen
62
7
70
0
10
0.000000
20
0.000000
66
1
0
VERTEX
8
B.Silkscreen
10
184.295553
20
-175.524071
70
0
0
VERTEX
8
B.Silkscreen
10
184.209828
20
-175.180113
70
0
0
SEQEND
8
B.Silkscreen
0
POLYLINE
8
B.Silkscreen
62
7
70
0
10
0.000000
20
0.000000
66
1
0
VERTEX
8
B.Silkscreen
10
184.209828
20
-175.180113
70
0
0
VERTEX
8
B.Silkscreen
10
184.124103
20
-175.008135
70
0
0
SEQEND
8
B.Silkscreen
0
POLYLINE
8
B.Silkscreen
62
7
70
0
10
0.000000
20
0.000000
66
1
0
VERTEX
8
B.Silkscreen
10
184.124103
20
-175.008135
70
0
0
VERTEX
8
B.Silkscreen
10
184.038379
20
-174.923468
70
0
0
SEQEND
8
B.Silkscreen
0
POLYLINE
8
B.Silkscreen
62
7
70
0
10
0.000000
20
0.000000
66
1
0
VERTEX
8
B.Silkscreen
10
184.038379
20
-174.923468
70
0
0
VERTEX
8
B.Silkscreen
10
183.866929
20
-174.836156
70
0
0
SEQEND
8
B.Silkscreen
0
POLYLINE
8
B.Silkscreen
62
7
70
0
10
0.000000
20
0.000000
66
1
0
VERTEX
8
B.Silkscreen
10
182.238156
20
-175.608738
70
0
0
VERTEX
8
B.Silkscreen
10
182.409606
20
-175.524071
70
0
0
SEQEND
8
B.Silkscreen
0
POLYLINE
8
B.Silkscreen
62
7
70
0
10
0.000000
20
0.000000
66
1
0
VERTEX
8
B.Silkscreen
10
182.409606
20
-175.524071
70
0
0
VERTEX
8
B.Silkscreen
10
182.495331
20
-175.436759
70
0
0
SEQEND
8
B.Silkscreen
0
POLYLINE
8
B.Silkscreen
62
7
70
0
10
0.000000
20
0.000000
66
1
0
VERTEX
8
B.Silkscreen
10
182.495331
20
-175.436759
70
0
0
VERTEX
8
B.Silkscreen
10
182.581055
20
-175.264780
70
0
0
SEQEND
8
B.Silkscreen
0
POLYLINE
8
B.Silkscreen
62
7
70
0
10
0.000000
20
0.000000
66
1
0
VERTEX
8
B.Silkscreen
10
182.581055
20
-175.264780
70
0
0
VERTEX
8
B.Silkscreen
10
182.581055
20
-175.180113
70
0
0
SEQEND
8
B.Silkscreen
0
POLYLINE
8
B.Silkscreen
62
7
70
0
10
0.000000
20
0.000000
66
1
0
VERTEX
8
B.Silkscreen
10
182.581055
20
-175.180113
70
0
0
VERTEX
8
B.Silkscreen
10
182.495331
20
-175.008135
70
0
0
SEQEND
8
B.Silkscreen
0
POLYLINE
8
B.Silkscreen
62
7
70
0
10
0.000000
20
0.000000
66
1
0
VERTEX
8
B.Silkscreen
10
182.495331
20
-175.008135
70
0
0
VERTEX
8
B.Silkscreen
10
182.409606
20
-174.923468
70
0
0
SEQEND
8
B.Silkscreen
0
POLYLINE
8
B.Silkscreen
62
7
70
0
10
0.000000
20
0.000000
66
1
0
VERTEX
8
B.Silkscreen
10
182.409606
20
-174.923468
70
0
0
VERTEX
8
B.Silkscreen
10
182.238156
20
-174.836156
70
0
0
SEQEND
8
B.Silkscreen
0
POLYLINE
8
B.Silkscreen
62
7
70
0
10
0.000000
20
0.000000
66
1
0
VERTEX
8
B.Silkscreen
10
182.238156
20
-174.836156
70
0
0
VERTEX
8
B.Silkscreen
10
181.895521
20
-174.836156
70
0
0
SEQEND
8
B.Silkscreen
0
POLYLINE
8
B.Silkscreen
62
7
70
0
10
0.000000
20
0.000000
66
1
0
VERTEX
8
B.Silkscreen
10
181.895521
20
-174.836156
70
0
0
VERTEX
8
B.Silkscreen
10
181.724071
20
-174.923468
70
0
0
SEQEND
8
B.Silkscreen
0
POLYLINE
8
B.Silkscreen
62
7
70
0
10
0.000000
20
0.000000
66
1
0
VERTEX
8
B.Silkscreen
10
181.724071
20
-174.923468
70
0
0
VERTEX
8
B.Silkscreen
10
181.638346
20
-175.008135
70
0
0
SEQEND
8
B.Silkscreen
0
POLYLINE
8
B.Silkscreen
62
7
70
0
10
0.000000
20
0.000000
66
1
0
VERTEX
8
B.Silkscreen
10
181.638346
20
-175.008135
70
0
0
VERTEX
8
B.Silkscreen
10
181.552621
20
-175.180113
70
0
0
SEQEND
8
B.Silkscreen
0
POLYLINE
8
B.Silkscreen
62
7
70
0
10
0.000000
20
0.000000
66
1
0
VERTEX
8
B.Silkscreen
10
181.552621
20
-175.180113
70
0
0
VERTEX
8
B.Silkscreen
10
181.552621
20
-175.264780
70
0
0
SEQEND
8
B.Silkscreen
0
POLYLINE
8
B.Silkscreen
62
7
70
0
10
0.000000
20
0.000000
66
1
0
VERTEX
8
B.Silkscreen
10
181.552621
20
-175.264780
70
0
0
VERTEX
8
B.Silkscreen
10
181.638346
20
-175.436759
70
0
0
SEQEND
8
B.Silkscreen
0
POLYLINE
8
B.Silkscreen
62
7
70
0
10
0.000000
20
0.000000
66
1
0
VERTEX
8
B.Silkscreen
10
181.638346
20
-175.436759
70
0
0
VERTEX
8
B.Silkscreen
10
181.724071
20
-175.524071
70
0
0
SEQEND
8
B.Silkscreen
0
POLYLINE
8
B.Silkscreen
62
7
70
0
10
0.000000
20
0.000000
66
1
0
VERTEX
8
B.Silkscreen
10
181.724071
20
-175.524071
70
0
0
VERTEX
8
B.Silkscreen
10
181.895521
20
-175.608738
70
0
0
SEQEND
8
B.Silkscreen
0
POLYLINE
8
B.Silkscreen
62
7
70
0
10
0.000000
20
0.000000
66
1
0
VERTEX
8
B.Silkscreen
10
181.895521
20
-175.608738
70
0
0
VERTEX
8
B.Silkscreen
10
182.238156
20
-175.608738
70
0
0
SEQEND
8
B.Silkscreen
0
POLYLINE
8
B.Silkscreen
62
7
70
0
10
0.000000
20
0.000000
66
1
0
VERTEX
8
B.Silkscreen
10
182.238156
20
-175.608738
70
0
0
VERTEX
8
B.Silkscreen
10
182.409606
20
-175.693404
70
0
0
SEQEND
8
B.Silkscreen
0
POLYLINE
8
B.Silkscreen
62
7
70
0
10
0.000000
20
0.000000
66
1
0
VERTEX
8
B.Silkscreen
10
182.409606
20
-175.693404
70
0
0
VERTEX
8
B.Silkscreen
10
182.495331
20
-175.780717
70
0
0
SEQEND
8
B.Silkscreen
0
POLYLINE
8
B.Silkscreen
62
7
70
0
10
0.000000
20
0.000000
66
1
0
VERTEX
8
B.Silkscreen
10
182.495331
20
-175.780717
70
0
0
VERTEX
8
B.Silkscreen
10
182.581055
20
-175.952696
70
0
0
SEQEND
8
B.Silkscreen
0
POLYLINE
8
B.Silkscreen
62
7
70
0
10
0.000000
20
0.000000
66
1
0
VERTEX
8
B.Silkscreen
10
182.581055
20
-175.952696
70
0
0
VERTEX
8
B.Silkscreen
10
182.581055
20
-176.294008
70
0
0
SEQEND
8
B.Silkscreen
0
POLYLINE
8
B.Silkscreen
62
7
70
0
10
0.000000
20
0.000000
66
1
0
VERTEX
8
B.Silkscreen
10
182.581055
20
-176.294008
70
0
0
VERTEX
8
B.Silkscreen
10
182.495331
20
-176.465987
70
0
0
SEQEND
8
B.Silkscreen
0
POLYLINE
8
B.Silkscreen
62
7
70
0
10
0.000000
20
0.000000
66
1
0
VERTEX
8
B.Silkscreen
10
182.495331
20
-176.465987
70
0
0
VERTEX
8
B.Silkscreen
10
182.409606
20
-176.550653
70
0
0
SEQEND
8
B.Silkscreen
0
POLYLINE
8
B.Silkscreen
62
7
70
0
10
0.000000
20
0.000000
66
1
0
VERTEX
8
B.Silkscreen
10
182.409606
20
-176.550653
70
0
0
VERTEX
8
B.Silkscreen
10
182.238156
20
-176.637966
70
0
0
SEQEND
8
B.Silkscreen
0
POLYLINE
8
B.Silkscreen
62
7
70
0
10
0.000000
20
0.000000
66
1
0
VERTEX
8
B.Silkscreen
10
182.238156
20
-176.637966
70
0
0
VERTEX
8
B.Silkscreen
10
181.895521
20
-176.637966
70
0
0
SEQEND
8
B.Silkscreen
0
POLYLINE
8
B.Silkscreen
62
7
70
0
10
0.000000
20
0.000000
66
1
0
VERTEX
8
B.Silkscreen
10
181.895521
20
-176.637966
70
0
0
VERTEX
8
B.Silkscreen
10
181.724071
20
-176.550653
70
0
0
SEQEND
8
B.Silkscreen
0
POLYLINE
8
B.Silkscreen
62
7
70
0
10
0.000000
20
0.000000
66
1
0
VERTEX
8
B.Silkscreen
10
181.724071
20
-176.550653
70
0
0
VERTEX
8
B.Silkscreen
10
181.638346
20
-176.465987
70
0
0
SEQEND
8
B.Silkscreen
0
POLYLINE
8
B.Silkscreen
62
7
70
0
10
0.000000
20
0.000000
66
1
0
VERTEX
8
B.Silkscreen
10
181.638346
20
-176.465987
70
0
0
VERTEX
8
B.Silkscreen
10
181.552621
20
-176.294008
70
0
0
SEQEND
8
B.Silkscreen
0
POLYLINE
8
B.Silkscreen
62
7
70
0
10
0.000000
20
0.000000
66
1
0
VERTEX
8
B.Silkscreen
10
181.552621
20
-176.294008
70
0
0
VERTEX
8
B.Silkscreen
10
181.552621
20
-175.952696
70
0
0
SEQEND
8
B.Silkscreen
0
POLYLINE
8
B.Silkscreen
62
7
70
0
10
0.000000
20
0.000000
66
1
0
VERTEX
8
B.Silkscreen
10
181.552621
20
-175.952696
70
0
0
VERTEX
8
B.Silkscreen
10
181.638346
20
-175.780717
70
0
0
SEQEND
8
B.Silkscreen
0
POLYLINE
8
B.Silkscreen
62
7
70
0
10
0.000000
20
0.000000
66
1
0
VERTEX
8
B.Silkscreen
10
181.638346
20
-175.780717
70
0
0
VERTEX
8
B.Silkscreen
10
181.724071
20
-175.693404
70
0
0
SEQEND
8
B.Silkscreen
0
POLYLINE
8
B.Silkscreen
62
7
70
0
10
0.000000
20
0.000000
66
1
0
VERTEX
8
B.Silkscreen
10
181.724071
20
-175.693404
70
0
0
VERTEX
8
B.Silkscreen
10
181.895521
20
-175.608738
70
0
0
SEQEND
8
B.Silkscreen
0
POLYLINE
8
B.Silkscreen
62
7
70
0
10
0.000000
20
0.000000
66
1
0
VERTEX
8
B.Silkscreen
10
180.781097
20
-175.952696
70
0
0
VERTEX
8
B.Silkscreen
10
179.409764
20
-175.952696
70
0
0
SEQEND
8
B.Silkscreen
0
POLYLINE
8
B.Silkscreen
62
7
70
0
10
0.000000
20
0.000000
66
1
0
VERTEX
8
B.Silkscreen
10
177.609805
20
-176.637966
70
0
0
VERTEX
8
B.Silkscreen
10
178.638240
20
-176.637966
70
0
0
SEQEND
8
B.Silkscreen
0
POLYLINE
8
B.Silkscreen
62
7
70
0
10
0.000000
20
0.000000
66
1
0
VERTEX
8
B.Silkscreen
10
178.123890
20
-176.637966
70
0
0
VERTEX
8
B.Silkscreen
10
178.123890
20
-174.836156
70
0
0
SEQEND
8
B.Silkscreen
0
POLYLINE
8
B.Silkscreen
62
7
70
0
10
0.000000
20
0.000000
66
1
0
VERTEX
8
B.Silkscreen
10
178.123890
20
-174.836156
70
0
0
VERTEX
8
B.Silkscreen
10
178.295340
20
-175.095447
70
0
0
SEQEND
8
B.Silkscreen
0
POLYLINE
8
B.Silkscreen
62
7
70
0
10
0.000000
20
0.000000
66
1
0
VERTEX
8
B.Silkscreen
10
178.295340
20
-175.095447
70
0
0
VERTEX
8
B.Silkscreen
10
178.466790
20
-175.264780
70
0
0
SEQEND
8
B.Silkscreen
0
POLYLINE
8
B.Silkscreen
62
7
70
0
10
0.000000
20
0.000000
66
1
0
VERTEX
8
B.Silkscreen
10
178.466790
20
-175.264780
70
0
0
VERTEX
8
B.Silkscreen
10
178.638240
20
-175.352092
70
0
0
SEQEND
8
B.Silkscreen
0
POLYLINE
8
B.Silkscreen
62
7
70
0
10
0.000000
20
0.000000
66
1
0
VERTEX
8
B.Silkscreen
10
176.752556
20
-176.637966
70
0
0
VERTEX
8
B.Silkscreen
10
176.409657
20
-176.637966
70
0
0
SEQEND
8
B.Silkscreen
0
POLYLINE
8
B.Silkscreen
62
7
70
0
10
0.000000
20
0.000000
66
1
0
VERTEX
8
B.Silkscreen
10
176.409657
20
-176.637966
70
0
0
VERTEX
8
B.Silkscreen
10
176.238207
20
-176.550653
70
0
0
SEQEND
8
B.Silkscreen
0
POLYLINE
8
B.Silkscreen
62
7
70
0
10
0.000000
20
0.000000
66
1
0
VERTEX
8
B.Silkscreen
10
176.238207
20
-176.550653
70
0
0
VERTEX
8
B.Silkscreen
10
176.152482
20
-176.465987
70
0
0
SEQEND
8
B.Silkscreen
0
POLYLINE
8
B.Silkscreen
62
7
70
0
10
0.000000
20
0.000000
66
1
0
VERTEX
8
B.Silkscreen
10
176.152482
20
-176.465987
70
0
0
VERTEX
8
B.Silkscreen
10
175.981032
20
-176.209341
70
0
0
SEQEND
8
B.Silkscreen
0
POLYLINE
8
B.Silkscreen
62
7
70
0
10
0.000000
20
0.000000
66
1
0
VERTEX
8
B.Silkscreen
10
175.981032
20
-176.209341
70
0
0
VERTEX
8
B.Silkscreen
10
175.895308
20
-175.865383
70
0
0
SEQEND
8
B.Silkscreen
0
POLYLINE
8
B.Silkscreen
62
7
70
0
10
0.000000
20
0.000000
66
1
0
VERTEX
8
B.Silkscreen
10
175.895308
20
-175.865383
70
0
0
VERTEX
8
B.Silkscreen
10
175.895308
20
-175.180113
70
0
0
SEQEND
8
B.Silkscreen
0
POLYLINE
8
B.Silkscreen
62
7
70
0
10
0.000000
20
0.000000
66
1
0
VERTEX
8
B.Silkscreen
10
175.895308
20
-175.180113
70
0
0
VERTEX
8
B.Silkscreen
10
175.981032
20
-175.008135
70
0
0
SEQEND
8
B.Silkscreen
0
POLYLINE
8
B.Silkscreen
62
7
70
0
10
0.000000
20
0.000000
66
1
0
VERTEX
8
B.Silkscreen
10
175.981032
20
-175.008135
70
0
0
VERTEX
8
B.Silkscreen
10
176.066757
20
-174.923468
70
0
0
SEQEND
8
B.Silkscreen
0
POLYLINE
8
B.Silkscreen
62
7
70
0
10
0.000000
20
0.000000
66
1
0
VERTEX
8
B.Silkscreen
10
176.066757
20
-174.923468
70
0
0
VERTEX
8
B.Silkscreen
10
176.238207
20
-174.836156
70
0
0
SEQEND
8
B.Silkscreen
0
POLYLINE
8
B.Silkscreen
62
7
70
0
10
0.000000
20
0.000000
66
1
0
VERTEX
8
B.Silkscreen
10
176.238207
20
-174.836156
70
0
0
VERTEX
8
B.Silkscreen
10
176.581107
20
-174.836156
70
0
0
SEQEND
8
B.Silkscreen
0
POLYLINE
8
B.Silkscreen
62
7
70
0
10
0.000000
20
0.000000
66
1
0
VERTEX
8
B.Silkscreen
10
176.581107
20
-174.836156
70
0
0
VERTEX
8
B.Silkscreen
10
176.752556
20
-174.923468
70
0
0
SEQEND
8
B.Silkscreen
0
POLYLINE
8
B.Silkscreen
62
7
70
0
10
0.000000
20
0.000000
66
1
0
VERTEX
8
B.Silkscreen
10
176.752556
20
-174.923468
70
0
0
VERTEX
8
B.Silkscreen
10
176.838281
20
-175.008135
70
0
0
SEQEND
8
B.Silkscreen
0
POLYLINE
8
B.Silkscreen
62
7
70
0
10
0.000000
20
0.000000
66
1
0
VERTEX
8
B.Silkscreen
10
176.838281
20
-175.008135
70
0
0
VERTEX
8
B.Silkscreen
10
176.924006
20
-175.180113
70
0
0
SEQEND
8
B.Silkscreen
0
POLYLINE
8
B.Silkscreen
62
7
70
0
10
0.000000
20
0.000000
66
1
0
VERTEX
8
B.Silkscreen
10
176.924006
20
-175.180113
70
0
0
VERTEX
8
B.Silkscreen
10
176.924006
20
-175.608738
70
0
0
SEQEND
8
B.Silkscreen
0
POLYLINE
8
B.Silkscreen
62
7
70
0
10
0.000000
20
0.000000
66
1
0
VERTEX
8
B.Silkscreen
10
176.924006
20
-175.608738
70
0
0
VERTEX
8
B.Silkscreen
10
176.838281
20
-175.780717
70
0
0
SEQEND
8
B.Silkscreen
0
POLYLINE
8
B.Silkscreen
62
7
70
0
10
0.000000
20
0.000000
66
1
0
VERTEX
8
B.Silkscreen
10
176.838281
20
-175.780717
70
0
0
VERTEX
8
B.Silkscreen
10
176.752556
20
-175.865383
70
0
0
SEQEND
8
B.Silkscreen
0
POLYLINE
8
B.Silkscreen
62
7
70
0
10
0.000000
20
0.000000
66
1
0
VERTEX
8
B.Silkscreen
10
176.752556
20
-175.865383
70
0
0
VERTEX
8
B.Silkscreen
10
176.581107
20
-175.952696
70
0
0
SEQEND
8
B.Silkscreen
0
POLYLINE
8
B.Silkscreen
62
7
70
0
10
0.000000
20
0.000000
66
1
0
VERTEX
8
B.Silkscreen
10
176.581107
20
-175.952696
70
0
0
VERTEX
8
B.Silkscreen
10
176.238207
20
-175.952696
70
0
0
SEQEND
8
B.Silkscreen
0
POLYLINE
8
B.Silkscreen
62
7
70
0
10
0.000000
20
0.000000
66
1
0
VERTEX
8
B.Silkscreen
10
176.238207
20
-175.952696
70
0
0
VERTEX
8
B.Silkscreen
10
176.066757
20
-175.865383
70
0
0
SEQEND
8
B.Silkscreen
0
POLYLINE
8
B.Silkscreen
62
7
70
0
10
0.000000
20
0.000000
66
1
0
VERTEX
8
B.Silkscreen
10
176.066757
20
-175.865383
70
0
0
VERTEX
8
B.Silkscreen
10
175.981032
20
-175.780717
70
0
0
SEQEND
8
B.Silkscreen
0
POLYLINE
8
B.Silkscreen
62
7
70
0
10
0.000000
20
0.000000
66
1
0
VERTEX
8
B.Silkscreen
10
175.981032
20
-175.780717
70
0
0
VERTEX
8
B.Silkscreen
10
175.895308
20
-175.608738
70
0
0
SEQEND
8
B.Silkscreen
0
POLYLINE
8
B.Silkscreen
62
7
70
0
10
0.000000
20
0.000000
66
1
0
VERTEX
8
B.Silkscreen
10
174.781149
20
-174.836156
70
0
0
VERTEX
8
B.Silkscreen
10
174.609699
20
-174.836156
70
0
0
SEQEND
8
B.Silkscreen
0
POLYLINE
8
B.Silkscreen
62
7
70
0
10
0.000000
20
0.000000
66
1
0
VERTEX
8
B.Silkscreen
10
174.609699
20
-174.836156
70
0
0
VERTEX
8
B.Silkscreen
10
174.438249
20
-174.923468
70
0
0
SEQEND
8
B.Silkscreen
0
POLYLINE
8
B.Silkscreen
62
7
70
0
10
0.000000
20
0.000000
66
1
0
VERTEX
8
B.Silkscreen
10
174.438249
20
-174.923468
70
0
0
VERTEX
8
B.Silkscreen
10
174.352524
20
-175.008135
70
0
0
SEQEND
8
B.Silkscreen
0
POLYLINE
8
B.Silkscreen
62
7
70
0
10
0.000000
20
0.000000
66
1
0
VERTEX
8
B.Silkscreen
10
174.352524
20
-175.008135
70
0
0
VERTEX
8
B.Silkscreen
10
174.266799
20
-175.180113
70
0
0
SEQEND
8
B.Silkscreen
0
POLYLINE
8
B.Silkscreen
62
7
70
0
10
0.000000
20
0.000000
66
1
0
VERTEX
8
B.Silkscreen
10
174.266799
20
-175.180113
70
0
0
VERTEX
8
B.Silkscreen
10
174.181074
20
-175.524071
70
0
0
SEQEND
8
B.Silkscreen
0
POLYLINE
8
B.Silkscreen
62
7
70
0
10
0.000000
20
0.000000
66
1
0
VERTEX
8
B.Silkscreen
10
174.181074
20
-175.524071
70
0
0
VERTEX
8
B.Silkscreen
10
174.181074
20
-175.952696
70
0
0
SEQEND
8
B.Silkscreen
0
POLYLINE
8
B.Silkscreen
62
7
70
0
10
0.000000
20
0.000000
66
1
0
VERTEX
8
B.Silkscreen
10
174.181074
20
-175.952696
70
0
0
VERTEX
8
B.Silkscreen
10
174.266799
20
-176.294008
70
0
0
SEQEND
8
B.Silkscreen
0
POLYLINE
8
B.Silkscreen
62
7
70
0
10
0.000000
20
0.000000
66
1
0
VERTEX
8
B.Silkscreen
10
174.266799
20
-176.294008
70
0
0
VERTEX
8
B.Silkscreen
10
174.352524
20
-176.465987
70
0
0
SEQEND
8
B.Silkscreen
0
POLYLINE
8
B.Silkscreen
62
7
70
0
10
0.000000
20
0.000000
66
1
0
VERTEX
8
B.Silkscreen
10
174.352524
20
-176.465987
70
0
0
VERTEX
8
B.Silkscreen
10
174.438249
20
-176.550653
70
0
0
SEQEND
8
B.Silkscreen
0
POLYLINE
8
B.Silkscreen
62
7
70
0
10
0.000000
20
0.000000
66
1
0
VERTEX
8
B.Silkscreen
10
174.438249
20
-176.550653
70
0
0
VERTEX
8
B.Silkscreen
10
174.609699
20
-176.637966
70
0
0
SEQEND
8
B.Silkscreen
0
POLYLINE
8
B.Silkscreen
62
7
70
0
10
0.000000
20
0.000000
66
1
0
VERTEX
8
B.Silkscreen
10
174.609699
20
-176.637966
70
0
0
VERTEX
8
B.Silkscreen
10
174.781149
20
-176.637966
70
0
0
SEQEND
8
B.Silkscreen
0
POLYLINE
8
B.Silkscreen
62
7
70
0
10
0.000000
20
0.000000
66
1
0
VERTEX
8
B.Silkscreen
10
174.781149
20
-176.637966
70
0
0
VERTEX
8
B.Silkscreen
10
174.952598
20
-176.550653
70
0
0
SEQEND
8
B.Silkscreen
0
POLYLINE
8
B.Silkscreen
62
7
70
0
10
0.000000
20
0.000000
66
1
0
VERTEX
8
B.Silkscreen
10
174.952598
20
-176.550653
70
0
0
VERTEX
8
B.Silkscreen
10
175.038323
20
-176.465987
70
0
0
SEQEND
8
B.Silkscreen
0
POLYLINE
8
B.Silkscreen
62
7
70
0
10
0.000000
20
0.000000
66
1
0
VERTEX
8
B.Silkscreen
10
175.038323
20
-176.465987
70
0
0
VERTEX
8
B.Silkscreen
10
175.124048
20
-176.294008
70
0
0
SEQEND
8
B.Silkscreen
0
POLYLINE
8
B.Silkscreen
62
7
70
0
10
0.000000
20
0.000000
66
1
0
VERTEX
8
B.Silkscreen
10
175.124048
20
-176.294008
70
0
0
VERTEX
8
B.Silkscreen
10
175.209773
20
-175.952696
70
0
0
SEQEND
8
B.Silkscreen
0
POLYLINE
8
B.Silkscreen
62
7
70
0
10
0.000000
20
0.000000
66
1
0
VERTEX
8
B.Silkscreen
10
175.209773
20
-175.952696
70
0
0
VERTEX
8
B.Silkscreen
10
175.209773
20
-175.524071
70
0
0
SEQEND
8
B.Silkscreen
0
POLYLINE
8
B.Silkscreen
62
7
70
0
10
0.000000
20
0.000000
66
1
0
VERTEX
8
B.Silkscreen
10
175.209773
20
-175.524071
70
0
0
VERTEX
8
B.Silkscreen
10
175.124048
20
-175.180113
70
0
0
SEQEND
8
B.Silkscreen
0
POLYLINE
8
B.Silkscreen
62
7
70
0
10
0.000000
20
0.000000
66
1
0
VERTEX
8
B.Silkscreen
10
175.124048
20
-175.180113
70
0
0
VERTEX
8
B.Silkscreen
10
175.038323
20
-175.008135
70
0
0
SEQEND
8
B.Silkscreen
0
POLYLINE
8
B.Silkscreen
62
7
70
0
10
0.000000
20
0.000000
66
1
0
VERTEX
8
B.Silkscreen
10
175.038323
20
-175.008135
70
0
0
VERTEX
8
B.Silkscreen
10
174.952598
20
-174.923468
70
0
0
SEQEND
8
B.Silkscreen
0
POLYLINE
8
B.Silkscreen
62
7
70
0
10
0.000000
20
0.000000
66
1
0
VERTEX
8
B.Silkscreen
10
174.952598
20
-174.923468
70
0
0
VERTEX
8
B.Silkscreen
10
174.781149
20
-174.836156
70
0
0
SEQEND
8
B.Silkscreen
0
POLYLINE
8
B.Silkscreen
62
7
70
0
10
0.000000
20
0.000000
66
1
0
VERTEX
8
B.Silkscreen
10
173.066915
20
-174.836156
70
0
0
VERTEX
8
B.Silkscreen
10
172.895466
20
-174.836156
70
0
0
SEQEND
8
B.Silkscreen
0
POLYLINE
8
B.Silkscreen
62
7
70
0
10
0.000000
20
0.000000
66
1
0
VERTEX
8
B.Silkscreen
10
172.895466
20
-174.836156
70
0
0
VERTEX
8
B.Silkscreen
10
172.724016
20
-174.923468
70
0
0
SEQEND
8
B.Silkscreen
0
POLYLINE
8
B.Silkscreen
62
7
70
0
10
0.000000
20
0.000000
66
1
0
VERTEX
8
B.Silkscreen
10
172.724016
20
-174.923468
70
0
0
VERTEX
8
B.Silkscreen
10
172.638291
20
-175.008135
70
0
0
SEQEND
8
B.Silkscreen
0
POLYLINE
8
B.Silkscreen
62
7
70
0
10
0.000000
20
0.000000
66
1
0
VERTEX
8
B.Silkscreen
10
172.638291
20
-175.008135
70
0
0
VERTEX
8
B.Silkscreen
10
172.552566
20
-175.180113
70
0
0
SEQEND
8
B.Silkscreen
0
POLYLINE
8
B.Silkscreen
62
7
70
0
10
0.000000
20
0.000000
66
1
0
VERTEX
8
B.Silkscreen
10
172.552566
20
-175.180113
70
0
0
VERTEX
8
B.Silkscreen
10
172.466841
20
-175.524071
70
0
0
SEQEND
8
B.Silkscreen
0
POLYLINE
8
B.Silkscreen
62
7
70
0
10
0.000000
20
0.000000
66
1
0
VERTEX
8
B.Silkscreen
10
172.466841
20
-175.524071
70
0
0
VERTEX
8
B.Silkscreen
10
172.466841
20
-175.952696
70
0
0
SEQEND
8
B.Silkscreen
0
POLYLINE
8
B.Silkscreen
62
7
70
0
10
0.000000
20
0.000000
66
1
0
VERTEX
8
B.Silkscreen
10
172.466841
20
-175.952696
70
0
0
VERTEX
8
B.Silkscreen
10
172.552566
20
-176.294008
70
0
0
SEQEND
8
B.Silkscreen
0
POLYLINE
8
B.Silkscreen
62
7
70
0
10
0.000000
20
0.000000
66
1
0
VERTEX
8
B.Silkscreen
10
172.552566
20
-176.294008
70
0
0
VERTEX
8
B.Silkscreen
10
172.638291
20
-176.465987
70
0
0
SEQEND
8
B.Silkscreen
0
POLYLINE
8
B.Silkscreen
62
7
70
0
10
0.000000
20
0.000000
66
1
0
VERTEX
8
B.Silkscreen
10
172.638291
20
-176.465987
70
0
0
VERTEX
8
B.Silkscreen
10
172.724016
20
-176.550653
70
0
0
SEQEND
8
B.Silkscreen
0
POLYLINE
8
B.Silkscreen
62
7
70
0
10
0.000000
20
0.000000
66
1
0
VERTEX
8
B.Silkscreen
10
172.724016
20
-176.550653
70
0
0
VERTEX
8
B.Silkscreen
10
172.895466
20
-176.637966
70
0
0
SEQEND
8
B.Silkscreen
0
POLYLINE
8
B.Silkscreen
62
7
70
0
10
0.000000
20
0.000000
66
1
0
VERTEX
8
B.Silkscreen
10
172.895466
20
-176.637966
70
0
0
VERTEX
8
B.Silkscreen
10
173.066915
20
-176.637966
70
0
0
SEQEND
8
B.Silkscreen
0
POLYLINE
8
B.Silkscreen
62
7
70
0
10
0.000000
20
0.000000
66
1
0
VERTEX
8
B.Silkscreen
10
173.066915
20
-176.637966
70
0
0
VERTEX
8
B.Silkscreen
10
173.238365
20
-176.550653
70
0
0
SEQEND
8
B.Silkscreen
0
POLYLINE
8
B.Silkscreen
62
7
70
0
10
0.000000
20
0.000000
66
1
0
VERTEX
8
B.Silkscreen
10
173.238365
20
-176.550653
70
0
0
VERTEX
8
B.Silkscreen
10
173.324090
20
-176.465987
70
0
0
SEQEND
8
B.Silkscreen
0
POLYLINE
8
B.Silkscreen
62
7
70
0
10
0.000000
20
0.000000
66
1
0
VERTEX
8
B.Silkscreen
10
173.324090
20
-176.465987
70
0
0
VERTEX
8
B.Silkscreen
10
173.409815
20
-176.294008
70
0
0
SEQEND
8
B.Silkscreen
0
POLYLINE
8
B.Silkscreen
62
7
70
0
10
0.000000
20
0.000000
66
1
0
VERTEX
8
B.Silkscreen
10
173.409815
20
-176.294008
70
0
0
VERTEX
8
B.Silkscreen
10
173.495540
20
-175.952696
70
0
0
SEQEND
8
B.Silkscreen
0
POLYLINE
8
B.Silkscreen
62
7
70
0
10
0.000000
20
0.000000
66
1
0
VERTEX
8
B.Silkscreen
10
173.495540
20
-175.952696
70
0
0
VERTEX
8
B.Silkscreen
10
173.495540
20
-175.524071
70
0
0
SEQEND
8
B.Silkscreen
0
POLYLINE
8
B.Silkscreen
62
7
70
0
10
0.000000
20
0.000000
66
1
0
VERTEX
8
B.Silkscreen
10
173.495540
20
-175.524071
70
0
0
VERTEX
8
B.Silkscreen
10
173.409815
20
-175.180113
70
0
0
SEQEND
8
B.Silkscreen
0
POLYLINE
8
B.Silkscreen
62
7
70
0
10
0.000000
20
0.000000
66
1
0
VERTEX
8
B.Silkscreen
10
173.409815
20
-175.180113
70
0
0
VERTEX
8
B.Silkscreen
10
173.324090
20
-175.008135
70
0
0
SEQEND
8
B.Silkscreen
0
POLYLINE
8
B.Silkscreen
62
7
70
0
10
0.000000
20
0.000000
66
1
0
VERTEX
8
B.Silkscreen
10
173.324090
20
-175.008135
70
0
0
VERTEX
8
B.Silkscreen
10
173.238365
20
-174.923468
70
0
0
SEQEND
8
B.Silkscreen
0
POLYLINE
8
B.Silkscreen
62
7
70
0
10
0.000000
20
0.000000
66
1
0
VERTEX
8
B.Silkscreen
10
173.238365
20
-174.923468
70
0
0
VERTEX
8
B.Silkscreen
10
173.066915
20
-174.836156
70
0
0
SEQEND
8
B.Silkscreen
0
POLYLINE
8
B.Silkscreen
62
7
70
0
10
0.000000
20
0.000000
66
1
0
VERTEX
8
B.Silkscreen
10
170.924058
20
-175.436759
70
0
0
VERTEX
8
B.Silkscreen
10
170.924058
20
-176.637966
70
0
0
SEQEND
8
B.Silkscreen
0
POLYLINE
8
B.Silkscreen
62
7
70
0
10
0.000000
20
0.000000
66
1
0
VERTEX
8
B.Silkscreen
10
171.352682
20
-174.751489
70
0
0
VERTEX
8
B.Silkscreen
10
171.781042
20
-176.037362
70
0
0
SEQEND
8
B.Silkscreen
0
POLYLINE
8
B.Silkscreen
62
7
70
0
10
0.000000
20
0.000000
66
1
0
VERTEX
8
B.Silkscreen
10
171.781042
20
-176.037362
70
0
0
VERTEX
8
B.Silkscreen
10
170.666883
20
-176.037362
70
0
0
SEQEND
8
B.Silkscreen
0
POLYLINE
8
B.Silkscreen
62
7
70
0
10
0.000000
20
0.000000
66
1
0
VERTEX
8
B.Silkscreen
10
169.124099
20
-174.836156
70
0
0
VERTEX
8
B.Silkscreen
10
169.981084
20
-174.836156
70
0
0
SEQEND
8
B.Silkscreen
0
POLYLINE
8
B.Silkscreen
62
7
70
0
10
0.000000
20
0.000000
66
1
0
VERTEX
8
B.Silkscreen
10
169.981084
20
-174.836156
70
0
0
VERTEX
8
B.Silkscreen
10
170.066809
20
-175.693404
70
0
0
SEQEND
8
B.Silkscreen
0
POLYLINE
8
B.Silkscreen
62
7
70
0
10
0.000000
20
0.000000
66
1
0
VERTEX
8
B.Silkscreen
10
170.066809
20
-175.693404
70
0
0
VERTEX
8
B.Silkscreen
10
169.981084
20
-175.608738
70
0
0
SEQEND
8
B.Silkscreen
0
POLYLINE
8
B.Silkscreen
62
7
70
0
10
0.000000
20
0.000000
66
1
0
VERTEX
8
B.Silkscreen
10
169.981084
20
-175.608738
70
0
0
VERTEX
8
B.Silkscreen
10
169.809634
20
-175.524071
70
0
0
SEQEND
8
B.Silkscreen
0
POLYLINE
8
B.Silkscreen
62
7
70
0
10
0.000000
20
0.000000
66
1
0
VERTEX
8
B.Silkscreen
10
169.809634
20
-175.524071
70
0
0
VERTEX
8
B.Silkscreen
10
169.381274
20
-175.524071
70
0
0
SEQEND
8
B.Silkscreen
0
POLYLINE
8
B.Silkscreen
62
7
70
0
10
0.000000
20
0.000000
66
1
0
VERTEX
8
B.Silkscreen
10
169.381274
20
-175.524071
70
0
0
VERTEX
8
B.Silkscreen
10
169.209824
20
-175.608738
70
0
0
SEQEND
8
B.Silkscreen
0
POLYLINE
8
B.Silkscreen
62
7
70
0
10
0.000000
20
0.000000
66
1
0
VERTEX
8
B.Silkscreen
10
169.209824
20
-175.608738
70
0
0
VERTEX
8
B.Silkscreen
10
169.124099
20
-175.693404
70
0
0
SEQEND
8
B.Silkscreen
0
POLYLINE
8
B.Silkscreen
62
7
70
0
10
0.000000
20
0.000000
66
1
0
VERTEX
8
B.Silkscreen
10
169.124099
20
-175.693404
70
0
0
VERTEX
8
B.Silkscreen
10
169.038375
20
-175.865383
70
0
0
SEQEND
8
B.Silkscreen
0
POLYLINE
8
B.Silkscreen
62
7
70
0
10
0.000000
20
0.000000
66
1
0
VERTEX
8
B.Silkscreen
10
169.038375
20
-175.865383
70
0
0
VERTEX
8
B.Silkscreen
10
169.038375
20
-176.294008
70
0
0
SEQEND
8
B.Silkscreen
0
POLYLINE
8
B.Silkscreen
62
7
70
0
10
0.000000
20
0.000000
66
1
0
VERTEX
8
B.Silkscreen
10
169.038375
20
-176.294008
70
0
0
VERTEX
8
B.Silkscreen
10
169.124099
20
-176.465987
70
0
0
SEQEND
8
B.Silkscreen
0
POLYLINE
8
B.Silkscreen
62
7
70
0
10
0.000000
20
0.000000
66
1
0
VERTEX
8
B.Silkscreen
10
169.124099
20
-176.465987
70
0
0
VERTEX
8
B.Silkscreen
10
169.209824
20
-176.550653
70
0
0
SEQEND
8
B.Silkscreen
0
POLYLINE
8
B.Silkscreen
62
7
70
0
10
0.000000
20
0.000000
66
1
0
VERTEX
8
B.Silkscreen
10
169.209824
20
-176.550653
70
0
0
VERTEX
8
B.Silkscreen
10
169.381274
20
-176.637966
70
0
0
SEQEND
8
B.Silkscreen
0
POLYLINE
8
B.Silkscreen
62
7
70
0
10
0.000000
20
0.000000
66
1
0
VERTEX
8
B.Silkscreen
10
169.381274
20
-176.637966
70
0
0
VERTEX
8
B.Silkscreen
10
169.809634
20
-176.637966
70
0
0
SEQEND
8
B.Silkscreen
0
POLYLINE
8
B.Silkscreen
62
7
70
0
10
0.000000
20
0.000000
66
1
0
VERTEX
8
B.Silkscreen
10
169.809634
20
-176.637966
70
0
0
VERTEX
8
B.Silkscreen
10
169.981084
20
-176.550653
70
0
0
SEQEND
8
B.Silkscreen
0
POLYLINE
8
B.Silkscreen
62
7
70
0
10
0.000000
20
0.000000
66
1
0
VERTEX
8
B.Silkscreen
10
169.981084
20
-176.550653
70
0
0
VERTEX
8
B.Silkscreen
10
170.066809
20
-176.465987
70
0
0
SEQEND
8
B.Silkscreen
0
POLYLINE
8
B.Silkscreen
62
7
70
0
10
0.000000
20
0.000000
66
1
0
VERTEX
8
B.Silkscreen
10
187.865042
20
-176.825820
70
0
0
VERTEX
8
B.Silkscreen
10
188.531792
20
-175.873321
70
0
0
SEQEND
8
B.Silkscreen
0
POLYLINE
8
B.Silkscreen
62
7
70
0
10
0.000000
20
0.000000
66
1
0
VERTEX
8
B.Silkscreen
10
189.008041
20
-176.825820
70
0
0
VERTEX
8
B.Silkscreen
10
189.008041
20
-174.825572
70
0
0
SEQEND
8
B.Silkscreen
0
POLYLINE
8
B.Silkscreen
62
7
70
0
10
0.000000
20
0.000000
66
1
0
VERTEX
8
B.Silkscreen
10
189.008041
20
-174.825572
70
0
0
VERTEX
8
B.Silkscreen
10
188.246042
20
-174.825572
70
0
0
SEQEND
8
B.Silkscreen
0
POLYLINE
8
B.Silkscreen
62
7
70
0
10
0.000000
20
0.000000
66
1
0
VERTEX
8
B.Silkscreen
10
188.246042
20
-174.825572
70
0
0
VERTEX
8
B.Silkscreen
10
188.055542
20
-174.920822
70
0
0
SEQEND
8
B.Silkscreen
0
POLYLINE
8
B.Silkscreen
62
7
70
0
10
0.000000
20
0.000000
66
1
0
VERTEX
8
B.Silkscreen
10
188.055542
20
-174.920822
70
0
0
VERTEX
8
B.Silkscreen
10
187.960292
20
-175.016072
70
0
0
SEQEND
8
B.Silkscreen
0
POLYLINE
8
B.Silkscreen
62
7
70
0
10
0.000000
20
0.000000
66
1
0
VERTEX
8
B.Silkscreen
10
187.960292
20
-175.016072
70
0
0
VERTEX
8
B.Silkscreen
10
187.865042
20
-175.206572
70
0
0
SEQEND
8
B.Silkscreen
0
POLYLINE
8
B.Silkscreen
62
7
70
0
10
0.000000
20
0.000000
66
1
0
VERTEX
8
B.Silkscreen
10
187.865042
20
-175.206572
70
0
0
VERTEX
8
B.Silkscreen
10
187.865042
20
-175.492321
70
0
0
SEQEND
8
B.Silkscreen
0
POLYLINE
8
B.Silkscreen
62
7
70
0
10
0.000000
20
0.000000
66
1
0
VERTEX
8
B.Silkscreen
10
187.865042
20
-175.492321
70
0
0
VERTEX
8
B.Silkscreen
10
187.960292
20
-175.682821
70
0
0
SEQEND
8
B.Silkscreen
0
POLYLINE
8
B.Silkscreen
62
7
70
0
10
0.000000
20
0.000000
66
1
0
VERTEX
8
B.Silkscreen
10
187.960292
20
-175.682821
70
0
0
VERTEX
8
B.Silkscreen
10
188.055542
20
-175.778071
70
0
0
SEQEND
8
B.Silkscreen
0
POLYLINE
8
B.Silkscreen
62
7
70
0
10
0.000000
20
0.000000
66
1
0
VERTEX
8
B.Silkscreen
10
188.055542
20
-175.778071
70
0
0
VERTEX
8
B.Silkscreen
10
188.246042
20
-175.873321
70
0
0
SEQEND
8
B.Silkscreen
0
POLYLINE
8
B.Silkscreen
62
7
70
0
10
0.000000
20
0.000000
66
1
0
VERTEX
8
B.Silkscreen
10
188.246042
20
-175.873321
70
0
0
VERTEX
8
B.Silkscreen
10
189.008041
20
-175.873321
70
0
0
SEQEND
8
B.Silkscreen
0
POLYLINE
8
B.Silkscreen
62
7
70
0
10
0.000000
20
0.000000
66
1
0
VERTEX
8
B.Silkscreen
10
193.323919
20
-179.193838
70
0
0
VERTEX
8
B.Silkscreen
10
193.923993
20
-179.193838
70
0
0
SEQEND
8
B.Silkscreen
0
POLYLINE
8
B.Silkscreen
62
7
70
0
10
0.000000
20
0.000000
66
1
0
VERTEX
8
B.Silkscreen
10
193.923993
20
-180.138399
70
0
0
VERTEX
8
B.Silkscreen
10
193.923993
20
-178.336589
70
0
0
SEQEND
8
B.Silkscreen
0
POLYLINE
8
B.Silkscreen
62
7
70
0
10
0.000000
20
0.000000
66
1
0
VERTEX
8
B.Silkscreen
10
193.923993
20
-178.336589
70
0
0
VERTEX
8
B.Silkscreen
10
193.066744
20
-178.336589
70
0
0
SEQEND
8
B.Silkscreen
0
POLYLINE
8
B.Silkscreen
62
7
70
0
10
0.000000
20
0.000000
66
1
0
VERTEX
8
B.Silkscreen
10
191.352511
20
-179.966420
70
0
0
VERTEX
8
B.Silkscreen
10
191.438236
20
-180.051086
70
0
0
SEQEND
8
B.Silkscreen
0
POLYLINE
8
B.Silkscreen
62
7
70
0
10
0.000000
20
0.000000
66
1
0
VERTEX
8
B.Silkscreen
10
191.438236
20
-180.051086
70
0
0
VERTEX
8
B.Silkscreen
10
191.695411
20
-180.138399
70
0
0
SEQEND
8
B.Silkscreen
0
POLYLINE
8
B.Silkscreen
62
7
70
0
10
0.000000
20
0.000000
66
1
0
VERTEX
8
B.Silkscreen
10
191.695411
20
-180.138399
70
0
0
VERTEX
8
B.Silkscreen
10
191.866860
20
-180.138399
70
0
0
SEQEND
8
B.Silkscreen
0
POLYLINE
8
B.Silkscreen
62
7
70
0
10
0.000000
20
0.000000
66
1
0
VERTEX
8
B.Silkscreen
10
191.866860
20
-180.138399
70
0
0
VERTEX
8
B.Silkscreen
10
192.124035
20
-180.051086
70
0
0
SEQEND
8
B.Silkscreen
0
POLYLINE
8
B.Silkscreen
62
7
70
0
10
0.000000
20
0.000000
66
1
0
VERTEX
8
B.Silkscreen
10
192.124035
20
-180.051086
70
0
0
VERTEX
8
B.Silkscreen
10
192.295485
20
-179.879108
70
0
0
SEQEND
8
B.Silkscreen
0
POLYLINE
8
B.Silkscreen
62
7
70
0
10
0.000000
20
0.000000
66
1
0
VERTEX
8
B.Silkscreen
10
192.295485
20
-179.879108
70
0
0
VERTEX
8
B.Silkscreen
10
192.381210
20
-179.709774
70
0
0
SEQEND
8
B.Silkscreen
0
POLYLINE
8
B.Silkscreen
62
7
70
0
10
0.000000
20
0.000000
66
1
0
VERTEX
8
B.Silkscreen
10
192.381210
20
-179.709774
70
0
0
VERTEX
8
B.Silkscreen
10
192.466935
20
-179.365817
70
0
0
SEQEND
8
B.Silkscreen
0
POLYLINE
8
B.Silkscreen
62
7
70
0
10
0.000000
20
0.000000
66
1
0
VERTEX
8
B.Silkscreen
10
192.466935
20
-179.365817
70
0
0
VERTEX
8
B.Silkscreen
10
192.466935
20
-179.109171
70
0
0
SEQEND
8
B.Silkscreen
0
POLYLINE
8
B.Silkscreen
62
7
70
0
10
0.000000
20
0.000000
66
1
0
VERTEX
8
B.Silkscreen
10
192.466935
20
-179.109171
70
0
0
VERTEX
8
B.Silkscreen
10
192.381210
20
-178.765213
70
0
0
SEQEND
8
B.Silkscreen
0
POLYLINE
8
B.Silkscreen
62
7
70
0
10
0.000000
20
0.000000
66
1
0
VERTEX
8
B.Silkscreen
10
192.381210
20
-178.765213
70
0
0
VERTEX
8
B.Silkscreen
10
192.295485
20
-178.593234
70
0
0
SEQEND
8
B.Silkscreen
0
POLYLINE
8
B.Silkscreen
62
7
70
0
10
0.000000
20
0.000000
66
1
0
VERTEX
8
B.Silkscreen
10
192.295485
20
-178.593234
70
0
0
VERTEX
8
B.Silkscreen
10
192.124035
20
-178.423901
70
0
0
SEQEND
8
B.Silkscreen
0
POLYLINE
8
B.Silkscreen
62
7
70
0
10
0.000000
20
0.000000
66
1
0
VERTEX
8
B.Silkscreen
10
192.124035
20
-178.423901
70
0
0
VERTEX
8
B.Silkscreen
10
191.866860
20
-178.336589
70
0
0
SEQEND
8
B.Silkscreen
0
POLYLINE
8
B.Silkscreen
62
7
70
0
10
0.000000
20
0.000000
66
1
0
VERTEX
8
B.Silkscreen
10
191.866860
20
-178.336589
70
0
0
VERTEX
8
B.Silkscreen
10
191.695411
20
-178.336589
70
0
0
SEQEND
8
B.Silkscreen
0
POLYLINE
8
B.Silkscreen
62
7
70
0
10
0.000000
20
0.000000
66
1
0
VERTEX
8
B.Silkscreen
10
191.695411
20
-178.336589
70
0
0
VERTEX
8
B.Silkscreen
10
191.438236
20
-178.423901
70
0
0
SEQEND
8
B.Silkscreen
0
POLYLINE
8
B.Silkscreen
62
7
70
0
10
0.000000
20
0.000000
66
1
0
VERTEX
8
B.Silkscreen
10
191.438236
20
-178.423901
70
0
0
VERTEX
8
B.Silkscreen
10
191.352511
20
-178.508568
70
0
0
SEQEND
8
B.Silkscreen
0
POLYLINE
8
B.Silkscreen
62
7
70
0
10
0.000000
20
0.000000
66
1
0
VERTEX
8
B.Silkscreen
10
189.552553
20
-179.966420
70
0
0
VERTEX
8
B.Silkscreen
10
189.638278
20
-180.051086
70
0
0
SEQEND
8
B.Silkscreen
0
POLYLINE
8
B.Silkscreen
62
7
70
0
10
0.000000
20
0.000000
66
1
0
VERTEX
8
B.Silkscreen
10
189.638278
20
-180.051086
70
0
0
VERTEX
8
B.Silkscreen
10
189.895452
20
-180.138399
70
0
0
SEQEND
8
B.Silkscreen
0
POLYLINE
8
B.Silkscreen
62
7
70
0
10
0.000000
20
0.000000
66
1
0
VERTEX
8
B.Silkscreen
10
189.895452
20
-180.138399
70
0
0
VERTEX
8
B.Silkscreen
10
190.066902
20
-180.138399
70
0
0
SEQEND
8
B.Silkscreen
0
POLYLINE
8
B.Silkscreen
62
7
70
0
10
0.000000
20
0.000000
66
1
0
VERTEX
8
B.Silkscreen
10
190.066902
20
-180.138399
70
0
0
VERTEX
8
B.Silkscreen
10
190.324077
20
-180.051086
70
0
0
SEQEND
8
B.Silkscreen
0
POLYLINE
8
B.Silkscreen
62
7
70
0
10
0.000000
20
0.000000
66
1
0
VERTEX
8
B.Silkscreen
10
190.324077
20
-180.051086
70
0
0
VERTEX
8
B.Silkscreen
10
190.495527
20
-179.879108
70
0
0
SEQEND
8
B.Silkscreen
0
POLYLINE
8
B.Silkscreen
62
7
70
0
10
0.000000
20
0.000000
66
1
0
VERTEX
8
B.Silkscreen
10
190.495527
20
-179.879108
70
0
0
VERTEX
8
B.Silkscreen
10
190.581252
20
-179.709774
70
0
0
SEQEND
8
B.Silkscreen
0
POLYLINE
8
B.Silkscreen
62
7
70
0
10
0.000000
20
0.000000
66
1
0
VERTEX
8
B.Silkscreen
10
190.581252
20
-179.709774
70
0
0
VERTEX
8
B.Silkscreen
10
190.666712
20
-179.365817
70
0
0
SEQEND
8
B.Silkscreen
0
POLYLINE
8
B.Silkscreen
62
7
70
0
10
0.000000
20
0.000000
66
1
0
VERTEX
8
B.Silkscreen
10
190.666712
20
-179.365817
70
0
0
VERTEX
8
B.Silkscreen
10
190.666712
20
-179.109171
70
0
0
SEQEND
8
B.Silkscreen
0
POLYLINE
8
B.Silkscreen
62
7
70
0
10
0.000000
20
0.000000
66
1
0
VERTEX
8
B.Silkscreen
10
190.666712
20
-179.109171
70
0
0
VERTEX
8
B.Silkscreen
10
190.581252
20
-178.765213
70
0
0
SEQEND
8
B.Silkscreen
0
POLYLINE
8
B.Silkscreen
62
7
70
0
10
0.000000
20
0.000000
66
1
0
VERTEX
8
B.Silkscreen
10
190.581252
20
-178.765213
70
0
0
VERTEX
8
B.Silkscreen
10
190.495527
20
-178.593234
70
0
0
SEQEND
8
B.Silkscreen
0
POLYLINE
8
B.Silkscreen
62
7
70
0
10
0.000000
20
0.000000
66
1
0
VERTEX
8
B.Silkscreen
10
190.495527
20
-178.593234
70
0
0
VERTEX
8
B.Silkscreen
10
190.324077
20
-178.423901
70
0
0
SEQEND
8
B.Silkscreen
0
POLYLINE
8
B.Silkscreen
62
7
70
0
10
0.000000
20
0.000000
66
1
0
VERTEX
8
B.Silkscreen
10
190.324077
20
-178.423901
70
0
0
VERTEX
8
B.Silkscreen
10
190.066902
20
-178.336589
70
0
0
SEQEND
8
B.Silkscreen
0
POLYLINE
8
B.Silkscreen
62
7
70
0
10
0.000000
20
0.000000
66
1
0
VERTEX
8
B.Silkscreen
10
190.066902
20
-178.336589
70
0
0
VERTEX
8
B.Silkscreen
10
189.895452
20
-178.336589
70
0
0
SEQEND
8
B.Silkscreen
0
POLYLINE
8
B.Silkscreen
62
7
70
0
10
0.000000
20
0.000000
66
1
0
VERTEX
8
B.Silkscreen
10
189.895452
20
-178.336589
70
0
0
VERTEX
8
B.Silkscreen
10
189.638278
20
-178.423901
70
0
0
SEQEND
8
B.Silkscreen
0
POLYLINE
8
B.Silkscreen
62
7
70
0
10
0.000000
20
0.000000
66
1
0
VERTEX
8
B.Silkscreen
10
189.638278
20
-178.423901
70
0
0
VERTEX
8
B.Silkscreen
10
189.552553
20
-178.508568
70
0
0
SEQEND
8
B.Silkscreen
0
POLYLINE
8
B.Silkscreen
62
7
70
0
10
0.000000
20
0.000000
66
1
0
VERTEX
8
B.Silkscreen
10
188.781029
20
-179.966420
70
0
0
VERTEX
8
B.Silkscreen
10
188.695304
20
-180.051086
70
0
0
SEQEND
8
B.Silkscreen
0
POLYLINE
8
B.Silkscreen
62
7
70
0
10
0.000000
20
0.000000
66
1
0
VERTEX
8
B.Silkscreen
10
188.695304
20
-180.051086
70
0
0
VERTEX
8
B.Silkscreen
10
188.781029
20
-180.138399
70
0
0
SEQEND
8
B.Silkscreen
0
POLYLINE
8
B.Silkscreen
62
7
70
0
10
0.000000
20
0.000000
66
1
0
VERTEX
8
B.Silkscreen
10
188.781029
20
-180.138399
70
0
0
VERTEX
8
B.Silkscreen
10
188.866754
20
-180.051086
70
0
0
SEQEND
8
B.Silkscreen
0
POLYLINE
8
B.Silkscreen
62
7
70
0
10
0.000000
20
0.000000
66
1
0
VERTEX
8
B.Silkscreen
10
188.866754
20
-180.051086
70
0
0
VERTEX
8
B.Silkscreen
10
188.781029
20
-179.966420
70
0
0
SEQEND
8
B.Silkscreen
0
POLYLINE
8
B.Silkscreen
62
7
70
0
10
0.000000
20
0.000000
66
1
0
VERTEX
8
B.Silkscreen
10
188.781029
20
-179.966420
70
0
0
VERTEX
8
B.Silkscreen
10
188.781029
20
-180.138399
70
0
0
SEQEND
8
B.Silkscreen
0
POLYLINE
8
B.Silkscreen
62
7
70
0
10
0.000000
20
0.000000
66
1
0
VERTEX
8
B.Silkscreen
10
188.781029
20
-179.021859
70
0
0
VERTEX
8
B.Silkscreen
10
188.695304
20
-179.109171
70
0
0
SEQEND
8
B.Silkscreen
0
POLYLINE
8
B.Silkscreen
62
7
70
0
10
0.000000
20
0.000000
66
1
0
VERTEX
8
B.Silkscreen
10
188.695304
20
-179.109171
70
0
0
VERTEX
8
B.Silkscreen
10
188.781029
20
-179.193838
70
0
0
SEQEND
8
B.Silkscreen
0
POLYLINE
8
B.Silkscreen
62
7
70
0
10
0.000000
20
0.000000
66
1
0
VERTEX
8
B.Silkscreen
10
188.781029
20
-179.193838
70
0
0
VERTEX
8
B.Silkscreen
10
188.866754
20
-179.109171
70
0
0
SEQEND
8
B.Silkscreen
0
POLYLINE
8
B.Silkscreen
62
7
70
0
10
0.000000
20
0.000000
66
1
0
VERTEX
8
B.Silkscreen
10
188.866754
20
-179.109171
70
0
0
VERTEX
8
B.Silkscreen
10
188.781029
20
-179.021859
70
0
0
SEQEND
8
B.Silkscreen
0
POLYLINE
8
B.Silkscreen
62
7
70
0
10
0.000000
20
0.000000
66
1
0
VERTEX
8
B.Silkscreen
10
188.781029
20
-179.021859
70
0
0
VERTEX
8
B.Silkscreen
10
188.781029
20
-179.193838
70
0
0
SEQEND
8
B.Silkscreen
0
POLYLINE
8
B.Silkscreen
62
7
70
0
10
0.000000
20
0.000000
66
1
0
VERTEX
8
B.Silkscreen
10
186.638171
20
-178.508568
70
0
0
VERTEX
8
B.Silkscreen
10
186.552446
20
-178.423901
70
0
0
SEQEND
8
B.Silkscreen
0
POLYLINE
8
B.Silkscreen
62
7
70
0
10
0.000000
20
0.000000
66
1
0
VERTEX
8
B.Silkscreen
10
186.552446
20
-178.423901
70
0
0
VERTEX
8
B.Silkscreen
10
186.381261
20
-178.336589
70
0
0
SEQEND
8
B.Silkscreen
0
POLYLINE
8
B.Silkscreen
62
7
70
0
10
0.000000
20
0.000000
66
1
0
VERTEX
8
B.Silkscreen
10
186.381261
20
-178.336589
70
0
0
VERTEX
8
B.Silkscreen
10
185.952637
20
-178.336589
70
0
0
SEQEND
8
B.Silkscreen
0
POLYLINE
8
B.Silkscreen
62
7
70
0
10
0.000000
20
0.000000
66
1
0
VERTEX
8
B.Silkscreen
10
185.952637
20
-178.336589
70
0
0
VERTEX
8
B.Silkscreen
10
185.781187
20
-178.423901
70
0
0
SEQEND
8
B.Silkscreen
0
POLYLINE
8
B.Silkscreen
62
7
70
0
10
0.000000
20
0.000000
66
1
0
VERTEX
8
B.Silkscreen
10
185.781187
20
-178.423901
70
0
0
VERTEX
8
B.Silkscreen
10
185.695462
20
-178.508568
70
0
0
SEQEND
8
B.Silkscreen
0
POLYLINE
8
B.Silkscreen
62
7
70
0
10
0.000000
20
0.000000
66
1
0
VERTEX
8
B.Silkscreen
10
185.695462
20
-178.508568
70
0
0
VERTEX
8
B.Silkscreen
10
185.609737
20
-178.680547
70
0
0
SEQEND
8
B.Silkscreen
0
POLYLINE
8
B.Silkscreen
62
7
70
0
10
0.000000
20
0.000000
66
1
0
VERTEX
8
B.Silkscreen
10
185.609737
20
-178.680547
70
0
0
VERTEX
8
B.Silkscreen
10
185.609737
20
-178.852526
70
0
0
SEQEND
8
B.Silkscreen
0
POLYLINE
8
B.Silkscreen
62
7
70
0
10
0.000000
20
0.000000
66
1
0
VERTEX
8
B.Silkscreen
10
185.609737
20
-178.852526
70
0
0
VERTEX
8
B.Silkscreen
10
185.695462
20
-179.109171
70
0
0
SEQEND
8
B.Silkscreen
0
POLYLINE
8
B.Silkscreen
62
7
70
0
10
0.000000
20
0.000000
66
1
0
VERTEX
8
B.Silkscreen
10
185.695462
20
-179.109171
70
0
0
VERTEX
8
B.Silkscreen
10
186.723896
20
-180.138399
70
0
0
SEQEND
8
B.Silkscreen
0
POLYLINE
8
B.Silkscreen
62
7
70
0
10
0.000000
20
0.000000
66
1
0
VERTEX
8
B.Silkscreen
10
186.723896
20
-180.138399
70
0
0
VERTEX
8
B.Silkscreen
10
185.609737
20
-180.138399
70
0
0
SEQEND
8
B.Silkscreen
0
POLYLINE
8
B.Silkscreen
62
7
70
0
10
0.000000
20
0.000000
66
1
0
VERTEX
8
B.Silkscreen
10
184.923938
20
-179.622462
70
0
0
VERTEX
8
B.Silkscreen
10
184.066954
20
-179.622462
70
0
0
SEQEND
8
B.Silkscreen
0
POLYLINE
8
B.Silkscreen
62
7
70
0
10
0.000000
20
0.000000
66
1
0
VERTEX
8
B.Silkscreen
10
185.095388
20
-180.138399
70
0
0
VERTEX
8
B.Silkscreen
10
184.495313
20
-178.336589
70
0
0
SEQEND
8
B.Silkscreen
0
POLYLINE
8
B.Silkscreen
62
7
70
0
10
0.000000
20
0.000000
66
1
0
VERTEX
8
B.Silkscreen
10
184.495313
20
-178.336589
70
0
0
VERTEX
8
B.Silkscreen
10
183.895504
20
-180.138399
70
0
0
SEQEND
8
B.Silkscreen
0
POLYLINE
8
B.Silkscreen
62
7
70
0
10
0.000000
20
0.000000
66
1
0
VERTEX
8
B.Silkscreen
10
182.695355
20
-179.193838
70
0
0
VERTEX
8
B.Silkscreen
10
182.438181
20
-179.281150
70
0
0
SEQEND
8
B.Silkscreen
0
POLYLINE
8
B.Silkscreen
62
7
70
0
10
0.000000
20
0.000000
66
1
0
VERTEX
8
B.Silkscreen
10
182.438181
20
-179.281150
70
0
0
VERTEX
8
B.Silkscreen
10
182.352456
20
-179.365817
70
0
0
SEQEND
8
B.Silkscreen
0
POLYLINE
8
B.Silkscreen
62
7
70
0
10
0.000000
20
0.000000
66
1
0
VERTEX
8
B.Silkscreen
10
182.352456
20
-179.365817
70
0
0
VERTEX
8
B.Silkscreen
10
182.266731
20
-179.537795
70
0
0
SEQEND
8
B.Silkscreen
0
POLYLINE
8
B.Silkscreen
62
7
70
0
10
0.000000
20
0.000000
66
1
0
VERTEX
8
B.Silkscreen
10
182.266731
20
-179.537795
70
0
0
VERTEX
8
B.Silkscreen
10
182.266731
20
-179.794441
70
0
0
SEQEND
8
B.Silkscreen
0
POLYLINE
8
B.Silkscreen
62
7
70
0
10
0.000000
20
0.000000
66
1
0
VERTEX
8
B.Silkscreen
10
182.266731
20
-179.794441
70
0
0
VERTEX
8
B.Silkscreen
10
182.352456
20
-179.966420
70
0
0
SEQEND
8
B.Silkscreen
0
POLYLINE
8
B.Silkscreen
62
7
70
0
10
0.000000
20
0.000000
66
1
0
VERTEX
8
B.Silkscreen
10
182.352456
20
-179.966420
70
0
0
VERTEX
8
B.Silkscreen
10
182.438181
20
-180.051086
70
0
0
SEQEND
8
B.Silkscreen
0
POLYLINE
8
B.Silkscreen
62
7
70
0
10
0.000000
20
0.000000
66
1
0
VERTEX
8
B.Silkscreen
10
182.438181
20
-180.051086
70
0
0
VERTEX
8
B.Silkscreen
10
182.609630
20
-180.138399
70
0
0
SEQEND
8
B.Silkscreen
0
POLYLINE
8
B.Silkscreen
62
7
70
0
10
0.000000
20
0.000000
66
1
0
VERTEX
8
B.Silkscreen
10
182.609630
20
-180.138399
70
0
0
VERTEX
8
B.Silkscreen
10
183.295429
20
-180.138399
70
0
0
SEQEND
8
B.Silkscreen
0
POLYLINE
8
B.Silkscreen
62
7
70
0
10
0.000000
20
0.000000
66
1
0
VERTEX
8
B.Silkscreen
10
183.295429
20
-180.138399
70
0
0
VERTEX
8
B.Silkscreen
10
183.295429
20
-178.336589
70
0
0
SEQEND
8
B.Silkscreen
0
POLYLINE
8
B.Silkscreen
62
7
70
0
10
0.000000
20
0.000000
66
1
0
VERTEX
8
B.Silkscreen
10
183.295429
20
-178.336589
70
0
0
VERTEX
8
B.Silkscreen
10
182.695355
20
-178.336589
70
0
0
SEQEND
8
B.Silkscreen
0
POLYLINE
8
B.Silkscreen
62
7
70
0
10
0.000000
20
0.000000
66
1
0
VERTEX
8
B.Silkscreen
10
182.695355
20
-178.336589
70
0
0
VERTEX
8
B.Silkscreen
10
182.523905
20
-178.423901
70
0
0
SEQEND
8
B.Silkscreen
0
POLYLINE
8
B.Silkscreen
62
7
70
0
10
0.000000
20
0.000000
66
1
0
VERTEX
8
B.Silkscreen
10
182.523905
20
-178.423901
70
0
0
VERTEX
8
B.Silkscreen
10
182.438181
20
-178.508568
70
0
0
SEQEND
8
B.Silkscreen
0
POLYLINE
8
B.Silkscreen
62
7
70
0
10
0.000000
20
0.000000
66
1
0
VERTEX
8
B.Silkscreen
10
182.438181
20
-178.508568
70
0
0
VERTEX
8
B.Silkscreen
10
182.352456
20
-178.680547
70
0
0
SEQEND
8
B.Silkscreen
0
POLYLINE
8
B.Silkscreen
62
7
70
0
10
0.000000
20
0.000000
66
1
0
VERTEX
8
B.Silkscreen
10
182.352456
20
-178.680547
70
0
0
VERTEX
8
B.Silkscreen
10
182.352456
20
-178.852526
70
0
0
SEQEND
8
B.Silkscreen
0
POLYLINE
8
B.Silkscreen
62
7
70
0
10
0.000000
20
0.000000
66
1
0
VERTEX
8
B.Silkscreen
10
182.352456
20
-178.852526
70
0
0
VERTEX
8
B.Silkscreen
10
182.438181
20
-179.021859
70
0
0
SEQEND
8
B.Silkscreen
0
POLYLINE
8
B.Silkscreen
62
7
70
0
10
0.000000
20
0.000000
66
1
0
VERTEX
8
B.Silkscreen
10
182.438181
20
-179.021859
70
0
0
VERTEX
8
B.Silkscreen
10
182.523905
20
-179.109171
70
0
0
SEQEND
8
B.Silkscreen
0
POLYLINE
8
B.Silkscreen
62
7
70
0
10
0.000000
20
0.000000
66
1
0
VERTEX
8
B.Silkscreen
10
182.523905
20
-179.109171
70
0
0
VERTEX
8
B.Silkscreen
10
182.695355
20
-179.193838
70
0
0
SEQEND
8
B.Silkscreen
0
POLYLINE
8
B.Silkscreen
62
7
70
0
10
0.000000
20
0.000000
66
1
0
VERTEX
8
B.Silkscreen
10
182.695355
20
-179.193838
70
0
0
VERTEX
8
B.Silkscreen
10
183.295429
20
-179.193838
70
0
0
SEQEND
8
B.Silkscreen
0
POLYLINE
8
B.Silkscreen
62
7
70
0
10
0.000000
20
0.000000
66
1
0
VERTEX
8
B.Silkscreen
10
181.495471
20
-178.336589
70
0
0
VERTEX
8
B.Silkscreen
10
181.495471
20
-179.794441
70
0
0
SEQEND
8
B.Silkscreen
0
POLYLINE
8
B.Silkscreen
62
7
70
0
10
0.000000
20
0.000000
66
1
0
VERTEX
8
B.Silkscreen
10
181.495471
20
-179.794441
70
0
0
VERTEX
8
B.Silkscreen
10
181.409746
20
-179.966420
70
0
0
SEQEND
8
B.Silkscreen
0
POLYLINE
8
B.Silkscreen
62
7
70
0
10
0.000000
20
0.000000
66
1
0
VERTEX
8
B.Silkscreen
10
181.409746
20
-179.966420
70
0
0
VERTEX
8
B.Silkscreen
10
181.324022
20
-180.051086
70
0
0
SEQEND
8
B.Silkscreen
0
POLYLINE
8
B.Silkscreen
62
7
70
0
10
0.000000
20
0.000000
66
1
0
VERTEX
8
B.Silkscreen
10
181.324022
20
-180.051086
70
0
0
VERTEX
8
B.Silkscreen
10
181.152572
20
-180.138399
70
0
0
SEQEND
8
B.Silkscreen
0
POLYLINE
8
B.Silkscreen
62
7
70
0
10
0.000000
20
0.000000
66
1
0
VERTEX
8
B.Silkscreen
10
181.152572
20
-180.138399
70
0
0
VERTEX
8
B.Silkscreen
10
180.809672
20
-180.138399
70
0
0
SEQEND
8
B.Silkscreen
0
POLYLINE
8
B.Silkscreen
62
7
70
0
10
0.000000
20
0.000000
66
1
0
VERTEX
8
B.Silkscreen
10
180.809672
20
-180.138399
70
0
0
VERTEX
8
B.Silkscreen
10
180.638222
20
-180.051086
70
0
0
SEQEND
8
B.Silkscreen
0
POLYLINE
8
B.Silkscreen
62
7
70
0
10
0.000000
20
0.000000
66
1
0
VERTEX
8
B.Silkscreen
10
180.638222
20
-180.051086
70
0
0
VERTEX
8
B.Silkscreen
10
180.552498
20
-179.966420
70
0
0
SEQEND
8
B.Silkscreen
0
POLYLINE
8
B.Silkscreen
62
7
70
0
10
0.000000
20
0.000000
66
1
0
VERTEX
8
B.Silkscreen
10
180.552498
20
-179.966420
70
0
0
VERTEX
8
B.Silkscreen
10
180.466773
20
-179.794441
70
0
0
SEQEND
8
B.Silkscreen
0
POLYLINE
8
B.Silkscreen
62
7
70
0
10
0.000000
20
0.000000
66
1
0
VERTEX
8
B.Silkscreen
10
180.466773
20
-179.794441
70
0
0
VERTEX
8
B.Silkscreen
10
180.466773
20
-178.336589
70
0
0
SEQEND
8
B.Silkscreen
0
POLYLINE
8
B.Silkscreen
62
7
70
0
10
0.000000
20
0.000000
66
1
0
VERTEX
8
B.Silkscreen
10
178.838264
20
-178.336589
70
0
0
VERTEX
8
B.Silkscreen
10
179.181164
20
-178.336589
70
0
0
SEQEND
8
B.Silkscreen
0
POLYLINE
8
B.Silkscreen
62
7
70
0
10
0.000000
20
0.000000
66
1
0
VERTEX
8
B.Silkscreen
10
179.181164
20
-178.336589
70
0
0
VERTEX
8
B.Silkscreen
10
179.352614
20
-178.423901
70
0
0
SEQEND
8
B.Silkscreen
0
POLYLINE
8
B.Silkscreen
62
7
70
0
10
0.000000
20
0.000000
66
1
0
VERTEX
8
B.Silkscreen
10
179.352614
20
-178.423901
70
0
0
VERTEX
8
B.Silkscreen
10
179.438339
20
-178.508568
70
0
0
SEQEND
8
B.Silkscreen
0
POLYLINE
8
B.Silkscreen
62
7
70
0
10
0.000000
20
0.000000
66
1
0
VERTEX
8
B.Silkscreen
10
179.438339
20
-178.508568
70
0
0
VERTEX
8
B.Silkscreen
10
179.609788
20
-178.765213
70
0
0
SEQEND
8
B.Silkscreen
0
POLYLINE
8
B.Silkscreen
62
7
70
0
10
0.000000
20
0.000000
66
1
0
VERTEX
8
B.Silkscreen
10
179.609788
20
-178.765213
70
0
0
VERTEX
8
B.Silkscreen
10
179.695513
20
-179.109171
70
0
0
SEQEND
8
B.Silkscreen
0
POLYLINE
8
B.Silkscreen
62
7
70
0
10
0.000000
20
0.000000
66
1
0
VERTEX
8
B.Silkscreen
10
179.695513
20
-179.109171
70
0
0
VERTEX
8
B.Silkscreen
10
179.695513
20
-179.794441
70
0
0
SEQEND
8
B.Silkscreen
0
POLYLINE
8
B.Silkscreen
62
7
70
0
10
0.000000
20
0.000000
66
1
0
VERTEX
8
B.Silkscreen
10
179.695513
20
-179.794441
70
0
0
VERTEX
8
B.Silkscreen
10
179.609788
20
-179.966420
70
0
0
SEQEND
8
B.Silkscreen
0
POLYLINE
8
B.Silkscreen
62
7
70
0
10
0.000000
20
0.000000
66
1
0
VERTEX
8
B.Silkscreen
10
179.609788
20
-179.966420
70
0
0
VERTEX
8
B.Silkscreen
10
179.524063
20
-180.051086
70
0
0
SEQEND
8
B.Silkscreen
0
POLYLINE
8
B.Silkscreen
62
7
70
0
10
0.000000
20
0.000000
66
1
0
VERTEX
8
B.Silkscreen
10
179.524063
20
-180.051086
70
0
0
VERTEX
8
B.Silkscreen
10
179.352614
20
-180.138399
70
0
0
SEQEND
8
B.Silkscreen
0
POLYLINE
8
B.Silkscreen
62
7
70
0
10
0.000000
20
0.000000
66
1
0
VERTEX
8
B.Silkscreen
10
179.352614
20
-180.138399
70
0
0
VERTEX
8
B.Silkscreen
10
179.009714
20
-180.138399
70
0
0
SEQEND
8
B.Silkscreen
0
POLYLINE
8
B.Silkscreen
62
7
70
0
10
0.000000
20
0.000000
66
1
0
VERTEX
8
B.Silkscreen
10
179.009714
20
-180.138399
70
0
0
VERTEX
8
B.Silkscreen
10
178.838264
20
-180.051086
70
0
0
SEQEND
8
B.Silkscreen
0
POLYLINE
8
B.Silkscreen
62
7
70
0
10
0.000000
20
0.000000
66
1
0
VERTEX
8
B.Silkscreen
10
178.838264
20
-180.051086
70
0
0
VERTEX
8
B.Silkscreen
10
178.752539
20
-179.966420
70
0
0
SEQEND
8
B.Silkscreen
0
POLYLINE
8
B.Silkscreen
62
7
70
0
10
0.000000
20
0.000000
66
1
0
VERTEX
8
B.Silkscreen
10
178.752539
20
-179.966420
70
0
0
VERTEX
8
B.Silkscreen
10
178.666814
20
-179.794441
70
0
0
SEQEND
8
B.Silkscreen
0
POLYLINE
8
B.Silkscreen
62
7
70
0
10
0.000000
20
0.000000
66
1
0
VERTEX
8
B.Silkscreen
10
178.666814
20
-179.794441
70
0
0
VERTEX
8
B.Silkscreen
10
178.666814
20
-179.365817
70
0
0
SEQEND
8
B.Silkscreen
0
POLYLINE
8
B.Silkscreen
62
7
70
0
10
0.000000
20
0.000000
66
1
0
VERTEX
8
B.Silkscreen
10
178.666814
20
-179.365817
70
0
0
VERTEX
8
B.Silkscreen
10
178.752539
20
-179.193838
70
0
0
SEQEND
8
B.Silkscreen
0
POLYLINE
8
B.Silkscreen
62
7
70
0
10
0.000000
20
0.000000
66
1
0
VERTEX
8
B.Silkscreen
10
178.752539
20
-179.193838
70
0
0
VERTEX
8
B.Silkscreen
10
178.838264
20
-179.109171
70
0
0
SEQEND
8
B.Silkscreen
0
POLYLINE
8
B.Silkscreen
62
7
70
0
10
0.000000
20
0.000000
66
1
0
VERTEX
8
B.Silkscreen
10
178.838264
20
-179.109171
70
0
0
VERTEX
8
B.Silkscreen
10
179.009714
20
-179.021859
70
0
0
SEQEND
8
B.Silkscreen
0
POLYLINE
8
B.Silkscreen
62
7
70
0
10
0.000000
20
0.000000
66
1
0
VERTEX
8
B.Silkscreen
10
179.009714
20
-179.021859
70
0
0
VERTEX
8
B.Silkscreen
10
179.352614
20
-179.021859
70
0
0
SEQEND
8
B.Silkscreen
0
POLYLINE
8
B.Silkscreen
62
7
70
0
10
0.000000
20
0.000000
66
1
0
VERTEX
8
B.Silkscreen
10
179.352614
20
-179.021859
70
0
0
VERTEX
8
B.Silkscreen
10
179.524063
20
-179.109171
70
0
0
SEQEND
8
B.Silkscreen
0
POLYLINE
8
B.Silkscreen
62
7
70
0
10
0.000000
20
0.000000
66
1
0
VERTEX
8
B.Silkscreen
10
179.524063
20
-179.109171
70
0
0
VERTEX
8
B.Silkscreen
10
179.609788
20
-179.193838
70
0
0
SEQEND
8
B.Silkscreen
0
POLYLINE
8
B.Silkscreen
62
7
70
0
10
0.000000
20
0.000000
66
1
0
VERTEX
8
B.Silkscreen
10
179.609788
20
-179.193838
70
0
0
VERTEX
8
B.Silkscreen
10
179.695513
20
-179.365817
70
0
0
SEQEND
8
B.Silkscreen
0
POLYLINE
8
B.Silkscreen
62
7
70
0
10
0.000000
20
0.000000
66
1
0
VERTEX
8
B.Silkscreen
10
177.895555
20
-179.450483
70
0
0
VERTEX
8
B.Silkscreen
10
176.523957
20
-179.450483
70
0
0
SEQEND
8
B.Silkscreen
0
POLYLINE
8
B.Silkscreen
62
7
70
0
10
0.000000
20
0.000000
66
1
0
VERTEX
8
B.Silkscreen
10
175.666972
20
-180.138399
70
0
0
VERTEX
8
B.Silkscreen
10
175.666972
20
-178.336589
70
0
0
SEQEND
8
B.Silkscreen
0
POLYLINE
8
B.Silkscreen
62
7
70
0
10
0.000000
20
0.000000
66
1
0
VERTEX
8
B.Silkscreen
10
175.666972
20
-178.336589
70
0
0
VERTEX
8
B.Silkscreen
10
175.066898
20
-179.622462
70
0
0
SEQEND
8
B.Silkscreen
0
POLYLINE
8
B.Silkscreen
62
7
70
0
10
0.000000
20
0.000000
66
1
0
VERTEX
8
B.Silkscreen
10
175.066898
20
-179.622462
70
0
0
VERTEX
8
B.Silkscreen
10
174.466824
20
-178.336589
70
0
0
SEQEND
8
B.Silkscreen
0
POLYLINE
8
B.Silkscreen
62
7
70
0
10
0.000000
20
0.000000
66
1
0
VERTEX
8
B.Silkscreen
10
174.466824
20
-178.336589
70
0
0
VERTEX
8
B.Silkscreen
10
174.466824
20
-180.138399
70
0
0
SEQEND
8
B.Silkscreen
0
POLYLINE
8
B.Silkscreen
62
7
70
0
10
0.000000
20
0.000000
66
1
0
VERTEX
8
B.Silkscreen
10
173.695565
20
-180.051086
70
0
0
VERTEX
8
B.Silkscreen
10
173.438390
20
-180.138399
70
0
0
SEQEND
8
B.Silkscreen
0
POLYLINE
8
B.Silkscreen
62
7
70
0
10
0.000000
20
0.000000
66
1
0
VERTEX
8
B.Silkscreen
10
173.438390
20
-180.138399
70
0
0
VERTEX
8
B.Silkscreen
10
173.009765
20
-180.138399
70
0
0
SEQEND
8
B.Silkscreen
0
POLYLINE
8
B.Silkscreen
62
7
70
0
10
0.000000
20
0.000000
66
1
0
VERTEX
8
B.Silkscreen
10
173.009765
20
-180.138399
70
0
0
VERTEX
8
B.Silkscreen
10
172.838316
20
-180.051086
70
0
0
SEQEND
8
B.Silkscreen
0
POLYLINE
8
B.Silkscreen
62
7
70
0
10
0.000000
20
0.000000
66
1
0
VERTEX
8
B.Silkscreen
10
172.838316
20
-180.051086
70
0
0
VERTEX
8
B.Silkscreen
10
172.752591
20
-179.966420
70
0
0
SEQEND
8
B.Silkscreen
0
POLYLINE
8
B.Silkscreen
62
7
70
0
10
0.000000
20
0.000000
66
1
0
VERTEX
8
B.Silkscreen
10
172.752591
20
-179.966420
70
0
0
VERTEX
8
B.Silkscreen
10
172.666866
20
-179.794441
70
0
0
SEQEND
8
B.Silkscreen
0
POLYLINE
8
B.Silkscreen
62
7
70
0
10
0.000000
20
0.000000
66
1
0
VERTEX
8
B.Silkscreen
10
172.666866
20
-179.794441
70
0
0
VERTEX
8
B.Silkscreen
10
172.666866
20
-179.622462
70
0
0
SEQEND
8
B.Silkscreen
0
POLYLINE
8
B.Silkscreen
62
7
70
0
10
0.000000
20
0.000000
66
1
0
VERTEX
8
B.Silkscreen
10
172.666866
20
-179.622462
70
0
0
VERTEX
8
B.Silkscreen
10
172.752591
20
-179.450483
70
0
0
SEQEND
8
B.Silkscreen
0
POLYLINE
8
B.Silkscreen
62
7
70
0
10
0.000000
20
0.000000
66
1
0
VERTEX
8
B.Silkscreen
10
172.752591
20
-179.450483
70
0
0
VERTEX
8
B.Silkscreen
10
172.838316
20
-179.365817
70
0
0
SEQEND
8
B.Silkscreen
0
POLYLINE
8
B.Silkscreen
62
7
70
0
10
0.000000
20
0.000000
66
1
0
VERTEX
8
B.Silkscreen
10
172.838316
20
-179.365817
70
0
0
VERTEX
8
B.Silkscreen
10
173.009765
20
-179.281150
70
0
0
SEQEND
8
B.Silkscreen
0
POLYLINE
8
B.Silkscreen
62
7
70
0
10
0.000000
20
0.000000
66
1
0
VERTEX
8
B.Silkscreen
10
173.009765
20
-179.281150
70
0
0
VERTEX
8
B.Silkscreen
10
173.352665
20
-179.193838
70
0
0
SEQEND
8
B.Silkscreen
0
POLYLINE
8
B.Silkscreen
62
7
70
0
10
0.000000
20
0.000000
66
1
0
VERTEX
8
B.Silkscreen
10
173.352665
20
-179.193838
70
0
0
VERTEX
8
B.Silkscreen
10
173.524115
20
-179.109171
70
0
0
SEQEND
8
B.Silkscreen
0
POLYLINE
8
B.Silkscreen
62
7
70
0
10
0.000000
20
0.000000
66
1
0
VERTEX
8
B.Silkscreen
10
173.524115
20
-179.109171
70
0
0
VERTEX
8
B.Silkscreen
10
173.609840
20
-179.021859
70
0
0
SEQEND
8
B.Silkscreen
0
POLYLINE
8
B.Silkscreen
62
7
70
0
10
0.000000
20
0.000000
66
1
0
VERTEX
8
B.Silkscreen
10
173.609840
20
-179.021859
70
0
0
VERTEX
8
B.Silkscreen
10
173.695565
20
-178.852526
70
0
0
SEQEND
8
B.Silkscreen
0
POLYLINE
8
B.Silkscreen
62
7
70
0
10
0.000000
20
0.000000
66
1
0
VERTEX
8
B.Silkscreen
10
173.695565
20
-178.852526
70
0
0
VERTEX
8
B.Silkscreen
10
173.695565
20
-178.680547
70
0
0
SEQEND
8
B.Silkscreen
0
POLYLINE
8
B.Silkscreen
62
7
70
0
10
0.000000
20
0.000000
66
1
0
VERTEX
8
B.Silkscreen
10
173.695565
20
-178.680547
70
0
0
VERTEX
8
B.Silkscreen
10
173.609840
20
-178.508568
70
0
0
SEQEND
8
B.Silkscreen
0
POLYLINE
8
B.Silkscreen
62
7
70
0
10
0.000000
20
0.000000
66
1
0
VERTEX
8
B.Silkscreen
10
173.609840
20
-178.508568
70
0
0
VERTEX
8
B.Silkscreen
10
173.524115
20
-178.423901
70
0
0
SEQEND
8
B.Silkscreen
0
POLYLINE
8
B.Silkscreen
62
7
70
0
10
0.000000
20
0.000000
66
1
0
VERTEX
8
B.Silkscreen
10
173.524115
20
-178.423901
70
0
0
VERTEX
8
B.Silkscreen
10
173.352665
20
-178.336589
70
0
0
SEQEND
8
B.Silkscreen
0
POLYLINE
8
B.Silkscreen
62
7
70
0
10
0.000000
20
0.000000
66
1
0
VERTEX
8
B.Silkscreen
10
173.352665
20
-178.336589
70
0
0
VERTEX
8
B.Silkscreen
10
172.924040
20
-178.336589
70
0
0
SEQEND
8
B.Silkscreen
0
POLYLINE
8
B.Silkscreen
62
7
70
0
10
0.000000
20
0.000000
66
1
0
VERTEX
8
B.Silkscreen
10
172.924040
20
-178.336589
70
0
0
VERTEX
8
B.Silkscreen
10
172.666866
20
-178.423901
70
0
0
SEQEND
8
B.Silkscreen
0
POLYLINE
8
B.Silkscreen
62
7
70
0
10
0.000000
20
0.000000
66
1
0
VERTEX
8
B.Silkscreen
10
171.638167
20
-179.109171
70
0
0
VERTEX
8
B.Silkscreen
10
171.809617
20
-179.021859
70
0
0
SEQEND
8
B.Silkscreen
0
POLYLINE
8
B.Silkscreen
62
7
70
0
10
0.000000
20
0.000000
66
1
0
VERTEX
8
B.Silkscreen
10
171.809617
20
-179.021859
70
0
0
VERTEX
8
B.Silkscreen
10
171.895342
20
-178.937192
70
0
0
SEQEND
8
B.Silkscreen
0
POLYLINE
8
B.Silkscreen
62
7
70
0
10
0.000000
20
0.000000
66
1
0
VERTEX
8
B.Silkscreen
10
171.895342
20
-178.937192
70
0
0
VERTEX
8
B.Silkscreen
10
171.981067
20
-178.765213
70
0
0
SEQEND
8
B.Silkscreen
0
POLYLINE
8
B.Silkscreen
62
7
70
0
10
0.000000
20
0.000000
66
1
0
VERTEX
8
B.Silkscreen
10
171.981067
20
-178.765213
70
0
0
VERTEX
8
B.Silkscreen
10
171.981067
20
-178.680547
70
0
0
SEQEND
8
B.Silkscreen
0
POLYLINE
8
B.Silkscreen
62
7
70
0
10
0.000000
20
0.000000
66
1
0
VERTEX
8
B.Silkscreen
10
171.981067
20
-178.680547
70
0
0
VERTEX
8
B.Silkscreen
10
171.895342
20
-178.508568
70
0
0
SEQEND
8
B.Silkscreen
0
POLYLINE
8
B.Silkscreen
62
7
70
0
10
0.000000
20
0.000000
66
1
0
VERTEX
8
B.Silkscreen
10
171.895342
20
-178.508568
70
0
0
VERTEX
8
B.Silkscreen
10
171.809617
20
-178.423901
70
0
0
SEQEND
8
B.Silkscreen
0
POLYLINE
8
B.Silkscreen
62
7
70
0
10
0.000000
20
0.000000
66
1
0
VERTEX
8
B.Silkscreen
10
171.809617
20
-178.423901
70
0
0
VERTEX
8
B.Silkscreen
10
171.638167
20
-178.336589
70
0
0
SEQEND
8
B.Silkscreen
0
POLYLINE
8
B.Silkscreen
62
7
70
0
10
0.000000
20
0.000000
66
1
0
VERTEX
8
B.Silkscreen
10
171.638167
20
-178.336589
70
0
0
VERTEX
8
B.Silkscreen
10
171.295532
20
-178.336589
70
0
0
SEQEND
8
B.Silkscreen
0
POLYLINE
8
B.Silkscreen
62
7
70
0
10
0.000000
20
0.000000
66
1
0
VERTEX
8
B.Silkscreen
10
171.295532
20
-178.336589
70
0
0
VERTEX
8
B.Silkscreen
10
171.124082
20
-178.423901
70
0
0
SEQEND
8
B.Silkscreen
0
POLYLINE
8
B.Silkscreen
62
7
70
0
10
0.000000
20
0.000000
66
1
0
VERTEX
8
B.Silkscreen
10
171.124082
20
-178.423901
70
0
0
VERTEX
8
B.Silkscreen
10
171.038357
20
-178.508568
70
0
0
SEQEND
8
B.Silkscreen
0
POLYLINE
8
B.Silkscreen
62
7
70
0
10
0.000000
20
0.000000
66
1
0
VERTEX
8
B.Silkscreen
10
171.038357
20
-178.508568
70
0
0
VERTEX
8
B.Silkscreen
10
170.952633
20
-178.680547
70
0
0
SEQEND
8
B.Silkscreen
0
POLYLINE
8
B.Silkscreen
62
7
70
0
10
0.000000
20
0.000000
66
1
0
VERTEX
8
B.Silkscreen
10
170.952633
20
-178.680547
70
0
0
VERTEX
8
B.Silkscreen
10
170.952633
20
-178.765213
70
0
0
SEQEND
8
B.Silkscreen
0
POLYLINE
8
B.Silkscreen
62
7
70
0
10
0.000000
20
0.000000
66
1
0
VERTEX
8
B.Silkscreen
10
170.952633
20
-178.765213
70
0
0
VERTEX
8
B.Silkscreen
10
171.038357
20
-178.937192
70
0
0
SEQEND
8
B.Silkscreen
0
POLYLINE
8
B.Silkscreen
62
7
70
0
10
0.000000
20
0.000000
66
1
0
VERTEX
8
B.Silkscreen
10
171.038357
20
-178.937192
70
0
0
VERTEX
8
B.Silkscreen
10
171.124082
20
-179.021859
70
0
0
SEQEND
8
B.Silkscreen
0
POLYLINE
8
B.Silkscreen
62
7
70
0
10
0.000000
20
0.000000
66
1
0
VERTEX
8
B.Silkscreen
10
171.124082
20
-179.021859
70
0
0
VERTEX
8
B.Silkscreen
10
171.295532
20
-179.109171
70
0
0
SEQEND
8
B.Silkscreen
0
POLYLINE
8
B.Silkscreen
62
7
70
0
10
0.000000
20
0.000000
66
1
0
VERTEX
8
B.Silkscreen
10
171.295532
20
-179.109171
70
0
0
VERTEX
8
B.Silkscreen
10
171.638167
20
-179.109171
70
0
0
SEQEND
8
B.Silkscreen
0
POLYLINE
8
B.Silkscreen
62
7
70
0
10
0.000000
20
0.000000
66
1
0
VERTEX
8
B.Silkscreen
10
171.638167
20
-179.109171
70
0
0
VERTEX
8
B.Silkscreen
10
171.809617
20
-179.193838
70
0
0
SEQEND
8
B.Silkscreen
0
POLYLINE
8
B.Silkscreen
62
7
70
0
10
0.000000
20
0.000000
66
1
0
VERTEX
8
B.Silkscreen
10
171.809617
20
-179.193838
70
0
0
VERTEX
8
B.Silkscreen
10
171.895342
20
-179.281150
70
0
0
SEQEND
8
B.Silkscreen
0
POLYLINE
8
B.Silkscreen
62
7
70
0
10
0.000000
20
0.000000
66
1
0
VERTEX
8
B.Silkscreen
10
171.895342
20
-179.281150
70
0
0
VERTEX
8
B.Silkscreen
10
171.981067
20
-179.450483
70
0
0
SEQEND
8
B.Silkscreen
0
POLYLINE
8
B.Silkscreen
62
7
70
0
10
0.000000
20
0.000000
66
1
0
VERTEX
8
B.Silkscreen
10
171.981067
20
-179.450483
70
0
0
VERTEX
8
B.Silkscreen
10
171.981067
20
-179.794441
70
0
0
SEQEND
8
B.Silkscreen
0
POLYLINE
8
B.Silkscreen
62
7
70
0
10
0.000000
20
0.000000
66
1
0
VERTEX
8
B.Silkscreen
10
171.981067
20
-179.794441
70
0
0
VERTEX
8
B.Silkscreen
10
171.895342
20
-179.966420
70
0
0
SEQEND
8
B.Silkscreen
0
POLYLINE
8
B.Silkscreen
62
7
70
0
10
0.000000
20
0.000000
66
1
0
VERTEX
8
B.Silkscreen
10
171.895342
20
-179.966420
70
0
0
VERTEX
8
B.Silkscreen
10
171.809617
20
-180.051086
70
0
0
SEQEND
8
B.Silkscreen
0
POLYLINE
8
B.Silkscreen
62
7
70
0
10
0.000000
20
0.000000
66
1
0
VERTEX
8
B.Silkscreen
10
171.809617
20
-180.051086
70
0
0
VERTEX
8
B.Silkscreen
10
171.638167
20
-180.138399
70
0
0
SEQEND
8
B.Silkscreen
0
POLYLINE
8
B.Silkscreen
62
7
70
0
10
0.000000
20
0.000000
66
1
0
VERTEX
8
B.Silkscreen
10
171.638167
20
-180.138399
70
0
0
VERTEX
8
B.Silkscreen
10
171.295532
20
-180.138399
70
0
0
SEQEND
8
B.Silkscreen
0
POLYLINE
8
B.Silkscreen
62
7
70
0
10
0.000000
20
0.000000
66
1
0
VERTEX
8
B.Silkscreen
10
171.295532
20
-180.138399
70
0
0
VERTEX
8
B.Silkscreen
10
171.124082
20
-180.051086
70
0
0
SEQEND
8
B.Silkscreen
0
POLYLINE
8
B.Silkscreen
62
7
70
0
10
0.000000
20
0.000000
66
1
0
VERTEX
8
B.Silkscreen
10
171.124082
20
-180.051086
70
0
0
VERTEX
8
B.Silkscreen
10
171.038357
20
-179.966420
70
0
0
SEQEND
8
B.Silkscreen
0
POLYLINE
8
B.Silkscreen
62
7
70
0
10
0.000000
20
0.000000
66
1
0
VERTEX
8
B.Silkscreen
10
171.038357
20
-179.966420
70
0
0
VERTEX
8
B.Silkscreen
10
170.952633
20
-179.794441
70
0
0
SEQEND
8
B.Silkscreen
0
POLYLINE
8
B.Silkscreen
62
7
70
0
10
0.000000
20
0.000000
66
1
0
VERTEX
8
B.Silkscreen
10
170.952633
20
-179.794441
70
0
0
VERTEX
8
B.Silkscreen
10
170.952633
20
-179.450483
70
0
0
SEQEND
8
B.Silkscreen
0
POLYLINE
8
B.Silkscreen
62
7
70
0
10
0.000000
20
0.000000
66
1
0
VERTEX
8
B.Silkscreen
10
170.952633
20
-179.450483
70
0
0
VERTEX
8
B.Silkscreen
10
171.038357
20
-179.281150
70
0
0
SEQEND
8
B.Silkscreen
0
POLYLINE
8
B.Silkscreen
62
7
70
0
10
0.000000
20
0.000000
66
1
0
VERTEX
8
B.Silkscreen
10
171.038357
20
-179.281150
70
0
0
VERTEX
8
B.Silkscreen
10
171.124082
20
-179.193838
70
0
0
SEQEND
8
B.Silkscreen
0
POLYLINE
8
B.Silkscreen
62
7
70
0
10
0.000000
20
0.000000
66
1
0
VERTEX
8
B.Silkscreen
10
171.124082
20
-179.193838
70
0
0
VERTEX
8
B.Silkscreen
10
171.295532
20
-179.109171
70
0
0
SEQEND
8
B.Silkscreen
0
POLYLINE
8
B.Silkscreen
62
7
70
0
10
0.000000
20
0.000000
66
1
0
VERTEX
8
B.Silkscreen
10
169.923934
20
-179.109171
70
0
0
VERTEX
8
B.Silkscreen
10
170.095384
20
-179.021859
70
0
0
SEQEND
8
B.Silkscreen
0
POLYLINE
8
B.Silkscreen
62
7
70
0
10
0.000000
20
0.000000
66
1
0
VERTEX
8
B.Silkscreen
10
170.095384
20
-179.021859
70
0
0
VERTEX
8
B.Silkscreen
10
170.181109
20
-178.937192
70
0
0
SEQEND
8
B.Silkscreen
0
POLYLINE
8
B.Silkscreen
62
7
70
0
10
0.000000
20
0.000000
66
1
0
VERTEX
8
B.Silkscreen
10
170.181109
20
-178.937192
70
0
0
VERTEX
8
B.Silkscreen
10
170.266833
20
-178.765213
70
0
0
SEQEND
8
B.Silkscreen
0
POLYLINE
8
B.Silkscreen
62
7
70
0
10
0.000000
20
0.000000
66
1
0
VERTEX
8
B.Silkscreen
10
170.266833
20
-178.765213
70
0
0
VERTEX
8
B.Silkscreen
10
170.266833
20
-178.680547
70
0
0
SEQEND
8
B.Silkscreen
0
POLYLINE
8
B.Silkscreen
62
7
70
0
10
0.000000
20
0.000000
66
1
0
VERTEX
8
B.Silkscreen
10
170.266833
20
-178.680547
70
0
0
VERTEX
8
B.Silkscreen
10
170.181109
20
-178.508568
70
0
0
SEQEND
8
B.Silkscreen
0
POLYLINE
8
B.Silkscreen
62
7
70
0
10
0.000000
20
0.000000
66
1
0
VERTEX
8
B.Silkscreen
10
170.181109
20
-178.508568
70
0
0
VERTEX
8
B.Silkscreen
10
170.095384
20
-178.423901
70
0
0
SEQEND
8
B.Silkscreen
0
POLYLINE
8
B.Silkscreen
62
7
70
0
10
0.000000
20
0.000000
66
1
0
VERTEX
8
B.Silkscreen
10
170.095384
20
-178.423901
70
0
0
VERTEX
8
B.Silkscreen
10
169.923934
20
-178.336589
70
0
0
SEQEND
8
B.Silkscreen
0
POLYLINE
8
B.Silkscreen
62
7
70
0
10
0.000000
20
0.000000
66
1
0
VERTEX
8
B.Silkscreen
10
169.923934
20
-178.336589
70
0
0
VERTEX
8
B.Silkscreen
10
169.581034
20
-178.336589
70
0
0
SEQEND
8
B.Silkscreen
0
POLYLINE
8
B.Silkscreen
62
7
70
0
10
0.000000
20
0.000000
66
1
0
VERTEX
8
B.Silkscreen
10
169.581034
20
-178.336589
70
0
0
VERTEX
8
B.Silkscreen
10
169.409849
20
-178.423901
70
0
0
SEQEND
8
B.Silkscreen
0
POLYLINE
8
B.Silkscreen
62
7
70
0
10
0.000000
20
0.000000
66
1
0
VERTEX
8
B.Silkscreen
10
169.409849
20
-178.423901
70
0
0
VERTEX
8
B.Silkscreen
10
169.324124
20
-178.508568
70
0
0
SEQEND
8
B.Silkscreen
0
POLYLINE
8
B.Silkscreen
62
7
70
0
10
0.000000
20
0.000000
66
1
0
VERTEX
8
B.Silkscreen
10
169.324124
20
-178.508568
70
0
0
VERTEX
8
B.Silkscreen
10
169.238399
20
-178.680547
70
0
0
SEQEND
8
B.Silkscreen
0
POLYLINE
8
B.Silkscreen
62
7
70
0
10
0.000000
20
0.000000
66
1
0
VERTEX
8
B.Silkscreen
10
169.238399
20
-178.680547
70
0
0
VERTEX
8
B.Silkscreen
10
169.238399
20
-178.765213
70
0
0
SEQEND
8
B.Silkscreen
0
POLYLINE
8
B.Silkscreen
62
7
70
0
10
0.000000
20
0.000000
66
1
0
VERTEX
8
B.Silkscreen
10
169.238399
20
-178.765213
70
0
0
VERTEX
8
B.Silkscreen
10
169.324124
20
-178.937192
70
0
0
SEQEND
8
B.Silkscreen
0
POLYLINE
8
B.Silkscreen
62
7
70
0
10
0.000000
20
0.000000
66
1
0
VERTEX
8
B.Silkscreen
10
169.324124
20
-178.937192
70
0
0
VERTEX
8
B.Silkscreen
10
169.409849
20
-179.021859
70
0
0
SEQEND
8
B.Silkscreen
0
POLYLINE
8
B.Silkscreen
62
7
70
0
10
0.000000
20
0.000000
66
1
0
VERTEX
8
B.Silkscreen
10
169.409849
20
-179.021859
70
0
0
VERTEX
8
B.Silkscreen
10
169.581034
20
-179.109171
70
0
0
SEQEND
8
B.Silkscreen
0
POLYLINE
8
B.Silkscreen
62
7
70
0
10
0.000000
20
0.000000
66
1
0
VERTEX
8
B.Silkscreen
10
169.581034
20
-179.109171
70
0
0
VERTEX
8
B.Silkscreen
10
169.923934
20
-179.109171
70
0
0
SEQEND
8
B.Silkscreen
0
POLYLINE
8
B.Silkscreen
62
7
70
0
10
0.000000
20
0.000000
66
1
0
VERTEX
8
B.Silkscreen
10
169.923934
20
-179.109171
70
0
0
VERTEX
8
B.Silkscreen
10
170.095384
20
-179.193838
70
0
0
SEQEND
8
B.Silkscreen
0
POLYLINE
8
B.Silkscreen
62
7
70
0
10
0.000000
20
0.000000
66
1
0
VERTEX
8
B.Silkscreen
10
170.095384
20
-179.193838
70
0
0
VERTEX
8
B.Silkscreen
10
170.181109
20
-179.281150
70
0
0
SEQEND
8
B.Silkscreen
0
POLYLINE
8
B.Silkscreen
62
7
70
0
10
0.000000
20
0.000000
66
1
0
VERTEX
8
B.Silkscreen
10
170.181109
20
-179.281150
70
0
0
VERTEX
8
B.Silkscreen
10
170.266833
20
-179.450483
70
0
0
SEQEND
8
B.Silkscreen
0
POLYLINE
8
B.Silkscreen
62
7
70
0
10
0.000000
20
0.000000
66
1
0
VERTEX
8
B.Silkscreen
10
170.266833
20
-179.450483
70
0
0
VERTEX
8
B.Silkscreen
10
170.266833
20
-179.794441
70
0
0
SEQEND
8
B.Silkscreen
0
POLYLINE
8
B.Silkscreen
62
7
70
0
10
0.000000
20
0.000000
66
1
0
VERTEX
8
B.Silkscreen
10
170.266833
20
-179.794441
70
0
0
VERTEX
8
B.Silkscreen
10
170.181109
20
-179.966420
70
0
0
SEQEND
8
B.Silkscreen
0
POLYLINE
8
B.Silkscreen
62
7
70
0
10
0.000000
20
0.000000
66
1
0
VERTEX
8
B.Silkscreen
10
170.181109
20
-179.966420
70
0
0
VERTEX
8
B.Silkscreen
10
170.095384
20
-180.051086
70
0
0
SEQEND
8
B.Silkscreen
0
POLYLINE
8
B.Silkscreen
62
7
70
0
10
0.000000
20
0.000000
66
1
0
VERTEX
8
B.Silkscreen
10
170.095384
20
-180.051086
70
0
0
VERTEX
8
B.Silkscreen
10
169.923934
20
-180.138399
70
0
0
SEQEND
8
B.Silkscreen
0
POLYLINE
8
B.Silkscreen
62
7
70
0
10
0.000000
20
0.000000
66
1
0
VERTEX
8
B.Silkscreen
10
169.923934
20
-180.138399
70
0
0
VERTEX
8
B.Silkscreen
10
169.581034
20
-180.138399
70
0
0
SEQEND
8
B.Silkscreen
0
POLYLINE
8
B.Silkscreen
62
7
70
0
10
0.000000
20
0.000000
66
1
0
VERTEX
8
B.Silkscreen
10
169.581034
20
-180.138399
70
0
0
VERTEX
8
B.Silkscreen
10
169.409849
20
-180.051086
70
0
0
SEQEND
8
B.Silkscreen
0
POLYLINE
8
B.Silkscreen
62
7
70
0
10
0.000000
20
0.000000
66
1
0
VERTEX
8
B.Silkscreen
10
169.409849
20
-180.051086
70
0
0
VERTEX
8
B.Silkscreen
10
169.324124
20
-179.966420
70
0
0
SEQEND
8
B.Silkscreen
0
POLYLINE
8
B.Silkscreen
62
7
70
0
10
0.000000
20
0.000000
66
1
0
VERTEX
8
B.Silkscreen
10
169.324124
20
-179.966420
70
0
0
VERTEX
8
B.Silkscreen
10
169.238399
20
-179.794441
70
0
0
SEQEND
8
B.Silkscreen
0
POLYLINE
8
B.Silkscreen
62
7
70
0
10
0.000000
20
0.000000
66
1
0
VERTEX
8
B.Silkscreen
10
169.238399
20
-179.794441
70
0
0
VERTEX
8
B.Silkscreen
10
169.238399
20
-179.450483
70
0
0
SEQEND
8
B.Silkscreen
0
POLYLINE
8
B.Silkscreen
62
7
70
0
10
0.000000
20
0.000000
66
1
0
VERTEX
8
B.Silkscreen
10
169.238399
20
-179.450483
70
0
0
VERTEX
8
B.Silkscreen
10
169.324124
20
-179.281150
70
0
0
SEQEND
8
B.Silkscreen
0
POLYLINE
8
B.Silkscreen
62
7
70
0
10
0.000000
20
0.000000
66
1
0
VERTEX
8
B.Silkscreen
10
169.324124
20
-179.281150
70
0
0
VERTEX
8
B.Silkscreen
10
169.409849
20
-179.193838
70
0
0
SEQEND
8
B.Silkscreen
0
POLYLINE
8
B.Silkscreen
62
7
70
0
10
0.000000
20
0.000000
66
1
0
VERTEX
8
B.Silkscreen
10
169.409849
20
-179.193838
70
0
0
VERTEX
8
B.Silkscreen
10
169.581034
20
-179.109171
70
0
0
SEQEND
8
B.Silkscreen
0
POLYLINE
8
B.Silkscreen
62
7
70
0
10
0.000000
20
0.000000
66
1
0
VERTEX
8
B.Silkscreen
10
168.552600
20
-180.051086
70
0
0
VERTEX
8
B.Silkscreen
10
168.295425
20
-180.138399
70
0
0
SEQEND
8
B.Silkscreen
0
POLYLINE
8
B.Silkscreen
62
7
70
0
10
0.000000
20
0.000000
66
1
0
VERTEX
8
B.Silkscreen
10
168.295425
20
-180.138399
70
0
0
VERTEX
8
B.Silkscreen
10
167.866801
20
-180.138399
70
0
0
SEQEND
8
B.Silkscreen
0
POLYLINE
8
B.Silkscreen
62
7
70
0
10
0.000000
20
0.000000
66
1
0
VERTEX
8
B.Silkscreen
10
167.866801
20
-180.138399
70
0
0
VERTEX
8
B.Silkscreen
10
167.695351
20
-180.051086
70
0
0
SEQEND
8
B.Silkscreen
0
POLYLINE
8
B.Silkscreen
62
7
70
0
10
0.000000
20
0.000000
66
1
0
VERTEX
8
B.Silkscreen
10
167.695351
20
-180.051086
70
0
0
VERTEX
8
B.Silkscreen
10
167.609626
20
-179.966420
70
0
0
SEQEND
8
B.Silkscreen
0
POLYLINE
8
B.Silkscreen
62
7
70
0
10
0.000000
20
0.000000
66
1
0
VERTEX
8
B.Silkscreen
10
167.609626
20
-179.966420
70
0
0
VERTEX
8
B.Silkscreen
10
167.523901
20
-179.794441
70
0
0
SEQEND
8
B.Silkscreen
0
POLYLINE
8
B.Silkscreen
62
7
70
0
10
0.000000
20
0.000000
66
1
0
VERTEX
8
B.Silkscreen
10
167.523901
20
-179.794441
70
0
0
VERTEX
8
B.Silkscreen
10
167.523901
20
-179.622462
70
0
0
SEQEND
8
B.Silkscreen
0
POLYLINE
8
B.Silkscreen
62
7
70
0
10
0.000000
20
0.000000
66
1
0
VERTEX
8
B.Silkscreen
10
167.523901
20
-179.622462
70
0
0
VERTEX
8
B.Silkscreen
10
167.609626
20
-179.450483
70
0
0
SEQEND
8
B.Silkscreen
0
POLYLINE
8
B.Silkscreen
62
7
70
0
10
0.000000
20
0.000000
66
1
0
VERTEX
8
B.Silkscreen
10
167.609626
20
-179.450483
70
0
0
VERTEX
8
B.Silkscreen
10
167.695351
20
-179.365817
70
0
0
SEQEND
8
B.Silkscreen
0
POLYLINE
8
B.Silkscreen
62
7
70
0
10
0.000000
20
0.000000
66
1
0
VERTEX
8
B.Silkscreen
10
167.695351
20
-179.365817
70
0
0
VERTEX
8
B.Silkscreen
10
167.866801
20
-179.281150
70
0
0
SEQEND
8
B.Silkscreen
0
POLYLINE
8
B.Silkscreen
62
7
70
0
10
0.000000
20
0.000000
66
1
0
VERTEX
8
B.Silkscreen
10
167.866801
20
-179.281150
70
0
0
VERTEX
8
B.Silkscreen
10
168.209701
20
-179.193838
70
0
0
SEQEND
8
B.Silkscreen
0
POLYLINE
8
B.Silkscreen
62
7
70
0
10
0.000000
20
0.000000
66
1
0
VERTEX
8
B.Silkscreen
10
168.209701
20
-179.193838
70
0
0
VERTEX
8
B.Silkscreen
10
168.381150
20
-179.109171
70
0
0
SEQEND
8
B.Silkscreen
0
POLYLINE
8
B.Silkscreen
62
7
70
0
10
0.000000
20
0.000000
66
1
0
VERTEX
8
B.Silkscreen
10
168.381150
20
-179.109171
70
0
0
VERTEX
8
B.Silkscreen
10
168.466875
20
-179.021859
70
0
0
SEQEND
8
B.Silkscreen
0
POLYLINE
8
B.Silkscreen
62
7
70
0
10
0.000000
20
0.000000
66
1
0
VERTEX
8
B.Silkscreen
10
168.466875
20
-179.021859
70
0
0
VERTEX
8
B.Silkscreen
10
168.552600
20
-178.852526
70
0
0
SEQEND
8
B.Silkscreen
0
POLYLINE
8
B.Silkscreen
62
7
70
0
10
0.000000
20
0.000000
66
1
0
VERTEX
8
B.Silkscreen
10
168.552600
20
-178.852526
70
0
0
VERTEX
8
B.Silkscreen
10
168.552600
20
-178.680547
70
0
0
SEQEND
8
B.Silkscreen
0
POLYLINE
8
B.Silkscreen
62
7
70
0
10
0.000000
20
0.000000
66
1
0
VERTEX
8
B.Silkscreen
10
168.552600
20
-178.680547
70
0
0
VERTEX
8
B.Silkscreen
10
168.466875
20
-178.508568
70
0
0
SEQEND
8
B.Silkscreen
0
POLYLINE
8
B.Silkscreen
62
7
70
0
10
0.000000
20
0.000000
66
1
0
VERTEX
8
B.Silkscreen
10
168.466875
20
-178.508568
70
0
0
VERTEX
8
B.Silkscreen
10
168.381150
20
-178.423901
70
0
0
SEQEND
8
B.Silkscreen
0
POLYLINE
8
B.Silkscreen
62
7
70
0
10
0.000000
20
0.000000
66
1
0
VERTEX
8
B.Silkscreen
10
168.381150
20
-178.423901
70
0
0
VERTEX
8
B.Silkscreen
10
168.209701
20
-178.336589
70
0
0
SEQEND
8
B.Silkscreen
0
POLYLINE
8
B.Silkscreen
62
7
70
0
10
0.000000
20
0.000000
66
1
0
VERTEX
8
B.Silkscreen
10
168.209701
20
-178.336589
70
0
0
VERTEX
8
B.Silkscreen
10
167.781076
20
-178.336589
70
0
0
SEQEND
8
B.Silkscreen
0
POLYLINE
8
B.Silkscreen
62
7
70
0
10
0.000000
20
0.000000
66
1
0
VERTEX
8
B.Silkscreen
10
167.781076
20
-178.336589
70
0
0
VERTEX
8
B.Silkscreen
10
167.523901
20
-178.423901
70
0
0
SEQEND
8
B.Silkscreen
0
POLYLINE
8
B.Silkscreen
62
7
70
0
10
0.000000
20
0.000000
66
1
0
VERTEX
8
B.Silkscreen
10
166.152568
20
-179.193838
70
0
0
VERTEX
8
B.Silkscreen
10
166.752642
20
-179.193838
70
0
0
SEQEND
8
B.Silkscreen
0
POLYLINE
8
B.Silkscreen
62
7
70
0
10
0.000000
20
0.000000
66
1
0
VERTEX
8
B.Silkscreen
10
166.752642
20
-180.138399
70
0
0
VERTEX
8
B.Silkscreen
10
166.752642
20
-178.336589
70
0
0
SEQEND
8
B.Silkscreen
0
POLYLINE
8
B.Silkscreen
62
7
70
0
10
0.000000
20
0.000000
66
1
0
VERTEX
8
B.Silkscreen
10
166.752642
20
-178.336589
70
0
0
VERTEX
8
B.Silkscreen
10
165.895393
20
-178.336589
70
0
0
SEQEND
8
B.Silkscreen
0
POLYLINE
8
B.Silkscreen
62
7
70
0
10
0.000000
20
0.000000
66
1
0
VERTEX
8
B.Silkscreen
10
165.295319
20
-178.508568
70
0
0
VERTEX
8
B.Silkscreen
10
165.209859
20
-178.423901
70
0
0
SEQEND
8
B.Silkscreen
0
POLYLINE
8
B.Silkscreen
62
7
70
0
10
0.000000
20
0.000000
66
1
0
VERTEX
8
B.Silkscreen
10
165.209859
20
-178.423901
70
0
0
VERTEX
8
B.Silkscreen
10
165.038409
20
-178.336589
70
0
0
SEQEND
8
B.Silkscreen
0
POLYLINE
8
B.Silkscreen
62
7
70
0
10
0.000000
20
0.000000
66
1
0
VERTEX
8
B.Silkscreen
10
165.038409
20
-178.336589
70
0
0
VERTEX
8
B.Silkscreen
10
164.609784
20
-178.336589
70
0
0
SEQEND
8
B.Silkscreen
0
POLYLINE
8
B.Silkscreen
62
7
70
0
10
0.000000
20
0.000000
66
1
0
VERTEX
8
B.Silkscreen
10
164.609784
20
-178.336589
70
0
0
VERTEX
8
B.Silkscreen
10
164.438334
20
-178.423901
70
0
0
SEQEND
8
B.Silkscreen
0
POLYLINE
8
B.Silkscreen
62
7
70
0
10
0.000000
20
0.000000
66
1
0
VERTEX
8
B.Silkscreen
10
164.438334
20
-178.423901
70
0
0
VERTEX
8
B.Silkscreen
10
164.352610
20
-178.508568
70
0
0
SEQEND
8
B.Silkscreen
0
POLYLINE
8
B.Silkscreen
62
7
70
0
10
0.000000
20
0.000000
66
1
0
VERTEX
8
B.Silkscreen
10
164.352610
20
-178.508568
70
0
0
VERTEX
8
B.Silkscreen
10
164.266885
20
-178.680547
70
0
0
SEQEND
8
B.Silkscreen
0
POLYLINE
8
B.Silkscreen
62
7
70
0
10
0.000000
20
0.000000
66
1
0
VERTEX
8
B.Silkscreen
10
164.266885
20
-178.680547
70
0
0
VERTEX
8
B.Silkscreen
10
164.266885
20
-178.852526
70
0
0
SEQEND
8
B.Silkscreen
0
POLYLINE
8
B.Silkscreen
62
7
70
0
10
0.000000
20
0.000000
66
1
0
VERTEX
8
B.Silkscreen
10
164.266885
20
-178.852526
70
0
0
VERTEX
8
B.Silkscreen
10
164.352610
20
-179.109171
70
0
0
SEQEND
8
B.Silkscreen
0
POLYLINE
8
B.Silkscreen
62
7
70
0
10
0.000000
20
0.000000
66
1
0
VERTEX
8
B.Silkscreen
10
164.352610
20
-179.109171
70
0
0
VERTEX
8
B.Silkscreen
10
165.381044
20
-180.138399
70
0
0
SEQEND
8
B.Silkscreen
0
POLYLINE
8
B.Silkscreen
62
7
70
0
10
0.000000
20
0.000000
66
1
0
VERTEX
8
B.Silkscreen
10
165.381044
20
-180.138399
70
0
0
VERTEX
8
B.Silkscreen
10
164.266885
20
-180.138399
70
0
0
SEQEND
8
B.Silkscreen
0
POLYLINE
8
B.Silkscreen
62
7
70
0
10
0.000000
20
0.000000
66
1
0
VERTEX
8
B.Silkscreen
10
193.923993
20
-183.136124
70
0
0
VERTEX
8
B.Silkscreen
10
193.923993
20
-181.336960
70
0
0
SEQEND
8
B.Silkscreen
0
POLYLINE
8
B.Silkscreen
62
7
70
0
10
0.000000
20
0.000000
66
1
0
VERTEX
8
B.Silkscreen
10
192.038310
20
-182.966791
70
0
0
VERTEX
8
B.Silkscreen
10
192.124035
20
-183.051458
70
0
0
SEQEND
8
B.Silkscreen
0
POLYLINE
8
B.Silkscreen
62
7
70
0
10
0.000000
20
0.000000
66
1
0
VERTEX
8
B.Silkscreen
10
192.124035
20
-183.051458
70
0
0
VERTEX
8
B.Silkscreen
10
192.381210
20
-183.136124
70
0
0
SEQEND
8
B.Silkscreen
0
POLYLINE
8
B.Silkscreen
62
7
70
0
10
0.000000
20
0.000000
66
1
0
VERTEX
8
B.Silkscreen
10
192.381210
20
-183.136124
70
0
0
VERTEX
8
B.Silkscreen
10
192.552659
20
-183.136124
70
0
0
SEQEND
8
B.Silkscreen
0
POLYLINE
8
B.Silkscreen
62
7
70
0
10
0.000000
20
0.000000
66
1
0
VERTEX
8
B.Silkscreen
10
192.552659
20
-183.136124
70
0
0
VERTEX
8
B.Silkscreen
10
192.809570
20
-183.051458
70
0
0
SEQEND
8
B.Silkscreen
0
POLYLINE
8
B.Silkscreen
62
7
70
0
10
0.000000
20
0.000000
66
1
0
VERTEX
8
B.Silkscreen
10
192.809570
20
-183.051458
70
0
0
VERTEX
8
B.Silkscreen
10
192.981019
20
-182.879479
70
0
0
SEQEND
8
B.Silkscreen
0
POLYLINE
8
B.Silkscreen
62
7
70
0
10
0.000000
20
0.000000
66
1
0
VERTEX
8
B.Silkscreen
10
192.981019
20
-182.879479
70
0
0
VERTEX
8
B.Silkscreen
10
193.066744
20
-182.707500
70
0
0
SEQEND
8
B.Silkscreen
0
POLYLINE
8
B.Silkscreen
62
7
70
0
10
0.000000
20
0.000000
66
1
0
VERTEX
8
B.Silkscreen
10
193.066744
20
-182.707500
70
0
0
VERTEX
8
B.Silkscreen
10
193.152469
20
-182.366188
70
0
0
SEQEND
8
B.Silkscreen
0
POLYLINE
8
B.Silkscreen
62
7
70
0
10
0.000000
20
0.000000
66
1
0
VERTEX
8
B.Silkscreen
10
193.152469
20
-182.366188
70
0
0
VERTEX
8
B.Silkscreen
10
193.152469
20
-182.109542
70
0
0
SEQEND
8
B.Silkscreen
0
POLYLINE
8
B.Silkscreen
62
7
70
0
10
0.000000
20
0.000000
66
1
0
VERTEX
8
B.Silkscreen
10
193.152469
20
-182.109542
70
0
0
VERTEX
8
B.Silkscreen
10
193.066744
20
-181.765584
70
0
0
SEQEND
8
B.Silkscreen
0
POLYLINE
8
B.Silkscreen
62
7
70
0
10
0.000000
20
0.000000
66
1
0
VERTEX
8
B.Silkscreen
10
193.066744
20
-181.765584
70
0
0
VERTEX
8
B.Silkscreen
10
192.981019
20
-181.593605
70
0
0
SEQEND
8
B.Silkscreen
0
POLYLINE
8
B.Silkscreen
62
7
70
0
10
0.000000
20
0.000000
66
1
0
VERTEX
8
B.Silkscreen
10
192.981019
20
-181.593605
70
0
0
VERTEX
8
B.Silkscreen
10
192.809570
20
-181.424272
70
0
0
SEQEND
8
B.Silkscreen
0
POLYLINE
8
B.Silkscreen
62
7
70
0
10
0.000000
20
0.000000
66
1
0
VERTEX
8
B.Silkscreen
10
192.809570
20
-181.424272
70
0
0
VERTEX
8
B.Silkscreen
10
192.552659
20
-181.336960
70
0
0
SEQEND
8
B.Silkscreen
0
POLYLINE
8
B.Silkscreen
62
7
70
0
10
0.000000
20
0.000000
66
1
0
VERTEX
8
B.Silkscreen
10
192.552659
20
-181.336960
70
0
0
VERTEX
8
B.Silkscreen
10
192.381210
20
-181.336960
70
0
0
SEQEND
8
B.Silkscreen
0
POLYLINE
8
B.Silkscreen
62
7
70
0
10
0.000000
20
0.000000
66
1
0
VERTEX
8
B.Silkscreen
10
192.381210
20
-181.336960
70
0
0
VERTEX
8
B.Silkscreen
10
192.124035
20
-181.424272
70
0
0
SEQEND
8
B.Silkscreen
0
POLYLINE
8
B.Silkscreen
62
7
70
0
10
0.000000
20
0.000000
66
1
0
VERTEX
8
B.Silkscreen
10
192.124035
20
-181.424272
70
0
0
VERTEX
8
B.Silkscreen
10
192.038310
20
-181.508939
70
0
0
SEQEND
8
B.Silkscreen
0
POLYLINE
8
B.Silkscreen
62
7
70
0
10
0.000000
20
0.000000
66
1
0
VERTEX
8
B.Silkscreen
10
191.266786
20
-182.966791
70
0
0
VERTEX
8
B.Silkscreen
10
191.181061
20
-183.051458
70
0
0
SEQEND
8
B.Silkscreen
0
POLYLINE
8
B.Silkscreen
62
7
70
0
10
0.000000
20
0.000000
66
1
0
VERTEX
8
B.Silkscreen
10
191.181061
20
-183.051458
70
0
0
VERTEX
8
B.Silkscreen
10
191.266786
20
-183.136124
70
0
0
SEQEND
8
B.Silkscreen
0
POLYLINE
8
B.Silkscreen
62
7
70
0
10
0.000000
20
0.000000
66
1
0
VERTEX
8
B.Silkscreen
10
191.266786
20
-183.136124
70
0
0
VERTEX
8
B.Silkscreen
10
191.352511
20
-183.051458
70
0
0
SEQEND
8
B.Silkscreen
0
POLYLINE
8
B.Silkscreen
62
7
70
0
10
0.000000
20
0.000000
66
1
0
VERTEX
8
B.Silkscreen
10
191.352511
20
-183.051458
70
0
0
VERTEX
8
B.Silkscreen
10
191.266786
20
-182.966791
70
0
0
SEQEND
8
B.Silkscreen
0
POLYLINE
8
B.Silkscreen
62
7
70
0
10
0.000000
20
0.000000
66
1
0
VERTEX
8
B.Silkscreen
10
191.266786
20
-182.966791
70
0
0
VERTEX
8
B.Silkscreen
10
191.266786
20
-183.136124
70
0
0
SEQEND
8
B.Silkscreen
0
POLYLINE
8
B.Silkscreen
62
7
70
0
10
0.000000
20
0.000000
66
1
0
VERTEX
8
B.Silkscreen
10
191.266786
20
-182.022230
70
0
0
VERTEX
8
B.Silkscreen
10
191.181061
20
-182.109542
70
0
0
SEQEND
8
B.Silkscreen
0
POLYLINE
8
B.Silkscreen
62
7
70
0
10
0.000000
20
0.000000
66
1
0
VERTEX
8
B.Silkscreen
10
191.181061
20
-182.109542
70
0
0
VERTEX
8
B.Silkscreen
10
191.266786
20
-182.194209
70
0
0
SEQEND
8
B.Silkscreen
0
POLYLINE
8
B.Silkscreen
62
7
70
0
10
0.000000
20
0.000000
66
1
0
VERTEX
8
B.Silkscreen
10
191.266786
20
-182.194209
70
0
0
VERTEX
8
B.Silkscreen
10
191.352511
20
-182.109542
70
0
0
SEQEND
8
B.Silkscreen
0
POLYLINE
8
B.Silkscreen
62
7
70
0
10
0.000000
20
0.000000
66
1
0
VERTEX
8
B.Silkscreen
10
191.352511
20
-182.109542
70
0
0
VERTEX
8
B.Silkscreen
10
191.266786
20
-182.022230
70
0
0
SEQEND
8
B.Silkscreen
0
POLYLINE
8
B.Silkscreen
62
7
70
0
10
0.000000
20
0.000000
66
1
0
VERTEX
8
B.Silkscreen
10
191.266786
20
-182.022230
70
0
0
VERTEX
8
B.Silkscreen
10
191.266786
20
-182.194209
70
0
0
SEQEND
8
B.Silkscreen
0
POLYLINE
8
B.Silkscreen
62
7
70
0
10
0.000000
20
0.000000
66
1
0
VERTEX
8
B.Silkscreen
10
189.123928
20
-181.508939
70
0
0
VERTEX
8
B.Silkscreen
10
189.038204
20
-181.424272
70
0
0
SEQEND
8
B.Silkscreen
0
POLYLINE
8
B.Silkscreen
62
7
70
0
10
0.000000
20
0.000000
66
1
0
VERTEX
8
B.Silkscreen
10
189.038204
20
-181.424272
70
0
0
VERTEX
8
B.Silkscreen
10
188.866754
20
-181.336960
70
0
0
SEQEND
8
B.Silkscreen
0
POLYLINE
8
B.Silkscreen
62
7
70
0
10
0.000000
20
0.000000
66
1
0
VERTEX
8
B.Silkscreen
10
188.866754
20
-181.336960
70
0
0
VERTEX
8
B.Silkscreen
10
188.438394
20
-181.336960
70
0
0
SEQEND
8
B.Silkscreen
0
POLYLINE
8
B.Silkscreen
62
7
70
0
10
0.000000
20
0.000000
66
1
0
VERTEX
8
B.Silkscreen
10
188.438394
20
-181.336960
70
0
0
VERTEX
8
B.Silkscreen
10
188.266944
20
-181.424272
70
0
0
SEQEND
8
B.Silkscreen
0
POLYLINE
8
B.Silkscreen
62
7
70
0
10
0.000000
20
0.000000
66
1
0
VERTEX
8
B.Silkscreen
10
188.266944
20
-181.424272
70
0
0
VERTEX
8
B.Silkscreen
10
188.181219
20
-181.508939
70
0
0
SEQEND
8
B.Silkscreen
0
POLYLINE
8
B.Silkscreen
62
7
70
0
10
0.000000
20
0.000000
66
1
0
VERTEX
8
B.Silkscreen
10
188.181219
20
-181.508939
70
0
0
VERTEX
8
B.Silkscreen
10
188.095494
20
-181.680918
70
0
0
SEQEND
8
B.Silkscreen
0
POLYLINE
8
B.Silkscreen
62
7
70
0
10
0.000000
20
0.000000
66
1
0
VERTEX
8
B.Silkscreen
10
188.095494
20
-181.680918
70
0
0
VERTEX
8
B.Silkscreen
10
188.095494
20
-181.852897
70
0
0
SEQEND
8
B.Silkscreen
0
POLYLINE
8
B.Silkscreen
62
7
70
0
10
0.000000
20
0.000000
66
1
0
VERTEX
8
B.Silkscreen
10
188.095494
20
-181.852897
70
0
0
VERTEX
8
B.Silkscreen
10
188.181219
20
-182.109542
70
0
0
SEQEND
8
B.Silkscreen
0
POLYLINE
8
B.Silkscreen
62
7
70
0
10
0.000000
20
0.000000
66
1
0
VERTEX
8
B.Silkscreen
10
188.181219
20
-182.109542
70
0
0
VERTEX
8
B.Silkscreen
10
189.209653
20
-183.136124
70
0
0
SEQEND
8
B.Silkscreen
0
POLYLINE
8
B.Silkscreen
62
7
70
0
10
0.000000
20
0.000000
66
1
0
VERTEX
8
B.Silkscreen
10
189.209653
20
-183.136124
70
0
0
VERTEX
8
B.Silkscreen
10
188.095494
20
-183.136124
70
0
0
SEQEND
8
B.Silkscreen
0
POLYLINE
8
B.Silkscreen
62
7
70
0
10
0.000000
20
0.000000
66
1
0
VERTEX
8
B.Silkscreen
10
186.981071
20
-181.336960
70
0
0
VERTEX
8
B.Silkscreen
10
186.809621
20
-181.336960
70
0
0
SEQEND
8
B.Silkscreen
0
POLYLINE
8
B.Silkscreen
62
7
70
0
10
0.000000
20
0.000000
66
1
0
VERTEX
8
B.Silkscreen
10
186.809621
20
-181.336960
70
0
0
VERTEX
8
B.Silkscreen
10
186.638171
20
-181.424272
70
0
0
SEQEND
8
B.Silkscreen
0
POLYLINE
8
B.Silkscreen
62
7
70
0
10
0.000000
20
0.000000
66
1
0
VERTEX
8
B.Silkscreen
10
186.638171
20
-181.424272
70
0
0
VERTEX
8
B.Silkscreen
10
186.552446
20
-181.508939
70
0
0
SEQEND
8
B.Silkscreen
0
POLYLINE
8
B.Silkscreen
62
7
70
0
10
0.000000
20
0.000000
66
1
0
VERTEX
8
B.Silkscreen
10
186.552446
20
-181.508939
70
0
0
VERTEX
8
B.Silkscreen
10
186.466721
20
-181.680918
70
0
0
SEQEND
8
B.Silkscreen
0
POLYLINE
8
B.Silkscreen
62
7
70
0
10
0.000000
20
0.000000
66
1
0
VERTEX
8
B.Silkscreen
10
186.466721
20
-181.680918
70
0
0
VERTEX
8
B.Silkscreen
10
186.381261
20
-182.022230
70
0
0
SEQEND
8
B.Silkscreen
0
POLYLINE
8
B.Silkscreen
62
7
70
0
10
0.000000
20
0.000000
66
1
0
VERTEX
8
B.Silkscreen
10
186.381261
20
-182.022230
70
0
0
VERTEX
8
B.Silkscreen
10
186.381261
20
-182.450854
70
0
0
SEQEND
8
B.Silkscreen
0
POLYLINE
8
B.Silkscreen
62
7
70
0
10
0.000000
20
0.000000
66
1
0
VERTEX
8
B.Silkscreen
10
186.381261
20
-182.450854
70
0
0
VERTEX
8
B.Silkscreen
10
186.466721
20
-182.794812
70
0
0
SEQEND
8
B.Silkscreen
0
POLYLINE
8
B.Silkscreen
62
7
70
0
10
0.000000
20
0.000000
66
1
0
VERTEX
8
B.Silkscreen
10
186.466721
20
-182.794812
70
0
0
VERTEX
8
B.Silkscreen
10
186.552446
20
-182.966791
70
0
0
SEQEND
8
B.Silkscreen
0
POLYLINE
8
B.Silkscreen
62
7
70
0
10
0.000000
20
0.000000
66
1
0
VERTEX
8
B.Silkscreen
10
186.552446
20
-182.966791
70
0
0
VERTEX
8
B.Silkscreen
10
186.638171
20
-183.051458
70
0
0
SEQEND
8
B.Silkscreen
0
POLYLINE
8
B.Silkscreen
62
7
70
0
10
0.000000
20
0.000000
66
1
0
VERTEX
8
B.Silkscreen
10
186.638171
20
-183.051458
70
0
0
VERTEX
8
B.Silkscreen
10
186.809621
20
-183.136124
70
0
0
SEQEND
8
B.Silkscreen
0
POLYLINE
8
B.Silkscreen
62
7
70
0
10
0.000000
20
0.000000
66
1
0
VERTEX
8
B.Silkscreen
10
186.809621
20
-183.136124
70
0
0
VERTEX
8
B.Silkscreen
10
186.981071
20
-183.136124
70
0
0
SEQEND
8
B.Silkscreen
0
POLYLINE
8
B.Silkscreen
62
7
70
0
10
0.000000
20
0.000000
66
1
0
VERTEX
8
B.Silkscreen
10
186.981071
20
-183.136124
70
0
0
VERTEX
8
B.Silkscreen
10
187.152520
20
-183.051458
70
0
0
SEQEND
8
B.Silkscreen
0
POLYLINE
8
B.Silkscreen
62
7
70
0
10
0.000000
20
0.000000
66
1
0
VERTEX
8
B.Silkscreen
10
187.152520
20
-183.051458
70
0
0
VERTEX
8
B.Silkscreen
10
187.238245
20
-182.966791
70
0
0
SEQEND
8
B.Silkscreen
0
POLYLINE
8
B.Silkscreen
62
7
70
0
10
0.000000
20
0.000000
66
1
0
VERTEX
8
B.Silkscreen
10
187.238245
20
-182.966791
70
0
0
VERTEX
8
B.Silkscreen
10
187.323970
20
-182.794812
70
0
0
SEQEND
8
B.Silkscreen
0
POLYLINE
8
B.Silkscreen
62
7
70
0
10
0.000000
20
0.000000
66
1
0
VERTEX
8
B.Silkscreen
10
187.323970
20
-182.794812
70
0
0
VERTEX
8
B.Silkscreen
10
187.409695
20
-182.450854
70
0
0
SEQEND
8
B.Silkscreen
0
POLYLINE
8
B.Silkscreen
62
7
70
0
10
0.000000
20
0.000000
66
1
0
VERTEX
8
B.Silkscreen
10
187.409695
20
-182.450854
70
0
0
VERTEX
8
B.Silkscreen
10
187.409695
20
-182.022230
70
0
0
SEQEND
8
B.Silkscreen
0
POLYLINE
8
B.Silkscreen
62
7
70
0
10
0.000000
20
0.000000
66
1
0
VERTEX
8
B.Silkscreen
10
187.409695
20
-182.022230
70
0
0
VERTEX
8
B.Silkscreen
10
187.323970
20
-181.680918
70
0
0
SEQEND
8
B.Silkscreen
0
POLYLINE
8
B.Silkscreen
62
7
70
0
10
0.000000
20
0.000000
66
1
0
VERTEX
8
B.Silkscreen
10
187.323970
20
-181.680918
70
0
0
VERTEX
8
B.Silkscreen
10
187.238245
20
-181.508939
70
0
0
SEQEND
8
B.Silkscreen
0
POLYLINE
8
B.Silkscreen
62
7
70
0
10
0.000000
20
0.000000
66
1
0
VERTEX
8
B.Silkscreen
10
187.238245
20
-181.508939
70
0
0
VERTEX
8
B.Silkscreen
10
187.152520
20
-181.424272
70
0
0
SEQEND
8
B.Silkscreen
0
POLYLINE
8
B.Silkscreen
62
7
70
0
10
0.000000
20
0.000000
66
1
0
VERTEX
8
B.Silkscreen
10
187.152520
20
-181.424272
70
0
0
VERTEX
8
B.Silkscreen
10
186.981071
20
-181.336960
70
0
0
SEQEND
8
B.Silkscreen
0
POLYLINE
8
B.Silkscreen
62
7
70
0
10
0.000000
20
0.000000
66
1
0
VERTEX
8
B.Silkscreen
10
185.352562
20
-182.109542
70
0
0
VERTEX
8
B.Silkscreen
10
185.524012
20
-182.022230
70
0
0
SEQEND
8
B.Silkscreen
0
POLYLINE
8
B.Silkscreen
62
7
70
0
10
0.000000
20
0.000000
66
1
0
VERTEX
8
B.Silkscreen
10
185.524012
20
-182.022230
70
0
0
VERTEX
8
B.Silkscreen
10
185.609737
20
-181.937563
70
0
0
SEQEND
8
B.Silkscreen
0
POLYLINE
8
B.Silkscreen
62
7
70
0
10
0.000000
20
0.000000
66
1
0
VERTEX
8
B.Silkscreen
10
185.609737
20
-181.937563
70
0
0
VERTEX
8
B.Silkscreen
10
185.695462
20
-181.765584
70
0
0
SEQEND
8
B.Silkscreen
0
POLYLINE
8
B.Silkscreen
62
7
70
0
10
0.000000
20
0.000000
66
1
0
VERTEX
8
B.Silkscreen
10
185.695462
20
-181.765584
70
0
0
VERTEX
8
B.Silkscreen
10
185.695462
20
-181.680918
70
0
0
SEQEND
8
B.Silkscreen
0
POLYLINE
8
B.Silkscreen
62
7
70
0
10
0.000000
20
0.000000
66
1
0
VERTEX
8
B.Silkscreen
10
185.695462
20
-181.680918
70
0
0
VERTEX
8
B.Silkscreen
10
185.609737
20
-181.508939
70
0
0
SEQEND
8
B.Silkscreen
0
POLYLINE
8
B.Silkscreen
62
7
70
0
10
0.000000
20
0.000000
66
1
0
VERTEX
8
B.Silkscreen
10
185.609737
20
-181.508939
70
0
0
VERTEX
8
B.Silkscreen
10
185.524012
20
-181.424272
70
0
0
SEQEND
8
B.Silkscreen
0
POLYLINE
8
B.Silkscreen
62
7
70
0
10
0.000000
20
0.000000
66
1
0
VERTEX
8
B.Silkscreen
10
185.524012
20
-181.424272
70
0
0
VERTEX
8
B.Silkscreen
10
185.352562
20
-181.336960
70
0
0
SEQEND
8
B.Silkscreen
0
POLYLINE
8
B.Silkscreen
62
7
70
0
10
0.000000
20
0.000000
66
1
0
VERTEX
8
B.Silkscreen
10
185.352562
20
-181.336960
70
0
0
VERTEX
8
B.Silkscreen
10
185.009663
20
-181.336960
70
0
0
SEQEND
8
B.Silkscreen
0
POLYLINE
8
B.Silkscreen
62
7
70
0
10
0.000000
20
0.000000
66
1
0
VERTEX
8
B.Silkscreen
10
185.009663
20
-181.336960
70
0
0
VERTEX
8
B.Silkscreen
10
184.838213
20
-181.424272
70
0
0
SEQEND
8
B.Silkscreen
0
POLYLINE
8
B.Silkscreen
62
7
70
0
10
0.000000
20
0.000000
66
1
0
VERTEX
8
B.Silkscreen
10
184.838213
20
-181.424272
70
0
0
VERTEX
8
B.Silkscreen
10
184.752488
20
-181.508939
70
0
0
SEQEND
8
B.Silkscreen
0
POLYLINE
8
B.Silkscreen
62
7
70
0
10
0.000000
20
0.000000
66
1
0
VERTEX
8
B.Silkscreen
10
184.752488
20
-181.508939
70
0
0
VERTEX
8
B.Silkscreen
10
184.666763
20
-181.680918
70
0
0
SEQEND
8
B.Silkscreen
0
POLYLINE
8
B.Silkscreen
62
7
70
0
10
0.000000
20
0.000000
66
1
0
VERTEX
8
B.Silkscreen
10
184.666763
20
-181.680918
70
0
0
VERTEX
8
B.Silkscreen
10
184.666763
20
-181.765584
70
0
0
SEQEND
8
B.Silkscreen
0
POLYLINE
8
B.Silkscreen
62
7
70
0
10
0.000000
20
0.000000
66
1
0
VERTEX
8
B.Silkscreen
10
184.666763
20
-181.765584
70
0
0
VERTEX
8
B.Silkscreen
10
184.752488
20
-181.937563
70
0
0
SEQEND
8
B.Silkscreen
0
POLYLINE
8
B.Silkscreen
62
7
70
0
10
0.000000
20
0.000000
66
1
0
VERTEX
8
B.Silkscreen
10
184.752488
20
-181.937563
70
0
0
VERTEX
8
B.Silkscreen
10
184.838213
20
-182.022230
70
0
0
SEQEND
8
B.Silkscreen
0
POLYLINE
8
B.Silkscreen
62
7
70
0
10
0.000000
20
0.000000
66
1
0
VERTEX
8
B.Silkscreen
10
184.838213
20
-182.022230
70
0
0
VERTEX
8
B.Silkscreen
10
185.009663
20
-182.109542
70
0
0
SEQEND
8
B.Silkscreen
0
POLYLINE
8
B.Silkscreen
62
7
70
0
10
0.000000
20
0.000000
66
1
0
VERTEX
8
B.Silkscreen
10
185.009663
20
-182.109542
70
0
0
VERTEX
8
B.Silkscreen
10
185.352562
20
-182.109542
70
0
0
SEQEND
8
B.Silkscreen
0
POLYLINE
8
B.Silkscreen
62
7
70
0
10
0.000000
20
0.000000
66
1
0
VERTEX
8
B.Silkscreen
10
185.352562
20
-182.109542
70
0
0
VERTEX
8
B.Silkscreen
10
185.524012
20
-182.194209
70
0
0
SEQEND
8
B.Silkscreen
0
POLYLINE
8
B.Silkscreen
62
7
70
0
10
0.000000
20
0.000000
66
1
0
VERTEX
8
B.Silkscreen
10
185.524012
20
-182.194209
70
0
0
VERTEX
8
B.Silkscreen
10
185.609737
20
-182.278875
70
0
0
SEQEND
8
B.Silkscreen
0
POLYLINE
8
B.Silkscreen
62
7
70
0
10
0.000000
20
0.000000
66
1
0
VERTEX
8
B.Silkscreen
10
185.609737
20
-182.278875
70
0
0
VERTEX
8
B.Silkscreen
10
185.695462
20
-182.450854
70
0
0
SEQEND
8
B.Silkscreen
0
POLYLINE
8
B.Silkscreen
62
7
70
0
10
0.000000
20
0.000000
66
1
0
VERTEX
8
B.Silkscreen
10
185.695462
20
-182.450854
70
0
0
VERTEX
8
B.Silkscreen
10
185.695462
20
-182.794812
70
0
0
SEQEND
8
B.Silkscreen
0
POLYLINE
8
B.Silkscreen
62
7
70
0
10
0.000000
20
0.000000
66
1
0
VERTEX
8
B.Silkscreen
10
185.695462
20
-182.794812
70
0
0
VERTEX
8
B.Silkscreen
10
185.609737
20
-182.966791
70
0
0
SEQEND
8
B.Silkscreen
0
POLYLINE
8
B.Silkscreen
62
7
70
0
10
0.000000
20
0.000000
66
1
0
VERTEX
8
B.Silkscreen
10
185.609737
20
-182.966791
70
0
0
VERTEX
8
B.Silkscreen
10
185.524012
20
-183.051458
70
0
0
SEQEND
8
B.Silkscreen
0
POLYLINE
8
B.Silkscreen
62
7
70
0
10
0.000000
20
0.000000
66
1
0
VERTEX
8
B.Silkscreen
10
185.524012
20
-183.051458
70
0
0
VERTEX
8
B.Silkscreen
10
185.352562
20
-183.136124
70
0
0
SEQEND
8
B.Silkscreen
0
POLYLINE
8
B.Silkscreen
62
7
70
0
10
0.000000
20
0.000000
66
1
0
VERTEX
8
B.Silkscreen
10
185.352562
20
-183.136124
70
0
0
VERTEX
8
B.Silkscreen
10
185.009663
20
-183.136124
70
0
0
SEQEND
8
B.Silkscreen
0
POLYLINE
8
B.Silkscreen
62
7
70
0
10
0.000000
20
0.000000
66
1
0
VERTEX
8
B.Silkscreen
10
185.009663
20
-183.136124
70
0
0
VERTEX
8
B.Silkscreen
10
184.838213
20
-183.051458
70
0
0
SEQEND
8
B.Silkscreen
0
POLYLINE
8
B.Silkscreen
62
7
70
0
10
0.000000
20
0.000000
66
1
0
VERTEX
8
B.Silkscreen
10
184.838213
20
-183.051458
70
0
0
VERTEX
8
B.Silkscreen
10
184.752488
20
-182.966791
70
0
0
SEQEND
8
B.Silkscreen
0
POLYLINE
8
B.Silkscreen
62
7
70
0
10
0.000000
20
0.000000
66
1
0
VERTEX
8
B.Silkscreen
10
184.752488
20
-182.966791
70
0
0
VERTEX
8
B.Silkscreen
10
184.666763
20
-182.794812
70
0
0
SEQEND
8
B.Silkscreen
0
POLYLINE
8
B.Silkscreen
62
7
70
0
10
0.000000
20
0.000000
66
1
0
VERTEX
8
B.Silkscreen
10
184.666763
20
-182.794812
70
0
0
VERTEX
8
B.Silkscreen
10
184.666763
20
-182.450854
70
0
0
SEQEND
8
B.Silkscreen
0
POLYLINE
8
B.Silkscreen
62
7
70
0
10
0.000000
20
0.000000
66
1
0
VERTEX
8
B.Silkscreen
10
184.666763
20
-182.450854
70
0
0
VERTEX
8
B.Silkscreen
10
184.752488
20
-182.278875
70
0
0
SEQEND
8
B.Silkscreen
0
POLYLINE
8
B.Silkscreen
62
7
70
0
10
0.000000
20
0.000000
66
1
0
VERTEX
8
B.Silkscreen
10
184.752488
20
-182.278875
70
0
0
VERTEX
8
B.Silkscreen
10
184.838213
20
-182.194209
70
0
0
SEQEND
8
B.Silkscreen
0
POLYLINE
8
B.Silkscreen
62
7
70
0
10
0.000000
20
0.000000
66
1
0
VERTEX
8
B.Silkscreen
10
184.838213
20
-182.194209
70
0
0
VERTEX
8
B.Silkscreen
10
185.009663
20
-182.109542
70
0
0
SEQEND
8
B.Silkscreen
0
POLYLINE
8
B.Silkscreen
62
7
70
0
10
0.000000
20
0.000000
66
1
0
VERTEX
8
B.Silkscreen
10
183.809779
20
-183.136124
70
0
0
VERTEX
8
B.Silkscreen
10
183.466879
20
-183.136124
70
0
0
SEQEND
8
B.Silkscreen
0
POLYLINE
8
B.Silkscreen
62
7
70
0
10
0.000000
20
0.000000
66
1
0
VERTEX
8
B.Silkscreen
10
183.466879
20
-183.136124
70
0
0
VERTEX
8
B.Silkscreen
10
183.295429
20
-183.051458
70
0
0
SEQEND
8
B.Silkscreen
0
POLYLINE
8
B.Silkscreen
62
7
70
0
10
0.000000
20
0.000000
66
1
0
VERTEX
8
B.Silkscreen
10
183.295429
20
-183.051458
70
0
0
VERTEX
8
B.Silkscreen
10
183.209705
20
-182.966791
70
0
0
SEQEND
8
B.Silkscreen
0
POLYLINE
8
B.Silkscreen
62
7
70
0
10
0.000000
20
0.000000
66
1
0
VERTEX
8
B.Silkscreen
10
183.209705
20
-182.966791
70
0
0
VERTEX
8
B.Silkscreen
10
183.038255
20
-182.707500
70
0
0
SEQEND
8
B.Silkscreen
0
POLYLINE
8
B.Silkscreen
62
7
70
0
10
0.000000
20
0.000000
66
1
0
VERTEX
8
B.Silkscreen
10
183.038255
20
-182.707500
70
0
0
VERTEX
8
B.Silkscreen
10
182.952530
20
-182.366188
70
0
0
SEQEND
8
B.Silkscreen
0
POLYLINE
8
B.Silkscreen
62
7
70
0
10
0.000000
20
0.000000
66
1
0
VERTEX
8
B.Silkscreen
10
182.952530
20
-182.366188
70
0
0
VERTEX
8
B.Silkscreen
10
182.952530
20
-181.680918
70
0
0
SEQEND
8
B.Silkscreen
0
POLYLINE
8
B.Silkscreen
62
7
70
0
10
0.000000
20
0.000000
66
1
0
VERTEX
8
B.Silkscreen
10
182.952530
20
-181.680918
70
0
0
VERTEX
8
B.Silkscreen
10
183.038255
20
-181.508939
70
0
0
SEQEND
8
B.Silkscreen
0
POLYLINE
8
B.Silkscreen
62
7
70
0
10
0.000000
20
0.000000
66
1
0
VERTEX
8
B.Silkscreen
10
183.038255
20
-181.508939
70
0
0
VERTEX
8
B.Silkscreen
10
183.123980
20
-181.424272
70
0
0
SEQEND
8
B.Silkscreen
0
POLYLINE
8
B.Silkscreen
62
7
70
0
10
0.000000
20
0.000000
66
1
0
VERTEX
8
B.Silkscreen
10
183.123980
20
-181.424272
70
0
0
VERTEX
8
B.Silkscreen
10
183.295429
20
-181.336960
70
0
0
SEQEND
8
B.Silkscreen
0
POLYLINE
8
B.Silkscreen
62
7
70
0
10
0.000000
20
0.000000
66
1
0
VERTEX
8
B.Silkscreen
10
183.295429
20
-181.336960
70
0
0
VERTEX
8
B.Silkscreen
10
183.638329
20
-181.336960
70
0
0
SEQEND
8
B.Silkscreen
0
POLYLINE
8
B.Silkscreen
62
7
70
0
10
0.000000
20
0.000000
66
1
0
VERTEX
8
B.Silkscreen
10
183.638329
20
-181.336960
70
0
0
VERTEX
8
B.Silkscreen
10
183.809779
20
-181.424272
70
0
0
SEQEND
8
B.Silkscreen
0
POLYLINE
8
B.Silkscreen
62
7
70
0
10
0.000000
20
0.000000
66
1
0
VERTEX
8
B.Silkscreen
10
183.809779
20
-181.424272
70
0
0
VERTEX
8
B.Silkscreen
10
183.895504
20
-181.508939
70
0
0
SEQEND
8
B.Silkscreen
0
POLYLINE
8
B.Silkscreen
62
7
70
0
10
0.000000
20
0.000000
66
1
0
VERTEX
8
B.Silkscreen
10
183.895504
20
-181.508939
70
0
0
VERTEX
8
B.Silkscreen
10
183.981229
20
-181.680918
70
0
0
SEQEND
8
B.Silkscreen
0
POLYLINE
8
B.Silkscreen
62
7
70
0
10
0.000000
20
0.000000
66
1
0
VERTEX
8
B.Silkscreen
10
183.981229
20
-181.680918
70
0
0
VERTEX
8
B.Silkscreen
10
183.981229
20
-182.109542
70
0
0
SEQEND
8
B.Silkscreen
0
POLYLINE
8
B.Silkscreen
62
7
70
0
10
0.000000
20
0.000000
66
1
0
VERTEX
8
B.Silkscreen
10
183.981229
20
-182.109542
70
0
0
VERTEX
8
B.Silkscreen
10
183.895504
20
-182.278875
70
0
0
SEQEND
8
B.Silkscreen
0
POLYLINE
8
B.Silkscreen
62
7
70
0
10
0.000000
20
0.000000
66
1
0
VERTEX
8
B.Silkscreen
10
183.895504
20
-182.278875
70
0
0
VERTEX
8
B.Silkscreen
10
183.809779
20
-182.366188
70
0
0
SEQEND
8
B.Silkscreen
0
POLYLINE
8
B.Silkscreen
62
7
70
0
10
0.000000
20
0.000000
66
1
0
VERTEX
8
B.Silkscreen
10
183.809779
20
-182.366188
70
0
0
VERTEX
8
B.Silkscreen
10
183.638329
20
-182.450854
70
0
0
SEQEND
8
B.Silkscreen
0
POLYLINE
8
B.Silkscreen
62
7
70
0
10
0.000000
20
0.000000
66
1
0
VERTEX
8
B.Silkscreen
10
183.638329
20
-182.450854
70
0
0
VERTEX
8
B.Silkscreen
10
183.295429
20
-182.450854
70
0
0
SEQEND
8
B.Silkscreen
0
POLYLINE
8
B.Silkscreen
62
7
70
0
10
0.000000
20
0.000000
66
1
0
VERTEX
8
B.Silkscreen
10
183.295429
20
-182.450854
70
0
0
VERTEX
8
B.Silkscreen
10
183.123980
20
-182.366188
70
0
0
SEQEND
8
B.Silkscreen
0
POLYLINE
8
B.Silkscreen
62
7
70
0
10
0.000000
20
0.000000
66
1
0
VERTEX
8
B.Silkscreen
10
183.123980
20
-182.366188
70
0
0
VERTEX
8
B.Silkscreen
10
183.038255
20
-182.278875
70
0
0
SEQEND
8
B.Silkscreen
0
POLYLINE
8
B.Silkscreen
62
7
70
0
10
0.000000
20
0.000000
66
1
0
VERTEX
8
B.Silkscreen
10
183.038255
20
-182.278875
70
0
0
VERTEX
8
B.Silkscreen
10
182.952530
20
-182.109542
70
0
0
SEQEND
8
B.Silkscreen
0
POLYLINE
8
B.Silkscreen
62
7
70
0
10
0.000000
20
0.000000
66
1
0
VERTEX
8
B.Silkscreen
10
181.409746
20
-181.336960
70
0
0
VERTEX
8
B.Silkscreen
10
181.752646
20
-181.336960
70
0
0
SEQEND
8
B.Silkscreen
0
POLYLINE
8
B.Silkscreen
62
7
70
0
10
0.000000
20
0.000000
66
1
0
VERTEX
8
B.Silkscreen
10
181.752646
20
-181.336960
70
0
0
VERTEX
8
B.Silkscreen
10
181.924096
20
-181.424272
70
0
0
SEQEND
8
B.Silkscreen
0
POLYLINE
8
B.Silkscreen
62
7
70
0
10
0.000000
20
0.000000
66
1
0
VERTEX
8
B.Silkscreen
10
181.924096
20
-181.424272
70
0
0
VERTEX
8
B.Silkscreen
10
182.009821
20
-181.508939
70
0
0
SEQEND
8
B.Silkscreen
0
POLYLINE
8
B.Silkscreen
62
7
70
0
10
0.000000
20
0.000000
66
1
0
VERTEX
8
B.Silkscreen
10
182.009821
20
-181.508939
70
0
0
VERTEX
8
B.Silkscreen
10
182.181006
20
-181.765584
70
0
0
SEQEND
8
B.Silkscreen
0
POLYLINE
8
B.Silkscreen
62
7
70
0
10
0.000000
20
0.000000
66
1
0
VERTEX
8
B.Silkscreen
10
182.181006
20
-181.765584
70
0
0
VERTEX
8
B.Silkscreen
10
182.266731
20
-182.109542
70
0
0
SEQEND
8
B.Silkscreen
0
POLYLINE
8
B.Silkscreen
62
7
70
0
10
0.000000
20
0.000000
66
1
0
VERTEX
8
B.Silkscreen
10
182.266731
20
-182.109542
70
0
0
VERTEX
8
B.Silkscreen
10
182.266731
20
-182.794812
70
0
0
SEQEND
8
B.Silkscreen
0
POLYLINE
8
B.Silkscreen
62
7
70
0
10
0.000000
20
0.000000
66
1
0
VERTEX
8
B.Silkscreen
10
182.266731
20
-182.794812
70
0
0
VERTEX
8
B.Silkscreen
10
182.181006
20
-182.966791
70
0
0
SEQEND
8
B.Silkscreen
0
POLYLINE
8
B.Silkscreen
62
7
70
0
10
0.000000
20
0.000000
66
1
0
VERTEX
8
B.Silkscreen
10
182.181006
20
-182.966791
70
0
0
VERTEX
8
B.Silkscreen
10
182.095546
20
-183.051458
70
0
0
SEQEND
8
B.Silkscreen
0
POLYLINE
8
B.Silkscreen
62
7
70
0
10
0.000000
20
0.000000
66
1
0
VERTEX
8
B.Silkscreen
10
182.095546
20
-183.051458
70
0
0
VERTEX
8
B.Silkscreen
10
181.924096
20
-183.136124
70
0
0
SEQEND
8
B.Silkscreen
0
POLYLINE
8
B.Silkscreen
62
7
70
0
10
0.000000
20
0.000000
66
1
0
VERTEX
8
B.Silkscreen
10
181.924096
20
-183.136124
70
0
0
VERTEX
8
B.Silkscreen
10
181.581196
20
-183.136124
70
0
0
SEQEND
8
B.Silkscreen
0
POLYLINE
8
B.Silkscreen
62
7
70
0
10
0.000000
20
0.000000
66
1
0
VERTEX
8
B.Silkscreen
10
181.581196
20
-183.136124
70
0
0
VERTEX
8
B.Silkscreen
10
181.409746
20
-183.051458
70
0
0
SEQEND
8
B.Silkscreen
0
POLYLINE
8
B.Silkscreen
62
7
70
0
10
0.000000
20
0.000000
66
1
0
VERTEX
8
B.Silkscreen
10
181.409746
20
-183.051458
70
0
0
VERTEX
8
B.Silkscreen
10
181.324022
20
-182.966791
70
0
0
SEQEND
8
B.Silkscreen
0
POLYLINE
8
B.Silkscreen
62
7
70
0
10
0.000000
20
0.000000
66
1
0
VERTEX
8
B.Silkscreen
10
181.324022
20
-182.966791
70
0
0
VERTEX
8
B.Silkscreen
10
181.238297
20
-182.794812
70
0
0
SEQEND
8
B.Silkscreen
0
POLYLINE
8
B.Silkscreen
62
7
70
0
10
0.000000
20
0.000000
66
1
0
VERTEX
8
B.Silkscreen
10
181.238297
20
-182.794812
70
0
0
VERTEX
8
B.Silkscreen
10
181.238297
20
-182.366188
70
0
0
SEQEND
8
B.Silkscreen
0
POLYLINE
8
B.Silkscreen
62
7
70
0
10
0.000000
20
0.000000
66
1
0
VERTEX
8
B.Silkscreen
10
181.238297
20
-182.366188
70
0
0
VERTEX
8
B.Silkscreen
10
181.324022
20
-182.194209
70
0
0
SEQEND
8
B.Silkscreen
0
POLYLINE
8
B.Silkscreen
62
7
70
0
10
0.000000
20
0.000000
66
1
0
VERTEX
8
B.Silkscreen
10
181.324022
20
-182.194209
70
0
0
VERTEX
8
B.Silkscreen
10
181.409746
20
-182.109542
70
0
0
SEQEND
8
B.Silkscreen
0
POLYLINE
8
B.Silkscreen
62
7
70
0
10
0.000000
20
0.000000
66
1
0
VERTEX
8
B.Silkscreen
10
181.409746
20
-182.109542
70
0
0
VERTEX
8
B.Silkscreen
10
181.581196
20
-182.022230
70
0
0
SEQEND
8
B.Silkscreen
0
POLYLINE
8
B.Silkscreen
62
7
70
0
10
0.000000
20
0.000000
66
1
0
VERTEX
8
B.Silkscreen
10
181.581196
20
-182.022230
70
0
0
VERTEX
8
B.Silkscreen
10
181.924096
20
-182.022230
70
0
0
SEQEND
8
B.Silkscreen
0
POLYLINE
8
B.Silkscreen
62
7
70
0
10
0.000000
20
0.000000
66
1
0
VERTEX
8
B.Silkscreen
10
181.924096
20
-182.022230
70
0
0
VERTEX
8
B.Silkscreen
10
182.095546
20
-182.109542
70
0
0
SEQEND
8
B.Silkscreen
0
POLYLINE
8
B.Silkscreen
62
7
70
0
10
0.000000
20
0.000000
66
1
0
VERTEX
8
B.Silkscreen
10
182.095546
20
-182.109542
70
0
0
VERTEX
8
B.Silkscreen
10
182.181006
20
-182.194209
70
0
0
SEQEND
8
B.Silkscreen
0
POLYLINE
8
B.Silkscreen
62
7
70
0
10
0.000000
20
0.000000
66
1
0
VERTEX
8
B.Silkscreen
10
182.181006
20
-182.194209
70
0
0
VERTEX
8
B.Silkscreen
10
182.266731
20
-182.366188
70
0
0
SEQEND
8
B.Silkscreen
0
POLYLINE
8
B.Silkscreen
62
7
70
0
10
0.000000
20
0.000000
66
1
0
VERTEX
8
B.Silkscreen
10
180.466773
20
-182.450854
70
0
0
VERTEX
8
B.Silkscreen
10
179.095439
20
-182.450854
70
0
0
SEQEND
8
B.Silkscreen
0
POLYLINE
8
B.Silkscreen
62
7
70
0
10
0.000000
20
0.000000
66
1
0
VERTEX
8
B.Silkscreen
10
178.238190
20
-183.136124
70
0
0
VERTEX
8
B.Silkscreen
10
178.238190
20
-181.336960
70
0
0
SEQEND
8
B.Silkscreen
0
POLYLINE
8
B.Silkscreen
62
7
70
0
10
0.000000
20
0.000000
66
1
0
VERTEX
8
B.Silkscreen
10
178.238190
20
-181.336960
70
0
0
VERTEX
8
B.Silkscreen
10
177.638380
20
-182.622833
70
0
0
SEQEND
8
B.Silkscreen
0
POLYLINE
8
B.Silkscreen
62
7
70
0
10
0.000000
20
0.000000
66
1
0
VERTEX
8
B.Silkscreen
10
177.638380
20
-182.622833
70
0
0
VERTEX
8
B.Silkscreen
10
177.038306
20
-181.336960
70
0
0
SEQEND
8
B.Silkscreen
0
POLYLINE
8
B.Silkscreen
62
7
70
0
10
0.000000
20
0.000000
66
1
0
VERTEX
8
B.Silkscreen
10
177.038306
20
-181.336960
70
0
0
VERTEX
8
B.Silkscreen
10
177.038306
20
-183.136124
70
0
0
SEQEND
8
B.Silkscreen
0
POLYLINE
8
B.Silkscreen
62
7
70
0
10
0.000000
20
0.000000
66
1
0
VERTEX
8
B.Silkscreen
10
176.266782
20
-183.051458
70
0
0
VERTEX
8
B.Silkscreen
10
176.009607
20
-183.136124
70
0
0
SEQEND
8
B.Silkscreen
0
POLYLINE
8
B.Silkscreen
62
7
70
0
10
0.000000
20
0.000000
66
1
0
VERTEX
8
B.Silkscreen
10
176.009607
20
-183.136124
70
0
0
VERTEX
8
B.Silkscreen
10
175.581248
20
-183.136124
70
0
0
SEQEND
8
B.Silkscreen
0
POLYLINE
8
B.Silkscreen
62
7
70
0
10
0.000000
20
0.000000
66
1
0
VERTEX
8
B.Silkscreen
10
175.581248
20
-183.136124
70
0
0
VERTEX
8
B.Silkscreen
10
175.409798
20
-183.051458
70
0
0
SEQEND
8
B.Silkscreen
0
POLYLINE
8
B.Silkscreen
62
7
70
0
10
0.000000
20
0.000000
66
1
0
VERTEX
8
B.Silkscreen
10
175.409798
20
-183.051458
70
0
0
VERTEX
8
B.Silkscreen
10
175.324073
20
-182.966791
70
0
0
SEQEND
8
B.Silkscreen
0
POLYLINE
8
B.Silkscreen
62
7
70
0
10
0.000000
20
0.000000
66
1
0
VERTEX
8
B.Silkscreen
10
175.324073
20
-182.966791
70
0
0
VERTEX
8
B.Silkscreen
10
175.238348
20
-182.794812
70
0
0
SEQEND
8
B.Silkscreen
0
POLYLINE
8
B.Silkscreen
62
7
70
0
10
0.000000
20
0.000000
66
1
0
VERTEX
8
B.Silkscreen
10
175.238348
20
-182.794812
70
0
0
VERTEX
8
B.Silkscreen
10
175.238348
20
-182.622833
70
0
0
SEQEND
8
B.Silkscreen
0
POLYLINE
8
B.Silkscreen
62
7
70
0
10
0.000000
20
0.000000
66
1
0
VERTEX
8
B.Silkscreen
10
175.238348
20
-182.622833
70
0
0
VERTEX
8
B.Silkscreen
10
175.324073
20
-182.450854
70
0
0
SEQEND
8
B.Silkscreen
0
POLYLINE
8
B.Silkscreen
62
7
70
0
10
0.000000
20
0.000000
66
1
0
VERTEX
8
B.Silkscreen
10
175.324073
20
-182.450854
70
0
0
VERTEX
8
B.Silkscreen
10
175.409798
20
-182.366188
70
0
0
SEQEND
8
B.Silkscreen
0
POLYLINE
8
B.Silkscreen
62
7
70
0
10
0.000000
20
0.000000
66
1
0
VERTEX
8
B.Silkscreen
10
175.409798
20
-182.366188
70
0
0
VERTEX
8
B.Silkscreen
10
175.581248
20
-182.278875
70
0
0
SEQEND
8
B.Silkscreen
0
POLYLINE
8
B.Silkscreen
62
7
70
0
10
0.000000
20
0.000000
66
1
0
VERTEX
8
B.Silkscreen
10
175.581248
20
-182.278875
70
0
0
VERTEX
8
B.Silkscreen
10
175.923883
20
-182.194209
70
0
0
SEQEND
8
B.Silkscreen
0
POLYLINE
8
B.Silkscreen
62
7
70
0
10
0.000000
20
0.000000
66
1
0
VERTEX
8
B.Silkscreen
10
175.923883
20
-182.194209
70
0
0
VERTEX
8
B.Silkscreen
10
176.095332
20
-182.109542
70
0
0
SEQEND
8
B.Silkscreen
0
POLYLINE
8
B.Silkscreen
62
7
70
0
10
0.000000
20
0.000000
66
1
0
VERTEX
8
B.Silkscreen
10
176.095332
20
-182.109542
70
0
0
VERTEX
8
B.Silkscreen
10
176.181057
20
-182.022230
70
0
0
SEQEND
8
B.Silkscreen
0
POLYLINE
8
B.Silkscreen
62
7
70
0
10
0.000000
20
0.000000
66
1
0
VERTEX
8
B.Silkscreen
10
176.181057
20
-182.022230
70
0
0
VERTEX
8
B.Silkscreen
10
176.266782
20
-181.852897
70
0
0
SEQEND
8
B.Silkscreen
0
POLYLINE
8
B.Silkscreen
62
7
70
0
10
0.000000
20
0.000000
66
1
0
VERTEX
8
B.Silkscreen
10
176.266782
20
-181.852897
70
0
0
VERTEX
8
B.Silkscreen
10
176.266782
20
-181.680918
70
0
0
SEQEND
8
B.Silkscreen
0
POLYLINE
8
B.Silkscreen
62
7
70
0
10
0.000000
20
0.000000
66
1
0
VERTEX
8
B.Silkscreen
10
176.266782
20
-181.680918
70
0
0
VERTEX
8
B.Silkscreen
10
176.181057
20
-181.508939
70
0
0
SEQEND
8
B.Silkscreen
0
POLYLINE
8
B.Silkscreen
62
7
70
0
10
0.000000
20
0.000000
66
1
0
VERTEX
8
B.Silkscreen
10
176.181057
20
-181.508939
70
0
0
VERTEX
8
B.Silkscreen
10
176.095332
20
-181.424272
70
0
0
SEQEND
8
B.Silkscreen
0
POLYLINE
8
B.Silkscreen
62
7
70
0
10
0.000000
20
0.000000
66
1
0
VERTEX
8
B.Silkscreen
10
176.095332
20
-181.424272
70
0
0
VERTEX
8
B.Silkscreen
10
175.923883
20
-181.336960
70
0
0
SEQEND
8
B.Silkscreen
0
POLYLINE
8
B.Silkscreen
62
7
70
0
10
0.000000
20
0.000000
66
1
0
VERTEX
8
B.Silkscreen
10
175.923883
20
-181.336960
70
0
0
VERTEX
8
B.Silkscreen
10
175.495523
20
-181.336960
70
0
0
SEQEND
8
B.Silkscreen
0
POLYLINE
8
B.Silkscreen
62
7
70
0
10
0.000000
20
0.000000
66
1
0
VERTEX
8
B.Silkscreen
10
175.495523
20
-181.336960
70
0
0
VERTEX
8
B.Silkscreen
10
175.238348
20
-181.424272
70
0
0
SEQEND
8
B.Silkscreen
0
POLYLINE
8
B.Silkscreen
62
7
70
0
10
0.000000
20
0.000000
66
1
0
VERTEX
8
B.Silkscreen
10
174.209649
20
-182.109542
70
0
0
VERTEX
8
B.Silkscreen
10
174.381099
20
-182.022230
70
0
0
SEQEND
8
B.Silkscreen
0
POLYLINE
8
B.Silkscreen
62
7
70
0
10
0.000000
20
0.000000
66
1
0
VERTEX
8
B.Silkscreen
10
174.381099
20
-182.022230
70
0
0
VERTEX
8
B.Silkscreen
10
174.466824
20
-181.937563
70
0
0
SEQEND
8
B.Silkscreen
0
POLYLINE
8
B.Silkscreen
62
7
70
0
10
0.000000
20
0.000000
66
1
0
VERTEX
8
B.Silkscreen
10
174.466824
20
-181.937563
70
0
0
VERTEX
8
B.Silkscreen
10
174.552549
20
-181.765584
70
0
0
SEQEND
8
B.Silkscreen
0
POLYLINE
8
B.Silkscreen
62
7
70
0
10
0.000000
20
0.000000
66
1
0
VERTEX
8
B.Silkscreen
10
174.552549
20
-181.765584
70
0
0
VERTEX
8
B.Silkscreen
10
174.552549
20
-181.680918
70
0
0
SEQEND
8
B.Silkscreen
0
POLYLINE
8
B.Silkscreen
62
7
70
0
10
0.000000
20
0.000000
66
1
0
VERTEX
8
B.Silkscreen
10
174.552549
20
-181.680918
70
0
0
VERTEX
8
B.Silkscreen
10
174.466824
20
-181.508939
70
0
0
SEQEND
8
B.Silkscreen
0
POLYLINE
8
B.Silkscreen
62
7
70
0
10
0.000000
20
0.000000
66
1
0
VERTEX
8
B.Silkscreen
10
174.466824
20
-181.508939
70
0
0
VERTEX
8
B.Silkscreen
10
174.381099
20
-181.424272
70
0
0
SEQEND
8
B.Silkscreen
0
POLYLINE
8
B.Silkscreen
62
7
70
0
10
0.000000
20
0.000000
66
1
0
VERTEX
8
B.Silkscreen
10
174.381099
20
-181.424272
70
0
0
VERTEX
8
B.Silkscreen
10
174.209649
20
-181.336960
70
0
0
SEQEND
8
B.Silkscreen
0
POLYLINE
8
B.Silkscreen
62
7
70
0
10
0.000000
20
0.000000
66
1
0
VERTEX
8
B.Silkscreen
10
174.209649
20
-181.336960
70
0
0
VERTEX
8
B.Silkscreen
10
173.866750
20
-181.336960
70
0
0
SEQEND
8
B.Silkscreen
0
POLYLINE
8
B.Silkscreen
62
7
70
0
10
0.000000
20
0.000000
66
1
0
VERTEX
8
B.Silkscreen
10
173.866750
20
-181.336960
70
0
0
VERTEX
8
B.Silkscreen
10
173.695565
20
-181.424272
70
0
0
SEQEND
8
B.Silkscreen
0
POLYLINE
8
B.Silkscreen
62
7
70
0
10
0.000000
20
0.000000
66
1
0
VERTEX
8
B.Silkscreen
10
173.695565
20
-181.424272
70
0
0
VERTEX
8
B.Silkscreen
10
173.609840
20
-181.508939
70
0
0
SEQEND
8
B.Silkscreen
0
POLYLINE
8
B.Silkscreen
62
7
70
0
10
0.000000
20
0.000000
66
1
0
VERTEX
8
B.Silkscreen
10
173.609840
20
-181.508939
70
0
0
VERTEX
8
B.Silkscreen
10
173.524115
20
-181.680918
70
0
0
SEQEND
8
B.Silkscreen
0
POLYLINE
8
B.Silkscreen
62
7
70
0
10
0.000000
20
0.000000
66
1
0
VERTEX
8
B.Silkscreen
10
173.524115
20
-181.680918
70
0
0
VERTEX
8
B.Silkscreen
10
173.524115
20
-181.765584
70
0
0
SEQEND
8
B.Silkscreen
0
POLYLINE
8
B.Silkscreen
62
7
70
0
10
0.000000
20
0.000000
66
1
0
VERTEX
8
B.Silkscreen
10
173.524115
20
-181.765584
70
0
0
VERTEX
8
B.Silkscreen
10
173.609840
20
-181.937563
70
0
0
SEQEND
8
B.Silkscreen
0
POLYLINE
8
B.Silkscreen
62
7
70
0
10
0.000000
20
0.000000
66
1
0
VERTEX
8
B.Silkscreen
10
173.609840
20
-181.937563
70
0
0
VERTEX
8
B.Silkscreen
10
173.695565
20
-182.022230
70
0
0
SEQEND
8
B.Silkscreen
0
POLYLINE
8
B.Silkscreen
62
7
70
0
10
0.000000
20
0.000000
66
1
0
VERTEX
8
B.Silkscreen
10
173.695565
20
-182.022230
70
0
0
VERTEX
8
B.Silkscreen
10
173.866750
20
-182.109542
70
0
0
SEQEND
8
B.Silkscreen
0
POLYLINE
8
B.Silkscreen
62
7
70
0
10
0.000000
20
0.000000
66
1
0
VERTEX
8
B.Silkscreen
10
173.866750
20
-182.109542
70
0
0
VERTEX
8
B.Silkscreen
10
174.209649
20
-182.109542
70
0
0
SEQEND
8
B.Silkscreen
0
POLYLINE
8
B.Silkscreen
62
7
70
0
10
0.000000
20
0.000000
66
1
0
VERTEX
8
B.Silkscreen
10
174.209649
20
-182.109542
70
0
0
VERTEX
8
B.Silkscreen
10
174.381099
20
-182.194209
70
0
0
SEQEND
8
B.Silkscreen
0
POLYLINE
8
B.Silkscreen
62
7
70
0
10
0.000000
20
0.000000
66
1
0
VERTEX
8
B.Silkscreen
10
174.381099
20
-182.194209
70
0
0
VERTEX
8
B.Silkscreen
10
174.466824
20
-182.278875
70
0
0
SEQEND
8
B.Silkscreen
0
POLYLINE
8
B.Silkscreen
62
7
70
0
10
0.000000
20
0.000000
66
1
0
VERTEX
8
B.Silkscreen
10
174.466824
20
-182.278875
70
0
0
VERTEX
8
B.Silkscreen
10
174.552549
20
-182.450854
70
0
0
SEQEND
8
B.Silkscreen
0
POLYLINE
8
B.Silkscreen
62
7
70
0
10
0.000000
20
0.000000
66
1
0
VERTEX
8
B.Silkscreen
10
174.552549
20
-182.450854
70
0
0
VERTEX
8
B.Silkscreen
10
174.552549
20
-182.794812
70
0
0
SEQEND
8
B.Silkscreen
0
POLYLINE
8
B.Silkscreen
62
7
70
0
10
0.000000
20
0.000000
66
1
0
VERTEX
8
B.Silkscreen
10
174.552549
20
-182.794812
70
0
0
VERTEX
8
B.Silkscreen
10
174.466824
20
-182.966791
70
0
0
SEQEND
8
B.Silkscreen
0
POLYLINE
8
B.Silkscreen
62
7
70
0
10
0.000000
20
0.000000
66
1
0
VERTEX
8
B.Silkscreen
10
174.466824
20
-182.966791
70
0
0
VERTEX
8
B.Silkscreen
10
174.381099
20
-183.051458
70
0
0
SEQEND
8
B.Silkscreen
0
POLYLINE
8
B.Silkscreen
62
7
70
0
10
0.000000
20
0.000000
66
1
0
VERTEX
8
B.Silkscreen
10
174.381099
20
-183.051458
70
0
0
VERTEX
8
B.Silkscreen
10
174.209649
20
-183.136124
70
0
0
SEQEND
8
B.Silkscreen
0
POLYLINE
8
B.Silkscreen
62
7
70
0
10
0.000000
20
0.000000
66
1
0
VERTEX
8
B.Silkscreen
10
174.209649
20
-183.136124
70
0
0
VERTEX
8
B.Silkscreen
10
173.866750
20
-183.136124
70
0
0
SEQEND
8
B.Silkscreen
0
POLYLINE
8
B.Silkscreen
62
7
70
0
10
0.000000
20
0.000000
66
1
0
VERTEX
8
B.Silkscreen
10
173.866750
20
-183.136124
70
0
0
VERTEX
8
B.Silkscreen
10
173.695565
20
-183.051458
70
0
0
SEQEND
8
B.Silkscreen
0
POLYLINE
8
B.Silkscreen
62
7
70
0
10
0.000000
20
0.000000
66
1
0
VERTEX
8
B.Silkscreen
10
173.695565
20
-183.051458
70
0
0
VERTEX
8
B.Silkscreen
10
173.609840
20
-182.966791
70
0
0
SEQEND
8
B.Silkscreen
0
POLYLINE
8
B.Silkscreen
62
7
70
0
10
0.000000
20
0.000000
66
1
0
VERTEX
8
B.Silkscreen
10
173.609840
20
-182.966791
70
0
0
VERTEX
8
B.Silkscreen
10
173.524115
20
-182.794812
70
0
0
SEQEND
8
B.Silkscreen
0
POLYLINE
8
B.Silkscreen
62
7
70
0
10
0.000000
20
0.000000
66
1
0
VERTEX
8
B.Silkscreen
10
173.524115
20
-182.794812
70
0
0
VERTEX
8
B.Silkscreen
10
173.524115
20
-182.450854
70
0
0
SEQEND
8
B.Silkscreen
0
POLYLINE
8
B.Silkscreen
62
7
70
0
10
0.000000
20
0.000000
66
1
0
VERTEX
8
B.Silkscreen
10
173.524115
20
-182.450854
70
0
0
VERTEX
8
B.Silkscreen
10
173.609840
20
-182.278875
70
0
0
SEQEND
8
B.Silkscreen
0
POLYLINE
8
B.Silkscreen
62
7
70
0
10
0.000000
20
0.000000
66
1
0
VERTEX
8
B.Silkscreen
10
173.609840
20
-182.278875
70
0
0
VERTEX
8
B.Silkscreen
10
173.695565
20
-182.194209
70
0
0
SEQEND
8
B.Silkscreen
0
POLYLINE
8
B.Silkscreen
62
7
70
0
10
0.000000
20
0.000000
66
1
0
VERTEX
8
B.Silkscreen
10
173.695565
20
-182.194209
70
0
0
VERTEX
8
B.Silkscreen
10
173.866750
20
-182.109542
70
0
0
SEQEND
8
B.Silkscreen
0
POLYLINE
8
B.Silkscreen
62
7
70
0
10
0.000000
20
0.000000
66
1
0
VERTEX
8
B.Silkscreen
10
172.495416
20
-182.109542
70
0
0
VERTEX
8
B.Silkscreen
10
172.666866
20
-182.022230
70
0
0
SEQEND
8
B.Silkscreen
0
POLYLINE
8
B.Silkscreen
62
7
70
0
10
0.000000
20
0.000000
66
1
0
VERTEX
8
B.Silkscreen
10
172.666866
20
-182.022230
70
0
0
VERTEX
8
B.Silkscreen
10
172.752591
20
-181.937563
70
0
0
SEQEND
8
B.Silkscreen
0
POLYLINE
8
B.Silkscreen
62
7
70
0
10
0.000000
20
0.000000
66
1
0
VERTEX
8
B.Silkscreen
10
172.752591
20
-181.937563
70
0
0
VERTEX
8
B.Silkscreen
10
172.838316
20
-181.765584
70
0
0
SEQEND
8
B.Silkscreen
0
POLYLINE
8
B.Silkscreen
62
7
70
0
10
0.000000
20
0.000000
66
1
0
VERTEX
8
B.Silkscreen
10
172.838316
20
-181.765584
70
0
0
VERTEX
8
B.Silkscreen
10
172.838316
20
-181.680918
70
0
0
SEQEND
8
B.Silkscreen
0
POLYLINE
8
B.Silkscreen
62
7
70
0
10
0.000000
20
0.000000
66
1
0
VERTEX
8
B.Silkscreen
10
172.838316
20
-181.680918
70
0
0
VERTEX
8
B.Silkscreen
10
172.752591
20
-181.508939
70
0
0
SEQEND
8
B.Silkscreen
0
POLYLINE
8
B.Silkscreen
62
7
70
0
10
0.000000
20
0.000000
66
1
0
VERTEX
8
B.Silkscreen
10
172.752591
20
-181.508939
70
0
0
VERTEX
8
B.Silkscreen
10
172.666866
20
-181.424272
70
0
0
SEQEND
8
B.Silkscreen
0
POLYLINE
8
B.Silkscreen
62
7
70
0
10
0.000000
20
0.000000
66
1
0
VERTEX
8
B.Silkscreen
10
172.666866
20
-181.424272
70
0
0
VERTEX
8
B.Silkscreen
10
172.495416
20
-181.336960
70
0
0
SEQEND
8
B.Silkscreen
0
POLYLINE
8
B.Silkscreen
62
7
70
0
10
0.000000
20
0.000000
66
1
0
VERTEX
8
B.Silkscreen
10
172.495416
20
-181.336960
70
0
0
VERTEX
8
B.Silkscreen
10
172.152516
20
-181.336960
70
0
0
SEQEND
8
B.Silkscreen
0
POLYLINE
8
B.Silkscreen
62
7
70
0
10
0.000000
20
0.000000
66
1
0
VERTEX
8
B.Silkscreen
10
172.152516
20
-181.336960
70
0
0
VERTEX
8
B.Silkscreen
10
171.981067
20
-181.424272
70
0
0
SEQEND
8
B.Silkscreen
0
POLYLINE
8
B.Silkscreen
62
7
70
0
10
0.000000
20
0.000000
66
1
0
VERTEX
8
B.Silkscreen
10
171.981067
20
-181.424272
70
0
0
VERTEX
8
B.Silkscreen
10
171.895342
20
-181.508939
70
0
0
SEQEND
8
B.Silkscreen
0
POLYLINE
8
B.Silkscreen
62
7
70
0
10
0.000000
20
0.000000
66
1
0
VERTEX
8
B.Silkscreen
10
171.895342
20
-181.508939
70
0
0
VERTEX
8
B.Silkscreen
10
171.809617
20
-181.680918
70
0
0
SEQEND
8
B.Silkscreen
0
POLYLINE
8
B.Silkscreen
62
7
70
0
10
0.000000
20
0.000000
66
1
0
VERTEX
8
B.Silkscreen
10
171.809617
20
-181.680918
70
0
0
VERTEX
8
B.Silkscreen
10
171.809617
20
-181.765584
70
0
0
SEQEND
8
B.Silkscreen
0
POLYLINE
8
B.Silkscreen
62
7
70
0
10
0.000000
20
0.000000
66
1
0
VERTEX
8
B.Silkscreen
10
171.809617
20
-181.765584
70
0
0
VERTEX
8
B.Silkscreen
10
171.895342
20
-181.937563
70
0
0
SEQEND
8
B.Silkscreen
0
POLYLINE
8
B.Silkscreen
62
7
70
0
10
0.000000
20
0.000000
66
1
0
VERTEX
8
B.Silkscreen
10
171.895342
20
-181.937563
70
0
0
VERTEX
8
B.Silkscreen
10
171.981067
20
-182.022230
70
0
0
SEQEND
8
B.Silkscreen
0
POLYLINE
8
B.Silkscreen
62
7
70
0
10
0.000000
20
0.000000
66
1
0
VERTEX
8
B.Silkscreen
10
171.981067
20
-182.022230
70
0
0
VERTEX
8
B.Silkscreen
10
172.152516
20
-182.109542
70
0
0
SEQEND
8
B.Silkscreen
0
POLYLINE
8
B.Silkscreen
62
7
70
0
10
0.000000
20
0.000000
66
1
0
VERTEX
8
B.Silkscreen
10
172.152516
20
-182.109542
70
0
0
VERTEX
8
B.Silkscreen
10
172.495416
20
-182.109542
70
0
0
SEQEND
8
B.Silkscreen
0
POLYLINE
8
B.Silkscreen
62
7
70
0
10
0.000000
20
0.000000
66
1
0
VERTEX
8
B.Silkscreen
10
172.495416
20
-182.109542
70
0
0
VERTEX
8
B.Silkscreen
10
172.666866
20
-182.194209
70
0
0
SEQEND
8
B.Silkscreen
0
POLYLINE
8
B.Silkscreen
62
7
70
0
10
0.000000
20
0.000000
66
1
0
VERTEX
8
B.Silkscreen
10
172.666866
20
-182.194209
70
0
0
VERTEX
8
B.Silkscreen
10
172.752591
20
-182.278875
70
0
0
SEQEND
8
B.Silkscreen
0
POLYLINE
8
B.Silkscreen
62
7
70
0
10
0.000000
20
0.000000
66
1
0
VERTEX
8
B.Silkscreen
10
172.752591
20
-182.278875
70
0
0
VERTEX
8
B.Silkscreen
10
172.838316
20
-182.450854
70
0
0
SEQEND
8
B.Silkscreen
0
POLYLINE
8
B.Silkscreen
62
7
70
0
10
0.000000
20
0.000000
66
1
0
VERTEX
8
B.Silkscreen
10
172.838316
20
-182.450854
70
0
0
VERTEX
8
B.Silkscreen
10
172.838316
20
-182.794812
70
0
0
SEQEND
8
B.Silkscreen
0
POLYLINE
8
B.Silkscreen
62
7
70
0
10
0.000000
20
0.000000
66
1
0
VERTEX
8
B.Silkscreen
10
172.838316
20
-182.794812
70
0
0
VERTEX
8
B.Silkscreen
10
172.752591
20
-182.966791
70
0
0
SEQEND
8
B.Silkscreen
0
POLYLINE
8
B.Silkscreen
62
7
70
0
10
0.000000
20
0.000000
66
1
0
VERTEX
8
B.Silkscreen
10
172.752591
20
-182.966791
70
0
0
VERTEX
8
B.Silkscreen
10
172.666866
20
-183.051458
70
0
0
SEQEND
8
B.Silkscreen
0
POLYLINE
8
B.Silkscreen
62
7
70
0
10
0.000000
20
0.000000
66
1
0
VERTEX
8
B.Silkscreen
10
172.666866
20
-183.051458
70
0
0
VERTEX
8
B.Silkscreen
10
172.495416
20
-183.136124
70
0
0
SEQEND
8
B.Silkscreen
0
POLYLINE
8
B.Silkscreen
62
7
70
0
10
0.000000
20
0.000000
66
1
0
VERTEX
8
B.Silkscreen
10
172.495416
20
-183.136124
70
0
0
VERTEX
8
B.Silkscreen
10
172.152516
20
-183.136124
70
0
0
SEQEND
8
B.Silkscreen
0
POLYLINE
8
B.Silkscreen
62
7
70
0
10
0.000000
20
0.000000
66
1
0
VERTEX
8
B.Silkscreen
10
172.152516
20
-183.136124
70
0
0
VERTEX
8
B.Silkscreen
10
171.981067
20
-183.051458
70
0
0
SEQEND
8
B.Silkscreen
0
POLYLINE
8
B.Silkscreen
62
7
70
0
10
0.000000
20
0.000000
66
1
0
VERTEX
8
B.Silkscreen
10
171.981067
20
-183.051458
70
0
0
VERTEX
8
B.Silkscreen
10
171.895342
20
-182.966791
70
0
0
SEQEND
8
B.Silkscreen
0
POLYLINE
8
B.Silkscreen
62
7
70
0
10
0.000000
20
0.000000
66
1
0
VERTEX
8
B.Silkscreen
10
171.895342
20
-182.966791
70
0
0
VERTEX
8
B.Silkscreen
10
171.809617
20
-182.794812
70
0
0
SEQEND
8
B.Silkscreen
0
POLYLINE
8
B.Silkscreen
62
7
70
0
10
0.000000
20
0.000000
66
1
0
VERTEX
8
B.Silkscreen
10
171.809617
20
-182.794812
70
0
0
VERTEX
8
B.Silkscreen
10
171.809617
20
-182.450854
70
0
0
SEQEND
8
B.Silkscreen
0
POLYLINE
8
B.Silkscreen
62
7
70
0
10
0.000000
20
0.000000
66
1
0
VERTEX
8
B.Silkscreen
10
171.809617
20
-182.450854
70
0
0
VERTEX
8
B.Silkscreen
10
171.895342
20
-182.278875
70
0
0
SEQEND
8
B.Silkscreen
0
POLYLINE
8
B.Silkscreen
62
7
70
0
10
0.000000
20
0.000000
66
1
0
VERTEX
8
B.Silkscreen
10
171.895342
20
-182.278875
70
0
0
VERTEX
8
B.Silkscreen
10
171.981067
20
-182.194209
70
0
0
SEQEND
8
B.Silkscreen
0
POLYLINE
8
B.Silkscreen
62
7
70
0
10
0.000000
20
0.000000
66
1
0
VERTEX
8
B.Silkscreen
10
171.981067
20
-182.194209
70
0
0
VERTEX
8
B.Silkscreen
10
172.152516
20
-182.109542
70
0
0
SEQEND
8
B.Silkscreen
0
POLYLINE
8
B.Silkscreen
62
7
70
0
10
0.000000
20
0.000000
66
1
0
VERTEX
8
B.Silkscreen
10
171.124082
20
-183.051458
70
0
0
VERTEX
8
B.Silkscreen
10
170.866908
20
-183.136124
70
0
0
SEQEND
8
B.Silkscreen
0
POLYLINE
8
B.Silkscreen
62
7
70
0
10
0.000000
20
0.000000
66
1
0
VERTEX
8
B.Silkscreen
10
170.866908
20
-183.136124
70
0
0
VERTEX
8
B.Silkscreen
10
170.438283
20
-183.136124
70
0
0
SEQEND
8
B.Silkscreen
0
POLYLINE
8
B.Silkscreen
62
7
70
0
10
0.000000
20
0.000000
66
1
0
VERTEX
8
B.Silkscreen
10
170.438283
20
-183.136124
70
0
0
VERTEX
8
B.Silkscreen
10
170.266833
20
-183.051458
70
0
0
SEQEND
8
B.Silkscreen
0
POLYLINE
8
B.Silkscreen
62
7
70
0
10
0.000000
20
0.000000
66
1
0
VERTEX
8
B.Silkscreen
10
170.266833
20
-183.051458
70
0
0
VERTEX
8
B.Silkscreen
10
170.181109
20
-182.966791
70
0
0
SEQEND
8
B.Silkscreen
0
POLYLINE
8
B.Silkscreen
62
7
70
0
10
0.000000
20
0.000000
66
1
0
VERTEX
8
B.Silkscreen
10
170.181109
20
-182.966791
70
0
0
VERTEX
8
B.Silkscreen
10
170.095384
20
-182.794812
70
0
0
SEQEND
8
B.Silkscreen
0
POLYLINE
8
B.Silkscreen
62
7
70
0
10
0.000000
20
0.000000
66
1
0
VERTEX
8
B.Silkscreen
10
170.095384
20
-182.794812
70
0
0
VERTEX
8
B.Silkscreen
10
170.095384
20
-182.622833
70
0
0
SEQEND
8
B.Silkscreen
0
POLYLINE
8
B.Silkscreen
62
7
70
0
10
0.000000
20
0.000000
66
1
0
VERTEX
8
B.Silkscreen
10
170.095384
20
-182.622833
70
0
0
VERTEX
8
B.Silkscreen
10
170.181109
20
-182.450854
70
0
0
SEQEND
8
B.Silkscreen
0
POLYLINE
8
B.Silkscreen
62
7
70
0
10
0.000000
20
0.000000
66
1
0
VERTEX
8
B.Silkscreen
10
170.181109
20
-182.450854
70
0
0
VERTEX
8
B.Silkscreen
10
170.266833
20
-182.366188
70
0
0
SEQEND
8
B.Silkscreen
0
POLYLINE
8
B.Silkscreen
62
7
70
0
10
0.000000
20
0.000000
66
1
0
VERTEX
8
B.Silkscreen
10
170.266833
20
-182.366188
70
0
0
VERTEX
8
B.Silkscreen
10
170.438283
20
-182.278875
70
0
0
SEQEND
8
B.Silkscreen
0
POLYLINE
8
B.Silkscreen
62
7
70
0
10
0.000000
20
0.000000
66
1
0
VERTEX
8
B.Silkscreen
10
170.438283
20
-182.278875
70
0
0
VERTEX
8
B.Silkscreen
10
170.781183
20
-182.194209
70
0
0
SEQEND
8
B.Silkscreen
0
POLYLINE
8
B.Silkscreen
62
7
70
0
10
0.000000
20
0.000000
66
1
0
VERTEX
8
B.Silkscreen
10
170.781183
20
-182.194209
70
0
0
VERTEX
8
B.Silkscreen
10
170.952633
20
-182.109542
70
0
0
SEQEND
8
B.Silkscreen
0
POLYLINE
8
B.Silkscreen
62
7
70
0
10
0.000000
20
0.000000
66
1
0
VERTEX
8
B.Silkscreen
10
170.952633
20
-182.109542
70
0
0
VERTEX
8
B.Silkscreen
10
171.038357
20
-182.022230
70
0
0
SEQEND
8
B.Silkscreen
0
POLYLINE
8
B.Silkscreen
62
7
70
0
10
0.000000
20
0.000000
66
1
0
VERTEX
8
B.Silkscreen
10
171.038357
20
-182.022230
70
0
0
VERTEX
8
B.Silkscreen
10
171.124082
20
-181.852897
70
0
0
SEQEND
8
B.Silkscreen
0
POLYLINE
8
B.Silkscreen
62
7
70
0
10
0.000000
20
0.000000
66
1
0
VERTEX
8
B.Silkscreen
10
171.124082
20
-181.852897
70
0
0
VERTEX
8
B.Silkscreen
10
171.124082
20
-181.680918
70
0
0
SEQEND
8
B.Silkscreen
0
POLYLINE
8
B.Silkscreen
62
7
70
0
10
0.000000
20
0.000000
66
1
0
VERTEX
8
B.Silkscreen
10
171.124082
20
-181.680918
70
0
0
VERTEX
8
B.Silkscreen
10
171.038357
20
-181.508939
70
0
0
SEQEND
8
B.Silkscreen
0
POLYLINE
8
B.Silkscreen
62
7
70
0
10
0.000000
20
0.000000
66
1
0
VERTEX
8
B.Silkscreen
10
171.038357
20
-181.508939
70
0
0
VERTEX
8
B.Silkscreen
10
170.952633
20
-181.424272
70
0
0
SEQEND
8
B.Silkscreen
0
POLYLINE
8
B.Silkscreen
62
7
70
0
10
0.000000
20
0.000000
66
1
0
VERTEX
8
B.Silkscreen
10
170.952633
20
-181.424272
70
0
0
VERTEX
8
B.Silkscreen
10
170.781183
20
-181.336960
70
0
0
SEQEND
8
B.Silkscreen
0
POLYLINE
8
B.Silkscreen
62
7
70
0
10
0.000000
20
0.000000
66
1
0
VERTEX
8
B.Silkscreen
10
170.781183
20
-181.336960
70
0
0
VERTEX
8
B.Silkscreen
10
170.352558
20
-181.336960
70
0
0
SEQEND
8
B.Silkscreen
0
POLYLINE
8
B.Silkscreen
62
7
70
0
10
0.000000
20
0.000000
66
1
0
VERTEX
8
B.Silkscreen
10
170.352558
20
-181.336960
70
0
0
VERTEX
8
B.Silkscreen
10
170.095384
20
-181.424272
70
0
0
SEQEND
8
B.Silkscreen
0
POLYLINE
8
B.Silkscreen
62
7
70
0
10
0.000000
20
0.000000
66
1
0
VERTEX
8
B.Silkscreen
10
168.724050
20
-182.194209
70
0
0
VERTEX
8
B.Silkscreen
10
169.324124
20
-182.194209
70
0
0
SEQEND
8
B.Silkscreen
0
POLYLINE
8
B.Silkscreen
62
7
70
0
10
0.000000
20
0.000000
66
1
0
VERTEX
8
B.Silkscreen
10
169.324124
20
-183.136124
70
0
0
VERTEX
8
B.Silkscreen
10
169.324124
20
-181.336960
70
0
0
SEQEND
8
B.Silkscreen
0
POLYLINE
8
B.Silkscreen
62
7
70
0
10
0.000000
20
0.000000
66
1
0
VERTEX
8
B.Silkscreen
10
169.324124
20
-181.336960
70
0
0
VERTEX
8
B.Silkscreen
10
168.466875
20
-181.336960
70
0
0
SEQEND
8
B.Silkscreen
0
POLYLINE
8
B.Silkscreen
62
7
70
0
10
0.000000
20
0.000000
66
1
0
VERTEX
8
B.Silkscreen
10
167.866801
20
-181.508939
70
0
0
VERTEX
8
B.Silkscreen
10
167.781076
20
-181.424272
70
0
0
SEQEND
8
B.Silkscreen
0
POLYLINE
8
B.Silkscreen
62
7
70
0
10
0.000000
20
0.000000
66
1
0
VERTEX
8
B.Silkscreen
10
167.781076
20
-181.424272
70
0
0
VERTEX
8
B.Silkscreen
10
167.609626
20
-181.336960
70
0
0
SEQEND
8
B.Silkscreen
0
POLYLINE
8
B.Silkscreen
62
7
70
0
10
0.000000
20
0.000000
66
1
0
VERTEX
8
B.Silkscreen
10
167.609626
20
-181.336960
70
0
0
VERTEX
8
B.Silkscreen
10
167.181266
20
-181.336960
70
0
0
SEQEND
8
B.Silkscreen
0
POLYLINE
8
B.Silkscreen
62
7
70
0
10
0.000000
20
0.000000
66
1
0
VERTEX
8
B.Silkscreen
10
167.181266
20
-181.336960
70
0
0
VERTEX
8
B.Silkscreen
10
167.009817
20
-181.424272
70
0
0
SEQEND
8
B.Silkscreen
0
POLYLINE
8
B.Silkscreen
62
7
70
0
10
0.000000
20
0.000000
66
1
0
VERTEX
8
B.Silkscreen
10
167.009817
20
-181.424272
70
0
0
VERTEX
8
B.Silkscreen
10
166.924092
20
-181.508939
70
0
0
SEQEND
8
B.Silkscreen
0
POLYLINE
8
B.Silkscreen
62
7
70
0
10
0.000000
20
0.000000
66
1
0
VERTEX
8
B.Silkscreen
10
166.924092
20
-181.508939
70
0
0
VERTEX
8
B.Silkscreen
10
166.838367
20
-181.680918
70
0
0
SEQEND
8
B.Silkscreen
0
POLYLINE
8
B.Silkscreen
62
7
70
0
10
0.000000
20
0.000000
66
1
0
VERTEX
8
B.Silkscreen
10
166.838367
20
-181.680918
70
0
0
VERTEX
8
B.Silkscreen
10
166.838367
20
-181.852897
70
0
0
SEQEND
8
B.Silkscreen
0
POLYLINE
8
B.Silkscreen
62
7
70
0
10
0.000000
20
0.000000
66
1
0
VERTEX
8
B.Silkscreen
10
166.838367
20
-181.852897
70
0
0
VERTEX
8
B.Silkscreen
10
166.924092
20
-182.109542
70
0
0
SEQEND
8
B.Silkscreen
0
POLYLINE
8
B.Silkscreen
62
7
70
0
10
0.000000
20
0.000000
66
1
0
VERTEX
8
B.Silkscreen
10
166.924092
20
-182.109542
70
0
0
VERTEX
8
B.Silkscreen
10
167.952526
20
-183.136124
70
0
0
SEQEND
8
B.Silkscreen
0
POLYLINE
8
B.Silkscreen
62
7
70
0
10
0.000000
20
0.000000
66
1
0
VERTEX
8
B.Silkscreen
10
167.952526
20
-183.136124
70
0
0
VERTEX
8
B.Silkscreen
10
166.838367
20
-183.136124
70
0
0
SEQEND
8
B.Silkscreen
0
POLYLINE
8
B.Silkscreen
62
7
70
0
10
0.000000
20
0.000000
66
1
0
VERTEX
8
B.Silkscreen
10
186.984246
20
-174.314927
70
0
0
VERTEX
8
B.Silkscreen
10
189.984088
20
-174.314927
70
0
0
SEQEND
8
B.Silkscreen
0
POLYLINE
8
B.Silkscreen
62
7
70
0
10
0.000000
20
0.000000
66
1
0
VERTEX
8
B.Silkscreen
10
189.984088
20
-174.314927
70
0
0
VERTEX
8
B.Silkscreen
10
189.984088
20
-177.315298
70
0
0
SEQEND
8
B.Silkscreen
0
POLYLINE
8
B.Silkscreen
62
7
70
0
10
0.000000
20
0.000000
66
1
0
VERTEX
8
B.Silkscreen
10
189.984088
20
-177.315298
70
0
0
VERTEX
8
B.Silkscreen
10
186.984246
20
-177.315298
70
0
0
SEQEND
8
B.Silkscreen
0
POLYLINE
8
B.Silkscreen
62
7
70
0
10
0.000000
20
0.000000
66
1
0
VERTEX
8
B.Silkscreen
10
186.984246
20
-177.315298
70
0
0
VERTEX
8
B.Silkscreen
10
186.984246
20
-174.314927
70
0
0
SEQEND
8
B.Silkscreen
0
POLYLINE
8
B.Silkscreen
62
7
70
0
10
0.000000
20
0.000000
66
1
0
VERTEX
8
B.Silkscreen
10
193.319950
20
-176.053237
70
0
0
VERTEX
8
B.Silkscreen
10
193.323919
20
-176.185529
70
0
0
SEQEND
8
B.Silkscreen
0
POLYLINE
8
B.Silkscreen
62
7
70
0
10
0.000000
20
0.000000
66
1
0
VERTEX
8
B.Silkscreen
10
193.323919
20
-176.185529
70
0
0
VERTEX
8
B.Silkscreen
10
192.456616
20
-176.185529
70
0
0
SEQEND
8
B.Silkscreen
0
POLYLINE
8
B.Silkscreen
62
7
70
0
10
0.000000
20
0.000000
66
1
0
VERTEX
8
B.Silkscreen
10
192.456616
20
-176.185529
70
0
0
VERTEX
8
B.Silkscreen
10
191.589313
20
-176.185529
70
0
0
SEQEND
8
B.Silkscreen
0
POLYLINE
8
B.Silkscreen
62
7
70
0
10
0.000000
20
0.000000
66
1
0
VERTEX
8
B.Silkscreen
10
191.589313
20
-176.185529
70
0
0
VERTEX
8
B.Silkscreen
10
191.593282
20
-176.053237
70
0
0
SEQEND
8
B.Silkscreen
0
POLYLINE
8
B.Silkscreen
62
7
70
0
10
0.000000
20
0.000000
66
1
0
VERTEX
8
B.Silkscreen
10
191.593282
20
-176.053237
70
0
0
VERTEX
8
B.Silkscreen
10
191.597250
20
-175.918300
70
0
0
SEQEND
8
B.Silkscreen
0
POLYLINE
8
B.Silkscreen
62
7
70
0
10
0.000000
20
0.000000
66
1
0
VERTEX
8
B.Silkscreen
10
191.597250
20
-175.918300
70
0
0
VERTEX
8
B.Silkscreen
10
192.456616
20
-175.918300
70
0
0
SEQEND
8
B.Silkscreen
0
POLYLINE
8
B.Silkscreen
62
7
70
0
10
0.000000
20
0.000000
66
1
0
VERTEX
8
B.Silkscreen
10
192.456616
20
-175.918300
70
0
0
VERTEX
8
B.Silkscreen
10
193.316246
20
-175.918300
70
0
0
SEQEND
8
B.Silkscreen
0
POLYLINE
8
B.Silkscreen
62
7
70
0
10
0.000000
20
0.000000
66
1
0
VERTEX
8
B.Silkscreen
10
193.316246
20
-175.918300
70
0
0
VERTEX
8
B.Silkscreen
10
193.319950
20
-176.053237
70
0
0
SEQEND
8
B.Silkscreen
0
POLYLINE
8
B.Silkscreen
62
7
70
0
10
0.000000
20
0.000000
66
1
0
VERTEX
8
B.Silkscreen
10
192.452118
20
-176.354862
70
0
0
VERTEX
8
B.Silkscreen
10
193.314923
20
-176.357508
70
0
0
SEQEND
8
B.Silkscreen
0
POLYLINE
8
B.Silkscreen
62
7
70
0
10
0.000000
20
0.000000
66
1
0
VERTEX
8
B.Silkscreen
10
193.314923
20
-176.357508
70
0
0
VERTEX
8
B.Silkscreen
10
193.314129
20
-176.489799
70
0
0
SEQEND
8
B.Silkscreen
0
POLYLINE
8
B.Silkscreen
62
7
70
0
10
0.000000
20
0.000000
66
1
0
VERTEX
8
B.Silkscreen
10
193.314129
20
-176.489799
70
0
0
VERTEX
8
B.Silkscreen
10
193.313336
20
-176.619445
70
0
0
SEQEND
8
B.Silkscreen
0
POLYLINE
8
B.Silkscreen
62
7
70
0
10
0.000000
20
0.000000
66
1
0
VERTEX
8
B.Silkscreen
10
193.313336
20
-176.619445
70
0
0
VERTEX
8
B.Silkscreen
10
192.998482
20
-176.622091
70
0
0
SEQEND
8
B.Silkscreen
0
POLYLINE
8
B.Silkscreen
62
7
70
0
10
0.000000
20
0.000000
66
1
0
VERTEX
8
B.Silkscreen
10
192.998482
20
-176.622091
70
0
0
VERTEX
8
B.Silkscreen
10
192.952974
20
-176.622091
70
0
0
SEQEND
8
B.Silkscreen
0
POLYLINE
8
B.Silkscreen
62
7
70
0
10
0.000000
20
0.000000
66
1
0
VERTEX
8
B.Silkscreen
10
192.952974
20
-176.622091
70
0
0
VERTEX
8
B.Silkscreen
10
192.863280
20
-176.622091
70
0
0
SEQEND
8
B.Silkscreen
0
POLYLINE
8
B.Silkscreen
62
7
70
0
10
0.000000
20
0.000000
66
1
0
VERTEX
8
B.Silkscreen
10
192.863280
20
-176.622091
70
0
0
VERTEX
8
B.Silkscreen
10
192.783376
20
-176.624737
70
0
0
SEQEND
8
B.Silkscreen
0
POLYLINE
8
B.Silkscreen
62
7
70
0
10
0.000000
20
0.000000
66
1
0
VERTEX
8
B.Silkscreen
10
192.783376
20
-176.624737
70
0
0
VERTEX
8
B.Silkscreen
10
192.717230
20
-176.624737
70
0
0
SEQEND
8
B.Silkscreen
0
POLYLINE
8
B.Silkscreen
62
7
70
0
10
0.000000
20
0.000000
66
1
0
VERTEX
8
B.Silkscreen
10
192.717230
20
-176.624737
70
0
0
VERTEX
8
B.Silkscreen
10
192.669605
20
-176.624737
70
0
0
SEQEND
8
B.Silkscreen
0
POLYLINE
8
B.Silkscreen
62
7
70
0
10
0.000000
20
0.000000
66
1
0
VERTEX
8
B.Silkscreen
10
192.669605
20
-176.624737
70
0
0
VERTEX
8
B.Silkscreen
10
192.644999
20
-176.624737
70
0
0
SEQEND
8
B.Silkscreen
0
POLYLINE
8
B.Silkscreen
62
7
70
0
10
0.000000
20
0.000000
66
1
0
VERTEX
8
B.Silkscreen
10
192.644999
20
-176.624737
70
0
0
VERTEX
8
B.Silkscreen
10
192.606634
20
-176.627382
70
0
0
SEQEND
8
B.Silkscreen
0
POLYLINE
8
B.Silkscreen
62
7
70
0
10
0.000000
20
0.000000
66
1
0
VERTEX
8
B.Silkscreen
10
192.606634
20
-176.627382
70
0
0
VERTEX
8
B.Silkscreen
10
192.613249
20
-176.839049
70
0
0
SEQEND
8
B.Silkscreen
0
POLYLINE
8
B.Silkscreen
62
7
70
0
10
0.000000
20
0.000000
66
1
0
VERTEX
8
B.Silkscreen
10
192.613249
20
-176.839049
70
0
0
VERTEX
8
B.Silkscreen
10
192.619864
20
-177.053361
70
0
0
SEQEND
8
B.Silkscreen
0
POLYLINE
8
B.Silkscreen
62
7
70
0
10
0.000000
20
0.000000
66
1
0
VERTEX
8
B.Silkscreen
10
192.619864
20
-177.053361
70
0
0
VERTEX
8
B.Silkscreen
10
192.456087
20
-177.053361
70
0
0
SEQEND
8
B.Silkscreen
0
POLYLINE
8
B.Silkscreen
62
7
70
0
10
0.000000
20
0.000000
66
1
0
VERTEX
8
B.Silkscreen
10
192.456087
20
-177.053361
70
0
0
VERTEX
8
B.Silkscreen
10
192.292310
20
-177.053361
70
0
0
SEQEND
8
B.Silkscreen
0
POLYLINE
8
B.Silkscreen
62
7
70
0
10
0.000000
20
0.000000
66
1
0
VERTEX
8
B.Silkscreen
10
192.292310
20
-177.053361
70
0
0
VERTEX
8
B.Silkscreen
10
192.288606
20
-176.836403
70
0
0
SEQEND
8
B.Silkscreen
0
POLYLINE
8
B.Silkscreen
62
7
70
0
10
0.000000
20
0.000000
66
1
0
VERTEX
8
B.Silkscreen
10
192.288606
20
-176.836403
70
0
0
VERTEX
8
B.Silkscreen
10
192.284637
20
-176.619445
70
0
0
SEQEND
8
B.Silkscreen
0
POLYLINE
8
B.Silkscreen
62
7
70
0
10
0.000000
20
0.000000
66
1
0
VERTEX
8
B.Silkscreen
10
192.284637
20
-176.619445
70
0
0
VERTEX
8
B.Silkscreen
10
191.940944
20
-176.616799
70
0
0
SEQEND
8
B.Silkscreen
0
POLYLINE
8
B.Silkscreen
62
7
70
0
10
0.000000
20
0.000000
66
1
0
VERTEX
8
B.Silkscreen
10
191.940944
20
-176.616799
70
0
0
VERTEX
8
B.Silkscreen
10
191.597250
20
-176.616799
70
0
0
SEQEND
8
B.Silkscreen
0
POLYLINE
8
B.Silkscreen
62
7
70
0
10
0.000000
20
0.000000
66
1
0
VERTEX
8
B.Silkscreen
10
191.597250
20
-176.616799
70
0
0
VERTEX
8
B.Silkscreen
10
191.593282
20
-176.484508
70
0
0
SEQEND
8
B.Silkscreen
0
POLYLINE
8
B.Silkscreen
62
7
70
0
10
0.000000
20
0.000000
66
1
0
VERTEX
8
B.Silkscreen
10
191.593282
20
-176.484508
70
0
0
VERTEX
8
B.Silkscreen
10
191.589313
20
-176.352216
70
0
0
SEQEND
8
B.Silkscreen
0
POLYLINE
8
B.Silkscreen
62
7
70
0
10
0.000000
20
0.000000
66
1
0
VERTEX
8
B.Silkscreen
10
191.589313
20
-176.352216
70
0
0
VERTEX
8
B.Silkscreen
10
192.452118
20
-176.354862
70
0
0
SEQEND
8
B.Silkscreen
0
POLYLINE
8
B.Silkscreen
62
7
70
0
10
0.000000
20
0.000000
66
1
0
VERTEX
8
B.Silkscreen
10
194.061312
20
-175.497613
70
0
0
VERTEX
8
B.Silkscreen
10
194.075864
20
-175.590217
70
0
0
SEQEND
8
B.Silkscreen
0
POLYLINE
8
B.Silkscreen
62
7
70
0
10
0.000000
20
0.000000
66
1
0
VERTEX
8
B.Silkscreen
10
194.075864
20
-175.590217
70
0
0
VERTEX
8
B.Silkscreen
10
194.086183
20
-175.767488
70
0
0
SEQEND
8
B.Silkscreen
0
POLYLINE
8
B.Silkscreen
62
7
70
0
10
0.000000
20
0.000000
66
1
0
VERTEX
8
B.Silkscreen
10
194.086183
20
-175.767488
70
0
0
VERTEX
8
B.Silkscreen
10
194.076922
20
-175.952696
70
0
0
SEQEND
8
B.Silkscreen
0
POLYLINE
8
B.Silkscreen
62
7
70
0
10
0.000000
20
0.000000
66
1
0
VERTEX
8
B.Silkscreen
10
194.076922
20
-175.952696
70
0
0
VERTEX
8
B.Silkscreen
10
194.048612
20
-176.135258
70
0
0
SEQEND
8
B.Silkscreen
0
POLYLINE
8
B.Silkscreen
62
7
70
0
10
0.000000
20
0.000000
66
1
0
VERTEX
8
B.Silkscreen
10
194.048612
20
-176.135258
70
0
0
VERTEX
8
B.Silkscreen
10
194.001781
20
-176.309883
70
0
0
SEQEND
8
B.Silkscreen
0
POLYLINE
8
B.Silkscreen
62
7
70
0
10
0.000000
20
0.000000
66
1
0
VERTEX
8
B.Silkscreen
10
194.001781
20
-176.309883
70
0
0
VERTEX
8
B.Silkscreen
10
193.956537
20
-176.431591
70
0
0
SEQEND
8
B.Silkscreen
0
POLYLINE
8
B.Silkscreen
62
7
70
0
10
0.000000
20
0.000000
66
1
0
VERTEX
8
B.Silkscreen
10
193.956537
20
-176.431591
70
0
0
VERTEX
8
B.Silkscreen
10
193.863404
20
-176.619445
70
0
0
SEQEND
8
B.Silkscreen
0
POLYLINE
8
B.Silkscreen
62
7
70
0
10
0.000000
20
0.000000
66
1
0
VERTEX
8
B.Silkscreen
10
193.863404
20
-176.619445
70
0
0
VERTEX
8
B.Silkscreen
10
193.749104
20
-176.791424
70
0
0
SEQEND
8
B.Silkscreen
0
POLYLINE
8
B.Silkscreen
62
7
70
0
10
0.000000
20
0.000000
66
1
0
VERTEX
8
B.Silkscreen
10
193.749104
20
-176.791424
70
0
0
VERTEX
8
B.Silkscreen
10
193.614960
20
-176.947528
70
0
0
SEQEND
8
B.Silkscreen
0
POLYLINE
8
B.Silkscreen
62
7
70
0
10
0.000000
20
0.000000
66
1
0
VERTEX
8
B.Silkscreen
10
193.614960
20
-176.947528
70
0
0
VERTEX
8
B.Silkscreen
10
193.462560
20
-177.082465
70
0
0
SEQEND
8
B.Silkscreen
0
POLYLINE
8
B.Silkscreen
62
7
70
0
10
0.000000
20
0.000000
66
1
0
VERTEX
8
B.Silkscreen
10
193.462560
20
-177.082465
70
0
0
VERTEX
8
B.Silkscreen
10
193.293756
20
-177.201528
70
0
0
SEQEND
8
B.Silkscreen
0
POLYLINE
8
B.Silkscreen
62
7
70
0
10
0.000000
20
0.000000
66
1
0
VERTEX
8
B.Silkscreen
10
193.293756
20
-177.201528
70
0
0
VERTEX
8
B.Silkscreen
10
193.110136
20
-177.296777
70
0
0
SEQEND
8
B.Silkscreen
0
POLYLINE
8
B.Silkscreen
62
7
70
0
10
0.000000
20
0.000000
66
1
0
VERTEX
8
B.Silkscreen
10
193.110136
20
-177.296777
70
0
0
VERTEX
8
B.Silkscreen
10
192.913022
20
-177.368215
70
0
0
SEQEND
8
B.Silkscreen
0
POLYLINE
8
B.Silkscreen
62
7
70
0
10
0.000000
20
0.000000
66
1
0
VERTEX
8
B.Silkscreen
10
192.913022
20
-177.368215
70
0
0
VERTEX
8
B.Silkscreen
10
192.704266
20
-177.418486
70
0
0
SEQEND
8
B.Silkscreen
0
POLYLINE
8
B.Silkscreen
62
7
70
0
10
0.000000
20
0.000000
66
1
0
VERTEX
8
B.Silkscreen
10
192.704266
20
-177.418486
70
0
0
VERTEX
8
B.Silkscreen
10
192.673839
20
-177.421131
70
0
0
SEQEND
8
B.Silkscreen
0
POLYLINE
8
B.Silkscreen
62
7
70
0
10
0.000000
20
0.000000
66
1
0
VERTEX
8
B.Silkscreen
10
192.673839
20
-177.421131
70
0
0
VERTEX
8
B.Silkscreen
10
192.480693
20
-177.437006
70
0
0
SEQEND
8
B.Silkscreen
0
POLYLINE
8
B.Silkscreen
62
7
70
0
10
0.000000
20
0.000000
66
1
0
VERTEX
8
B.Silkscreen
10
192.480693
20
-177.437006
70
0
0
VERTEX
8
B.Silkscreen
10
192.283843
20
-177.426423
70
0
0
SEQEND
8
B.Silkscreen
0
POLYLINE
8
B.Silkscreen
62
7
70
0
10
0.000000
20
0.000000
66
1
0
VERTEX
8
B.Silkscreen
10
192.283843
20
-177.426423
70
0
0
VERTEX
8
B.Silkscreen
10
192.088052
20
-177.392027
70
0
0
SEQEND
8
B.Silkscreen
0
POLYLINE
8
B.Silkscreen
62
7
70
0
10
0.000000
20
0.000000
66
1
0
VERTEX
8
B.Silkscreen
10
192.088052
20
-177.392027
70
0
0
VERTEX
8
B.Silkscreen
10
191.897552
20
-177.336465
70
0
0
SEQEND
8
B.Silkscreen
0
POLYLINE
8
B.Silkscreen
62
7
70
0
10
0.000000
20
0.000000
66
1
0
VERTEX
8
B.Silkscreen
10
191.897552
20
-177.336465
70
0
0
VERTEX
8
B.Silkscreen
10
191.716313
20
-177.257090
70
0
0
SEQEND
8
B.Silkscreen
0
POLYLINE
8
B.Silkscreen
62
7
70
0
10
0.000000
20
0.000000
66
1
0
VERTEX
8
B.Silkscreen
10
191.716313
20
-177.257090
70
0
0
VERTEX
8
B.Silkscreen
10
191.549096
20
-177.156548
70
0
0
SEQEND
8
B.Silkscreen
0
POLYLINE
8
B.Silkscreen
62
7
70
0
10
0.000000
20
0.000000
66
1
0
VERTEX
8
B.Silkscreen
10
191.549096
20
-177.156548
70
0
0
VERTEX
8
B.Silkscreen
10
191.483744
20
-177.106278
70
0
0
SEQEND
8
B.Silkscreen
0
POLYLINE
8
B.Silkscreen
62
7
70
0
10
0.000000
20
0.000000
66
1
0
VERTEX
8
B.Silkscreen
10
191.483744
20
-177.106278
70
0
0
VERTEX
8
B.Silkscreen
10
191.381615
20
-177.018965
70
0
0
SEQEND
8
B.Silkscreen
0
POLYLINE
8
B.Silkscreen
62
7
70
0
10
0.000000
20
0.000000
66
1
0
VERTEX
8
B.Silkscreen
10
191.381615
20
-177.018965
70
0
0
VERTEX
8
B.Silkscreen
10
191.282926
20
-176.923715
70
0
0
SEQEND
8
B.Silkscreen
0
POLYLINE
8
B.Silkscreen
62
7
70
0
10
0.000000
20
0.000000
66
1
0
VERTEX
8
B.Silkscreen
10
191.282926
20
-176.923715
70
0
0
VERTEX
8
B.Silkscreen
10
191.194290
20
-176.825820
70
0
0
SEQEND
8
B.Silkscreen
0
POLYLINE
8
B.Silkscreen
62
7
70
0
10
0.000000
20
0.000000
66
1
0
VERTEX
8
B.Silkscreen
10
191.194290
20
-176.825820
70
0
0
VERTEX
8
B.Silkscreen
10
191.123382
20
-176.730570
70
0
0
SEQEND
8
B.Silkscreen
0
POLYLINE
8
B.Silkscreen
62
7
70
0
10
0.000000
20
0.000000
66
1
0
VERTEX
8
B.Silkscreen
10
191.123382
20
-176.730570
70
0
0
VERTEX
8
B.Silkscreen
10
191.109624
20
-176.709403
70
0
0
SEQEND
8
B.Silkscreen
0
POLYLINE
8
B.Silkscreen
62
7
70
0
10
0.000000
20
0.000000
66
1
0
VERTEX
8
B.Silkscreen
10
191.109624
20
-176.709403
70
0
0
VERTEX
8
B.Silkscreen
10
191.078668
20
-176.659132
70
0
0
SEQEND
8
B.Silkscreen
0
POLYLINE
8
B.Silkscreen
62
7
70
0
10
0.000000
20
0.000000
66
1
0
VERTEX
8
B.Silkscreen
10
191.078668
20
-176.659132
70
0
0
VERTEX
8
B.Silkscreen
10
191.045066
20
-176.598278
70
0
0
SEQEND
8
B.Silkscreen
0
POLYLINE
8
B.Silkscreen
62
7
70
0
10
0.000000
20
0.000000
66
1
0
VERTEX
8
B.Silkscreen
10
191.045066
20
-176.598278
70
0
0
VERTEX
8
B.Silkscreen
10
191.011199
20
-176.534778
70
0
0
SEQEND
8
B.Silkscreen
0
POLYLINE
8
B.Silkscreen
62
7
70
0
10
0.000000
20
0.000000
66
1
0
VERTEX
8
B.Silkscreen
10
191.011199
20
-176.534778
70
0
0
VERTEX
8
B.Silkscreen
10
190.979978
20
-176.473924
70
0
0
SEQEND
8
B.Silkscreen
0
POLYLINE
8
B.Silkscreen
62
7
70
0
10
0.000000
20
0.000000
66
1
0
VERTEX
8
B.Silkscreen
10
190.979978
20
-176.473924
70
0
0
VERTEX
8
B.Silkscreen
10
190.954049
20
-176.421008
70
0
0
SEQEND
8
B.Silkscreen
0
POLYLINE
8
B.Silkscreen
62
7
70
0
10
0.000000
20
0.000000
66
1
0
VERTEX
8
B.Silkscreen
10
190.954049
20
-176.421008
70
0
0
VERTEX
8
B.Silkscreen
10
190.936587
20
-176.381320
70
0
0
SEQEND
8
B.Silkscreen
0
POLYLINE
8
B.Silkscreen
62
7
70
0
10
0.000000
20
0.000000
66
1
0
VERTEX
8
B.Silkscreen
10
190.936587
20
-176.381320
70
0
0
VERTEX
8
B.Silkscreen
10
190.930237
20
-176.360154
70
0
0
SEQEND
8
B.Silkscreen
0
POLYLINE
8
B.Silkscreen
62
7
70
0
10
0.000000
20
0.000000
66
1
0
VERTEX
8
B.Silkscreen
10
190.930237
20
-176.360154
70
0
0
VERTEX
8
B.Silkscreen
10
190.932882
20
-176.357508
70
0
0
SEQEND
8
B.Silkscreen
0
POLYLINE
8
B.Silkscreen
62
7
70
0
10
0.000000
20
0.000000
66
1
0
VERTEX
8
B.Silkscreen
10
190.932882
20
-176.357508
70
0
0
VERTEX
8
B.Silkscreen
10
190.955901
20
-176.354862
70
0
0
SEQEND
8
B.Silkscreen
0
POLYLINE
8
B.Silkscreen
62
7
70
0
10
0.000000
20
0.000000
66
1
0
VERTEX
8
B.Silkscreen
10
190.955901
20
-176.354862
70
0
0
VERTEX
8
B.Silkscreen
10
190.997705
20
-176.352216
70
0
0
SEQEND
8
B.Silkscreen
0
POLYLINE
8
B.Silkscreen
62
7
70
0
10
0.000000
20
0.000000
66
1
0
VERTEX
8
B.Silkscreen
10
190.997705
20
-176.352216
70
0
0
VERTEX
8
B.Silkscreen
10
191.051680
20
-176.352216
70
0
0
SEQEND
8
B.Silkscreen
0
POLYLINE
8
B.Silkscreen
62
7
70
0
10
0.000000
20
0.000000
66
1
0
VERTEX
8
B.Silkscreen
10
191.051680
20
-176.352216
70
0
0
VERTEX
8
B.Silkscreen
10
191.172859
20
-176.352216
70
0
0
SEQEND
8
B.Silkscreen
0
POLYLINE
8
B.Silkscreen
62
7
70
0
10
0.000000
20
0.000000
66
1
0
VERTEX
8
B.Silkscreen
10
191.172859
20
-176.352216
70
0
0
VERTEX
8
B.Silkscreen
10
191.206197
20
-176.423654
70
0
0
SEQEND
8
B.Silkscreen
0
POLYLINE
8
B.Silkscreen
62
7
70
0
10
0.000000
20
0.000000
66
1
0
VERTEX
8
B.Silkscreen
10
191.206197
20
-176.423654
70
0
0
VERTEX
8
B.Silkscreen
10
191.234507
20
-176.479216
70
0
0
SEQEND
8
B.Silkscreen
0
POLYLINE
8
B.Silkscreen
62
7
70
0
10
0.000000
20
0.000000
66
1
0
VERTEX
8
B.Silkscreen
10
191.234507
20
-176.479216
70
0
0
VERTEX
8
B.Silkscreen
10
191.304092
20
-176.590341
70
0
0
SEQEND
8
B.Silkscreen
0
POLYLINE
8
B.Silkscreen
62
7
70
0
10
0.000000
20
0.000000
66
1
0
VERTEX
8
B.Silkscreen
10
191.304092
20
-176.590341
70
0
0
VERTEX
8
B.Silkscreen
10
191.388759
20
-176.701466
70
0
0
SEQEND
8
B.Silkscreen
0
POLYLINE
8
B.Silkscreen
62
7
70
0
10
0.000000
20
0.000000
66
1
0
VERTEX
8
B.Silkscreen
10
191.388759
20
-176.701466
70
0
0
VERTEX
8
B.Silkscreen
10
191.482950
20
-176.807299
70
0
0
SEQEND
8
B.Silkscreen
0
POLYLINE
8
B.Silkscreen
62
7
70
0
10
0.000000
20
0.000000
66
1
0
VERTEX
8
B.Silkscreen
10
191.482950
20
-176.807299
70
0
0
VERTEX
8
B.Silkscreen
10
191.580846
20
-176.899903
70
0
0
SEQEND
8
B.Silkscreen
0
POLYLINE
8
B.Silkscreen
62
7
70
0
10
0.000000
20
0.000000
66
1
0
VERTEX
8
B.Silkscreen
10
191.580846
20
-176.899903
70
0
0
VERTEX
8
B.Silkscreen
10
191.676625
20
-176.973986
70
0
0
SEQEND
8
B.Silkscreen
0
POLYLINE
8
B.Silkscreen
62
7
70
0
10
0.000000
20
0.000000
66
1
0
VERTEX
8
B.Silkscreen
10
191.676625
20
-176.973986
70
0
0
VERTEX
8
B.Silkscreen
10
191.723192
20
-177.003090
70
0
0
SEQEND
8
B.Silkscreen
0
POLYLINE
8
B.Silkscreen
62
7
70
0
10
0.000000
20
0.000000
66
1
0
VERTEX
8
B.Silkscreen
10
191.723192
20
-177.003090
70
0
0
VERTEX
8
B.Silkscreen
10
191.894906
20
-177.093049
70
0
0
SEQEND
8
B.Silkscreen
0
POLYLINE
8
B.Silkscreen
62
7
70
0
10
0.000000
20
0.000000
66
1
0
VERTEX
8
B.Silkscreen
10
191.894906
20
-177.093049
70
0
0
VERTEX
8
B.Silkscreen
10
192.073235
20
-177.156548
70
0
0
SEQEND
8
B.Silkscreen
0
POLYLINE
8
B.Silkscreen
62
7
70
0
10
0.000000
20
0.000000
66
1
0
VERTEX
8
B.Silkscreen
10
192.073235
20
-177.156548
70
0
0
VERTEX
8
B.Silkscreen
10
192.259766
20
-177.193590
70
0
0
SEQEND
8
B.Silkscreen
0
POLYLINE
8
B.Silkscreen
62
7
70
0
10
0.000000
20
0.000000
66
1
0
VERTEX
8
B.Silkscreen
10
192.259766
20
-177.193590
70
0
0
VERTEX
8
B.Silkscreen
10
192.456351
20
-177.206819
70
0
0
SEQEND
8
B.Silkscreen
0
POLYLINE
8
B.Silkscreen
62
7
70
0
10
0.000000
20
0.000000
66
1
0
VERTEX
8
B.Silkscreen
10
192.456351
20
-177.206819
70
0
0
VERTEX
8
B.Silkscreen
10
192.593670
20
-177.201528
70
0
0
SEQEND
8
B.Silkscreen
0
POLYLINE
8
B.Silkscreen
62
7
70
0
10
0.000000
20
0.000000
66
1
0
VERTEX
8
B.Silkscreen
10
192.593670
20
-177.201528
70
0
0
VERTEX
8
B.Silkscreen
10
192.780465
20
-177.172423
70
0
0
SEQEND
8
B.Silkscreen
0
POLYLINE
8
B.Silkscreen
62
7
70
0
10
0.000000
20
0.000000
66
1
0
VERTEX
8
B.Silkscreen
10
192.780465
20
-177.172423
70
0
0
VERTEX
8
B.Silkscreen
10
192.955355
20
-177.119507
70
0
0
SEQEND
8
B.Silkscreen
0
POLYLINE
8
B.Silkscreen
62
7
70
0
10
0.000000
20
0.000000
66
1
0
VERTEX
8
B.Silkscreen
10
192.955355
20
-177.119507
70
0
0
VERTEX
8
B.Silkscreen
10
193.119396
20
-177.040132
70
0
0
SEQEND
8
B.Silkscreen
0
POLYLINE
8
B.Silkscreen
62
7
70
0
10
0.000000
20
0.000000
66
1
0
VERTEX
8
B.Silkscreen
10
193.119396
20
-177.040132
70
0
0
VERTEX
8
B.Silkscreen
10
193.274177
20
-176.936945
70
0
0
SEQEND
8
B.Silkscreen
0
POLYLINE
8
B.Silkscreen
62
7
70
0
10
0.000000
20
0.000000
66
1
0
VERTEX
8
B.Silkscreen
10
193.274177
20
-176.936945
70
0
0
VERTEX
8
B.Silkscreen
10
193.420492
20
-176.807299
70
0
0
SEQEND
8
B.Silkscreen
0
POLYLINE
8
B.Silkscreen
62
7
70
0
10
0.000000
20
0.000000
66
1
0
VERTEX
8
B.Silkscreen
10
193.420492
20
-176.807299
70
0
0
VERTEX
8
B.Silkscreen
10
193.533204
20
-176.682945
70
0
0
SEQEND
8
B.Silkscreen
0
POLYLINE
8
B.Silkscreen
62
7
70
0
10
0.000000
20
0.000000
66
1
0
VERTEX
8
B.Silkscreen
10
193.533204
20
-176.682945
70
0
0
VERTEX
8
B.Silkscreen
10
193.646710
20
-176.524195
70
0
0
SEQEND
8
B.Silkscreen
0
POLYLINE
8
B.Silkscreen
62
7
70
0
10
0.000000
20
0.000000
66
1
0
VERTEX
8
B.Silkscreen
10
193.646710
20
-176.524195
70
0
0
VERTEX
8
B.Silkscreen
10
193.734287
20
-176.360154
70
0
0
SEQEND
8
B.Silkscreen
0
POLYLINE
8
B.Silkscreen
62
7
70
0
10
0.000000
20
0.000000
66
1
0
VERTEX
8
B.Silkscreen
10
193.734287
20
-176.360154
70
0
0
VERTEX
8
B.Silkscreen
10
193.796200
20
-176.185529
70
0
0
SEQEND
8
B.Silkscreen
0
POLYLINE
8
B.Silkscreen
62
7
70
0
10
0.000000
20
0.000000
66
1
0
VERTEX
8
B.Silkscreen
10
193.796200
20
-176.185529
70
0
0
VERTEX
8
B.Silkscreen
10
193.832977
20
-176.000321
70
0
0
SEQEND
8
B.Silkscreen
0
POLYLINE
8
B.Silkscreen
62
7
70
0
10
0.000000
20
0.000000
66
1
0
VERTEX
8
B.Silkscreen
10
193.832977
20
-176.000321
70
0
0
VERTEX
8
B.Silkscreen
10
193.845412
20
-175.807175
70
0
0
SEQEND
8
B.Silkscreen
0
POLYLINE
8
B.Silkscreen
62
7
70
0
10
0.000000
20
0.000000
66
1
0
VERTEX
8
B.Silkscreen
10
193.845412
20
-175.807175
70
0
0
VERTEX
8
B.Silkscreen
10
193.845677
20
-175.653717
70
0
0
SEQEND
8
B.Silkscreen
0
POLYLINE
8
B.Silkscreen
62
7
70
0
10
0.000000
20
0.000000
66
1
0
VERTEX
8
B.Silkscreen
10
193.845677
20
-175.653717
70
0
0
VERTEX
8
B.Silkscreen
10
193.690896
20
-175.616675
70
0
0
SEQEND
8
B.Silkscreen
0
POLYLINE
8
B.Silkscreen
62
7
70
0
10
0.000000
20
0.000000
66
1
0
VERTEX
8
B.Silkscreen
10
193.690896
20
-175.616675
70
0
0
VERTEX
8
B.Silkscreen
10
193.615754
20
-175.598155
70
0
0
SEQEND
8
B.Silkscreen
0
POLYLINE
8
B.Silkscreen
62
7
70
0
10
0.000000
20
0.000000
66
1
0
VERTEX
8
B.Silkscreen
10
193.615754
20
-175.598155
70
0
0
VERTEX
8
B.Silkscreen
10
193.525002
20
-175.576988
70
0
0
SEQEND
8
B.Silkscreen
0
POLYLINE
8
B.Silkscreen
62
7
70
0
10
0.000000
20
0.000000
66
1
0
VERTEX
8
B.Silkscreen
10
193.525002
20
-175.576988
70
0
0
VERTEX
8
B.Silkscreen
10
193.430546
20
-175.553175
70
0
0
SEQEND
8
B.Silkscreen
0
POLYLINE
8
B.Silkscreen
62
7
70
0
10
0.000000
20
0.000000
66
1
0
VERTEX
8
B.Silkscreen
10
193.430546
20
-175.553175
70
0
0
VERTEX
8
B.Silkscreen
10
193.343763
20
-175.532009
70
0
0
SEQEND
8
B.Silkscreen
0
POLYLINE
8
B.Silkscreen
62
7
70
0
10
0.000000
20
0.000000
66
1
0
VERTEX
8
B.Silkscreen
10
193.343763
20
-175.532009
70
0
0
VERTEX
8
B.Silkscreen
10
193.258832
20
-175.510842
70
0
0
SEQEND
8
B.Silkscreen
0
POLYLINE
8
B.Silkscreen
62
7
70
0
10
0.000000
20
0.000000
66
1
0
VERTEX
8
B.Silkscreen
10
193.258832
20
-175.510842
70
0
0
VERTEX
8
B.Silkscreen
10
193.091350
20
-175.471155
70
0
0
SEQEND
8
B.Silkscreen
0
POLYLINE
8
B.Silkscreen
62
7
70
0
10
0.000000
20
0.000000
66
1
0
VERTEX
8
B.Silkscreen
10
193.091350
20
-175.471155
70
0
0
VERTEX
8
B.Silkscreen
10
192.949269
20
-175.436759
70
0
0
SEQEND
8
B.Silkscreen
0
POLYLINE
8
B.Silkscreen
62
7
70
0
10
0.000000
20
0.000000
66
1
0
VERTEX
8
B.Silkscreen
10
192.949269
20
-175.436759
70
0
0
VERTEX
8
B.Silkscreen
10
192.831001
20
-175.410301
70
0
0
SEQEND
8
B.Silkscreen
0
POLYLINE
8
B.Silkscreen
62
7
70
0
10
0.000000
20
0.000000
66
1
0
VERTEX
8
B.Silkscreen
10
192.831001
20
-175.410301
70
0
0
VERTEX
8
B.Silkscreen
10
192.736280
20
-175.386488
70
0
0
SEQEND
8
B.Silkscreen
0
POLYLINE
8
B.Silkscreen
62
7
70
0
10
0.000000
20
0.000000
66
1
0
VERTEX
8
B.Silkscreen
10
192.736280
20
-175.386488
70
0
0
VERTEX
8
B.Silkscreen
10
192.663520
20
-175.370613
70
0
0
SEQEND
8
B.Silkscreen
0
POLYLINE
8
B.Silkscreen
62
7
70
0
10
0.000000
20
0.000000
66
1
0
VERTEX
8
B.Silkscreen
10
192.663520
20
-175.370613
70
0
0
VERTEX
8
B.Silkscreen
10
192.611926
20
-175.360030
70
0
0
SEQEND
8
B.Silkscreen
0
POLYLINE
8
B.Silkscreen
62
7
70
0
10
0.000000
20
0.000000
66
1
0
VERTEX
8
B.Silkscreen
10
192.611926
20
-175.360030
70
0
0
VERTEX
8
B.Silkscreen
10
192.580441
20
-175.354738
70
0
0
SEQEND
8
B.Silkscreen
0
POLYLINE
8
B.Silkscreen
62
7
70
0
10
0.000000
20
0.000000
66
1
0
VERTEX
8
B.Silkscreen
10
192.580441
20
-175.354738
70
0
0
VERTEX
8
B.Silkscreen
10
192.568270
20
-175.352092
70
0
0
SEQEND
8
B.Silkscreen
0
POLYLINE
8
B.Silkscreen
62
7
70
0
10
0.000000
20
0.000000
66
1
0
VERTEX
8
B.Silkscreen
10
192.568270
20
-175.352092
70
0
0
VERTEX
8
B.Silkscreen
10
192.566418
20
-175.357384
70
0
0
SEQEND
8
B.Silkscreen
0
POLYLINE
8
B.Silkscreen
62
7
70
0
10
0.000000
20
0.000000
66
1
0
VERTEX
8
B.Silkscreen
10
192.566418
20
-175.357384
70
0
0
VERTEX
8
B.Silkscreen
10
192.562978
20
-175.386488
70
0
0
SEQEND
8
B.Silkscreen
0
POLYLINE
8
B.Silkscreen
62
7
70
0
10
0.000000
20
0.000000
66
1
0
VERTEX
8
B.Silkscreen
10
192.562978
20
-175.386488
70
0
0
VERTEX
8
B.Silkscreen
10
192.559539
20
-175.434113
70
0
0
SEQEND
8
B.Silkscreen
0
POLYLINE
8
B.Silkscreen
62
7
70
0
10
0.000000
20
0.000000
66
1
0
VERTEX
8
B.Silkscreen
10
192.559539
20
-175.434113
70
0
0
VERTEX
8
B.Silkscreen
10
192.556893
20
-175.497613
70
0
0
SEQEND
8
B.Silkscreen
0
POLYLINE
8
B.Silkscreen
62
7
70
0
10
0.000000
20
0.000000
66
1
0
VERTEX
8
B.Silkscreen
10
192.556893
20
-175.497613
70
0
0
VERTEX
8
B.Silkscreen
10
192.554776
20
-175.569050
70
0
0
SEQEND
8
B.Silkscreen
0
POLYLINE
8
B.Silkscreen
62
7
70
0
10
0.000000
20
0.000000
66
1
0
VERTEX
8
B.Silkscreen
10
192.554776
20
-175.569050
70
0
0
VERTEX
8
B.Silkscreen
10
192.553982
20
-175.611384
70
0
0
SEQEND
8
B.Silkscreen
0
POLYLINE
8
B.Silkscreen
62
7
70
0
10
0.000000
20
0.000000
66
1
0
VERTEX
8
B.Silkscreen
10
192.553982
20
-175.611384
70
0
0
VERTEX
8
B.Silkscreen
10
192.552130
20
-175.677530
70
0
0
SEQEND
8
B.Silkscreen
0
POLYLINE
8
B.Silkscreen
62
7
70
0
10
0.000000
20
0.000000
66
1
0
VERTEX
8
B.Silkscreen
10
192.552130
20
-175.677530
70
0
0
VERTEX
8
B.Silkscreen
10
192.550278
20
-175.733092
70
0
0
SEQEND
8
B.Silkscreen
0
POLYLINE
8
B.Silkscreen
62
7
70
0
10
0.000000
20
0.000000
66
1
0
VERTEX
8
B.Silkscreen
10
192.550278
20
-175.733092
70
0
0
VERTEX
8
B.Silkscreen
10
192.548426
20
-175.770134
70
0
0
SEQEND
8
B.Silkscreen
0
POLYLINE
8
B.Silkscreen
62
7
70
0
10
0.000000
20
0.000000
66
1
0
VERTEX
8
B.Silkscreen
10
192.548426
20
-175.770134
70
0
0
VERTEX
8
B.Silkscreen
10
192.546839
20
-175.783363
70
0
0
SEQEND
8
B.Silkscreen
0
POLYLINE
8
B.Silkscreen
62
7
70
0
10
0.000000
20
0.000000
66
1
0
VERTEX
8
B.Silkscreen
10
192.546839
20
-175.783363
70
0
0
VERTEX
8
B.Silkscreen
10
192.543399
20
-175.783363
70
0
0
SEQEND
8
B.Silkscreen
0
POLYLINE
8
B.Silkscreen
62
7
70
0
10
0.000000
20
0.000000
66
1
0
VERTEX
8
B.Silkscreen
10
192.543399
20
-175.783363
70
0
0
VERTEX
8
B.Silkscreen
10
192.518793
20
-175.780717
70
0
0
SEQEND
8
B.Silkscreen
0
POLYLINE
8
B.Silkscreen
62
7
70
0
10
0.000000
20
0.000000
66
1
0
VERTEX
8
B.Silkscreen
10
192.518793
20
-175.780717
70
0
0
VERTEX
8
B.Silkscreen
10
192.474343
20
-175.770134
70
0
0
SEQEND
8
B.Silkscreen
0
POLYLINE
8
B.Silkscreen
62
7
70
0
10
0.000000
20
0.000000
66
1
0
VERTEX
8
B.Silkscreen
10
192.474343
20
-175.770134
70
0
0
VERTEX
8
B.Silkscreen
10
192.414812
20
-175.756904
70
0
0
SEQEND
8
B.Silkscreen
0
POLYLINE
8
B.Silkscreen
62
7
70
0
10
0.000000
20
0.000000
66
1
0
VERTEX
8
B.Silkscreen
10
192.414812
20
-175.756904
70
0
0
VERTEX
8
B.Silkscreen
10
192.345226
20
-175.741029
70
0
0
SEQEND
8
B.Silkscreen
0
POLYLINE
8
B.Silkscreen
62
7
70
0
10
0.000000
20
0.000000
66
1
0
VERTEX
8
B.Silkscreen
10
192.345226
20
-175.741029
70
0
0
VERTEX
8
B.Silkscreen
10
192.316387
20
-175.733092
70
0
0
SEQEND
8
B.Silkscreen
0
POLYLINE
8
B.Silkscreen
62
7
70
0
10
0.000000
20
0.000000
66
1
0
VERTEX
8
B.Silkscreen
10
192.316387
20
-175.733092
70
0
0
VERTEX
8
B.Silkscreen
10
192.219814
20
-175.711925
70
0
0
SEQEND
8
B.Silkscreen
0
POLYLINE
8
B.Silkscreen
62
7
70
0
10
0.000000
20
0.000000
66
1
0
VERTEX
8
B.Silkscreen
10
192.219814
20
-175.711925
70
0
0
VERTEX
8
B.Silkscreen
10
192.103133
20
-175.682821
70
0
0
SEQEND
8
B.Silkscreen
0
POLYLINE
8
B.Silkscreen
62
7
70
0
10
0.000000
20
0.000000
66
1
0
VERTEX
8
B.Silkscreen
10
192.103133
20
-175.682821
70
0
0
VERTEX
8
B.Silkscreen
10
191.971900
20
-175.651071
70
0
0
SEQEND
8
B.Silkscreen
0
POLYLINE
8
B.Silkscreen
62
7
70
0
10
0.000000
20
0.000000
66
1
0
VERTEX
8
B.Silkscreen
10
191.971900
20
-175.651071
70
0
0
VERTEX
8
B.Silkscreen
10
191.830877
20
-175.619321
70
0
0
SEQEND
8
B.Silkscreen
0
POLYLINE
8
B.Silkscreen
62
7
70
0
10
0.000000
20
0.000000
66
1
0
VERTEX
8
B.Silkscreen
10
191.830877
20
-175.619321
70
0
0
VERTEX
8
B.Silkscreen
10
191.685356
20
-175.582280
70
0
0
SEQEND
8
B.Silkscreen
0
POLYLINE
8
B.Silkscreen
62
7
70
0
10
0.000000
20
0.000000
66
1
0
VERTEX
8
B.Silkscreen
10
191.685356
20
-175.582280
70
0
0
VERTEX
8
B.Silkscreen
10
191.540630
20
-175.547884
70
0
0
SEQEND
8
B.Silkscreen
0
POLYLINE
8
B.Silkscreen
62
7
70
0
10
0.000000
20
0.000000
66
1
0
VERTEX
8
B.Silkscreen
10
191.540630
20
-175.547884
70
0
0
VERTEX
8
B.Silkscreen
10
191.401194
20
-175.516134
70
0
0
SEQEND
8
B.Silkscreen
0
POLYLINE
8
B.Silkscreen
62
7
70
0
10
0.000000
20
0.000000
66
1
0
VERTEX
8
B.Silkscreen
10
191.401194
20
-175.516134
70
0
0
VERTEX
8
B.Silkscreen
10
191.272607
20
-175.484384
70
0
0
SEQEND
8
B.Silkscreen
0
POLYLINE
8
B.Silkscreen
62
7
70
0
10
0.000000
20
0.000000
66
1
0
VERTEX
8
B.Silkscreen
10
191.272607
20
-175.484384
70
0
0
VERTEX
8
B.Silkscreen
10
191.159895
20
-175.457926
70
0
0
SEQEND
8
B.Silkscreen
0
POLYLINE
8
B.Silkscreen
62
7
70
0
10
0.000000
20
0.000000
66
1
0
VERTEX
8
B.Silkscreen
10
191.159895
20
-175.457926
70
0
0
VERTEX
8
B.Silkscreen
10
191.099305
20
-175.442051
70
0
0
SEQEND
8
B.Silkscreen
0
POLYLINE
8
B.Silkscreen
62
7
70
0
10
0.000000
20
0.000000
66
1
0
VERTEX
8
B.Silkscreen
10
191.099305
20
-175.442051
70
0
0
VERTEX
8
B.Silkscreen
10
191.028397
20
-175.426176
70
0
0
SEQEND
8
B.Silkscreen
0
POLYLINE
8
B.Silkscreen
62
7
70
0
10
0.000000
20
0.000000
66
1
0
VERTEX
8
B.Silkscreen
10
191.028397
20
-175.426176
70
0
0
VERTEX
8
B.Silkscreen
10
190.969924
20
-175.412947
70
0
0
SEQEND
8
B.Silkscreen
0
POLYLINE
8
B.Silkscreen
62
7
70
0
10
0.000000
20
0.000000
66
1
0
VERTEX
8
B.Silkscreen
10
190.969924
20
-175.412947
70
0
0
VERTEX
8
B.Silkscreen
10
190.928649
20
-175.405009
70
0
0
SEQEND
8
B.Silkscreen
0
POLYLINE
8
B.Silkscreen
62
7
70
0
10
0.000000
20
0.000000
66
1
0
VERTEX
8
B.Silkscreen
10
190.928649
20
-175.405009
70
0
0
VERTEX
8
B.Silkscreen
10
190.909070
20
-175.402363
70
0
0
SEQEND
8
B.Silkscreen
0
POLYLINE
8
B.Silkscreen
62
7
70
0
10
0.000000
20
0.000000
66
1
0
VERTEX
8
B.Silkscreen
10
190.909070
20
-175.402363
70
0
0
VERTEX
8
B.Silkscreen
10
190.898487
20
-175.402363
70
0
0
SEQEND
8
B.Silkscreen
0
POLYLINE
8
B.Silkscreen
62
7
70
0
10
0.000000
20
0.000000
66
1
0
VERTEX
8
B.Silkscreen
10
190.898487
20
-175.402363
70
0
0
VERTEX
8
B.Silkscreen
10
190.891343
20
-175.394426
70
0
0
SEQEND
8
B.Silkscreen
0
POLYLINE
8
B.Silkscreen
62
7
70
0
10
0.000000
20
0.000000
66
1
0
VERTEX
8
B.Silkscreen
10
190.891343
20
-175.394426
70
0
0
VERTEX
8
B.Silkscreen
10
190.891872
20
-175.378551
70
0
0
SEQEND
8
B.Silkscreen
0
POLYLINE
8
B.Silkscreen
62
7
70
0
10
0.000000
20
0.000000
66
1
0
VERTEX
8
B.Silkscreen
10
190.891872
20
-175.378551
70
0
0
VERTEX
8
B.Silkscreen
10
190.900603
20
-175.344155
70
0
0
SEQEND
8
B.Silkscreen
0
POLYLINE
8
B.Silkscreen
62
7
70
0
10
0.000000
20
0.000000
66
1
0
VERTEX
8
B.Silkscreen
10
190.900603
20
-175.344155
70
0
0
VERTEX
8
B.Silkscreen
10
190.917801
20
-175.291238
70
0
0
SEQEND
8
B.Silkscreen
0
POLYLINE
8
B.Silkscreen
62
7
70
0
10
0.000000
20
0.000000
66
1
0
VERTEX
8
B.Silkscreen
10
190.917801
20
-175.291238
70
0
0
VERTEX
8
B.Silkscreen
10
190.922564
20
-175.278009
70
0
0
SEQEND
8
B.Silkscreen
0
POLYLINE
8
B.Silkscreen
62
7
70
0
10
0.000000
20
0.000000
66
1
0
VERTEX
8
B.Silkscreen
10
190.922564
20
-175.278009
70
0
0
VERTEX
8
B.Silkscreen
10
190.938968
20
-175.235676
70
0
0
SEQEND
8
B.Silkscreen
0
POLYLINE
8
B.Silkscreen
62
7
70
0
10
0.000000
20
0.000000
66
1
0
VERTEX
8
B.Silkscreen
10
190.938968
20
-175.235676
70
0
0
VERTEX
8
B.Silkscreen
10
191.191380
20
-175.235676
70
0
0
SEQEND
8
B.Silkscreen
0
POLYLINE
8
B.Silkscreen
62
7
70
0
10
0.000000
20
0.000000
66
1
0
VERTEX
8
B.Silkscreen
10
191.191380
20
-175.235676
70
0
0
VERTEX
8
B.Silkscreen
10
191.222336
20
-175.243613
70
0
0
SEQEND
8
B.Silkscreen
0
POLYLINE
8
B.Silkscreen
62
7
70
0
10
0.000000
20
0.000000
66
1
0
VERTEX
8
B.Silkscreen
10
191.222336
20
-175.243613
70
0
0
VERTEX
8
B.Silkscreen
10
191.222336
20
-175.243613
70
0
0
SEQEND
8
B.Silkscreen
0
POLYLINE
8
B.Silkscreen
62
7
70
0
10
0.000000
20
0.000000
66
1
0
VERTEX
8
B.Silkscreen
10
191.222336
20
-175.243613
70
0
0
VERTEX
8
B.Silkscreen
10
191.244032
20
-175.248905
70
0
0
SEQEND
8
B.Silkscreen
0
POLYLINE
8
B.Silkscreen
62
7
70
0
10
0.000000
20
0.000000
66
1
0
VERTEX
8
B.Silkscreen
10
191.244032
20
-175.248905
70
0
0
VERTEX
8
B.Silkscreen
10
191.288217
20
-175.259488
70
0
0
SEQEND
8
B.Silkscreen
0
POLYLINE
8
B.Silkscreen
62
7
70
0
10
0.000000
20
0.000000
66
1
0
VERTEX
8
B.Silkscreen
10
191.288217
20
-175.259488
70
0
0
VERTEX
8
B.Silkscreen
10
191.351717
20
-175.275363
70
0
0
SEQEND
8
B.Silkscreen
0
POLYLINE
8
B.Silkscreen
62
7
70
0
10
0.000000
20
0.000000
66
1
0
VERTEX
8
B.Silkscreen
10
191.351717
20
-175.275363
70
0
0
VERTEX
8
B.Silkscreen
10
191.430298
20
-175.293884
70
0
0
SEQEND
8
B.Silkscreen
0
POLYLINE
8
B.Silkscreen
62
7
70
0
10
0.000000
20
0.000000
66
1
0
VERTEX
8
B.Silkscreen
10
191.430298
20
-175.293884
70
0
0
VERTEX
8
B.Silkscreen
10
191.520257
20
-175.315051
70
0
0
SEQEND
8
B.Silkscreen
0
POLYLINE
8
B.Silkscreen
62
7
70
0
10
0.000000
20
0.000000
66
1
0
VERTEX
8
B.Silkscreen
10
191.520257
20
-175.315051
70
0
0
VERTEX
8
B.Silkscreen
10
191.617888
20
-175.338863
70
0
0
SEQEND
8
B.Silkscreen
0
POLYLINE
8
B.Silkscreen
62
7
70
0
10
0.000000
20
0.000000
66
1
0
VERTEX
8
B.Silkscreen
10
191.617888
20
-175.338863
70
0
0
VERTEX
8
B.Silkscreen
10
191.699379
20
-175.360030
70
0
0
SEQEND
8
B.Silkscreen
0
POLYLINE
8
B.Silkscreen
62
7
70
0
10
0.000000
20
0.000000
66
1
0
VERTEX
8
B.Silkscreen
10
191.699379
20
-175.360030
70
0
0
VERTEX
8
B.Silkscreen
10
191.806535
20
-175.383842
70
0
0
SEQEND
8
B.Silkscreen
0
POLYLINE
8
B.Silkscreen
62
7
70
0
10
0.000000
20
0.000000
66
1
0
VERTEX
8
B.Silkscreen
10
191.806535
20
-175.383842
70
0
0
VERTEX
8
B.Silkscreen
10
191.910252
20
-175.410301
70
0
0
SEQEND
8
B.Silkscreen
0
POLYLINE
8
B.Silkscreen
62
7
70
0
10
0.000000
20
0.000000
66
1
0
VERTEX
8
B.Silkscreen
10
191.910252
20
-175.410301
70
0
0
VERTEX
8
B.Silkscreen
10
192.004179
20
-175.431467
70
0
0
SEQEND
8
B.Silkscreen
0
POLYLINE
8
B.Silkscreen
62
7
70
0
10
0.000000
20
0.000000
66
1
0
VERTEX
8
B.Silkscreen
10
192.004179
20
-175.431467
70
0
0
VERTEX
8
B.Silkscreen
10
192.082760
20
-175.449988
70
0
0
SEQEND
8
B.Silkscreen
0
POLYLINE
8
B.Silkscreen
62
7
70
0
10
0.000000
20
0.000000
66
1
0
VERTEX
8
B.Silkscreen
10
192.082760
20
-175.449988
70
0
0
VERTEX
8
B.Silkscreen
10
192.140439
20
-175.463217
70
0
0
SEQEND
8
B.Silkscreen
0
POLYLINE
8
B.Silkscreen
62
7
70
0
10
0.000000
20
0.000000
66
1
0
VERTEX
8
B.Silkscreen
10
192.140439
20
-175.463217
70
0
0
VERTEX
8
B.Silkscreen
10
192.199970
20
-175.476446
70
0
0
SEQEND
8
B.Silkscreen
0
POLYLINE
8
B.Silkscreen
62
7
70
0
10
0.000000
20
0.000000
66
1
0
VERTEX
8
B.Silkscreen
10
192.199970
20
-175.476446
70
0
0
VERTEX
8
B.Silkscreen
10
192.257120
20
-175.492321
70
0
0
SEQEND
8
B.Silkscreen
0
POLYLINE
8
B.Silkscreen
62
7
70
0
10
0.000000
20
0.000000
66
1
0
VERTEX
8
B.Silkscreen
10
192.257120
20
-175.492321
70
0
0
VERTEX
8
B.Silkscreen
10
192.299983
20
-175.500259
70
0
0
SEQEND
8
B.Silkscreen
0
POLYLINE
8
B.Silkscreen
62
7
70
0
10
0.000000
20
0.000000
66
1
0
VERTEX
8
B.Silkscreen
10
192.299983
20
-175.500259
70
0
0
VERTEX
8
B.Silkscreen
10
192.322472
20
-175.508196
70
0
0
SEQEND
8
B.Silkscreen
0
POLYLINE
8
B.Silkscreen
62
7
70
0
10
0.000000
20
0.000000
66
1
0
VERTEX
8
B.Silkscreen
10
192.322472
20
-175.508196
70
0
0
VERTEX
8
B.Silkscreen
10
192.326441
20
-175.508196
70
0
0
SEQEND
8
B.Silkscreen
0
POLYLINE
8
B.Silkscreen
62
7
70
0
10
0.000000
20
0.000000
66
1
0
VERTEX
8
B.Silkscreen
10
192.326441
20
-175.508196
70
0
0
VERTEX
8
B.Silkscreen
10
192.334379
20
-175.505551
70
0
0
SEQEND
8
B.Silkscreen
0
POLYLINE
8
B.Silkscreen
62
7
70
0
10
0.000000
20
0.000000
66
1
0
VERTEX
8
B.Silkscreen
10
192.334379
20
-175.505551
70
0
0
VERTEX
8
B.Silkscreen
10
192.339935
20
-175.494967
70
0
0
SEQEND
8
B.Silkscreen
0
POLYLINE
8
B.Silkscreen
62
7
70
0
10
0.000000
20
0.000000
66
1
0
VERTEX
8
B.Silkscreen
10
192.339935
20
-175.494967
70
0
0
VERTEX
8
B.Silkscreen
10
192.343374
20
-175.473801
70
0
0
SEQEND
8
B.Silkscreen
0
POLYLINE
8
B.Silkscreen
62
7
70
0
10
0.000000
20
0.000000
66
1
0
VERTEX
8
B.Silkscreen
10
192.343374
20
-175.473801
70
0
0
VERTEX
8
B.Silkscreen
10
192.345491
20
-175.434113
70
0
0
SEQEND
8
B.Silkscreen
0
POLYLINE
8
B.Silkscreen
62
7
70
0
10
0.000000
20
0.000000
66
1
0
VERTEX
8
B.Silkscreen
10
192.345491
20
-175.434113
70
0
0
VERTEX
8
B.Silkscreen
10
192.346285
20
-175.375905
70
0
0
SEQEND
8
B.Silkscreen
0
POLYLINE
8
B.Silkscreen
62
7
70
0
10
0.000000
20
0.000000
66
1
0
VERTEX
8
B.Silkscreen
10
192.346285
20
-175.375905
70
0
0
VERTEX
8
B.Silkscreen
10
192.346549
20
-175.293884
70
0
0
SEQEND
8
B.Silkscreen
0
POLYLINE
8
B.Silkscreen
62
7
70
0
10
0.000000
20
0.000000
66
1
0
VERTEX
8
B.Silkscreen
10
192.346549
20
-175.293884
70
0
0
VERTEX
8
B.Silkscreen
10
192.346814
20
-175.243613
70
0
0
SEQEND
8
B.Silkscreen
0
POLYLINE
8
B.Silkscreen
62
7
70
0
10
0.000000
20
0.000000
66
1
0
VERTEX
8
B.Silkscreen
10
192.346814
20
-175.243613
70
0
0
VERTEX
8
B.Silkscreen
10
192.348401
20
-175.174822
70
0
0
SEQEND
8
B.Silkscreen
0
POLYLINE
8
B.Silkscreen
62
7
70
0
10
0.000000
20
0.000000
66
1
0
VERTEX
8
B.Silkscreen
10
192.348401
20
-175.174822
70
0
0
VERTEX
8
B.Silkscreen
10
192.351312
20
-175.121905
70
0
0
SEQEND
8
B.Silkscreen
0
POLYLINE
8
B.Silkscreen
62
7
70
0
10
0.000000
20
0.000000
66
1
0
VERTEX
8
B.Silkscreen
10
192.351312
20
-175.121905
70
0
0
VERTEX
8
B.Silkscreen
10
192.354751
20
-175.084864
70
0
0
SEQEND
8
B.Silkscreen
0
POLYLINE
8
B.Silkscreen
62
7
70
0
10
0.000000
20
0.000000
66
1
0
VERTEX
8
B.Silkscreen
10
192.354751
20
-175.084864
70
0
0
VERTEX
8
B.Silkscreen
10
192.358985
20
-175.071634
70
0
0
SEQEND
8
B.Silkscreen
0
POLYLINE
8
B.Silkscreen
62
7
70
0
10
0.000000
20
0.000000
66
1
0
VERTEX
8
B.Silkscreen
10
192.358985
20
-175.071634
70
0
0
VERTEX
8
B.Silkscreen
10
192.361101
20
-175.071634
70
0
0
SEQEND
8
B.Silkscreen
0
POLYLINE
8
B.Silkscreen
62
7
70
0
10
0.000000
20
0.000000
66
1
0
VERTEX
8
B.Silkscreen
10
192.361101
20
-175.071634
70
0
0
VERTEX
8
B.Silkscreen
10
192.384649
20
-175.076926
70
0
0
SEQEND
8
B.Silkscreen
0
POLYLINE
8
B.Silkscreen
62
7
70
0
10
0.000000
20
0.000000
66
1
0
VERTEX
8
B.Silkscreen
10
192.384649
20
-175.076926
70
0
0
VERTEX
8
B.Silkscreen
10
192.429628
20
-175.087509
70
0
0
SEQEND
8
B.Silkscreen
0
POLYLINE
8
B.Silkscreen
62
7
70
0
10
0.000000
20
0.000000
66
1
0
VERTEX
8
B.Silkscreen
10
192.429628
20
-175.087509
70
0
0
VERTEX
8
B.Silkscreen
10
192.491805
20
-175.103384
70
0
0
SEQEND
8
B.Silkscreen
0
POLYLINE
8
B.Silkscreen
62
7
70
0
10
0.000000
20
0.000000
66
1
0
VERTEX
8
B.Silkscreen
10
192.491805
20
-175.103384
70
0
0
VERTEX
8
B.Silkscreen
10
192.566947
20
-175.119259
70
0
0
SEQEND
8
B.Silkscreen
0
POLYLINE
8
B.Silkscreen
62
7
70
0
10
0.000000
20
0.000000
66
1
0
VERTEX
8
B.Silkscreen
10
192.566947
20
-175.119259
70
0
0
VERTEX
8
B.Silkscreen
10
192.651084
20
-175.140426
70
0
0
SEQEND
8
B.Silkscreen
0
POLYLINE
8
B.Silkscreen
62
7
70
0
10
0.000000
20
0.000000
66
1
0
VERTEX
8
B.Silkscreen
10
192.651084
20
-175.140426
70
0
0
VERTEX
8
B.Silkscreen
10
192.741043
20
-175.161593
70
0
0
SEQEND
8
B.Silkscreen
0
POLYLINE
8
B.Silkscreen
62
7
70
0
10
0.000000
20
0.000000
66
1
0
VERTEX
8
B.Silkscreen
10
192.741043
20
-175.161593
70
0
0
VERTEX
8
B.Silkscreen
10
192.862222
20
-175.190697
70
0
0
SEQEND
8
B.Silkscreen
0
POLYLINE
8
B.Silkscreen
62
7
70
0
10
0.000000
20
0.000000
66
1
0
VERTEX
8
B.Silkscreen
10
192.862222
20
-175.190697
70
0
0
VERTEX
8
B.Silkscreen
10
192.990809
20
-175.222447
70
0
0
SEQEND
8
B.Silkscreen
0
POLYLINE
8
B.Silkscreen
62
7
70
0
10
0.000000
20
0.000000
66
1
0
VERTEX
8
B.Silkscreen
10
192.990809
20
-175.222447
70
0
0
VERTEX
8
B.Silkscreen
10
193.115692
20
-175.251551
70
0
0
SEQEND
8
B.Silkscreen
0
POLYLINE
8
B.Silkscreen
62
7
70
0
10
0.000000
20
0.000000
66
1
0
VERTEX
8
B.Silkscreen
10
193.115692
20
-175.251551
70
0
0
VERTEX
8
B.Silkscreen
10
193.226817
20
-175.278009
70
0
0
SEQEND
8
B.Silkscreen
0
POLYLINE
8
B.Silkscreen
62
7
70
0
10
0.000000
20
0.000000
66
1
0
VERTEX
8
B.Silkscreen
10
193.226817
20
-175.278009
70
0
0
VERTEX
8
B.Silkscreen
10
193.243750
20
-175.283301
70
0
0
SEQEND
8
B.Silkscreen
0
POLYLINE
8
B.Silkscreen
62
7
70
0
10
0.000000
20
0.000000
66
1
0
VERTEX
8
B.Silkscreen
10
193.243750
20
-175.283301
70
0
0
VERTEX
8
B.Silkscreen
10
193.340852
20
-175.304467
70
0
0
SEQEND
8
B.Silkscreen
0
POLYLINE
8
B.Silkscreen
62
7
70
0
10
0.000000
20
0.000000
66
1
0
VERTEX
8
B.Silkscreen
10
193.340852
20
-175.304467
70
0
0
VERTEX
8
B.Silkscreen
10
193.437160
20
-175.328280
70
0
0
SEQEND
8
B.Silkscreen
0
POLYLINE
8
B.Silkscreen
62
7
70
0
10
0.000000
20
0.000000
66
1
0
VERTEX
8
B.Silkscreen
10
193.437160
20
-175.328280
70
0
0
VERTEX
8
B.Silkscreen
10
193.526325
20
-175.349447
70
0
0
SEQEND
8
B.Silkscreen
0
POLYLINE
8
B.Silkscreen
62
7
70
0
10
0.000000
20
0.000000
66
1
0
VERTEX
8
B.Silkscreen
10
193.526325
20
-175.349447
70
0
0
VERTEX
8
B.Silkscreen
10
193.601467
20
-175.367967
70
0
0
SEQEND
8
B.Silkscreen
0
POLYLINE
8
B.Silkscreen
62
7
70
0
10
0.000000
20
0.000000
66
1
0
VERTEX
8
B.Silkscreen
10
193.601467
20
-175.367967
70
0
0
VERTEX
8
B.Silkscreen
10
193.656500
20
-175.381197
70
0
0
SEQEND
8
B.Silkscreen
0
POLYLINE
8
B.Silkscreen
62
7
70
0
10
0.000000
20
0.000000
66
1
0
VERTEX
8
B.Silkscreen
10
193.656500
20
-175.381197
70
0
0
VERTEX
8
B.Silkscreen
10
193.696187
20
-175.389134
70
0
0
SEQEND
8
B.Silkscreen
0
POLYLINE
8
B.Silkscreen
62
7
70
0
10
0.000000
20
0.000000
66
1
0
VERTEX
8
B.Silkscreen
10
193.696187
20
-175.389134
70
0
0
VERTEX
8
B.Silkscreen
10
193.744870
20
-175.399717
70
0
0
SEQEND
8
B.Silkscreen
0
POLYLINE
8
B.Silkscreen
62
7
70
0
10
0.000000
20
0.000000
66
1
0
VERTEX
8
B.Silkscreen
10
193.744870
20
-175.399717
70
0
0
VERTEX
8
B.Silkscreen
10
193.778208
20
-175.402363
70
0
0
SEQEND
8
B.Silkscreen
0
POLYLINE
8
B.Silkscreen
62
7
70
0
10
0.000000
20
0.000000
66
1
0
VERTEX
8
B.Silkscreen
10
193.778208
20
-175.402363
70
0
0
VERTEX
8
B.Silkscreen
10
193.790643
20
-175.399717
70
0
0
SEQEND
8
B.Silkscreen
0
POLYLINE
8
B.Silkscreen
62
7
70
0
10
0.000000
20
0.000000
66
1
0
VERTEX
8
B.Silkscreen
10
193.790643
20
-175.399717
70
0
0
VERTEX
8
B.Silkscreen
10
193.785087
20
-175.375905
70
0
0
SEQEND
8
B.Silkscreen
0
POLYLINE
8
B.Silkscreen
62
7
70
0
10
0.000000
20
0.000000
66
1
0
VERTEX
8
B.Silkscreen
10
193.785087
20
-175.375905
70
0
0
VERTEX
8
B.Silkscreen
10
193.770535
20
-175.336217
70
0
0
SEQEND
8
B.Silkscreen
0
POLYLINE
8
B.Silkscreen
62
7
70
0
10
0.000000
20
0.000000
66
1
0
VERTEX
8
B.Silkscreen
10
193.770535
20
-175.336217
70
0
0
VERTEX
8
B.Silkscreen
10
193.749368
20
-175.283301
70
0
0
SEQEND
8
B.Silkscreen
0
POLYLINE
8
B.Silkscreen
62
7
70
0
10
0.000000
20
0.000000
66
1
0
VERTEX
8
B.Silkscreen
10
193.749368
20
-175.283301
70
0
0
VERTEX
8
B.Silkscreen
10
193.724498
20
-175.227738
70
0
0
SEQEND
8
B.Silkscreen
0
POLYLINE
8
B.Silkscreen
62
7
70
0
10
0.000000
20
0.000000
66
1
0
VERTEX
8
B.Silkscreen
10
193.724498
20
-175.227738
70
0
0
VERTEX
8
B.Silkscreen
10
193.699098
20
-175.172176
70
0
0
SEQEND
8
B.Silkscreen
0
POLYLINE
8
B.Silkscreen
62
7
70
0
10
0.000000
20
0.000000
66
1
0
VERTEX
8
B.Silkscreen
10
193.699098
20
-175.172176
70
0
0
VERTEX
8
B.Silkscreen
10
193.675814
20
-175.127197
70
0
0
SEQEND
8
B.Silkscreen
0
POLYLINE
8
B.Silkscreen
62
7
70
0
10
0.000000
20
0.000000
66
1
0
VERTEX
8
B.Silkscreen
10
193.675814
20
-175.127197
70
0
0
VERTEX
8
B.Silkscreen
10
193.632423
20
-175.055759
70
0
0
SEQEND
8
B.Silkscreen
0
POLYLINE
8
B.Silkscreen
62
7
70
0
10
0.000000
20
0.000000
66
1
0
VERTEX
8
B.Silkscreen
10
193.632423
20
-175.055759
70
0
0
VERTEX
8
B.Silkscreen
10
193.552519
20
-174.944635
70
0
0
SEQEND
8
B.Silkscreen
0
POLYLINE
8
B.Silkscreen
62
7
70
0
10
0.000000
20
0.000000
66
1
0
VERTEX
8
B.Silkscreen
10
193.552519
20
-174.944635
70
0
0
VERTEX
8
B.Silkscreen
10
193.462560
20
-174.836156
70
0
0
SEQEND
8
B.Silkscreen
0
POLYLINE
8
B.Silkscreen
62
7
70
0
10
0.000000
20
0.000000
66
1
0
VERTEX
8
B.Silkscreen
10
193.462560
20
-174.836156
70
0
0
VERTEX
8
B.Silkscreen
10
193.368104
20
-174.743552
70
0
0
SEQEND
8
B.Silkscreen
0
POLYLINE
8
B.Silkscreen
62
7
70
0
10
0.000000
20
0.000000
66
1
0
VERTEX
8
B.Silkscreen
10
193.368104
20
-174.743552
70
0
0
VERTEX
8
B.Silkscreen
10
193.275500
20
-174.666822
70
0
0
SEQEND
8
B.Silkscreen
0
POLYLINE
8
B.Silkscreen
62
7
70
0
10
0.000000
20
0.000000
66
1
0
VERTEX
8
B.Silkscreen
10
193.275500
20
-174.666822
70
0
0
VERTEX
8
B.Silkscreen
10
193.209884
20
-174.624489
70
0
0
SEQEND
8
B.Silkscreen
0
POLYLINE
8
B.Silkscreen
62
7
70
0
10
0.000000
20
0.000000
66
1
0
VERTEX
8
B.Silkscreen
10
193.209884
20
-174.624489
70
0
0
VERTEX
8
B.Silkscreen
10
193.045313
20
-174.534531
70
0
0
SEQEND
8
B.Silkscreen
0
POLYLINE
8
B.Silkscreen
62
7
70
0
10
0.000000
20
0.000000
66
1
0
VERTEX
8
B.Silkscreen
10
193.045313
20
-174.534531
70
0
0
VERTEX
8
B.Silkscreen
10
192.870688
20
-174.468385
70
0
0
SEQEND
8
B.Silkscreen
0
POLYLINE
8
B.Silkscreen
62
7
70
0
10
0.000000
20
0.000000
66
1
0
VERTEX
8
B.Silkscreen
10
192.870688
20
-174.468385
70
0
0
VERTEX
8
B.Silkscreen
10
192.689978
20
-174.426052
70
0
0
SEQEND
8
B.Silkscreen
0
POLYLINE
8
B.Silkscreen
62
7
70
0
10
0.000000
20
0.000000
66
1
0
VERTEX
8
B.Silkscreen
10
192.689978
20
-174.426052
70
0
0
VERTEX
8
B.Silkscreen
10
192.507945
20
-174.407531
70
0
0
SEQEND
8
B.Silkscreen
0
POLYLINE
8
B.Silkscreen
62
7
70
0
10
0.000000
20
0.000000
66
1
0
VERTEX
8
B.Silkscreen
10
192.507945
20
-174.407531
70
0
0
VERTEX
8
B.Silkscreen
10
192.328558
20
-174.412823
70
0
0
SEQEND
8
B.Silkscreen
0
POLYLINE
8
B.Silkscreen
62
7
70
0
10
0.000000
20
0.000000
66
1
0
VERTEX
8
B.Silkscreen
10
192.328558
20
-174.412823
70
0
0
VERTEX
8
B.Silkscreen
10
192.312154
20
-174.415469
70
0
0
SEQEND
8
B.Silkscreen
0
POLYLINE
8
B.Silkscreen
62
7
70
0
10
0.000000
20
0.000000
66
1
0
VERTEX
8
B.Silkscreen
10
192.312154
20
-174.415469
70
0
0
VERTEX
8
B.Silkscreen
10
192.116891
20
-174.449864
70
0
0
SEQEND
8
B.Silkscreen
0
POLYLINE
8
B.Silkscreen
62
7
70
0
10
0.000000
20
0.000000
66
1
0
VERTEX
8
B.Silkscreen
10
192.116891
20
-174.449864
70
0
0
VERTEX
8
B.Silkscreen
10
191.937239
20
-174.508073
70
0
0
SEQEND
8
B.Silkscreen
0
POLYLINE
8
B.Silkscreen
62
7
70
0
10
0.000000
20
0.000000
66
1
0
VERTEX
8
B.Silkscreen
10
191.937239
20
-174.508073
70
0
0
VERTEX
8
B.Silkscreen
10
191.771346
20
-174.590093
70
0
0
SEQEND
8
B.Silkscreen
0
POLYLINE
8
B.Silkscreen
62
7
70
0
10
0.000000
20
0.000000
66
1
0
VERTEX
8
B.Silkscreen
10
191.771346
20
-174.590093
70
0
0
VERTEX
8
B.Silkscreen
10
191.618417
20
-174.693281
70
0
0
SEQEND
8
B.Silkscreen
0
POLYLINE
8
B.Silkscreen
62
7
70
0
10
0.000000
20
0.000000
66
1
0
VERTEX
8
B.Silkscreen
10
191.618417
20
-174.693281
70
0
0
VERTEX
8
B.Silkscreen
10
191.476865
20
-174.822926
70
0
0
SEQEND
8
B.Silkscreen
0
POLYLINE
8
B.Silkscreen
62
7
70
0
10
0.000000
20
0.000000
66
1
0
VERTEX
8
B.Silkscreen
10
191.476865
20
-174.822926
70
0
0
VERTEX
8
B.Silkscreen
10
191.457286
20
-174.844093
70
0
0
SEQEND
8
B.Silkscreen
0
POLYLINE
8
B.Silkscreen
62
7
70
0
10
0.000000
20
0.000000
66
1
0
VERTEX
8
B.Silkscreen
10
191.457286
20
-174.844093
70
0
0
VERTEX
8
B.Silkscreen
10
191.384261
20
-174.923468
70
0
0
SEQEND
8
B.Silkscreen
0
POLYLINE
8
B.Silkscreen
62
7
70
0
10
0.000000
20
0.000000
66
1
0
VERTEX
8
B.Silkscreen
10
191.384261
20
-174.923468
70
0
0
VERTEX
8
B.Silkscreen
10
191.326053
20
-174.997551
70
0
0
SEQEND
8
B.Silkscreen
0
POLYLINE
8
B.Silkscreen
62
7
70
0
10
0.000000
20
0.000000
66
1
0
VERTEX
8
B.Silkscreen
10
191.326053
20
-174.997551
70
0
0
VERTEX
8
B.Silkscreen
10
191.277105
20
-175.074280
70
0
0
SEQEND
8
B.Silkscreen
0
POLYLINE
8
B.Silkscreen
62
7
70
0
10
0.000000
20
0.000000
66
1
0
VERTEX
8
B.Silkscreen
10
191.277105
20
-175.074280
70
0
0
VERTEX
8
B.Silkscreen
10
191.232126
20
-175.156301
70
0
0
SEQEND
8
B.Silkscreen
0
POLYLINE
8
B.Silkscreen
62
7
70
0
10
0.000000
20
0.000000
66
1
0
VERTEX
8
B.Silkscreen
10
191.232126
20
-175.156301
70
0
0
VERTEX
8
B.Silkscreen
10
191.191380
20
-175.235676
70
0
0
SEQEND
8
B.Silkscreen
0
POLYLINE
8
B.Silkscreen
62
7
70
0
10
0.000000
20
0.000000
66
1
0
VERTEX
8
B.Silkscreen
10
191.191380
20
-175.235676
70
0
0
VERTEX
8
B.Silkscreen
10
190.938968
20
-175.235676
70
0
0
SEQEND
8
B.Silkscreen
0
POLYLINE
8
B.Silkscreen
62
7
70
0
10
0.000000
20
0.000000
66
1
0
VERTEX
8
B.Silkscreen
10
190.938968
20
-175.235676
70
0
0
VERTEX
8
B.Silkscreen
10
191.001409
20
-175.084864
70
0
0
SEQEND
8
B.Silkscreen
0
POLYLINE
8
B.Silkscreen
62
7
70
0
10
0.000000
20
0.000000
66
1
0
VERTEX
8
B.Silkscreen
10
191.001409
20
-175.084864
70
0
0
VERTEX
8
B.Silkscreen
10
191.103274
20
-174.904947
70
0
0
SEQEND
8
B.Silkscreen
0
POLYLINE
8
B.Silkscreen
62
7
70
0
10
0.000000
20
0.000000
66
1
0
VERTEX
8
B.Silkscreen
10
191.103274
20
-174.904947
70
0
0
VERTEX
8
B.Silkscreen
10
191.225776
20
-174.740906
70
0
0
SEQEND
8
B.Silkscreen
0
POLYLINE
8
B.Silkscreen
62
7
70
0
10
0.000000
20
0.000000
66
1
0
VERTEX
8
B.Silkscreen
10
191.225776
20
-174.740906
70
0
0
VERTEX
8
B.Silkscreen
10
191.367063
20
-174.595385
70
0
0
SEQEND
8
B.Silkscreen
0
POLYLINE
8
B.Silkscreen
62
7
70
0
10
0.000000
20
0.000000
66
1
0
VERTEX
8
B.Silkscreen
10
191.367063
20
-174.595385
70
0
0
VERTEX
8
B.Silkscreen
10
191.525548
20
-174.465739
70
0
0
SEQEND
8
B.Silkscreen
0
POLYLINE
8
B.Silkscreen
62
7
70
0
10
0.000000
20
0.000000
66
1
0
VERTEX
8
B.Silkscreen
10
191.525548
20
-174.465739
70
0
0
VERTEX
8
B.Silkscreen
10
191.698850
20
-174.357260
70
0
0
SEQEND
8
B.Silkscreen
0
POLYLINE
8
B.Silkscreen
62
7
70
0
10
0.000000
20
0.000000
66
1
0
VERTEX
8
B.Silkscreen
10
191.698850
20
-174.357260
70
0
0
VERTEX
8
B.Silkscreen
10
191.885117
20
-174.272594
70
0
0
SEQEND
8
B.Silkscreen
0
POLYLINE
8
B.Silkscreen
62
7
70
0
10
0.000000
20
0.000000
66
1
0
VERTEX
8
B.Silkscreen
10
191.885117
20
-174.272594
70
0
0
VERTEX
8
B.Silkscreen
10
192.082496
20
-174.211740
70
0
0
SEQEND
8
B.Silkscreen
0
POLYLINE
8
B.Silkscreen
62
7
70
0
10
0.000000
20
0.000000
66
1
0
VERTEX
8
B.Silkscreen
10
192.082496
20
-174.211740
70
0
0
VERTEX
8
B.Silkscreen
10
192.096254
20
-174.206448
70
0
0
SEQEND
8
B.Silkscreen
0
POLYLINE
8
B.Silkscreen
62
7
70
0
10
0.000000
20
0.000000
66
1
0
VERTEX
8
B.Silkscreen
10
192.096254
20
-174.206448
70
0
0
VERTEX
8
B.Silkscreen
10
192.144937
20
-174.195865
70
0
0
SEQEND
8
B.Silkscreen
0
POLYLINE
8
B.Silkscreen
62
7
70
0
10
0.000000
20
0.000000
66
1
0
VERTEX
8
B.Silkscreen
10
192.144937
20
-174.195865
70
0
0
VERTEX
8
B.Silkscreen
10
192.187800
20
-174.187927
70
0
0
SEQEND
8
B.Silkscreen
0
POLYLINE
8
B.Silkscreen
62
7
70
0
10
0.000000
20
0.000000
66
1
0
VERTEX
8
B.Silkscreen
10
192.187800
20
-174.187927
70
0
0
VERTEX
8
B.Silkscreen
10
192.230397
20
-174.182636
70
0
0
SEQEND
8
B.Silkscreen
0
POLYLINE
8
B.Silkscreen
62
7
70
0
10
0.000000
20
0.000000
66
1
0
VERTEX
8
B.Silkscreen
10
192.230397
20
-174.182636
70
0
0
VERTEX
8
B.Silkscreen
10
192.278552
20
-174.179990
70
0
0
SEQEND
8
B.Silkscreen
0
POLYLINE
8
B.Silkscreen
62
7
70
0
10
0.000000
20
0.000000
66
1
0
VERTEX
8
B.Silkscreen
10
192.278552
20
-174.179990
70
0
0
VERTEX
8
B.Silkscreen
10
192.337554
20
-174.179990
70
0
0
SEQEND
8
B.Silkscreen
0
POLYLINE
8
B.Silkscreen
62
7
70
0
10
0.000000
20
0.000000
66
1
0
VERTEX
8
B.Silkscreen
10
192.337554
20
-174.179990
70
0
0
VERTEX
8
B.Silkscreen
10
192.412960
20
-174.179990
70
0
0
SEQEND
8
B.Silkscreen
0
POLYLINE
8
B.Silkscreen
62
7
70
0
10
0.000000
20
0.000000
66
1
0
VERTEX
8
B.Silkscreen
10
192.412960
20
-174.179990
70
0
0
VERTEX
8
B.Silkscreen
10
192.510326
20
-174.182636
70
0
0
SEQEND
8
B.Silkscreen
0
POLYLINE
8
B.Silkscreen
62
7
70
0
10
0.000000
20
0.000000
66
1
0
VERTEX
8
B.Silkscreen
10
192.510326
20
-174.182636
70
0
0
VERTEX
8
B.Silkscreen
10
192.512443
20
-174.182636
70
0
0
SEQEND
8
B.Silkscreen
0
POLYLINE
8
B.Silkscreen
62
7
70
0
10
0.000000
20
0.000000
66
1
0
VERTEX
8
B.Silkscreen
10
192.512443
20
-174.182636
70
0
0
VERTEX
8
B.Silkscreen
10
192.610074
20
-174.185281
70
0
0
SEQEND
8
B.Silkscreen
0
POLYLINE
8
B.Silkscreen
62
7
70
0
10
0.000000
20
0.000000
66
1
0
VERTEX
8
B.Silkscreen
10
192.610074
20
-174.185281
70
0
0
VERTEX
8
B.Silkscreen
10
192.685745
20
-174.185281
70
0
0
SEQEND
8
B.Silkscreen
0
POLYLINE
8
B.Silkscreen
62
7
70
0
10
0.000000
20
0.000000
66
1
0
VERTEX
8
B.Silkscreen
10
192.685745
20
-174.185281
70
0
0
VERTEX
8
B.Silkscreen
10
192.744482
20
-174.190573
70
0
0
SEQEND
8
B.Silkscreen
0
POLYLINE
8
B.Silkscreen
62
7
70
0
10
0.000000
20
0.000000
66
1
0
VERTEX
8
B.Silkscreen
10
192.744482
20
-174.190573
70
0
0
VERTEX
8
B.Silkscreen
10
192.791578
20
-174.195865
70
0
0
SEQEND
8
B.Silkscreen
0
POLYLINE
8
B.Silkscreen
62
7
70
0
10
0.000000
20
0.000000
66
1
0
VERTEX
8
B.Silkscreen
10
192.791578
20
-174.195865
70
0
0
VERTEX
8
B.Silkscreen
10
192.832588
20
-174.201156
70
0
0
SEQEND
8
B.Silkscreen
0
POLYLINE
8
B.Silkscreen
62
7
70
0
10
0.000000
20
0.000000
66
1
0
VERTEX
8
B.Silkscreen
10
192.832588
20
-174.201156
70
0
0
VERTEX
8
B.Silkscreen
10
192.872805
20
-174.211740
70
0
0
SEQEND
8
B.Silkscreen
0
POLYLINE
8
B.Silkscreen
62
7
70
0
10
0.000000
20
0.000000
66
1
0
VERTEX
8
B.Silkscreen
10
192.872805
20
-174.211740
70
0
0
VERTEX
8
B.Silkscreen
10
192.917255
20
-174.224969
70
0
0
SEQEND
8
B.Silkscreen
0
POLYLINE
8
B.Silkscreen
62
7
70
0
10
0.000000
20
0.000000
66
1
0
VERTEX
8
B.Silkscreen
10
192.917255
20
-174.224969
70
0
0
VERTEX
8
B.Silkscreen
10
193.048223
20
-174.269948
70
0
0
SEQEND
8
B.Silkscreen
0
POLYLINE
8
B.Silkscreen
62
7
70
0
10
0.000000
20
0.000000
66
1
0
VERTEX
8
B.Silkscreen
10
193.048223
20
-174.269948
70
0
0
VERTEX
8
B.Silkscreen
10
193.236871
20
-174.359906
70
0
0
SEQEND
8
B.Silkscreen
0
POLYLINE
8
B.Silkscreen
62
7
70
0
10
0.000000
20
0.000000
66
1
0
VERTEX
8
B.Silkscreen
10
193.236871
20
-174.359906
70
0
0
VERTEX
8
B.Silkscreen
10
193.410967
20
-174.471031
70
0
0
SEQEND
8
B.Silkscreen
0
POLYLINE
8
B.Silkscreen
62
7
70
0
10
0.000000
20
0.000000
66
1
0
VERTEX
8
B.Silkscreen
10
193.410967
20
-174.471031
70
0
0
VERTEX
8
B.Silkscreen
10
193.568923
20
-174.600677
70
0
0
SEQEND
8
B.Silkscreen
0
POLYLINE
8
B.Silkscreen
62
7
70
0
10
0.000000
20
0.000000
66
1
0
VERTEX
8
B.Silkscreen
10
193.568923
20
-174.600677
70
0
0
VERTEX
8
B.Silkscreen
10
193.708887
20
-174.751489
70
0
0
SEQEND
8
B.Silkscreen
0
POLYLINE
8
B.Silkscreen
62
7
70
0
10
0.000000
20
0.000000
66
1
0
VERTEX
8
B.Silkscreen
10
193.708887
20
-174.751489
70
0
0
VERTEX
8
B.Silkscreen
10
193.829802
20
-174.915530
70
0
0
SEQEND
8
B.Silkscreen
0
POLYLINE
8
B.Silkscreen
62
7
70
0
10
0.000000
20
0.000000
66
1
0
VERTEX
8
B.Silkscreen
10
193.829802
20
-174.915530
70
0
0
VERTEX
8
B.Silkscreen
10
193.929814
20
-175.098093
70
0
0
SEQEND
8
B.Silkscreen
0
POLYLINE
8
B.Silkscreen
62
7
70
0
10
0.000000
20
0.000000
66
1
0
VERTEX
8
B.Silkscreen
10
193.929814
20
-175.098093
70
0
0
VERTEX
8
B.Silkscreen
10
194.007601
20
-175.291238
70
0
0
SEQEND
8
B.Silkscreen
0
POLYLINE
8
B.Silkscreen
62
7
70
0
10
0.000000
20
0.000000
66
1
0
VERTEX
8
B.Silkscreen
10
194.007601
20
-175.291238
70
0
0
VERTEX
8
B.Silkscreen
10
194.035647
20
-175.399717
70
0
0
SEQEND
8
B.Silkscreen
0
POLYLINE
8
B.Silkscreen
62
7
70
0
10
0.000000
20
0.000000
66
1
0
VERTEX
8
B.Silkscreen
10
194.035647
20
-175.399717
70
0
0
VERTEX
8
B.Silkscreen
10
194.061312
20
-175.497613
70
0
0
SEQEND
8
B.Silkscreen
0
POLYLINE
8
B.Silkscreen
62
7
70
0
10
0.000000
20
0.000000
66
1
0
VERTEX
8
B.Silkscreen
10
231.543198
20
-175.230384
70
0
0
VERTEX
8
B.Silkscreen
10
231.577064
20
-175.238322
70
0
0
SEQEND
8
B.Silkscreen
0
POLYLINE
8
B.Silkscreen
62
7
70
0
10
0.000000
20
0.000000
66
1
0
VERTEX
8
B.Silkscreen
10
231.577064
20
-175.238322
70
0
0
VERTEX
8
B.Silkscreen
10
231.702477
20
-175.293884
70
0
0
SEQEND
8
B.Silkscreen
0
POLYLINE
8
B.Silkscreen
62
7
70
0
10
0.000000
20
0.000000
66
1
0
VERTEX
8
B.Silkscreen
10
231.702477
20
-175.293884
70
0
0
VERTEX
8
B.Silkscreen
10
231.820745
20
-175.375905
70
0
0
SEQEND
8
B.Silkscreen
0
POLYLINE
8
B.Silkscreen
62
7
70
0
10
0.000000
20
0.000000
66
1
0
VERTEX
8
B.Silkscreen
10
231.820745
20
-175.375905
70
0
0
VERTEX
8
B.Silkscreen
10
231.925520
20
-175.476446
70
0
0
SEQEND
8
B.Silkscreen
0
POLYLINE
8
B.Silkscreen
62
7
70
0
10
0.000000
20
0.000000
66
1
0
VERTEX
8
B.Silkscreen
10
231.925520
20
-175.476446
70
0
0
VERTEX
8
B.Silkscreen
10
232.009129
20
-175.592863
70
0
0
SEQEND
8
B.Silkscreen
0
POLYLINE
8
B.Silkscreen
62
7
70
0
10
0.000000
20
0.000000
66
1
0
VERTEX
8
B.Silkscreen
10
232.009129
20
-175.592863
70
0
0
VERTEX
8
B.Silkscreen
10
232.012833
20
-175.600800
70
0
0
SEQEND
8
B.Silkscreen
0
POLYLINE
8
B.Silkscreen
62
7
70
0
10
0.000000
20
0.000000
66
1
0
VERTEX
8
B.Silkscreen
10
232.012833
20
-175.600800
70
0
0
VERTEX
8
B.Silkscreen
10
232.023681
20
-175.616675
70
0
0
SEQEND
8
B.Silkscreen
0
POLYLINE
8
B.Silkscreen
62
7
70
0
10
0.000000
20
0.000000
66
1
0
VERTEX
8
B.Silkscreen
10
232.023681
20
-175.616675
70
0
0
VERTEX
8
B.Silkscreen
10
232.033735
20
-175.632550
70
0
0
SEQEND
8
B.Silkscreen
0
POLYLINE
8
B.Silkscreen
62
7
70
0
10
0.000000
20
0.000000
66
1
0
VERTEX
8
B.Silkscreen
10
232.033735
20
-175.632550
70
0
0
VERTEX
8
B.Silkscreen
10
232.042731
20
-175.651071
70
0
0
SEQEND
8
B.Silkscreen
0
POLYLINE
8
B.Silkscreen
62
7
70
0
10
0.000000
20
0.000000
66
1
0
VERTEX
8
B.Silkscreen
10
232.042731
20
-175.651071
70
0
0
VERTEX
8
B.Silkscreen
10
232.050933
20
-175.666946
70
0
0
SEQEND
8
B.Silkscreen
0
POLYLINE
8
B.Silkscreen
62
7
70
0
10
0.000000
20
0.000000
66
1
0
VERTEX
8
B.Silkscreen
10
232.050933
20
-175.666946
70
0
0
VERTEX
8
B.Silkscreen
10
232.058341
20
-175.688113
70
0
0
SEQEND
8
B.Silkscreen
0
POLYLINE
8
B.Silkscreen
62
7
70
0
10
0.000000
20
0.000000
66
1
0
VERTEX
8
B.Silkscreen
10
232.058341
20
-175.688113
70
0
0
VERTEX
8
B.Silkscreen
10
232.064956
20
-175.711925
70
0
0
SEQEND
8
B.Silkscreen
0
POLYLINE
8
B.Silkscreen
62
7
70
0
10
0.000000
20
0.000000
66
1
0
VERTEX
8
B.Silkscreen
10
232.064956
20
-175.711925
70
0
0
VERTEX
8
B.Silkscreen
10
232.071041
20
-175.743675
70
0
0
SEQEND
8
B.Silkscreen
0
POLYLINE
8
B.Silkscreen
62
7
70
0
10
0.000000
20
0.000000
66
1
0
VERTEX
8
B.Silkscreen
10
232.071041
20
-175.743675
70
0
0
VERTEX
8
B.Silkscreen
10
232.076333
20
-175.780717
70
0
0
SEQEND
8
B.Silkscreen
0
POLYLINE
8
B.Silkscreen
62
7
70
0
10
0.000000
20
0.000000
66
1
0
VERTEX
8
B.Silkscreen
10
232.076333
20
-175.780717
70
0
0
VERTEX
8
B.Silkscreen
10
232.080831
20
-175.825696
70
0
0
SEQEND
8
B.Silkscreen
0
POLYLINE
8
B.Silkscreen
62
7
70
0
10
0.000000
20
0.000000
66
1
0
VERTEX
8
B.Silkscreen
10
232.080831
20
-175.825696
70
0
0
VERTEX
8
B.Silkscreen
10
232.084799
20
-175.881258
70
0
0
SEQEND
8
B.Silkscreen
0
POLYLINE
8
B.Silkscreen
62
7
70
0
10
0.000000
20
0.000000
66
1
0
VERTEX
8
B.Silkscreen
10
232.084799
20
-175.881258
70
0
0
VERTEX
8
B.Silkscreen
10
232.088239
20
-175.947404
70
0
0
SEQEND
8
B.Silkscreen
0
POLYLINE
8
B.Silkscreen
62
7
70
0
10
0.000000
20
0.000000
66
1
0
VERTEX
8
B.Silkscreen
10
232.088239
20
-175.947404
70
0
0
VERTEX
8
B.Silkscreen
10
232.091149
20
-176.026779
70
0
0
SEQEND
8
B.Silkscreen
0
POLYLINE
8
B.Silkscreen
62
7
70
0
10
0.000000
20
0.000000
66
1
0
VERTEX
8
B.Silkscreen
10
232.091149
20
-176.026779
70
0
0
VERTEX
8
B.Silkscreen
10
232.093531
20
-176.122029
70
0
0
SEQEND
8
B.Silkscreen
0
POLYLINE
8
B.Silkscreen
62
7
70
0
10
0.000000
20
0.000000
66
1
0
VERTEX
8
B.Silkscreen
10
232.093531
20
-176.122029
70
0
0
VERTEX
8
B.Silkscreen
10
232.095647
20
-176.230508
70
0
0
SEQEND
8
B.Silkscreen
0
POLYLINE
8
B.Silkscreen
62
7
70
0
10
0.000000
20
0.000000
66
1
0
VERTEX
8
B.Silkscreen
10
232.095647
20
-176.230508
70
0
0
VERTEX
8
B.Silkscreen
10
232.096970
20
-176.354862
70
0
0
SEQEND
8
B.Silkscreen
0
POLYLINE
8
B.Silkscreen
62
7
70
0
10
0.000000
20
0.000000
66
1
0
VERTEX
8
B.Silkscreen
10
232.096970
20
-176.354862
70
0
0
VERTEX
8
B.Silkscreen
10
232.098293
20
-176.500383
70
0
0
SEQEND
8
B.Silkscreen
0
POLYLINE
8
B.Silkscreen
62
7
70
0
10
0.000000
20
0.000000
66
1
0
VERTEX
8
B.Silkscreen
10
232.098293
20
-176.500383
70
0
0
VERTEX
8
B.Silkscreen
10
232.099087
20
-176.664424
70
0
0
SEQEND
8
B.Silkscreen
0
POLYLINE
8
B.Silkscreen
62
7
70
0
10
0.000000
20
0.000000
66
1
0
VERTEX
8
B.Silkscreen
10
232.099087
20
-176.664424
70
0
0
VERTEX
8
B.Silkscreen
10
232.099616
20
-176.849632
70
0
0
SEQEND
8
B.Silkscreen
0
POLYLINE
8
B.Silkscreen
62
7
70
0
10
0.000000
20
0.000000
66
1
0
VERTEX
8
B.Silkscreen
10
232.099616
20
-176.849632
70
0
0
VERTEX
8
B.Silkscreen
10
232.099616
20
-177.056007
70
0
0
SEQEND
8
B.Silkscreen
0
POLYLINE
8
B.Silkscreen
62
7
70
0
10
0.000000
20
0.000000
66
1
0
VERTEX
8
B.Silkscreen
10
232.099616
20
-177.056007
70
0
0
VERTEX
8
B.Silkscreen
10
232.099881
20
-177.288840
70
0
0
SEQEND
8
B.Silkscreen
0
POLYLINE
8
B.Silkscreen
62
7
70
0
10
0.000000
20
0.000000
66
1
0
VERTEX
8
B.Silkscreen
10
232.099881
20
-177.288840
70
0
0
VERTEX
8
B.Silkscreen
10
232.099616
20
-177.545485
70
0
0
SEQEND
8
B.Silkscreen
0
POLYLINE
8
B.Silkscreen
62
7
70
0
10
0.000000
20
0.000000
66
1
0
VERTEX
8
B.Silkscreen
10
232.099616
20
-177.545485
70
0
0
VERTEX
8
B.Silkscreen
10
232.099351
20
-177.828589
70
0
0
SEQEND
8
B.Silkscreen
0
POLYLINE
8
B.Silkscreen
62
7
70
0
10
0.000000
20
0.000000
66
1
0
VERTEX
8
B.Silkscreen
10
232.099351
20
-177.828589
70
0
0
VERTEX
8
B.Silkscreen
10
232.098822
20
-178.138151
70
0
0
SEQEND
8
B.Silkscreen
0
POLYLINE
8
B.Silkscreen
62
7
70
0
10
0.000000
20
0.000000
66
1
0
VERTEX
8
B.Silkscreen
10
232.098822
20
-178.138151
70
0
0
VERTEX
8
B.Silkscreen
10
232.098293
20
-178.479463
70
0
0
SEQEND
8
B.Silkscreen
0
POLYLINE
8
B.Silkscreen
62
7
70
0
10
0.000000
20
0.000000
66
1
0
VERTEX
8
B.Silkscreen
10
232.098293
20
-178.479463
70
0
0
VERTEX
8
B.Silkscreen
10
232.097764
20
-178.852526
70
0
0
SEQEND
8
B.Silkscreen
0
POLYLINE
8
B.Silkscreen
62
7
70
0
10
0.000000
20
0.000000
66
1
0
VERTEX
8
B.Silkscreen
10
232.097764
20
-178.852526
70
0
0
VERTEX
8
B.Silkscreen
10
232.093531
20
-181.842313
70
0
0
SEQEND
8
B.Silkscreen
0
POLYLINE
8
B.Silkscreen
62
7
70
0
10
0.000000
20
0.000000
66
1
0
VERTEX
8
B.Silkscreen
10
232.093531
20
-181.842313
70
0
0
VERTEX
8
B.Silkscreen
10
232.055960
20
-181.929626
70
0
0
SEQEND
8
B.Silkscreen
0
POLYLINE
8
B.Silkscreen
62
7
70
0
10
0.000000
20
0.000000
66
1
0
VERTEX
8
B.Silkscreen
10
232.055960
20
-181.929626
70
0
0
VERTEX
8
B.Silkscreen
10
232.000926
20
-182.040751
70
0
0
SEQEND
8
B.Silkscreen
0
POLYLINE
8
B.Silkscreen
62
7
70
0
10
0.000000
20
0.000000
66
1
0
VERTEX
8
B.Silkscreen
10
232.000926
20
-182.040751
70
0
0
VERTEX
8
B.Silkscreen
10
231.910439
20
-182.165105
70
0
0
SEQEND
8
B.Silkscreen
0
POLYLINE
8
B.Silkscreen
62
7
70
0
10
0.000000
20
0.000000
66
1
0
VERTEX
8
B.Silkscreen
10
231.910439
20
-182.165105
70
0
0
VERTEX
8
B.Silkscreen
10
231.799314
20
-182.263000
70
0
0
SEQEND
8
B.Silkscreen
0
POLYLINE
8
B.Silkscreen
62
7
70
0
10
0.000000
20
0.000000
66
1
0
VERTEX
8
B.Silkscreen
10
231.799314
20
-182.263000
70
0
0
VERTEX
8
B.Silkscreen
10
231.666758
20
-182.339729
70
0
0
SEQEND
8
B.Silkscreen
0
POLYLINE
8
B.Silkscreen
62
7
70
0
10
0.000000
20
0.000000
66
1
0
VERTEX
8
B.Silkscreen
10
231.666758
20
-182.339729
70
0
0
VERTEX
8
B.Silkscreen
10
231.511448
20
-182.392646
70
0
0
SEQEND
8
B.Silkscreen
0
POLYLINE
8
B.Silkscreen
62
7
70
0
10
0.000000
20
0.000000
66
1
0
VERTEX
8
B.Silkscreen
10
231.511448
20
-182.392646
70
0
0
VERTEX
8
B.Silkscreen
10
231.369367
20
-182.413813
70
0
0
SEQEND
8
B.Silkscreen
0
POLYLINE
8
B.Silkscreen
62
7
70
0
10
0.000000
20
0.000000
66
1
0
VERTEX
8
B.Silkscreen
10
231.369367
20
-182.413813
70
0
0
VERTEX
8
B.Silkscreen
10
231.223582
20
-182.403229
70
0
0
SEQEND
8
B.Silkscreen
0
POLYLINE
8
B.Silkscreen
62
7
70
0
10
0.000000
20
0.000000
66
1
0
VERTEX
8
B.Silkscreen
10
231.223582
20
-182.403229
70
0
0
VERTEX
8
B.Silkscreen
10
231.081765
20
-182.363542
70
0
0
SEQEND
8
B.Silkscreen
0
POLYLINE
8
B.Silkscreen
62
7
70
0
10
0.000000
20
0.000000
66
1
0
VERTEX
8
B.Silkscreen
10
231.081765
20
-182.363542
70
0
0
VERTEX
8
B.Silkscreen
10
230.947092
20
-182.294750
70
0
0
SEQEND
8
B.Silkscreen
0
POLYLINE
8
B.Silkscreen
62
7
70
0
10
0.000000
20
0.000000
66
1
0
VERTEX
8
B.Silkscreen
10
230.947092
20
-182.294750
70
0
0
VERTEX
8
B.Silkscreen
10
230.823003
20
-182.194209
70
0
0
SEQEND
8
B.Silkscreen
0
POLYLINE
8
B.Silkscreen
62
7
70
0
10
0.000000
20
0.000000
66
1
0
VERTEX
8
B.Silkscreen
10
230.823003
20
-182.194209
70
0
0
VERTEX
8
B.Silkscreen
10
230.814272
20
-182.186271
70
0
0
SEQEND
8
B.Silkscreen
0
POLYLINE
8
B.Silkscreen
62
7
70
0
10
0.000000
20
0.000000
66
1
0
VERTEX
8
B.Silkscreen
10
230.814272
20
-182.186271
70
0
0
VERTEX
8
B.Silkscreen
10
230.721138
20
-182.072501
70
0
0
SEQEND
8
B.Silkscreen
0
POLYLINE
8
B.Silkscreen
62
7
70
0
10
0.000000
20
0.000000
66
1
0
VERTEX
8
B.Silkscreen
10
230.721138
20
-182.072501
70
0
0
VERTEX
8
B.Silkscreen
10
230.653934
20
-181.942855
70
0
0
SEQEND
8
B.Silkscreen
0
POLYLINE
8
B.Silkscreen
62
7
70
0
10
0.000000
20
0.000000
66
1
0
VERTEX
8
B.Silkscreen
10
230.653934
20
-181.942855
70
0
0
VERTEX
8
B.Silkscreen
10
230.615305
20
-181.802626
70
0
0
SEQEND
8
B.Silkscreen
0
POLYLINE
8
B.Silkscreen
62
7
70
0
10
0.000000
20
0.000000
66
1
0
VERTEX
8
B.Silkscreen
10
230.615305
20
-181.802626
70
0
0
VERTEX
8
B.Silkscreen
10
230.615305
20
-181.799980
70
0
0
SEQEND
8
B.Silkscreen
0
POLYLINE
8
B.Silkscreen
62
7
70
0
10
0.000000
20
0.000000
66
1
0
VERTEX
8
B.Silkscreen
10
230.615305
20
-181.799980
70
0
0
VERTEX
8
B.Silkscreen
10
230.613453
20
-181.768230
70
0
0
SEQEND
8
B.Silkscreen
0
POLYLINE
8
B.Silkscreen
62
7
70
0
10
0.000000
20
0.000000
66
1
0
VERTEX
8
B.Silkscreen
10
230.613453
20
-181.768230
70
0
0
VERTEX
8
B.Silkscreen
10
230.611601
20
-181.707376
70
0
0
SEQEND
8
B.Silkscreen
0
POLYLINE
8
B.Silkscreen
62
7
70
0
10
0.000000
20
0.000000
66
1
0
VERTEX
8
B.Silkscreen
10
230.611601
20
-181.707376
70
0
0
VERTEX
8
B.Silkscreen
10
230.610014
20
-181.620064
70
0
0
SEQEND
8
B.Silkscreen
0
POLYLINE
8
B.Silkscreen
62
7
70
0
10
0.000000
20
0.000000
66
1
0
VERTEX
8
B.Silkscreen
10
230.610014
20
-181.620064
70
0
0
VERTEX
8
B.Silkscreen
10
230.608426
20
-181.503647
70
0
0
SEQEND
8
B.Silkscreen
0
POLYLINE
8
B.Silkscreen
62
7
70
0
10
0.000000
20
0.000000
66
1
0
VERTEX
8
B.Silkscreen
10
230.608426
20
-181.503647
70
0
0
VERTEX
8
B.Silkscreen
10
230.607103
20
-181.366064
70
0
0
SEQEND
8
B.Silkscreen
0
POLYLINE
8
B.Silkscreen
62
7
70
0
10
0.000000
20
0.000000
66
1
0
VERTEX
8
B.Silkscreen
10
230.607103
20
-181.366064
70
0
0
VERTEX
8
B.Silkscreen
10
230.605780
20
-181.204668
70
0
0
SEQEND
8
B.Silkscreen
0
POLYLINE
8
B.Silkscreen
62
7
70
0
10
0.000000
20
0.000000
66
1
0
VERTEX
8
B.Silkscreen
10
230.605780
20
-181.204668
70
0
0
VERTEX
8
B.Silkscreen
10
230.604457
20
-181.022106
70
0
0
SEQEND
8
B.Silkscreen
0
POLYLINE
8
B.Silkscreen
62
7
70
0
10
0.000000
20
0.000000
66
1
0
VERTEX
8
B.Silkscreen
10
230.604457
20
-181.022106
70
0
0
VERTEX
8
B.Silkscreen
10
230.603399
20
-180.823669
70
0
0
SEQEND
8
B.Silkscreen
0
POLYLINE
8
B.Silkscreen
62
7
70
0
10
0.000000
20
0.000000
66
1
0
VERTEX
8
B.Silkscreen
10
230.603399
20
-180.823669
70
0
0
VERTEX
8
B.Silkscreen
10
230.602341
20
-180.606711
70
0
0
SEQEND
8
B.Silkscreen
0
POLYLINE
8
B.Silkscreen
62
7
70
0
10
0.000000
20
0.000000
66
1
0
VERTEX
8
B.Silkscreen
10
230.602341
20
-180.606711
70
0
0
VERTEX
8
B.Silkscreen
10
230.601547
20
-180.376524
70
0
0
SEQEND
8
B.Silkscreen
0
POLYLINE
8
B.Silkscreen
62
7
70
0
10
0.000000
20
0.000000
66
1
0
VERTEX
8
B.Silkscreen
10
230.601547
20
-180.376524
70
0
0
VERTEX
8
B.Silkscreen
10
230.600753
20
-180.135753
70
0
0
SEQEND
8
B.Silkscreen
0
POLYLINE
8
B.Silkscreen
62
7
70
0
10
0.000000
20
0.000000
66
1
0
VERTEX
8
B.Silkscreen
10
230.600753
20
-180.135753
70
0
0
VERTEX
8
B.Silkscreen
10
230.600224
20
-179.884399
70
0
0
SEQEND
8
B.Silkscreen
0
POLYLINE
8
B.Silkscreen
62
7
70
0
10
0.000000
20
0.000000
66
1
0
VERTEX
8
B.Silkscreen
10
230.600224
20
-179.884399
70
0
0
VERTEX
8
B.Silkscreen
10
230.599695
20
-179.625108
70
0
0
SEQEND
8
B.Silkscreen
0
POLYLINE
8
B.Silkscreen
62
7
70
0
10
0.000000
20
0.000000
66
1
0
VERTEX
8
B.Silkscreen
10
230.599695
20
-179.625108
70
0
0
VERTEX
8
B.Silkscreen
10
230.599430
20
-179.357879
70
0
0
SEQEND
8
B.Silkscreen
0
POLYLINE
8
B.Silkscreen
62
7
70
0
10
0.000000
20
0.000000
66
1
0
VERTEX
8
B.Silkscreen
10
230.599430
20
-179.357879
70
0
0
VERTEX
8
B.Silkscreen
10
230.599166
20
-179.088004
70
0
0
SEQEND
8
B.Silkscreen
0
POLYLINE
8
B.Silkscreen
62
7
70
0
10
0.000000
20
0.000000
66
1
0
VERTEX
8
B.Silkscreen
10
230.599166
20
-179.088004
70
0
0
VERTEX
8
B.Silkscreen
10
230.598901
20
-178.815484
70
0
0
SEQEND
8
B.Silkscreen
0
POLYLINE
8
B.Silkscreen
62
7
70
0
10
0.000000
20
0.000000
66
1
0
VERTEX
8
B.Silkscreen
10
230.598901
20
-178.815484
70
0
0
VERTEX
8
B.Silkscreen
10
230.598901
20
-178.545609
70
0
0
SEQEND
8
B.Silkscreen
0
POLYLINE
8
B.Silkscreen
62
7
70
0
10
0.000000
20
0.000000
66
1
0
VERTEX
8
B.Silkscreen
10
230.598901
20
-178.545609
70
0
0
VERTEX
8
B.Silkscreen
10
230.598901
20
-178.275735
70
0
0
SEQEND
8
B.Silkscreen
0
POLYLINE
8
B.Silkscreen
62
7
70
0
10
0.000000
20
0.000000
66
1
0
VERTEX
8
B.Silkscreen
10
230.598901
20
-178.275735
70
0
0
VERTEX
8
B.Silkscreen
10
230.599166
20
-178.008506
70
0
0
SEQEND
8
B.Silkscreen
0
POLYLINE
8
B.Silkscreen
62
7
70
0
10
0.000000
20
0.000000
66
1
0
VERTEX
8
B.Silkscreen
10
230.599166
20
-178.008506
70
0
0
VERTEX
8
B.Silkscreen
10
230.599430
20
-177.749214
70
0
0
SEQEND
8
B.Silkscreen
0
POLYLINE
8
B.Silkscreen
62
7
70
0
10
0.000000
20
0.000000
66
1
0
VERTEX
8
B.Silkscreen
10
230.599430
20
-177.749214
70
0
0
VERTEX
8
B.Silkscreen
10
230.599959
20
-177.497861
70
0
0
SEQEND
8
B.Silkscreen
0
POLYLINE
8
B.Silkscreen
62
7
70
0
10
0.000000
20
0.000000
66
1
0
VERTEX
8
B.Silkscreen
10
230.599959
20
-177.497861
70
0
0
VERTEX
8
B.Silkscreen
10
230.600489
20
-177.254444
70
0
0
SEQEND
8
B.Silkscreen
0
POLYLINE
8
B.Silkscreen
62
7
70
0
10
0.000000
20
0.000000
66
1
0
VERTEX
8
B.Silkscreen
10
230.600489
20
-177.254444
70
0
0
VERTEX
8
B.Silkscreen
10
230.601282
20
-177.024257
70
0
0
SEQEND
8
B.Silkscreen
0
POLYLINE
8
B.Silkscreen
62
7
70
0
10
0.000000
20
0.000000
66
1
0
VERTEX
8
B.Silkscreen
10
230.601282
20
-177.024257
70
0
0
VERTEX
8
B.Silkscreen
10
230.602076
20
-176.809945
70
0
0
SEQEND
8
B.Silkscreen
0
POLYLINE
8
B.Silkscreen
62
7
70
0
10
0.000000
20
0.000000
66
1
0
VERTEX
8
B.Silkscreen
10
230.602076
20
-176.809945
70
0
0
VERTEX
8
B.Silkscreen
10
230.602870
20
-176.608862
70
0
0
SEQEND
8
B.Silkscreen
0
POLYLINE
8
B.Silkscreen
62
7
70
0
10
0.000000
20
0.000000
66
1
0
VERTEX
8
B.Silkscreen
10
230.602870
20
-176.608862
70
0
0
VERTEX
8
B.Silkscreen
10
230.603928
20
-176.428945
70
0
0
SEQEND
8
B.Silkscreen
0
POLYLINE
8
B.Silkscreen
62
7
70
0
10
0.000000
20
0.000000
66
1
0
VERTEX
8
B.Silkscreen
10
230.603928
20
-176.428945
70
0
0
VERTEX
8
B.Silkscreen
10
230.605251
20
-176.267550
70
0
0
SEQEND
8
B.Silkscreen
0
POLYLINE
8
B.Silkscreen
62
7
70
0
10
0.000000
20
0.000000
66
1
0
VERTEX
8
B.Silkscreen
10
230.605251
20
-176.267550
70
0
0
VERTEX
8
B.Silkscreen
10
230.606574
20
-176.127321
70
0
0
SEQEND
8
B.Silkscreen
0
POLYLINE
8
B.Silkscreen
62
7
70
0
10
0.000000
20
0.000000
66
1
0
VERTEX
8
B.Silkscreen
10
230.606574
20
-176.127321
70
0
0
VERTEX
8
B.Silkscreen
10
230.608162
20
-176.010904
70
0
0
SEQEND
8
B.Silkscreen
0
POLYLINE
8
B.Silkscreen
62
7
70
0
10
0.000000
20
0.000000
66
1
0
VERTEX
8
B.Silkscreen
10
230.608162
20
-176.010904
70
0
0
VERTEX
8
B.Silkscreen
10
230.609749
20
-175.923592
70
0
0
SEQEND
8
B.Silkscreen
0
POLYLINE
8
B.Silkscreen
62
7
70
0
10
0.000000
20
0.000000
66
1
0
VERTEX
8
B.Silkscreen
10
230.609749
20
-175.923592
70
0
0
VERTEX
8
B.Silkscreen
10
230.611337
20
-175.862738
70
0
0
SEQEND
8
B.Silkscreen
0
POLYLINE
8
B.Silkscreen
62
7
70
0
10
0.000000
20
0.000000
66
1
0
VERTEX
8
B.Silkscreen
10
230.611337
20
-175.862738
70
0
0
VERTEX
8
B.Silkscreen
10
230.613189
20
-175.830988
70
0
0
SEQEND
8
B.Silkscreen
0
POLYLINE
8
B.Silkscreen
62
7
70
0
10
0.000000
20
0.000000
66
1
0
VERTEX
8
B.Silkscreen
10
230.613189
20
-175.830988
70
0
0
VERTEX
8
B.Silkscreen
10
230.635414
20
-175.725154
70
0
0
SEQEND
8
B.Silkscreen
0
POLYLINE
8
B.Silkscreen
62
7
70
0
10
0.000000
20
0.000000
66
1
0
VERTEX
8
B.Silkscreen
10
230.635414
20
-175.725154
70
0
0
VERTEX
8
B.Silkscreen
10
230.689124
20
-175.592863
70
0
0
SEQEND
8
B.Silkscreen
0
POLYLINE
8
B.Silkscreen
62
7
70
0
10
0.000000
20
0.000000
66
1
0
VERTEX
8
B.Silkscreen
10
230.689124
20
-175.592863
70
0
0
VERTEX
8
B.Silkscreen
10
230.766911
20
-175.476446
70
0
0
SEQEND
8
B.Silkscreen
0
POLYLINE
8
B.Silkscreen
62
7
70
0
10
0.000000
20
0.000000
66
1
0
VERTEX
8
B.Silkscreen
10
230.766911
20
-175.476446
70
0
0
VERTEX
8
B.Silkscreen
10
230.865072
20
-175.378551
70
0
0
SEQEND
8
B.Silkscreen
0
POLYLINE
8
B.Silkscreen
62
7
70
0
10
0.000000
20
0.000000
66
1
0
VERTEX
8
B.Silkscreen
10
230.865072
20
-175.378551
70
0
0
VERTEX
8
B.Silkscreen
10
230.980694
20
-175.299176
70
0
0
SEQEND
8
B.Silkscreen
0
POLYLINE
8
B.Silkscreen
62
7
70
0
10
0.000000
20
0.000000
66
1
0
VERTEX
8
B.Silkscreen
10
230.980694
20
-175.299176
70
0
0
VERTEX
8
B.Silkscreen
10
231.109811
20
-175.243613
70
0
0
SEQEND
8
B.Silkscreen
0
POLYLINE
8
B.Silkscreen
62
7
70
0
10
0.000000
20
0.000000
66
1
0
VERTEX
8
B.Silkscreen
10
231.109811
20
-175.243613
70
0
0
VERTEX
8
B.Silkscreen
10
231.248717
20
-175.211863
70
0
0
SEQEND
8
B.Silkscreen
0
POLYLINE
8
B.Silkscreen
62
7
70
0
10
0.000000
20
0.000000
66
1
0
VERTEX
8
B.Silkscreen
10
231.248717
20
-175.211863
70
0
0
VERTEX
8
B.Silkscreen
10
231.394502
20
-175.206572
70
0
0
SEQEND
8
B.Silkscreen
0
POLYLINE
8
B.Silkscreen
62
7
70
0
10
0.000000
20
0.000000
66
1
0
VERTEX
8
B.Silkscreen
10
231.394502
20
-175.206572
70
0
0
VERTEX
8
B.Silkscreen
10
231.543198
20
-175.230384
70
0
0
SEQEND
8
B.Silkscreen
0
POLYLINE
8
B.Silkscreen
62
7
70
0
10
0.000000
20
0.000000
66
1
0
VERTEX
8
B.Silkscreen
10
230.002796
20
-180.059024
70
0
0
VERTEX
8
B.Silkscreen
10
229.978719
20
-180.323607
70
0
0
SEQEND
8
B.Silkscreen
0
POLYLINE
8
B.Silkscreen
62
7
70
0
10
0.000000
20
0.000000
66
1
0
VERTEX
8
B.Silkscreen
10
229.978719
20
-180.323607
70
0
0
VERTEX
8
B.Silkscreen
10
229.929506
20
-180.582898
70
0
0
SEQEND
8
B.Silkscreen
0
POLYLINE
8
B.Silkscreen
62
7
70
0
10
0.000000
20
0.000000
66
1
0
VERTEX
8
B.Silkscreen
10
229.929506
20
-180.582898
70
0
0
VERTEX
8
B.Silkscreen
10
229.855423
20
-180.828961
70
0
0
SEQEND
8
B.Silkscreen
0
POLYLINE
8
B.Silkscreen
62
7
70
0
10
0.000000
20
0.000000
66
1
0
VERTEX
8
B.Silkscreen
10
229.855423
20
-180.828961
70
0
0
VERTEX
8
B.Silkscreen
10
229.756733
20
-181.059148
70
0
0
SEQEND
8
B.Silkscreen
0
POLYLINE
8
B.Silkscreen
62
7
70
0
10
0.000000
20
0.000000
66
1
0
VERTEX
8
B.Silkscreen
10
229.756733
20
-181.059148
70
0
0
VERTEX
8
B.Silkscreen
10
229.649842
20
-181.249647
70
0
0
SEQEND
8
B.Silkscreen
0
POLYLINE
8
B.Silkscreen
62
7
70
0
10
0.000000
20
0.000000
66
1
0
VERTEX
8
B.Silkscreen
10
229.649842
20
-181.249647
70
0
0
VERTEX
8
B.Silkscreen
10
229.489769
20
-181.479835
70
0
0
SEQEND
8
B.Silkscreen
0
POLYLINE
8
B.Silkscreen
62
7
70
0
10
0.000000
20
0.000000
66
1
0
VERTEX
8
B.Silkscreen
10
229.489769
20
-181.479835
70
0
0
VERTEX
8
B.Silkscreen
10
229.306942
20
-181.691501
70
0
0
SEQEND
8
B.Silkscreen
0
POLYLINE
8
B.Silkscreen
62
7
70
0
10
0.000000
20
0.000000
66
1
0
VERTEX
8
B.Silkscreen
10
229.306942
20
-181.691501
70
0
0
VERTEX
8
B.Silkscreen
10
229.103213
20
-181.879355
70
0
0
SEQEND
8
B.Silkscreen
0
POLYLINE
8
B.Silkscreen
62
7
70
0
10
0.000000
20
0.000000
66
1
0
VERTEX
8
B.Silkscreen
10
229.103213
20
-181.879355
70
0
0
VERTEX
8
B.Silkscreen
10
228.880964
20
-182.043396
70
0
0
SEQEND
8
B.Silkscreen
0
POLYLINE
8
B.Silkscreen
62
7
70
0
10
0.000000
20
0.000000
66
1
0
VERTEX
8
B.Silkscreen
10
228.880964
20
-182.043396
70
0
0
VERTEX
8
B.Silkscreen
10
228.642310
20
-182.180980
70
0
0
SEQEND
8
B.Silkscreen
0
POLYLINE
8
B.Silkscreen
62
7
70
0
10
0.000000
20
0.000000
66
1
0
VERTEX
8
B.Silkscreen
10
228.642310
20
-182.180980
70
0
0
VERTEX
8
B.Silkscreen
10
228.389369
20
-182.294750
70
0
0
SEQEND
8
B.Silkscreen
0
POLYLINE
8
B.Silkscreen
62
7
70
0
10
0.000000
20
0.000000
66
1
0
VERTEX
8
B.Silkscreen
10
228.389369
20
-182.294750
70
0
0
VERTEX
8
B.Silkscreen
10
228.124256
20
-182.376771
70
0
0
SEQEND
8
B.Silkscreen
0
POLYLINE
8
B.Silkscreen
62
7
70
0
10
0.000000
20
0.000000
66
1
0
VERTEX
8
B.Silkscreen
10
228.124256
20
-182.376771
70
0
0
VERTEX
8
B.Silkscreen
10
227.849090
20
-182.432333
70
0
0
SEQEND
8
B.Silkscreen
0
POLYLINE
8
B.Silkscreen
62
7
70
0
10
0.000000
20
0.000000
66
1
0
VERTEX
8
B.Silkscreen
10
227.849090
20
-182.432333
70
0
0
VERTEX
8
B.Silkscreen
10
227.825278
20
-182.434979
70
0
0
SEQEND
8
B.Silkscreen
0
POLYLINE
8
B.Silkscreen
62
7
70
0
10
0.000000
20
0.000000
66
1
0
VERTEX
8
B.Silkscreen
10
227.825278
20
-182.434979
70
0
0
VERTEX
8
B.Silkscreen
10
227.744051
20
-182.440271
70
0
0
SEQEND
8
B.Silkscreen
0
POLYLINE
8
B.Silkscreen
62
7
70
0
10
0.000000
20
0.000000
66
1
0
VERTEX
8
B.Silkscreen
10
227.744051
20
-182.440271
70
0
0
VERTEX
8
B.Silkscreen
10
227.642186
20
-182.442917
70
0
0
SEQEND
8
B.Silkscreen
0
POLYLINE
8
B.Silkscreen
62
7
70
0
10
0.000000
20
0.000000
66
1
0
VERTEX
8
B.Silkscreen
10
227.642186
20
-182.442917
70
0
0
VERTEX
8
B.Silkscreen
10
227.527622
20
-182.442917
70
0
0
SEQEND
8
B.Silkscreen
0
POLYLINE
8
B.Silkscreen
62
7
70
0
10
0.000000
20
0.000000
66
1
0
VERTEX
8
B.Silkscreen
10
227.527622
20
-182.442917
70
0
0
VERTEX
8
B.Silkscreen
10
227.407766
20
-182.437625
70
0
0
SEQEND
8
B.Silkscreen
0
POLYLINE
8
B.Silkscreen
62
7
70
0
10
0.000000
20
0.000000
66
1
0
VERTEX
8
B.Silkscreen
10
227.407766
20
-182.437625
70
0
0
VERTEX
8
B.Silkscreen
10
227.289762
20
-182.434979
70
0
0
SEQEND
8
B.Silkscreen
0
POLYLINE
8
B.Silkscreen
62
7
70
0
10
0.000000
20
0.000000
66
1
0
VERTEX
8
B.Silkscreen
10
227.289762
20
-182.434979
70
0
0
VERTEX
8
B.Silkscreen
10
227.181812
20
-182.427042
70
0
0
SEQEND
8
B.Silkscreen
0
POLYLINE
8
B.Silkscreen
62
7
70
0
10
0.000000
20
0.000000
66
1
0
VERTEX
8
B.Silkscreen
10
227.181812
20
-182.427042
70
0
0
VERTEX
8
B.Silkscreen
10
227.090795
20
-182.419104
70
0
0
SEQEND
8
B.Silkscreen
0
POLYLINE
8
B.Silkscreen
62
7
70
0
10
0.000000
20
0.000000
66
1
0
VERTEX
8
B.Silkscreen
10
227.090795
20
-182.419104
70
0
0
VERTEX
8
B.Silkscreen
10
227.024649
20
-182.408521
70
0
0
SEQEND
8
B.Silkscreen
0
POLYLINE
8
B.Silkscreen
62
7
70
0
10
0.000000
20
0.000000
66
1
0
VERTEX
8
B.Silkscreen
10
227.024649
20
-182.408521
70
0
0
VERTEX
8
B.Silkscreen
10
226.830181
20
-182.355604
70
0
0
SEQEND
8
B.Silkscreen
0
POLYLINE
8
B.Silkscreen
62
7
70
0
10
0.000000
20
0.000000
66
1
0
VERTEX
8
B.Silkscreen
10
226.830181
20
-182.355604
70
0
0
VERTEX
8
B.Silkscreen
10
226.622219
20
-182.281521
70
0
0
SEQEND
8
B.Silkscreen
0
POLYLINE
8
B.Silkscreen
62
7
70
0
10
0.000000
20
0.000000
66
1
0
VERTEX
8
B.Silkscreen
10
226.622219
20
-182.281521
70
0
0
VERTEX
8
B.Silkscreen
10
226.419548
20
-182.191563
70
0
0
SEQEND
8
B.Silkscreen
0
POLYLINE
8
B.Silkscreen
62
7
70
0
10
0.000000
20
0.000000
66
1
0
VERTEX
8
B.Silkscreen
10
226.419548
20
-182.191563
70
0
0
VERTEX
8
B.Silkscreen
10
226.228784
20
-182.088376
70
0
0
SEQEND
8
B.Silkscreen
0
POLYLINE
8
B.Silkscreen
62
7
70
0
10
0.000000
20
0.000000
66
1
0
VERTEX
8
B.Silkscreen
10
226.228784
20
-182.088376
70
0
0
VERTEX
8
B.Silkscreen
10
226.057069
20
-181.977251
70
0
0
SEQEND
8
B.Silkscreen
0
POLYLINE
8
B.Silkscreen
62
7
70
0
10
0.000000
20
0.000000
66
1
0
VERTEX
8
B.Silkscreen
10
226.057069
20
-181.977251
70
0
0
VERTEX
8
B.Silkscreen
10
225.910490
20
-181.858188
70
0
0
SEQEND
8
B.Silkscreen
0
POLYLINE
8
B.Silkscreen
62
7
70
0
10
0.000000
20
0.000000
66
1
0
VERTEX
8
B.Silkscreen
10
225.910490
20
-181.858188
70
0
0
VERTEX
8
B.Silkscreen
10
225.897790
20
-181.844959
70
0
0
SEQEND
8
B.Silkscreen
0
POLYLINE
8
B.Silkscreen
62
7
70
0
10
0.000000
20
0.000000
66
1
0
VERTEX
8
B.Silkscreen
10
225.897790
20
-181.844959
70
0
0
VERTEX
8
B.Silkscreen
10
225.854663
20
-181.807918
70
0
0
SEQEND
8
B.Silkscreen
0
POLYLINE
8
B.Silkscreen
62
7
70
0
10
0.000000
20
0.000000
66
1
0
VERTEX
8
B.Silkscreen
10
225.854663
20
-181.807918
70
0
0
VERTEX
8
B.Silkscreen
10
225.821855
20
-181.786751
70
0
0
SEQEND
8
B.Silkscreen
0
POLYLINE
8
B.Silkscreen
62
7
70
0
10
0.000000
20
0.000000
66
1
0
VERTEX
8
B.Silkscreen
10
225.821855
20
-181.786751
70
0
0
VERTEX
8
B.Silkscreen
10
225.806245
20
-181.781459
70
0
0
SEQEND
8
B.Silkscreen
0
POLYLINE
8
B.Silkscreen
62
7
70
0
10
0.000000
20
0.000000
66
1
0
VERTEX
8
B.Silkscreen
10
225.806245
20
-181.781459
70
0
0
VERTEX
8
B.Silkscreen
10
225.803334
20
-181.786751
70
0
0
SEQEND
8
B.Silkscreen
0
POLYLINE
8
B.Silkscreen
62
7
70
0
10
0.000000
20
0.000000
66
1
0
VERTEX
8
B.Silkscreen
10
225.803334
20
-181.786751
70
0
0
VERTEX
8
B.Silkscreen
10
225.798043
20
-181.815855
70
0
0
SEQEND
8
B.Silkscreen
0
POLYLINE
8
B.Silkscreen
62
7
70
0
10
0.000000
20
0.000000
66
1
0
VERTEX
8
B.Silkscreen
10
225.798043
20
-181.815855
70
0
0
VERTEX
8
B.Silkscreen
10
225.795661
20
-181.863480
70
0
0
SEQEND
8
B.Silkscreen
0
POLYLINE
8
B.Silkscreen
62
7
70
0
10
0.000000
20
0.000000
66
1
0
VERTEX
8
B.Silkscreen
10
225.795661
20
-181.863480
70
0
0
VERTEX
8
B.Silkscreen
10
225.795132
20
-181.879355
70
0
0
SEQEND
8
B.Silkscreen
0
POLYLINE
8
B.Silkscreen
62
7
70
0
10
0.000000
20
0.000000
66
1
0
VERTEX
8
B.Silkscreen
10
225.795132
20
-181.879355
70
0
0
VERTEX
8
B.Silkscreen
10
225.778728
20
-181.956084
70
0
0
SEQEND
8
B.Silkscreen
0
POLYLINE
8
B.Silkscreen
62
7
70
0
10
0.000000
20
0.000000
66
1
0
VERTEX
8
B.Silkscreen
10
225.778728
20
-181.956084
70
0
0
VERTEX
8
B.Silkscreen
10
225.743274
20
-182.043396
70
0
0
SEQEND
8
B.Silkscreen
0
POLYLINE
8
B.Silkscreen
62
7
70
0
10
0.000000
20
0.000000
66
1
0
VERTEX
8
B.Silkscreen
10
225.743274
20
-182.043396
70
0
0
VERTEX
8
B.Silkscreen
10
225.693532
20
-182.130709
70
0
0
SEQEND
8
B.Silkscreen
0
POLYLINE
8
B.Silkscreen
62
7
70
0
10
0.000000
20
0.000000
66
1
0
VERTEX
8
B.Silkscreen
10
225.693532
20
-182.130709
70
0
0
VERTEX
8
B.Silkscreen
10
225.633472
20
-182.210084
70
0
0
SEQEND
8
B.Silkscreen
0
POLYLINE
8
B.Silkscreen
62
7
70
0
10
0.000000
20
0.000000
66
1
0
VERTEX
8
B.Silkscreen
10
225.633472
20
-182.210084
70
0
0
VERTEX
8
B.Silkscreen
10
225.565739
20
-182.273584
70
0
0
SEQEND
8
B.Silkscreen
0
POLYLINE
8
B.Silkscreen
62
7
70
0
10
0.000000
20
0.000000
66
1
0
VERTEX
8
B.Silkscreen
10
225.565739
20
-182.273584
70
0
0
VERTEX
8
B.Silkscreen
10
225.457260
20
-182.342375
70
0
0
SEQEND
8
B.Silkscreen
0
POLYLINE
8
B.Silkscreen
62
7
70
0
10
0.000000
20
0.000000
66
1
0
VERTEX
8
B.Silkscreen
10
225.457260
20
-182.342375
70
0
0
VERTEX
8
B.Silkscreen
10
225.333964
20
-182.387354
70
0
0
SEQEND
8
B.Silkscreen
0
POLYLINE
8
B.Silkscreen
62
7
70
0
10
0.000000
20
0.000000
66
1
0
VERTEX
8
B.Silkscreen
10
225.333964
20
-182.387354
70
0
0
VERTEX
8
B.Silkscreen
10
225.203789
20
-182.411167
70
0
0
SEQEND
8
B.Silkscreen
0
POLYLINE
8
B.Silkscreen
62
7
70
0
10
0.000000
20
0.000000
66
1
0
VERTEX
8
B.Silkscreen
10
225.203789
20
-182.411167
70
0
0
VERTEX
8
B.Silkscreen
10
225.179712
20
-182.411167
70
0
0
SEQEND
8
B.Silkscreen
0
POLYLINE
8
B.Silkscreen
62
7
70
0
10
0.000000
20
0.000000
66
1
0
VERTEX
8
B.Silkscreen
10
225.179712
20
-182.411167
70
0
0
VERTEX
8
B.Silkscreen
10
225.026519
20
-182.403229
70
0
0
SEQEND
8
B.Silkscreen
0
POLYLINE
8
B.Silkscreen
62
7
70
0
10
0.000000
20
0.000000
66
1
0
VERTEX
8
B.Silkscreen
10
225.026519
20
-182.403229
70
0
0
VERTEX
8
B.Silkscreen
10
224.884438
20
-182.366188
70
0
0
SEQEND
8
B.Silkscreen
0
POLYLINE
8
B.Silkscreen
62
7
70
0
10
0.000000
20
0.000000
66
1
0
VERTEX
8
B.Silkscreen
10
224.884438
20
-182.366188
70
0
0
VERTEX
8
B.Silkscreen
10
224.756115
20
-182.302688
70
0
0
SEQEND
8
B.Silkscreen
0
POLYLINE
8
B.Silkscreen
62
7
70
0
10
0.000000
20
0.000000
66
1
0
VERTEX
8
B.Silkscreen
10
224.756115
20
-182.302688
70
0
0
VERTEX
8
B.Silkscreen
10
224.644725
20
-182.210084
70
0
0
SEQEND
8
B.Silkscreen
0
POLYLINE
8
B.Silkscreen
62
7
70
0
10
0.000000
20
0.000000
66
1
0
VERTEX
8
B.Silkscreen
10
224.644725
20
-182.210084
70
0
0
VERTEX
8
B.Silkscreen
10
224.552915
20
-182.096313
70
0
0
SEQEND
8
B.Silkscreen
0
POLYLINE
8
B.Silkscreen
62
7
70
0
10
0.000000
20
0.000000
66
1
0
VERTEX
8
B.Silkscreen
10
224.552915
20
-182.096313
70
0
0
VERTEX
8
B.Silkscreen
10
224.546565
20
-182.085730
70
0
0
SEQEND
8
B.Silkscreen
0
POLYLINE
8
B.Silkscreen
62
7
70
0
10
0.000000
20
0.000000
66
1
0
VERTEX
8
B.Silkscreen
10
224.546565
20
-182.085730
70
0
0
VERTEX
8
B.Silkscreen
10
224.532807
20
-182.064563
70
0
0
SEQEND
8
B.Silkscreen
0
POLYLINE
8
B.Silkscreen
62
7
70
0
10
0.000000
20
0.000000
66
1
0
VERTEX
8
B.Silkscreen
10
224.532807
20
-182.064563
70
0
0
VERTEX
8
B.Silkscreen
10
224.520107
20
-182.043396
70
0
0
SEQEND
8
B.Silkscreen
0
POLYLINE
8
B.Silkscreen
62
7
70
0
10
0.000000
20
0.000000
66
1
0
VERTEX
8
B.Silkscreen
10
224.520107
20
-182.043396
70
0
0
VERTEX
8
B.Silkscreen
10
224.508994
20
-182.024876
70
0
0
SEQEND
8
B.Silkscreen
0
POLYLINE
8
B.Silkscreen
62
7
70
0
10
0.000000
20
0.000000
66
1
0
VERTEX
8
B.Silkscreen
10
224.508994
20
-182.024876
70
0
0
VERTEX
8
B.Silkscreen
10
224.499205
20
-182.001063
70
0
0
SEQEND
8
B.Silkscreen
0
POLYLINE
8
B.Silkscreen
62
7
70
0
10
0.000000
20
0.000000
66
1
0
VERTEX
8
B.Silkscreen
10
224.499205
20
-182.001063
70
0
0
VERTEX
8
B.Silkscreen
10
224.490473
20
-181.974605
70
0
0
SEQEND
8
B.Silkscreen
0
POLYLINE
8
B.Silkscreen
62
7
70
0
10
0.000000
20
0.000000
66
1
0
VERTEX
8
B.Silkscreen
10
224.490473
20
-181.974605
70
0
0
VERTEX
8
B.Silkscreen
10
224.483065
20
-181.942855
70
0
0
SEQEND
8
B.Silkscreen
0
POLYLINE
8
B.Silkscreen
62
7
70
0
10
0.000000
20
0.000000
66
1
0
VERTEX
8
B.Silkscreen
10
224.483065
20
-181.942855
70
0
0
VERTEX
8
B.Silkscreen
10
224.476715
20
-181.903167
70
0
0
SEQEND
8
B.Silkscreen
0
POLYLINE
8
B.Silkscreen
62
7
70
0
10
0.000000
20
0.000000
66
1
0
VERTEX
8
B.Silkscreen
10
224.476715
20
-181.903167
70
0
0
VERTEX
8
B.Silkscreen
10
224.471423
20
-181.852897
70
0
0
SEQEND
8
B.Silkscreen
0
POLYLINE
8
B.Silkscreen
62
7
70
0
10
0.000000
20
0.000000
66
1
0
VERTEX
8
B.Silkscreen
10
224.471423
20
-181.852897
70
0
0
VERTEX
8
B.Silkscreen
10
224.466926
20
-181.794688
70
0
0
SEQEND
8
B.Silkscreen
0
POLYLINE
8
B.Silkscreen
62
7
70
0
10
0.000000
20
0.000000
66
1
0
VERTEX
8
B.Silkscreen
10
224.466926
20
-181.794688
70
0
0
VERTEX
8
B.Silkscreen
10
224.463486
20
-181.720605
70
0
0
SEQEND
8
B.Silkscreen
0
POLYLINE
8
B.Silkscreen
62
7
70
0
10
0.000000
20
0.000000
66
1
0
VERTEX
8
B.Silkscreen
10
224.463486
20
-181.720605
70
0
0
VERTEX
8
B.Silkscreen
10
224.460576
20
-181.633293
70
0
0
SEQEND
8
B.Silkscreen
0
POLYLINE
8
B.Silkscreen
62
7
70
0
10
0.000000
20
0.000000
66
1
0
VERTEX
8
B.Silkscreen
10
224.460576
20
-181.633293
70
0
0
VERTEX
8
B.Silkscreen
10
224.458459
20
-181.530105
70
0
0
SEQEND
8
B.Silkscreen
0
POLYLINE
8
B.Silkscreen
62
7
70
0
10
0.000000
20
0.000000
66
1
0
VERTEX
8
B.Silkscreen
10
224.458459
20
-181.530105
70
0
0
VERTEX
8
B.Silkscreen
10
224.457136
20
-181.408397
70
0
0
SEQEND
8
B.Silkscreen
0
POLYLINE
8
B.Silkscreen
62
7
70
0
10
0.000000
20
0.000000
66
1
0
VERTEX
8
B.Silkscreen
10
224.457136
20
-181.408397
70
0
0
VERTEX
8
B.Silkscreen
10
224.456078
20
-181.268168
70
0
0
SEQEND
8
B.Silkscreen
0
POLYLINE
8
B.Silkscreen
62
7
70
0
10
0.000000
20
0.000000
66
1
0
VERTEX
8
B.Silkscreen
10
224.456078
20
-181.268168
70
0
0
VERTEX
8
B.Silkscreen
10
224.455548
20
-181.104127
70
0
0
SEQEND
8
B.Silkscreen
0
POLYLINE
8
B.Silkscreen
62
7
70
0
10
0.000000
20
0.000000
66
1
0
VERTEX
8
B.Silkscreen
10
224.455548
20
-181.104127
70
0
0
VERTEX
8
B.Silkscreen
10
224.455548
20
-180.916273
70
0
0
SEQEND
8
B.Silkscreen
0
POLYLINE
8
B.Silkscreen
62
7
70
0
10
0.000000
20
0.000000
66
1
0
VERTEX
8
B.Silkscreen
10
224.455548
20
-180.916273
70
0
0
VERTEX
8
B.Silkscreen
10
224.455813
20
-180.704607
70
0
0
SEQEND
8
B.Silkscreen
0
POLYLINE
8
B.Silkscreen
62
7
70
0
10
0.000000
20
0.000000
66
1
0
VERTEX
8
B.Silkscreen
10
224.455813
20
-180.704607
70
0
0
VERTEX
8
B.Silkscreen
10
224.456342
20
-180.466482
70
0
0
SEQEND
8
B.Silkscreen
0
POLYLINE
8
B.Silkscreen
62
7
70
0
10
0.000000
20
0.000000
66
1
0
VERTEX
8
B.Silkscreen
10
224.456342
20
-180.466482
70
0
0
VERTEX
8
B.Silkscreen
10
224.456871
20
-180.199253
70
0
0
SEQEND
8
B.Silkscreen
0
POLYLINE
8
B.Silkscreen
62
7
70
0
10
0.000000
20
0.000000
66
1
0
VERTEX
8
B.Silkscreen
10
224.456871
20
-180.199253
70
0
0
VERTEX
8
B.Silkscreen
10
224.457401
20
-179.934670
70
0
0
SEQEND
8
B.Silkscreen
0
POLYLINE
8
B.Silkscreen
62
7
70
0
10
0.000000
20
0.000000
66
1
0
VERTEX
8
B.Silkscreen
10
226.184069
20
-179.934670
70
0
0
VERTEX
8
B.Silkscreen
10
226.190419
20
-180.064316
70
0
0
SEQEND
8
B.Silkscreen
0
POLYLINE
8
B.Silkscreen
62
7
70
0
10
0.000000
20
0.000000
66
1
0
VERTEX
8
B.Silkscreen
10
226.190419
20
-180.064316
70
0
0
VERTEX
8
B.Silkscreen
10
226.207882
20
-180.172795
70
0
0
SEQEND
8
B.Silkscreen
0
POLYLINE
8
B.Silkscreen
62
7
70
0
10
0.000000
20
0.000000
66
1
0
VERTEX
8
B.Silkscreen
10
226.207882
20
-180.172795
70
0
0
VERTEX
8
B.Silkscreen
10
226.257359
20
-180.328899
70
0
0
SEQEND
8
B.Silkscreen
0
POLYLINE
8
B.Silkscreen
62
7
70
0
10
0.000000
20
0.000000
66
1
0
VERTEX
8
B.Silkscreen
10
226.257359
20
-180.328899
70
0
0
VERTEX
8
B.Silkscreen
10
226.341761
20
-180.500878
70
0
0
SEQEND
8
B.Silkscreen
0
POLYLINE
8
B.Silkscreen
62
7
70
0
10
0.000000
20
0.000000
66
1
0
VERTEX
8
B.Silkscreen
10
226.341761
20
-180.500878
70
0
0
VERTEX
8
B.Silkscreen
10
226.455267
20
-180.656982
70
0
0
SEQEND
8
B.Silkscreen
0
POLYLINE
8
B.Silkscreen
62
7
70
0
10
0.000000
20
0.000000
66
1
0
VERTEX
8
B.Silkscreen
10
226.455267
20
-180.656982
70
0
0
VERTEX
8
B.Silkscreen
10
226.598142
20
-180.799856
70
0
0
SEQEND
8
B.Silkscreen
0
POLYLINE
8
B.Silkscreen
62
7
70
0
10
0.000000
20
0.000000
66
1
0
VERTEX
8
B.Silkscreen
10
226.598142
20
-180.799856
70
0
0
VERTEX
8
B.Silkscreen
10
226.698419
20
-180.879231
70
0
0
SEQEND
8
B.Silkscreen
0
POLYLINE
8
B.Silkscreen
62
7
70
0
10
0.000000
20
0.000000
66
1
0
VERTEX
8
B.Silkscreen
10
226.698419
20
-180.879231
70
0
0
VERTEX
8
B.Silkscreen
10
226.854787
20
-180.971835
70
0
0
SEQEND
8
B.Silkscreen
0
POLYLINE
8
B.Silkscreen
62
7
70
0
10
0.000000
20
0.000000
66
1
0
VERTEX
8
B.Silkscreen
10
226.854787
20
-180.971835
70
0
0
VERTEX
8
B.Silkscreen
10
227.023062
20
-181.035335
70
0
0
SEQEND
8
B.Silkscreen
0
POLYLINE
8
B.Silkscreen
62
7
70
0
10
0.000000
20
0.000000
66
1
0
VERTEX
8
B.Silkscreen
10
227.023062
20
-181.035335
70
0
0
VERTEX
8
B.Silkscreen
10
227.207741
20
-181.075023
70
0
0
SEQEND
8
B.Silkscreen
0
POLYLINE
8
B.Silkscreen
62
7
70
0
10
0.000000
20
0.000000
66
1
0
VERTEX
8
B.Silkscreen
10
227.207741
20
-181.075023
70
0
0
VERTEX
8
B.Silkscreen
10
227.268330
20
-181.080314
70
0
0
SEQEND
8
B.Silkscreen
0
POLYLINE
8
B.Silkscreen
62
7
70
0
10
0.000000
20
0.000000
66
1
0
VERTEX
8
B.Silkscreen
10
227.268330
20
-181.080314
70
0
0
VERTEX
8
B.Silkscreen
10
227.336328
20
-181.085606
70
0
0
SEQEND
8
B.Silkscreen
0
POLYLINE
8
B.Silkscreen
62
7
70
0
10
0.000000
20
0.000000
66
1
0
VERTEX
8
B.Silkscreen
10
227.336328
20
-181.085606
70
0
0
VERTEX
8
B.Silkscreen
10
227.396918
20
-181.085606
70
0
0
SEQEND
8
B.Silkscreen
0
POLYLINE
8
B.Silkscreen
62
7
70
0
10
0.000000
20
0.000000
66
1
0
VERTEX
8
B.Silkscreen
10
227.396918
20
-181.085606
70
0
0
VERTEX
8
B.Silkscreen
10
227.462799
20
-181.077669
70
0
0
SEQEND
8
B.Silkscreen
0
POLYLINE
8
B.Silkscreen
62
7
70
0
10
0.000000
20
0.000000
66
1
0
VERTEX
8
B.Silkscreen
10
227.462799
20
-181.077669
70
0
0
VERTEX
8
B.Silkscreen
10
227.547465
20
-181.064439
70
0
0
SEQEND
8
B.Silkscreen
0
POLYLINE
8
B.Silkscreen
62
7
70
0
10
0.000000
20
0.000000
66
1
0
VERTEX
8
B.Silkscreen
10
227.547465
20
-181.064439
70
0
0
VERTEX
8
B.Silkscreen
10
227.592709
20
-181.053856
70
0
0
SEQEND
8
B.Silkscreen
0
POLYLINE
8
B.Silkscreen
62
7
70
0
10
0.000000
20
0.000000
66
1
0
VERTEX
8
B.Silkscreen
10
227.592709
20
-181.053856
70
0
0
VERTEX
8
B.Silkscreen
10
227.701188
20
-181.024752
70
0
0
SEQEND
8
B.Silkscreen
0
POLYLINE
8
B.Silkscreen
62
7
70
0
10
0.000000
20
0.000000
66
1
0
VERTEX
8
B.Silkscreen
10
227.701188
20
-181.024752
70
0
0
VERTEX
8
B.Silkscreen
10
227.807550
20
-180.985064
70
0
0
SEQEND
8
B.Silkscreen
0
POLYLINE
8
B.Silkscreen
62
7
70
0
10
0.000000
20
0.000000
66
1
0
VERTEX
8
B.Silkscreen
10
227.807550
20
-180.985064
70
0
0
VERTEX
8
B.Silkscreen
10
227.901742
20
-180.940085
70
0
0
SEQEND
8
B.Silkscreen
0
POLYLINE
8
B.Silkscreen
62
7
70
0
10
0.000000
20
0.000000
66
1
0
VERTEX
8
B.Silkscreen
10
227.901742
20
-180.940085
70
0
0
VERTEX
8
B.Silkscreen
10
227.973709
20
-180.892460
70
0
0
SEQEND
8
B.Silkscreen
0
POLYLINE
8
B.Silkscreen
62
7
70
0
10
0.000000
20
0.000000
66
1
0
VERTEX
8
B.Silkscreen
10
227.973709
20
-180.892460
70
0
0
VERTEX
8
B.Silkscreen
10
228.085892
20
-180.797211
70
0
0
SEQEND
8
B.Silkscreen
0
POLYLINE
8
B.Silkscreen
62
7
70
0
10
0.000000
20
0.000000
66
1
0
VERTEX
8
B.Silkscreen
10
228.085892
20
-180.797211
70
0
0
VERTEX
8
B.Silkscreen
10
228.223210
20
-180.646398
70
0
0
SEQEND
8
B.Silkscreen
0
POLYLINE
8
B.Silkscreen
62
7
70
0
10
0.000000
20
0.000000
66
1
0
VERTEX
8
B.Silkscreen
10
228.223210
20
-180.646398
70
0
0
VERTEX
8
B.Silkscreen
10
228.332483
20
-180.482357
70
0
0
SEQEND
8
B.Silkscreen
0
POLYLINE
8
B.Silkscreen
62
7
70
0
10
0.000000
20
0.000000
66
1
0
VERTEX
8
B.Silkscreen
10
228.332483
20
-180.482357
70
0
0
VERTEX
8
B.Silkscreen
10
228.412387
20
-180.310378
70
0
0
SEQEND
8
B.Silkscreen
0
POLYLINE
8
B.Silkscreen
62
7
70
0
10
0.000000
20
0.000000
66
1
0
VERTEX
8
B.Silkscreen
10
228.412387
20
-180.310378
70
0
0
VERTEX
8
B.Silkscreen
10
228.421118
20
-180.283920
70
0
0
SEQEND
8
B.Silkscreen
0
POLYLINE
8
B.Silkscreen
62
7
70
0
10
0.000000
20
0.000000
66
1
0
VERTEX
8
B.Silkscreen
10
228.421118
20
-180.283920
70
0
0
VERTEX
8
B.Silkscreen
10
228.434612
20
-180.244232
70
0
0
SEQEND
8
B.Silkscreen
0
POLYLINE
8
B.Silkscreen
62
7
70
0
10
0.000000
20
0.000000
66
1
0
VERTEX
8
B.Silkscreen
10
228.434612
20
-180.244232
70
0
0
VERTEX
8
B.Silkscreen
10
228.443873
20
-180.201899
70
0
0
SEQEND
8
B.Silkscreen
0
POLYLINE
8
B.Silkscreen
62
7
70
0
10
0.000000
20
0.000000
66
1
0
VERTEX
8
B.Silkscreen
10
228.443873
20
-180.201899
70
0
0
VERTEX
8
B.Silkscreen
10
228.449958
20
-180.156920
70
0
0
SEQEND
8
B.Silkscreen
0
POLYLINE
8
B.Silkscreen
62
7
70
0
10
0.000000
20
0.000000
66
1
0
VERTEX
8
B.Silkscreen
10
228.449958
20
-180.156920
70
0
0
VERTEX
8
B.Silkscreen
10
228.453133
20
-180.098711
70
0
0
SEQEND
8
B.Silkscreen
0
POLYLINE
8
B.Silkscreen
62
7
70
0
10
0.000000
20
0.000000
66
1
0
VERTEX
8
B.Silkscreen
10
228.453133
20
-180.098711
70
0
0
VERTEX
8
B.Silkscreen
10
228.454721
20
-180.019337
70
0
0
SEQEND
8
B.Silkscreen
0
POLYLINE
8
B.Silkscreen
62
7
70
0
10
0.000000
20
0.000000
66
1
0
VERTEX
8
B.Silkscreen
10
228.454721
20
-180.019337
70
0
0
VERTEX
8
B.Silkscreen
10
228.455250
20
-179.918795
70
0
0
SEQEND
8
B.Silkscreen
0
POLYLINE
8
B.Silkscreen
62
7
70
0
10
0.000000
20
0.000000
66
1
0
VERTEX
8
B.Silkscreen
10
228.455250
20
-179.918795
70
0
0
VERTEX
8
B.Silkscreen
10
228.455250
20
-179.828837
70
0
0
SEQEND
8
B.Silkscreen
0
POLYLINE
8
B.Silkscreen
62
7
70
0
10
0.000000
20
0.000000
66
1
0
VERTEX
8
B.Silkscreen
10
228.455250
20
-179.828837
70
0
0
VERTEX
8
B.Silkscreen
10
228.454191
20
-179.749462
70
0
0
SEQEND
8
B.Silkscreen
0
POLYLINE
8
B.Silkscreen
62
7
70
0
10
0.000000
20
0.000000
66
1
0
VERTEX
8
B.Silkscreen
10
228.454191
20
-179.749462
70
0
0
VERTEX
8
B.Silkscreen
10
228.451281
20
-179.688608
70
0
0
SEQEND
8
B.Silkscreen
0
POLYLINE
8
B.Silkscreen
62
7
70
0
10
0.000000
20
0.000000
66
1
0
VERTEX
8
B.Silkscreen
10
228.451281
20
-179.688608
70
0
0
VERTEX
8
B.Silkscreen
10
228.445989
20
-179.640983
70
0
0
SEQEND
8
B.Silkscreen
0
POLYLINE
8
B.Silkscreen
62
7
70
0
10
0.000000
20
0.000000
66
1
0
VERTEX
8
B.Silkscreen
10
228.445989
20
-179.640983
70
0
0
VERTEX
8
B.Silkscreen
10
228.436993
20
-179.598650
70
0
0
SEQEND
8
B.Silkscreen
0
POLYLINE
8
B.Silkscreen
62
7
70
0
10
0.000000
20
0.000000
66
1
0
VERTEX
8
B.Silkscreen
10
228.436993
20
-179.598650
70
0
0
VERTEX
8
B.Silkscreen
10
228.424029
20
-179.556316
70
0
0
SEQEND
8
B.Silkscreen
0
POLYLINE
8
B.Silkscreen
62
7
70
0
10
0.000000
20
0.000000
66
1
0
VERTEX
8
B.Silkscreen
10
228.424029
20
-179.556316
70
0
0
VERTEX
8
B.Silkscreen
10
228.405508
20
-179.503400
70
0
0
SEQEND
8
B.Silkscreen
0
POLYLINE
8
B.Silkscreen
62
7
70
0
10
0.000000
20
0.000000
66
1
0
VERTEX
8
B.Silkscreen
10
228.405508
20
-179.503400
70
0
0
VERTEX
8
B.Silkscreen
10
228.355766
20
-179.384337
70
0
0
SEQEND
8
B.Silkscreen
0
POLYLINE
8
B.Silkscreen
62
7
70
0
10
0.000000
20
0.000000
66
1
0
VERTEX
8
B.Silkscreen
10
228.355766
20
-179.384337
70
0
0
VERTEX
8
B.Silkscreen
10
228.259194
20
-179.220296
70
0
0
SEQEND
8
B.Silkscreen
0
POLYLINE
8
B.Silkscreen
62
7
70
0
10
0.000000
20
0.000000
66
1
0
VERTEX
8
B.Silkscreen
10
228.259194
20
-179.220296
70
0
0
VERTEX
8
B.Silkscreen
10
228.138015
20
-179.077421
70
0
0
SEQEND
8
B.Silkscreen
0
POLYLINE
8
B.Silkscreen
62
7
70
0
10
0.000000
20
0.000000
66
1
0
VERTEX
8
B.Silkscreen
10
228.138015
20
-179.077421
70
0
0
VERTEX
8
B.Silkscreen
10
227.993023
20
-178.955713
70
0
0
SEQEND
8
B.Silkscreen
0
POLYLINE
8
B.Silkscreen
62
7
70
0
10
0.000000
20
0.000000
66
1
0
VERTEX
8
B.Silkscreen
10
227.993023
20
-178.955713
70
0
0
VERTEX
8
B.Silkscreen
10
227.825013
20
-178.855171
70
0
0
SEQEND
8
B.Silkscreen
0
POLYLINE
8
B.Silkscreen
62
7
70
0
10
0.000000
20
0.000000
66
1
0
VERTEX
8
B.Silkscreen
10
227.825013
20
-178.855171
70
0
0
VERTEX
8
B.Silkscreen
10
227.808609
20
-178.847234
70
0
0
SEQEND
8
B.Silkscreen
0
POLYLINE
8
B.Silkscreen
62
7
70
0
10
0.000000
20
0.000000
66
1
0
VERTEX
8
B.Silkscreen
10
227.808609
20
-178.847234
70
0
0
VERTEX
8
B.Silkscreen
10
227.668380
20
-178.789026
70
0
0
SEQEND
8
B.Silkscreen
0
POLYLINE
8
B.Silkscreen
62
7
70
0
10
0.000000
20
0.000000
66
1
0
VERTEX
8
B.Silkscreen
10
227.668380
20
-178.789026
70
0
0
VERTEX
8
B.Silkscreen
10
227.537940
20
-178.751984
70
0
0
SEQEND
8
B.Silkscreen
0
POLYLINE
8
B.Silkscreen
62
7
70
0
10
0.000000
20
0.000000
66
1
0
VERTEX
8
B.Silkscreen
10
227.537940
20
-178.751984
70
0
0
VERTEX
8
B.Silkscreen
10
227.407501
20
-178.733463
70
0
0
SEQEND
8
B.Silkscreen
0
POLYLINE
8
B.Silkscreen
62
7
70
0
10
0.000000
20
0.000000
66
1
0
VERTEX
8
B.Silkscreen
10
227.407501
20
-178.733463
70
0
0
VERTEX
8
B.Silkscreen
10
227.267007
20
-178.733463
70
0
0
SEQEND
8
B.Silkscreen
0
POLYLINE
8
B.Silkscreen
62
7
70
0
10
0.000000
20
0.000000
66
1
0
VERTEX
8
B.Silkscreen
10
227.267007
20
-178.733463
70
0
0
VERTEX
8
B.Silkscreen
10
227.186045
20
-178.741401
70
0
0
SEQEND
8
B.Silkscreen
0
POLYLINE
8
B.Silkscreen
62
7
70
0
10
0.000000
20
0.000000
66
1
0
VERTEX
8
B.Silkscreen
10
227.186045
20
-178.741401
70
0
0
VERTEX
8
B.Silkscreen
10
227.002689
20
-178.781088
70
0
0
SEQEND
8
B.Silkscreen
0
POLYLINE
8
B.Silkscreen
62
7
70
0
10
0.000000
20
0.000000
66
1
0
VERTEX
8
B.Silkscreen
10
227.002689
20
-178.781088
70
0
0
VERTEX
8
B.Silkscreen
10
226.830181
20
-178.847234
70
0
0
SEQEND
8
B.Silkscreen
0
POLYLINE
8
B.Silkscreen
62
7
70
0
10
0.000000
20
0.000000
66
1
0
VERTEX
8
B.Silkscreen
10
226.830181
20
-178.847234
70
0
0
VERTEX
8
B.Silkscreen
10
226.671431
20
-178.939838
70
0
0
SEQEND
8
B.Silkscreen
0
POLYLINE
8
B.Silkscreen
62
7
70
0
10
0.000000
20
0.000000
66
1
0
VERTEX
8
B.Silkscreen
10
226.671431
20
-178.939838
70
0
0
VERTEX
8
B.Silkscreen
10
226.529615
20
-179.053609
70
0
0
SEQEND
8
B.Silkscreen
0
POLYLINE
8
B.Silkscreen
62
7
70
0
10
0.000000
20
0.000000
66
1
0
VERTEX
8
B.Silkscreen
10
226.529615
20
-179.053609
70
0
0
VERTEX
8
B.Silkscreen
10
226.407906
20
-179.191192
70
0
0
SEQEND
8
B.Silkscreen
0
POLYLINE
8
B.Silkscreen
62
7
70
0
10
0.000000
20
0.000000
66
1
0
VERTEX
8
B.Silkscreen
10
226.407906
20
-179.191192
70
0
0
VERTEX
8
B.Silkscreen
10
226.308952
20
-179.347296
70
0
0
SEQEND
8
B.Silkscreen
0
POLYLINE
8
B.Silkscreen
62
7
70
0
10
0.000000
20
0.000000
66
1
0
VERTEX
8
B.Silkscreen
10
226.308952
20
-179.347296
70
0
0
VERTEX
8
B.Silkscreen
10
226.236192
20
-179.516629
70
0
0
SEQEND
8
B.Silkscreen
0
POLYLINE
8
B.Silkscreen
62
7
70
0
10
0.000000
20
0.000000
66
1
0
VERTEX
8
B.Silkscreen
10
226.236192
20
-179.516629
70
0
0
VERTEX
8
B.Silkscreen
10
226.226667
20
-179.551025
70
0
0
SEQEND
8
B.Silkscreen
0
POLYLINE
8
B.Silkscreen
62
7
70
0
10
0.000000
20
0.000000
66
1
0
VERTEX
8
B.Silkscreen
10
226.226667
20
-179.551025
70
0
0
VERTEX
8
B.Silkscreen
10
226.202590
20
-179.667441
70
0
0
SEQEND
8
B.Silkscreen
0
POLYLINE
8
B.Silkscreen
62
7
70
0
10
0.000000
20
0.000000
66
1
0
VERTEX
8
B.Silkscreen
10
226.202590
20
-179.667441
70
0
0
VERTEX
8
B.Silkscreen
10
226.188303
20
-179.799733
70
0
0
SEQEND
8
B.Silkscreen
0
POLYLINE
8
B.Silkscreen
62
7
70
0
10
0.000000
20
0.000000
66
1
0
VERTEX
8
B.Silkscreen
10
226.188303
20
-179.799733
70
0
0
VERTEX
8
B.Silkscreen
10
226.184069
20
-179.934670
70
0
0
SEQEND
8
B.Silkscreen
0
POLYLINE
8
B.Silkscreen
62
7
70
0
10
0.000000
20
0.000000
66
1
0
VERTEX
8
B.Silkscreen
10
224.457401
20
-179.934670
70
0
0
VERTEX
8
B.Silkscreen
10
224.457665
20
-179.900274
70
0
0
SEQEND
8
B.Silkscreen
0
POLYLINE
8
B.Silkscreen
62
7
70
0
10
0.000000
20
0.000000
66
1
0
VERTEX
8
B.Silkscreen
10
224.457665
20
-179.900274
70
0
0
VERTEX
8
B.Silkscreen
10
224.461898
20
-177.960881
70
0
0
SEQEND
8
B.Silkscreen
0
POLYLINE
8
B.Silkscreen
62
7
70
0
10
0.000000
20
0.000000
66
1
0
VERTEX
8
B.Silkscreen
10
224.461898
20
-177.960881
70
0
0
VERTEX
8
B.Silkscreen
10
224.505290
20
-177.868277
70
0
0
SEQEND
8
B.Silkscreen
0
POLYLINE
8
B.Silkscreen
62
7
70
0
10
0.000000
20
0.000000
66
1
0
VERTEX
8
B.Silkscreen
10
224.505290
20
-177.868277
70
0
0
VERTEX
8
B.Silkscreen
10
224.525663
20
-177.825943
70
0
0
SEQEND
8
B.Silkscreen
0
POLYLINE
8
B.Silkscreen
62
7
70
0
10
0.000000
20
0.000000
66
1
0
VERTEX
8
B.Silkscreen
10
224.525663
20
-177.825943
70
0
0
VERTEX
8
B.Silkscreen
10
224.579902
20
-177.738631
70
0
0
SEQEND
8
B.Silkscreen
0
POLYLINE
8
B.Silkscreen
62
7
70
0
10
0.000000
20
0.000000
66
1
0
VERTEX
8
B.Silkscreen
10
224.579902
20
-177.738631
70
0
0
VERTEX
8
B.Silkscreen
10
224.641815
20
-177.667194
70
0
0
SEQEND
8
B.Silkscreen
0
POLYLINE
8
B.Silkscreen
62
7
70
0
10
0.000000
20
0.000000
66
1
0
VERTEX
8
B.Silkscreen
10
224.641815
20
-177.667194
70
0
0
VERTEX
8
B.Silkscreen
10
224.718809
20
-177.606340
70
0
0
SEQEND
8
B.Silkscreen
0
POLYLINE
8
B.Silkscreen
62
7
70
0
10
0.000000
20
0.000000
66
1
0
VERTEX
8
B.Silkscreen
10
224.718809
20
-177.606340
70
0
0
VERTEX
8
B.Silkscreen
10
224.782308
20
-177.569298
70
0
0
SEQEND
8
B.Silkscreen
0
POLYLINE
8
B.Silkscreen
62
7
70
0
10
0.000000
20
0.000000
66
1
0
VERTEX
8
B.Silkscreen
10
224.782308
20
-177.569298
70
0
0
VERTEX
8
B.Silkscreen
10
224.899783
20
-177.519027
70
0
0
SEQEND
8
B.Silkscreen
0
POLYLINE
8
B.Silkscreen
62
7
70
0
10
0.000000
20
0.000000
66
1
0
VERTEX
8
B.Silkscreen
10
224.899783
20
-177.519027
70
0
0
VERTEX
8
B.Silkscreen
10
225.024402
20
-177.492569
70
0
0
SEQEND
8
B.Silkscreen
0
POLYLINE
8
B.Silkscreen
62
7
70
0
10
0.000000
20
0.000000
66
1
0
VERTEX
8
B.Silkscreen
10
225.024402
20
-177.492569
70
0
0
VERTEX
8
B.Silkscreen
10
225.165160
20
-177.487277
70
0
0
SEQEND
8
B.Silkscreen
0
POLYLINE
8
B.Silkscreen
62
7
70
0
10
0.000000
20
0.000000
66
1
0
VERTEX
8
B.Silkscreen
10
225.165160
20
-177.487277
70
0
0
VERTEX
8
B.Silkscreen
10
225.234745
20
-177.492569
70
0
0
SEQEND
8
B.Silkscreen
0
POLYLINE
8
B.Silkscreen
62
7
70
0
10
0.000000
20
0.000000
66
1
0
VERTEX
8
B.Silkscreen
10
225.234745
20
-177.492569
70
0
0
VERTEX
8
B.Silkscreen
10
225.358306
20
-177.516381
70
0
0
SEQEND
8
B.Silkscreen
0
POLYLINE
8
B.Silkscreen
62
7
70
0
10
0.000000
20
0.000000
66
1
0
VERTEX
8
B.Silkscreen
10
225.358306
20
-177.516381
70
0
0
VERTEX
8
B.Silkscreen
10
225.468108
20
-177.561360
70
0
0
SEQEND
8
B.Silkscreen
0
POLYLINE
8
B.Silkscreen
62
7
70
0
10
0.000000
20
0.000000
66
1
0
VERTEX
8
B.Silkscreen
10
225.468108
20
-177.561360
70
0
0
VERTEX
8
B.Silkscreen
10
225.573412
20
-177.632798
70
0
0
SEQEND
8
B.Silkscreen
0
POLYLINE
8
B.Silkscreen
62
7
70
0
10
0.000000
20
0.000000
66
1
0
VERTEX
8
B.Silkscreen
10
225.573412
20
-177.632798
70
0
0
VERTEX
8
B.Silkscreen
10
225.633207
20
-177.691006
70
0
0
SEQEND
8
B.Silkscreen
0
POLYLINE
8
B.Silkscreen
62
7
70
0
10
0.000000
20
0.000000
66
1
0
VERTEX
8
B.Silkscreen
10
225.633207
20
-177.691006
70
0
0
VERTEX
8
B.Silkscreen
10
225.698030
20
-177.778319
70
0
0
SEQEND
8
B.Silkscreen
0
POLYLINE
8
B.Silkscreen
62
7
70
0
10
0.000000
20
0.000000
66
1
0
VERTEX
8
B.Silkscreen
10
225.698030
20
-177.778319
70
0
0
VERTEX
8
B.Silkscreen
10
225.749889
20
-177.873568
70
0
0
SEQEND
8
B.Silkscreen
0
POLYLINE
8
B.Silkscreen
62
7
70
0
10
0.000000
20
0.000000
66
1
0
VERTEX
8
B.Silkscreen
10
225.749889
20
-177.873568
70
0
0
VERTEX
8
B.Silkscreen
10
225.781374
20
-177.966172
70
0
0
SEQEND
8
B.Silkscreen
0
POLYLINE
8
B.Silkscreen
62
7
70
0
10
0.000000
20
0.000000
66
1
0
VERTEX
8
B.Silkscreen
10
225.781374
20
-177.966172
70
0
0
VERTEX
8
B.Silkscreen
10
225.790634
20
-178.005860
70
0
0
SEQEND
8
B.Silkscreen
0
POLYLINE
8
B.Silkscreen
62
7
70
0
10
0.000000
20
0.000000
66
1
0
VERTEX
8
B.Silkscreen
10
225.790634
20
-178.005860
70
0
0
VERTEX
8
B.Silkscreen
10
225.800688
20
-178.048193
70
0
0
SEQEND
8
B.Silkscreen
0
POLYLINE
8
B.Silkscreen
62
7
70
0
10
0.000000
20
0.000000
66
1
0
VERTEX
8
B.Silkscreen
10
225.800688
20
-178.048193
70
0
0
VERTEX
8
B.Silkscreen
10
225.807038
20
-178.066714
70
0
0
SEQEND
8
B.Silkscreen
0
POLYLINE
8
B.Silkscreen
62
7
70
0
10
0.000000
20
0.000000
66
1
0
VERTEX
8
B.Silkscreen
10
225.807038
20
-178.066714
70
0
0
VERTEX
8
B.Silkscreen
10
225.816563
20
-178.061422
70
0
0
SEQEND
8
B.Silkscreen
0
POLYLINE
8
B.Silkscreen
62
7
70
0
10
0.000000
20
0.000000
66
1
0
VERTEX
8
B.Silkscreen
10
225.816563
20
-178.061422
70
0
0
VERTEX
8
B.Silkscreen
10
225.843815
20
-178.040256
70
0
0
SEQEND
8
B.Silkscreen
0
POLYLINE
8
B.Silkscreen
62
7
70
0
10
0.000000
20
0.000000
66
1
0
VERTEX
8
B.Silkscreen
10
225.843815
20
-178.040256
70
0
0
VERTEX
8
B.Silkscreen
10
225.881122
20
-178.005860
70
0
0
SEQEND
8
B.Silkscreen
0
POLYLINE
8
B.Silkscreen
62
7
70
0
10
0.000000
20
0.000000
66
1
0
VERTEX
8
B.Silkscreen
10
225.881122
20
-178.005860
70
0
0
VERTEX
8
B.Silkscreen
10
225.931128
20
-177.960881
70
0
0
SEQEND
8
B.Silkscreen
0
POLYLINE
8
B.Silkscreen
62
7
70
0
10
0.000000
20
0.000000
66
1
0
VERTEX
8
B.Silkscreen
10
225.931128
20
-177.960881
70
0
0
VERTEX
8
B.Silkscreen
10
226.093317
20
-177.833881
70
0
0
SEQEND
8
B.Silkscreen
0
POLYLINE
8
B.Silkscreen
62
7
70
0
10
0.000000
20
0.000000
66
1
0
VERTEX
8
B.Silkscreen
10
226.093317
20
-177.833881
70
0
0
VERTEX
8
B.Silkscreen
10
226.277732
20
-177.714819
70
0
0
SEQEND
8
B.Silkscreen
0
POLYLINE
8
B.Silkscreen
62
7
70
0
10
0.000000
20
0.000000
66
1
0
VERTEX
8
B.Silkscreen
10
226.277732
20
-177.714819
70
0
0
VERTEX
8
B.Silkscreen
10
226.477756
20
-177.611631
70
0
0
SEQEND
8
B.Silkscreen
0
POLYLINE
8
B.Silkscreen
62
7
70
0
10
0.000000
20
0.000000
66
1
0
VERTEX
8
B.Silkscreen
10
226.477756
20
-177.611631
70
0
0
VERTEX
8
B.Silkscreen
10
226.685983
20
-177.524319
70
0
0
SEQEND
8
B.Silkscreen
0
POLYLINE
8
B.Silkscreen
62
7
70
0
10
0.000000
20
0.000000
66
1
0
VERTEX
8
B.Silkscreen
10
226.685983
20
-177.524319
70
0
0
VERTEX
8
B.Silkscreen
10
226.895268
20
-177.460819
70
0
0
SEQEND
8
B.Silkscreen
0
POLYLINE
8
B.Silkscreen
62
7
70
0
10
0.000000
20
0.000000
66
1
0
VERTEX
8
B.Silkscreen
10
226.895268
20
-177.460819
70
0
0
VERTEX
8
B.Silkscreen
10
226.991312
20
-177.439652
70
0
0
SEQEND
8
B.Silkscreen
0
POLYLINE
8
B.Silkscreen
62
7
70
0
10
0.000000
20
0.000000
66
1
0
VERTEX
8
B.Silkscreen
10
226.991312
20
-177.439652
70
0
0
VERTEX
8
B.Silkscreen
10
227.255366
20
-177.399965
70
0
0
SEQEND
8
B.Silkscreen
0
POLYLINE
8
B.Silkscreen
62
7
70
0
10
0.000000
20
0.000000
66
1
0
VERTEX
8
B.Silkscreen
10
227.255366
20
-177.399965
70
0
0
VERTEX
8
B.Silkscreen
10
227.521801
20
-177.392027
70
0
0
SEQEND
8
B.Silkscreen
0
POLYLINE
8
B.Silkscreen
62
7
70
0
10
0.000000
20
0.000000
66
1
0
VERTEX
8
B.Silkscreen
10
227.521801
20
-177.392027
70
0
0
VERTEX
8
B.Silkscreen
10
227.788501
20
-177.413194
70
0
0
SEQEND
8
B.Silkscreen
0
POLYLINE
8
B.Silkscreen
62
7
70
0
10
0.000000
20
0.000000
66
1
0
VERTEX
8
B.Silkscreen
10
227.788501
20
-177.413194
70
0
0
VERTEX
8
B.Silkscreen
10
228.052025
20
-177.460819
70
0
0
SEQEND
8
B.Silkscreen
0
POLYLINE
8
B.Silkscreen
62
7
70
0
10
0.000000
20
0.000000
66
1
0
VERTEX
8
B.Silkscreen
10
228.052025
20
-177.460819
70
0
0
VERTEX
8
B.Silkscreen
10
228.310258
20
-177.540194
70
0
0
SEQEND
8
B.Silkscreen
0
POLYLINE
8
B.Silkscreen
62
7
70
0
10
0.000000
20
0.000000
66
1
0
VERTEX
8
B.Silkscreen
10
228.310258
20
-177.540194
70
0
0
VERTEX
8
B.Silkscreen
10
228.559760
20
-177.643381
70
0
0
SEQEND
8
B.Silkscreen
0
POLYLINE
8
B.Silkscreen
62
7
70
0
10
0.000000
20
0.000000
66
1
0
VERTEX
8
B.Silkscreen
10
228.559760
20
-177.643381
70
0
0
VERTEX
8
B.Silkscreen
10
228.798414
20
-177.773027
70
0
0
SEQEND
8
B.Silkscreen
0
POLYLINE
8
B.Silkscreen
62
7
70
0
10
0.000000
20
0.000000
66
1
0
VERTEX
8
B.Silkscreen
10
228.798414
20
-177.773027
70
0
0
VERTEX
8
B.Silkscreen
10
229.022780
20
-177.926485
70
0
0
SEQEND
8
B.Silkscreen
0
POLYLINE
8
B.Silkscreen
62
7
70
0
10
0.000000
20
0.000000
66
1
0
VERTEX
8
B.Silkscreen
10
229.022780
20
-177.926485
70
0
0
VERTEX
8
B.Silkscreen
10
229.230213
20
-178.103756
70
0
0
SEQEND
8
B.Silkscreen
0
POLYLINE
8
B.Silkscreen
62
7
70
0
10
0.000000
20
0.000000
66
1
0
VERTEX
8
B.Silkscreen
10
229.230213
20
-178.103756
70
0
0
VERTEX
8
B.Silkscreen
10
229.418332
20
-178.304839
70
0
0
SEQEND
8
B.Silkscreen
0
POLYLINE
8
B.Silkscreen
62
7
70
0
10
0.000000
20
0.000000
66
1
0
VERTEX
8
B.Silkscreen
10
229.418332
20
-178.304839
70
0
0
VERTEX
8
B.Silkscreen
10
229.490563
20
-178.397443
70
0
0
SEQEND
8
B.Silkscreen
0
POLYLINE
8
B.Silkscreen
62
7
70
0
10
0.000000
20
0.000000
66
1
0
VERTEX
8
B.Silkscreen
10
229.490563
20
-178.397443
70
0
0
VERTEX
8
B.Silkscreen
10
229.636084
20
-178.609109
70
0
0
SEQEND
8
B.Silkscreen
0
POLYLINE
8
B.Silkscreen
62
7
70
0
10
0.000000
20
0.000000
66
1
0
VERTEX
8
B.Silkscreen
10
229.636084
20
-178.609109
70
0
0
VERTEX
8
B.Silkscreen
10
229.756469
20
-178.831359
70
0
0
SEQEND
8
B.Silkscreen
0
POLYLINE
8
B.Silkscreen
62
7
70
0
10
0.000000
20
0.000000
66
1
0
VERTEX
8
B.Silkscreen
10
229.756469
20
-178.831359
70
0
0
VERTEX
8
B.Silkscreen
10
229.854365
20
-179.072129
70
0
0
SEQEND
8
B.Silkscreen
0
POLYLINE
8
B.Silkscreen
62
7
70
0
10
0.000000
20
0.000000
66
1
0
VERTEX
8
B.Silkscreen
10
229.854365
20
-179.072129
70
0
0
VERTEX
8
B.Silkscreen
10
229.932681
20
-179.336712
70
0
0
SEQEND
8
B.Silkscreen
0
POLYLINE
8
B.Silkscreen
62
7
70
0
10
0.000000
20
0.000000
66
1
0
VERTEX
8
B.Silkscreen
10
229.932681
20
-179.336712
70
0
0
VERTEX
8
B.Silkscreen
10
229.972633
20
-179.532504
70
0
0
SEQEND
8
B.Silkscreen
0
POLYLINE
8
B.Silkscreen
62
7
70
0
10
0.000000
20
0.000000
66
1
0
VERTEX
8
B.Silkscreen
10
229.972633
20
-179.532504
70
0
0
VERTEX
8
B.Silkscreen
10
230.000944
20
-179.794441
70
0
0
SEQEND
8
B.Silkscreen
0
POLYLINE
8
B.Silkscreen
62
7
70
0
10
0.000000
20
0.000000
66
1
0
VERTEX
8
B.Silkscreen
10
230.000944
20
-179.794441
70
0
0
VERTEX
8
B.Silkscreen
10
230.001737
20
-179.918795
70
0
0
SEQEND
8
B.Silkscreen
0
POLYLINE
8
B.Silkscreen
62
7
70
0
10
0.000000
20
0.000000
66
1
0
VERTEX
8
B.Silkscreen
10
230.001737
20
-179.918795
70
0
0
VERTEX
8
B.Silkscreen
10
230.002796
20
-180.059024
70
0
0
SEQEND
8
B.Silkscreen
0
POLYLINE
8
B.Silkscreen
62
7
70
0
10
0.000000
20
0.000000
66
1
0
VERTEX
8
B.Silkscreen
10
222.987907
20
-178.154026
70
0
0
VERTEX
8
B.Silkscreen
10
223.088713
20
-178.243985
70
0
0
SEQEND
8
B.Silkscreen
0
POLYLINE
8
B.Silkscreen
62
7
70
0
10
0.000000
20
0.000000
66
1
0
VERTEX
8
B.Silkscreen
10
223.088713
20
-178.243985
70
0
0
VERTEX
8
B.Silkscreen
10
223.178671
20
-178.333943
70
0
0
SEQEND
8
B.Silkscreen
0
POLYLINE
8
B.Silkscreen
62
7
70
0
10
0.000000
20
0.000000
66
1
0
VERTEX
8
B.Silkscreen
10
223.178671
20
-178.333943
70
0
0
VERTEX
8
B.Silkscreen
10
223.260956
20
-178.426547
70
0
0
SEQEND
8
B.Silkscreen
0
POLYLINE
8
B.Silkscreen
62
7
70
0
10
0.000000
20
0.000000
66
1
0
VERTEX
8
B.Silkscreen
10
223.260956
20
-178.426547
70
0
0
VERTEX
8
B.Silkscreen
10
223.337421
20
-178.521797
70
0
0
SEQEND
8
B.Silkscreen
0
POLYLINE
8
B.Silkscreen
62
7
70
0
10
0.000000
20
0.000000
66
1
0
VERTEX
8
B.Silkscreen
10
223.337421
20
-178.521797
70
0
0
VERTEX
8
B.Silkscreen
10
223.411239
20
-178.624984
70
0
0
SEQEND
8
B.Silkscreen
0
POLYLINE
8
B.Silkscreen
62
7
70
0
10
0.000000
20
0.000000
66
1
0
VERTEX
8
B.Silkscreen
10
223.411239
20
-178.624984
70
0
0
VERTEX
8
B.Silkscreen
10
223.449339
20
-178.680547
70
0
0
SEQEND
8
B.Silkscreen
0
POLYLINE
8
B.Silkscreen
62
7
70
0
10
0.000000
20
0.000000
66
1
0
VERTEX
8
B.Silkscreen
10
223.449339
20
-178.680547
70
0
0
VERTEX
8
B.Silkscreen
10
223.588775
20
-178.913380
70
0
0
SEQEND
8
B.Silkscreen
0
POLYLINE
8
B.Silkscreen
62
7
70
0
10
0.000000
20
0.000000
66
1
0
VERTEX
8
B.Silkscreen
10
223.588775
20
-178.913380
70
0
0
VERTEX
8
B.Silkscreen
10
223.699899
20
-179.148858
70
0
0
SEQEND
8
B.Silkscreen
0
POLYLINE
8
B.Silkscreen
62
7
70
0
10
0.000000
20
0.000000
66
1
0
VERTEX
8
B.Silkscreen
10
223.699899
20
-179.148858
70
0
0
VERTEX
8
B.Silkscreen
10
223.781656
20
-179.386983
70
0
0
SEQEND
8
B.Silkscreen
0
POLYLINE
8
B.Silkscreen
62
7
70
0
10
0.000000
20
0.000000
66
1
0
VERTEX
8
B.Silkscreen
10
223.781656
20
-179.386983
70
0
0
VERTEX
8
B.Silkscreen
10
223.832985
20
-179.622462
70
0
0
SEQEND
8
B.Silkscreen
0
POLYLINE
8
B.Silkscreen
62
7
70
0
10
0.000000
20
0.000000
66
1
0
VERTEX
8
B.Silkscreen
10
223.832985
20
-179.622462
70
0
0
VERTEX
8
B.Silkscreen
10
223.834043
20
-179.630400
70
0
0
SEQEND
8
B.Silkscreen
0
POLYLINE
8
B.Silkscreen
62
7
70
0
10
0.000000
20
0.000000
66
1
0
VERTEX
8
B.Silkscreen
10
223.834043
20
-179.630400
70
0
0
VERTEX
8
B.Silkscreen
10
223.846214
20
-179.744170
70
0
0
SEQEND
8
B.Silkscreen
0
POLYLINE
8
B.Silkscreen
62
7
70
0
10
0.000000
20
0.000000
66
1
0
VERTEX
8
B.Silkscreen
10
223.846214
20
-179.744170
70
0
0
VERTEX
8
B.Silkscreen
10
223.852564
20
-179.879108
70
0
0
SEQEND
8
B.Silkscreen
0
POLYLINE
8
B.Silkscreen
62
7
70
0
10
0.000000
20
0.000000
66
1
0
VERTEX
8
B.Silkscreen
10
223.852564
20
-179.879108
70
0
0
VERTEX
8
B.Silkscreen
10
223.853093
20
-179.939962
70
0
0
SEQEND
8
B.Silkscreen
0
POLYLINE
8
B.Silkscreen
62
7
70
0
10
0.000000
20
0.000000
66
1
0
VERTEX
8
B.Silkscreen
10
223.853093
20
-179.939962
70
0
0
VERTEX
8
B.Silkscreen
10
223.853887
20
-180.021982
70
0
0
SEQEND
8
B.Silkscreen
0
POLYLINE
8
B.Silkscreen
62
7
70
0
10
0.000000
20
0.000000
66
1
0
VERTEX
8
B.Silkscreen
10
223.853887
20
-180.021982
70
0
0
VERTEX
8
B.Silkscreen
10
223.849918
20
-180.167503
70
0
0
SEQEND
8
B.Silkscreen
0
POLYLINE
8
B.Silkscreen
62
7
70
0
10
0.000000
20
0.000000
66
1
0
VERTEX
8
B.Silkscreen
10
223.849918
20
-180.167503
70
0
0
VERTEX
8
B.Silkscreen
10
223.841187
20
-180.307732
70
0
0
SEQEND
8
B.Silkscreen
0
POLYLINE
8
B.Silkscreen
62
7
70
0
10
0.000000
20
0.000000
66
1
0
VERTEX
8
B.Silkscreen
10
223.841187
20
-180.307732
70
0
0
VERTEX
8
B.Silkscreen
10
223.827693
20
-180.432086
70
0
0
SEQEND
8
B.Silkscreen
0
POLYLINE
8
B.Silkscreen
62
7
70
0
10
0.000000
20
0.000000
66
1
0
VERTEX
8
B.Silkscreen
10
223.827693
20
-180.432086
70
0
0
VERTEX
8
B.Silkscreen
10
223.809701
20
-180.532628
70
0
0
SEQEND
8
B.Silkscreen
0
POLYLINE
8
B.Silkscreen
62
7
70
0
10
0.000000
20
0.000000
66
1
0
VERTEX
8
B.Silkscreen
10
223.809701
20
-180.532628
70
0
0
VERTEX
8
B.Silkscreen
10
223.807320
20
-180.543211
70
0
0
SEQEND
8
B.Silkscreen
0
POLYLINE
8
B.Silkscreen
62
7
70
0
10
0.000000
20
0.000000
66
1
0
VERTEX
8
B.Silkscreen
10
223.807320
20
-180.543211
70
0
0
VERTEX
8
B.Silkscreen
10
223.727681
20
-180.810440
70
0
0
SEQEND
8
B.Silkscreen
0
POLYLINE
8
B.Silkscreen
62
7
70
0
10
0.000000
20
0.000000
66
1
0
VERTEX
8
B.Silkscreen
10
223.727681
20
-180.810440
70
0
0
VERTEX
8
B.Silkscreen
10
223.618672
20
-181.067085
70
0
0
SEQEND
8
B.Silkscreen
0
POLYLINE
8
B.Silkscreen
62
7
70
0
10
0.000000
20
0.000000
66
1
0
VERTEX
8
B.Silkscreen
10
223.618672
20
-181.067085
70
0
0
VERTEX
8
B.Silkscreen
10
223.481089
20
-181.307856
70
0
0
SEQEND
8
B.Silkscreen
0
POLYLINE
8
B.Silkscreen
62
7
70
0
10
0.000000
20
0.000000
66
1
0
VERTEX
8
B.Silkscreen
10
223.481089
20
-181.307856
70
0
0
VERTEX
8
B.Silkscreen
10
223.315460
20
-181.532751
70
0
0
SEQEND
8
B.Silkscreen
0
POLYLINE
8
B.Silkscreen
62
7
70
0
10
0.000000
20
0.000000
66
1
0
VERTEX
8
B.Silkscreen
10
223.315460
20
-181.532751
70
0
0
VERTEX
8
B.Silkscreen
10
223.122844
20
-181.741772
70
0
0
SEQEND
8
B.Silkscreen
0
POLYLINE
8
B.Silkscreen
62
7
70
0
10
0.000000
20
0.000000
66
1
0
VERTEX
8
B.Silkscreen
10
223.122844
20
-181.741772
70
0
0
VERTEX
8
B.Silkscreen
10
222.904298
20
-181.934917
70
0
0
SEQEND
8
B.Silkscreen
0
POLYLINE
8
B.Silkscreen
62
7
70
0
10
0.000000
20
0.000000
66
1
0
VERTEX
8
B.Silkscreen
10
222.904298
20
-181.934917
70
0
0
VERTEX
8
B.Silkscreen
10
222.818044
20
-181.998417
70
0
0
SEQEND
8
B.Silkscreen
0
POLYLINE
8
B.Silkscreen
62
7
70
0
10
0.000000
20
0.000000
66
1
0
VERTEX
8
B.Silkscreen
10
222.818044
20
-181.998417
70
0
0
VERTEX
8
B.Silkscreen
10
222.593413
20
-182.141292
70
0
0
SEQEND
8
B.Silkscreen
0
POLYLINE
8
B.Silkscreen
62
7
70
0
10
0.000000
20
0.000000
66
1
0
VERTEX
8
B.Silkscreen
10
222.593413
20
-182.141292
70
0
0
VERTEX
8
B.Silkscreen
10
222.349203
20
-182.260355
70
0
0
SEQEND
8
B.Silkscreen
0
POLYLINE
8
B.Silkscreen
62
7
70
0
10
0.000000
20
0.000000
66
1
0
VERTEX
8
B.Silkscreen
10
222.349203
20
-182.260355
70
0
0
VERTEX
8
B.Silkscreen
10
222.090176
20
-182.352959
70
0
0
SEQEND
8
B.Silkscreen
0
POLYLINE
8
B.Silkscreen
62
7
70
0
10
0.000000
20
0.000000
66
1
0
VERTEX
8
B.Silkscreen
10
222.090176
20
-182.352959
70
0
0
VERTEX
8
B.Silkscreen
10
221.820302
20
-182.421750
70
0
0
SEQEND
8
B.Silkscreen
0
POLYLINE
8
B.Silkscreen
62
7
70
0
10
0.000000
20
0.000000
66
1
0
VERTEX
8
B.Silkscreen
10
221.820302
20
-182.421750
70
0
0
VERTEX
8
B.Silkscreen
10
221.543283
20
-182.464083
70
0
0
SEQEND
8
B.Silkscreen
0
POLYLINE
8
B.Silkscreen
62
7
70
0
10
0.000000
20
0.000000
66
1
0
VERTEX
8
B.Silkscreen
10
221.543283
20
-182.464083
70
0
0
VERTEX
8
B.Silkscreen
10
221.455706
20
-182.472021
70
0
0
SEQEND
8
B.Silkscreen
0
POLYLINE
8
B.Silkscreen
62
7
70
0
10
0.000000
20
0.000000
66
1
0
VERTEX
8
B.Silkscreen
10
221.455706
20
-182.472021
70
0
0
VERTEX
8
B.Silkscreen
10
221.385592
20
-182.474667
70
0
0
SEQEND
8
B.Silkscreen
0
POLYLINE
8
B.Silkscreen
62
7
70
0
10
0.000000
20
0.000000
66
1
0
VERTEX
8
B.Silkscreen
10
221.385592
20
-182.474667
70
0
0
VERTEX
8
B.Silkscreen
10
221.323415
20
-182.477313
70
0
0
SEQEND
8
B.Silkscreen
0
POLYLINE
8
B.Silkscreen
62
7
70
0
10
0.000000
20
0.000000
66
1
0
VERTEX
8
B.Silkscreen
10
221.323415
20
-182.477313
70
0
0
VERTEX
8
B.Silkscreen
10
221.259121
20
-182.477313
70
0
0
SEQEND
8
B.Silkscreen
0
POLYLINE
8
B.Silkscreen
62
7
70
0
10
0.000000
20
0.000000
66
1
0
VERTEX
8
B.Silkscreen
10
221.259121
20
-182.477313
70
0
0
VERTEX
8
B.Silkscreen
10
221.182921
20
-182.472021
70
0
0
SEQEND
8
B.Silkscreen
0
POLYLINE
8
B.Silkscreen
62
7
70
0
10
0.000000
20
0.000000
66
1
0
VERTEX
8
B.Silkscreen
10
221.182921
20
-182.472021
70
0
0
VERTEX
8
B.Silkscreen
10
221.084496
20
-182.464083
70
0
0
SEQEND
8
B.Silkscreen
0
POLYLINE
8
B.Silkscreen
62
7
70
0
10
0.000000
20
0.000000
66
1
0
VERTEX
8
B.Silkscreen
10
221.084496
20
-182.464083
70
0
0
VERTEX
8
B.Silkscreen
10
220.928657
20
-182.448208
70
0
0
SEQEND
8
B.Silkscreen
0
POLYLINE
8
B.Silkscreen
62
7
70
0
10
0.000000
20
0.000000
66
1
0
VERTEX
8
B.Silkscreen
10
220.928657
20
-182.448208
70
0
0
VERTEX
8
B.Silkscreen
10
220.642907
20
-182.395292
70
0
0
SEQEND
8
B.Silkscreen
0
POLYLINE
8
B.Silkscreen
62
7
70
0
10
0.000000
20
0.000000
66
1
0
VERTEX
8
B.Silkscreen
10
220.642907
20
-182.395292
70
0
0
VERTEX
8
B.Silkscreen
10
220.371974
20
-182.318563
70
0
0
SEQEND
8
B.Silkscreen
0
POLYLINE
8
B.Silkscreen
62
7
70
0
10
0.000000
20
0.000000
66
1
0
VERTEX
8
B.Silkscreen
10
220.371974
20
-182.318563
70
0
0
VERTEX
8
B.Silkscreen
10
220.112419
20
-182.212730
70
0
0
SEQEND
8
B.Silkscreen
0
POLYLINE
8
B.Silkscreen
62
7
70
0
10
0.000000
20
0.000000
66
1
0
VERTEX
8
B.Silkscreen
10
220.112419
20
-182.212730
70
0
0
VERTEX
8
B.Silkscreen
10
219.937794
20
-182.125417
70
0
0
SEQEND
8
B.Silkscreen
0
POLYLINE
8
B.Silkscreen
62
7
70
0
10
0.000000
20
0.000000
66
1
0
VERTEX
8
B.Silkscreen
10
219.937794
20
-182.125417
70
0
0
VERTEX
8
B.Silkscreen
10
219.686704
20
-181.969313
70
0
0
SEQEND
8
B.Silkscreen
0
POLYLINE
8
B.Silkscreen
62
7
70
0
10
0.000000
20
0.000000
66
1
0
VERTEX
8
B.Silkscreen
10
219.686704
20
-181.969313
70
0
0
VERTEX
8
B.Silkscreen
10
219.457046
20
-181.794688
70
0
0
SEQEND
8
B.Silkscreen
0
POLYLINE
8
B.Silkscreen
62
7
70
0
10
0.000000
20
0.000000
66
1
0
VERTEX
8
B.Silkscreen
10
219.457046
20
-181.794688
70
0
0
VERTEX
8
B.Silkscreen
10
219.249613
20
-181.596251
70
0
0
SEQEND
8
B.Silkscreen
0
POLYLINE
8
B.Silkscreen
62
7
70
0
10
0.000000
20
0.000000
66
1
0
VERTEX
8
B.Silkscreen
10
219.249613
20
-181.596251
70
0
0
VERTEX
8
B.Silkscreen
10
219.065993
20
-181.381939
70
0
0
SEQEND
8
B.Silkscreen
0
POLYLINE
8
B.Silkscreen
62
7
70
0
10
0.000000
20
0.000000
66
1
0
VERTEX
8
B.Silkscreen
10
219.065993
20
-181.381939
70
0
0
VERTEX
8
B.Silkscreen
10
218.907772
20
-181.149106
70
0
0
SEQEND
8
B.Silkscreen
0
POLYLINE
8
B.Silkscreen
62
7
70
0
10
0.000000
20
0.000000
66
1
0
VERTEX
8
B.Silkscreen
10
218.907772
20
-181.149106
70
0
0
VERTEX
8
B.Silkscreen
10
218.776274
20
-180.903044
70
0
0
SEQEND
8
B.Silkscreen
0
POLYLINE
8
B.Silkscreen
62
7
70
0
10
0.000000
20
0.000000
66
1
0
VERTEX
8
B.Silkscreen
10
218.776274
20
-180.903044
70
0
0
VERTEX
8
B.Silkscreen
10
218.672558
20
-180.643752
70
0
0
SEQEND
8
B.Silkscreen
0
POLYLINE
8
B.Silkscreen
62
7
70
0
10
0.000000
20
0.000000
66
1
0
VERTEX
8
B.Silkscreen
10
218.672558
20
-180.643752
70
0
0
VERTEX
8
B.Silkscreen
10
218.598210
20
-180.371232
70
0
0
SEQEND
8
B.Silkscreen
0
POLYLINE
8
B.Silkscreen
62
7
70
0
10
0.000000
20
0.000000
66
1
0
VERTEX
8
B.Silkscreen
10
218.598210
20
-180.371232
70
0
0
VERTEX
8
B.Silkscreen
10
218.591860
20
-180.339482
70
0
0
SEQEND
8
B.Silkscreen
0
POLYLINE
8
B.Silkscreen
62
7
70
0
10
0.000000
20
0.000000
66
1
0
VERTEX
8
B.Silkscreen
10
218.591860
20
-180.339482
70
0
0
VERTEX
8
B.Silkscreen
10
218.579954
20
-180.275982
70
0
0
SEQEND
8
B.Silkscreen
0
POLYLINE
8
B.Silkscreen
62
7
70
0
10
0.000000
20
0.000000
66
1
0
VERTEX
8
B.Silkscreen
10
218.579954
20
-180.275982
70
0
0
VERTEX
8
B.Silkscreen
10
218.571487
20
-180.215128
70
0
0
SEQEND
8
B.Silkscreen
0
POLYLINE
8
B.Silkscreen
62
7
70
0
10
0.000000
20
0.000000
66
1
0
VERTEX
8
B.Silkscreen
10
218.571487
20
-180.215128
70
0
0
VERTEX
8
B.Silkscreen
10
218.565931
20
-180.151628
70
0
0
SEQEND
8
B.Silkscreen
0
POLYLINE
8
B.Silkscreen
62
7
70
0
10
0.000000
20
0.000000
66
1
0
VERTEX
8
B.Silkscreen
10
218.565931
20
-180.151628
70
0
0
VERTEX
8
B.Silkscreen
10
218.562756
20
-180.074899
70
0
0
SEQEND
8
B.Silkscreen
0
POLYLINE
8
B.Silkscreen
62
7
70
0
10
0.000000
20
0.000000
66
1
0
VERTEX
8
B.Silkscreen
10
218.562756
20
-180.074899
70
0
0
VERTEX
8
B.Silkscreen
10
218.561433
20
-179.979649
70
0
0
SEQEND
8
B.Silkscreen
0
POLYLINE
8
B.Silkscreen
62
7
70
0
10
0.000000
20
0.000000
66
1
0
VERTEX
8
B.Silkscreen
10
218.561433
20
-179.979649
70
0
0
VERTEX
8
B.Silkscreen
10
218.561168
20
-179.910858
70
0
0
SEQEND
8
B.Silkscreen
0
POLYLINE
8
B.Silkscreen
62
7
70
0
10
0.000000
20
0.000000
66
1
0
VERTEX
8
B.Silkscreen
10
220.077758
20
-179.910858
70
0
0
VERTEX
8
B.Silkscreen
10
220.094691
20
-180.101357
70
0
0
SEQEND
8
B.Silkscreen
0
POLYLINE
8
B.Silkscreen
62
7
70
0
10
0.000000
20
0.000000
66
1
0
VERTEX
8
B.Silkscreen
10
220.094691
20
-180.101357
70
0
0
VERTEX
8
B.Silkscreen
10
220.114271
20
-180.196607
70
0
0
SEQEND
8
B.Silkscreen
0
POLYLINE
8
B.Silkscreen
62
7
70
0
10
0.000000
20
0.000000
66
1
0
VERTEX
8
B.Silkscreen
10
220.114271
20
-180.196607
70
0
0
VERTEX
8
B.Silkscreen
10
220.162689
20
-180.360649
70
0
0
SEQEND
8
B.Silkscreen
0
POLYLINE
8
B.Silkscreen
62
7
70
0
10
0.000000
20
0.000000
66
1
0
VERTEX
8
B.Silkscreen
10
220.162689
20
-180.360649
70
0
0
VERTEX
8
B.Silkscreen
10
220.230687
20
-180.506169
70
0
0
SEQEND
8
B.Silkscreen
0
POLYLINE
8
B.Silkscreen
62
7
70
0
10
0.000000
20
0.000000
66
1
0
VERTEX
8
B.Silkscreen
10
220.230687
20
-180.506169
70
0
0
VERTEX
8
B.Silkscreen
10
220.321968
20
-180.641107
70
0
0
SEQEND
8
B.Silkscreen
0
POLYLINE
8
B.Silkscreen
62
7
70
0
10
0.000000
20
0.000000
66
1
0
VERTEX
8
B.Silkscreen
10
220.321968
20
-180.641107
70
0
0
VERTEX
8
B.Silkscreen
10
220.440766
20
-180.776044
70
0
0
SEQEND
8
B.Silkscreen
0
POLYLINE
8
B.Silkscreen
62
7
70
0
10
0.000000
20
0.000000
66
1
0
VERTEX
8
B.Silkscreen
10
220.440766
20
-180.776044
70
0
0
VERTEX
8
B.Silkscreen
10
220.455847
20
-180.791919
70
0
0
SEQEND
8
B.Silkscreen
0
POLYLINE
8
B.Silkscreen
62
7
70
0
10
0.000000
20
0.000000
66
1
0
VERTEX
8
B.Silkscreen
10
220.455847
20
-180.791919
70
0
0
VERTEX
8
B.Silkscreen
10
220.513791
20
-180.847481
70
0
0
SEQEND
8
B.Silkscreen
0
POLYLINE
8
B.Silkscreen
62
7
70
0
10
0.000000
20
0.000000
66
1
0
VERTEX
8
B.Silkscreen
10
220.513791
20
-180.847481
70
0
0
VERTEX
8
B.Silkscreen
10
220.570147
20
-180.889815
70
0
0
SEQEND
8
B.Silkscreen
0
POLYLINE
8
B.Silkscreen
62
7
70
0
10
0.000000
20
0.000000
66
1
0
VERTEX
8
B.Silkscreen
10
220.570147
20
-180.889815
70
0
0
VERTEX
8
B.Silkscreen
10
220.635499
20
-180.932148
70
0
0
SEQEND
8
B.Silkscreen
0
POLYLINE
8
B.Silkscreen
62
7
70
0
10
0.000000
20
0.000000
66
1
0
VERTEX
8
B.Silkscreen
10
220.635499
20
-180.932148
70
0
0
VERTEX
8
B.Silkscreen
10
220.720430
20
-180.974481
70
0
0
SEQEND
8
B.Silkscreen
0
POLYLINE
8
B.Silkscreen
62
7
70
0
10
0.000000
20
0.000000
66
1
0
VERTEX
8
B.Silkscreen
10
220.720430
20
-180.974481
70
0
0
VERTEX
8
B.Silkscreen
10
220.802186
20
-181.011523
70
0
0
SEQEND
8
B.Silkscreen
0
POLYLINE
8
B.Silkscreen
62
7
70
0
10
0.000000
20
0.000000
66
1
0
VERTEX
8
B.Silkscreen
10
220.802186
20
-181.011523
70
0
0
VERTEX
8
B.Silkscreen
10
220.915163
20
-181.053856
70
0
0
SEQEND
8
B.Silkscreen
0
POLYLINE
8
B.Silkscreen
62
7
70
0
10
0.000000
20
0.000000
66
1
0
VERTEX
8
B.Silkscreen
10
220.915163
20
-181.053856
70
0
0
VERTEX
8
B.Silkscreen
10
221.013059
20
-181.080314
70
0
0
SEQEND
8
B.Silkscreen
0
POLYLINE
8
B.Silkscreen
62
7
70
0
10
0.000000
20
0.000000
66
1
0
VERTEX
8
B.Silkscreen
10
221.013059
20
-181.080314
70
0
0
VERTEX
8
B.Silkscreen
10
221.159109
20
-181.101481
70
0
0
SEQEND
8
B.Silkscreen
0
POLYLINE
8
B.Silkscreen
62
7
70
0
10
0.000000
20
0.000000
66
1
0
VERTEX
8
B.Silkscreen
10
221.159109
20
-181.101481
70
0
0
VERTEX
8
B.Silkscreen
10
221.343788
20
-181.098835
70
0
0
SEQEND
8
B.Silkscreen
0
POLYLINE
8
B.Silkscreen
62
7
70
0
10
0.000000
20
0.000000
66
1
0
VERTEX
8
B.Silkscreen
10
221.343788
20
-181.098835
70
0
0
VERTEX
8
B.Silkscreen
10
221.522910
20
-181.067085
70
0
0
SEQEND
8
B.Silkscreen
0
POLYLINE
8
B.Silkscreen
62
7
70
0
10
0.000000
20
0.000000
66
1
0
VERTEX
8
B.Silkscreen
10
221.522910
20
-181.067085
70
0
0
VERTEX
8
B.Silkscreen
10
221.693037
20
-181.006231
70
0
0
SEQEND
8
B.Silkscreen
0
POLYLINE
8
B.Silkscreen
62
7
70
0
10
0.000000
20
0.000000
66
1
0
VERTEX
8
B.Silkscreen
10
221.693037
20
-181.006231
70
0
0
VERTEX
8
B.Silkscreen
10
221.850729
20
-180.918919
70
0
0
SEQEND
8
B.Silkscreen
0
POLYLINE
8
B.Silkscreen
62
7
70
0
10
0.000000
20
0.000000
66
1
0
VERTEX
8
B.Silkscreen
10
221.850729
20
-180.918919
70
0
0
VERTEX
8
B.Silkscreen
10
221.992545
20
-180.805148
70
0
0
SEQEND
8
B.Silkscreen
0
POLYLINE
8
B.Silkscreen
62
7
70
0
10
0.000000
20
0.000000
66
1
0
VERTEX
8
B.Silkscreen
10
221.992545
20
-180.805148
70
0
0
VERTEX
8
B.Silkscreen
10
222.115312
20
-180.670211
70
0
0
SEQEND
8
B.Silkscreen
0
POLYLINE
8
B.Silkscreen
62
7
70
0
10
0.000000
20
0.000000
66
1
0
VERTEX
8
B.Silkscreen
10
222.115312
20
-180.670211
70
0
0
VERTEX
8
B.Silkscreen
10
222.126160
20
-180.654336
70
0
0
SEQEND
8
B.Silkscreen
0
POLYLINE
8
B.Silkscreen
62
7
70
0
10
0.000000
20
0.000000
66
1
0
VERTEX
8
B.Silkscreen
10
222.126160
20
-180.654336
70
0
0
VERTEX
8
B.Silkscreen
10
222.225643
20
-180.490294
70
0
0
SEQEND
8
B.Silkscreen
0
POLYLINE
8
B.Silkscreen
62
7
70
0
10
0.000000
20
0.000000
66
1
0
VERTEX
8
B.Silkscreen
10
222.225643
20
-180.490294
70
0
0
VERTEX
8
B.Silkscreen
10
222.297080
20
-180.315669
70
0
0
SEQEND
8
B.Silkscreen
0
POLYLINE
8
B.Silkscreen
62
7
70
0
10
0.000000
20
0.000000
66
1
0
VERTEX
8
B.Silkscreen
10
222.297080
20
-180.315669
70
0
0
VERTEX
8
B.Silkscreen
10
222.339943
20
-180.130461
70
0
0
SEQEND
8
B.Silkscreen
0
POLYLINE
8
B.Silkscreen
62
7
70
0
10
0.000000
20
0.000000
66
1
0
VERTEX
8
B.Silkscreen
10
222.339943
20
-180.130461
70
0
0
VERTEX
8
B.Silkscreen
10
222.353701
20
-179.939962
70
0
0
SEQEND
8
B.Silkscreen
0
POLYLINE
8
B.Silkscreen
62
7
70
0
10
0.000000
20
0.000000
66
1
0
VERTEX
8
B.Silkscreen
10
222.353701
20
-179.939962
70
0
0
VERTEX
8
B.Silkscreen
10
222.338355
20
-179.749462
70
0
0
SEQEND
8
B.Silkscreen
0
POLYLINE
8
B.Silkscreen
62
7
70
0
10
0.000000
20
0.000000
66
1
0
VERTEX
8
B.Silkscreen
10
222.338355
20
-179.749462
70
0
0
VERTEX
8
B.Silkscreen
10
222.293641
20
-179.558962
70
0
0
SEQEND
8
B.Silkscreen
0
POLYLINE
8
B.Silkscreen
62
7
70
0
10
0.000000
20
0.000000
66
1
0
VERTEX
8
B.Silkscreen
10
222.293641
20
-179.558962
70
0
0
VERTEX
8
B.Silkscreen
10
222.219293
20
-179.376400
70
0
0
SEQEND
8
B.Silkscreen
0
POLYLINE
8
B.Silkscreen
62
7
70
0
10
0.000000
20
0.000000
66
1
0
VERTEX
8
B.Silkscreen
10
222.219293
20
-179.376400
70
0
0
VERTEX
8
B.Silkscreen
10
222.181458
20
-179.307608
70
0
0
SEQEND
8
B.Silkscreen
0
POLYLINE
8
B.Silkscreen
62
7
70
0
10
0.000000
20
0.000000
66
1
0
VERTEX
8
B.Silkscreen
10
222.181458
20
-179.307608
70
0
0
VERTEX
8
B.Silkscreen
10
222.088854
20
-179.180608
70
0
0
SEQEND
8
B.Silkscreen
0
POLYLINE
8
B.Silkscreen
62
7
70
0
10
0.000000
20
0.000000
66
1
0
VERTEX
8
B.Silkscreen
10
222.088854
20
-179.180608
70
0
0
VERTEX
8
B.Silkscreen
10
221.976141
20
-179.061546
70
0
0
SEQEND
8
B.Silkscreen
0
POLYLINE
8
B.Silkscreen
62
7
70
0
10
0.000000
20
0.000000
66
1
0
VERTEX
8
B.Silkscreen
10
221.976141
20
-179.061546
70
0
0
VERTEX
8
B.Silkscreen
10
221.850729
20
-178.958359
70
0
0
SEQEND
8
B.Silkscreen
0
POLYLINE
8
B.Silkscreen
62
7
70
0
10
0.000000
20
0.000000
66
1
0
VERTEX
8
B.Silkscreen
10
221.850729
20
-178.958359
70
0
0
VERTEX
8
B.Silkscreen
10
221.721348
20
-178.878984
70
0
0
SEQEND
8
B.Silkscreen
0
POLYLINE
8
B.Silkscreen
62
7
70
0
10
0.000000
20
0.000000
66
1
0
VERTEX
8
B.Silkscreen
10
221.721348
20
-178.878984
70
0
0
VERTEX
8
B.Silkscreen
10
221.627685
20
-178.834005
70
0
0
SEQEND
8
B.Silkscreen
0
POLYLINE
8
B.Silkscreen
62
7
70
0
10
0.000000
20
0.000000
66
1
0
VERTEX
8
B.Silkscreen
10
221.627685
20
-178.834005
70
0
0
VERTEX
8
B.Silkscreen
10
221.468671
20
-178.781088
70
0
0
SEQEND
8
B.Silkscreen
0
POLYLINE
8
B.Silkscreen
62
7
70
0
10
0.000000
20
0.000000
66
1
0
VERTEX
8
B.Silkscreen
10
221.468671
20
-178.781088
70
0
0
VERTEX
8
B.Silkscreen
10
221.313361
20
-178.751984
70
0
0
SEQEND
8
B.Silkscreen
0
POLYLINE
8
B.Silkscreen
62
7
70
0
10
0.000000
20
0.000000
66
1
0
VERTEX
8
B.Silkscreen
10
221.313361
20
-178.751984
70
0
0
VERTEX
8
B.Silkscreen
10
221.155405
20
-178.751984
70
0
0
SEQEND
8
B.Silkscreen
0
POLYLINE
8
B.Silkscreen
62
7
70
0
10
0.000000
20
0.000000
66
1
0
VERTEX
8
B.Silkscreen
10
221.155405
20
-178.751984
70
0
0
VERTEX
8
B.Silkscreen
10
221.067299
20
-178.757276
70
0
0
SEQEND
8
B.Silkscreen
0
POLYLINE
8
B.Silkscreen
62
7
70
0
10
0.000000
20
0.000000
66
1
0
VERTEX
8
B.Silkscreen
10
221.067299
20
-178.757276
70
0
0
VERTEX
8
B.Silkscreen
10
220.946384
20
-178.778442
70
0
0
SEQEND
8
B.Silkscreen
0
POLYLINE
8
B.Silkscreen
62
7
70
0
10
0.000000
20
0.000000
66
1
0
VERTEX
8
B.Silkscreen
10
220.946384
20
-178.778442
70
0
0
VERTEX
8
B.Silkscreen
10
220.832613
20
-178.815484
70
0
0
SEQEND
8
B.Silkscreen
0
POLYLINE
8
B.Silkscreen
62
7
70
0
10
0.000000
20
0.000000
66
1
0
VERTEX
8
B.Silkscreen
10
220.832613
20
-178.815484
70
0
0
VERTEX
8
B.Silkscreen
10
220.710641
20
-178.871046
70
0
0
SEQEND
8
B.Silkscreen
0
POLYLINE
8
B.Silkscreen
62
7
70
0
10
0.000000
20
0.000000
66
1
0
VERTEX
8
B.Silkscreen
10
220.710641
20
-178.871046
70
0
0
VERTEX
8
B.Silkscreen
10
220.642378
20
-178.905442
70
0
0
SEQEND
8
B.Silkscreen
0
POLYLINE
8
B.Silkscreen
62
7
70
0
10
0.000000
20
0.000000
66
1
0
VERTEX
8
B.Silkscreen
10
220.642378
20
-178.905442
70
0
0
VERTEX
8
B.Silkscreen
10
220.533899
20
-178.974234
70
0
0
SEQEND
8
B.Silkscreen
0
POLYLINE
8
B.Silkscreen
62
7
70
0
10
0.000000
20
0.000000
66
1
0
VERTEX
8
B.Silkscreen
10
220.533899
20
-178.974234
70
0
0
VERTEX
8
B.Silkscreen
10
220.441560
20
-179.053609
70
0
0
SEQEND
8
B.Silkscreen
0
POLYLINE
8
B.Silkscreen
62
7
70
0
10
0.000000
20
0.000000
66
1
0
VERTEX
8
B.Silkscreen
10
220.441560
20
-179.053609
70
0
0
VERTEX
8
B.Silkscreen
10
220.354247
20
-179.146213
70
0
0
SEQEND
8
B.Silkscreen
0
POLYLINE
8
B.Silkscreen
62
7
70
0
10
0.000000
20
0.000000
66
1
0
VERTEX
8
B.Silkscreen
10
220.354247
20
-179.146213
70
0
0
VERTEX
8
B.Silkscreen
10
220.310591
20
-179.201775
70
0
0
SEQEND
8
B.Silkscreen
0
POLYLINE
8
B.Silkscreen
62
7
70
0
10
0.000000
20
0.000000
66
1
0
VERTEX
8
B.Silkscreen
10
220.310591
20
-179.201775
70
0
0
VERTEX
8
B.Silkscreen
10
220.209520
20
-179.365817
70
0
0
SEQEND
8
B.Silkscreen
0
POLYLINE
8
B.Silkscreen
62
7
70
0
10
0.000000
20
0.000000
66
1
0
VERTEX
8
B.Silkscreen
10
220.209520
20
-179.365817
70
0
0
VERTEX
8
B.Silkscreen
10
220.136496
20
-179.540441
70
0
0
SEQEND
8
B.Silkscreen
0
POLYLINE
8
B.Silkscreen
62
7
70
0
10
0.000000
20
0.000000
66
1
0
VERTEX
8
B.Silkscreen
10
220.136496
20
-179.540441
70
0
0
VERTEX
8
B.Silkscreen
10
220.092046
20
-179.723004
70
0
0
SEQEND
8
B.Silkscreen
0
POLYLINE
8
B.Silkscreen
62
7
70
0
10
0.000000
20
0.000000
66
1
0
VERTEX
8
B.Silkscreen
10
220.092046
20
-179.723004
70
0
0
VERTEX
8
B.Silkscreen
10
220.077758
20
-179.910858
70
0
0
SEQEND
8
B.Silkscreen
0
POLYLINE
8
B.Silkscreen
62
7
70
0
10
0.000000
20
0.000000
66
1
0
VERTEX
8
B.Silkscreen
10
218.561168
20
-179.910858
70
0
0
VERTEX
8
B.Silkscreen
10
218.561168
20
-179.860587
70
0
0
SEQEND
8
B.Silkscreen
0
POLYLINE
8
B.Silkscreen
62
7
70
0
10
0.000000
20
0.000000
66
1
0
VERTEX
8
B.Silkscreen
10
218.561168
20
-179.860587
70
0
0
VERTEX
8
B.Silkscreen
10
218.561698
20
-179.783858
70
0
0
SEQEND
8
B.Silkscreen
0
POLYLINE
8
B.Silkscreen
62
7
70
0
10
0.000000
20
0.000000
66
1
0
VERTEX
8
B.Silkscreen
10
218.561698
20
-179.783858
70
0
0
VERTEX
8
B.Silkscreen
10
218.563020
20
-179.683316
70
0
0
SEQEND
8
B.Silkscreen
0
POLYLINE
8
B.Silkscreen
62
7
70
0
10
0.000000
20
0.000000
66
1
0
VERTEX
8
B.Silkscreen
10
218.563020
20
-179.683316
70
0
0
VERTEX
8
B.Silkscreen
10
218.565931
20
-179.601295
70
0
0
SEQEND
8
B.Silkscreen
0
POLYLINE
8
B.Silkscreen
62
7
70
0
10
0.000000
20
0.000000
66
1
0
VERTEX
8
B.Silkscreen
10
218.565931
20
-179.601295
70
0
0
VERTEX
8
B.Silkscreen
10
218.570958
20
-179.529858
70
0
0
SEQEND
8
B.Silkscreen
0
POLYLINE
8
B.Silkscreen
62
7
70
0
10
0.000000
20
0.000000
66
1
0
VERTEX
8
B.Silkscreen
10
218.570958
20
-179.529858
70
0
0
VERTEX
8
B.Silkscreen
10
218.578895
20
-179.466358
70
0
0
SEQEND
8
B.Silkscreen
0
POLYLINE
8
B.Silkscreen
62
7
70
0
10
0.000000
20
0.000000
66
1
0
VERTEX
8
B.Silkscreen
10
218.578895
20
-179.466358
70
0
0
VERTEX
8
B.Silkscreen
10
218.590008
20
-179.400212
70
0
0
SEQEND
8
B.Silkscreen
0
POLYLINE
8
B.Silkscreen
62
7
70
0
10
0.000000
20
0.000000
66
1
0
VERTEX
8
B.Silkscreen
10
218.590008
20
-179.400212
70
0
0
VERTEX
8
B.Silkscreen
10
218.605089
20
-179.326129
70
0
0
SEQEND
8
B.Silkscreen
0
POLYLINE
8
B.Silkscreen
62
7
70
0
10
0.000000
20
0.000000
66
1
0
VERTEX
8
B.Silkscreen
10
218.605089
20
-179.326129
70
0
0
VERTEX
8
B.Silkscreen
10
218.609852
20
-179.304962
70
0
0
SEQEND
8
B.Silkscreen
0
POLYLINE
8
B.Silkscreen
62
7
70
0
10
0.000000
20
0.000000
66
1
0
VERTEX
8
B.Silkscreen
10
218.609852
20
-179.304962
70
0
0
VERTEX
8
B.Silkscreen
10
218.652714
20
-179.130338
70
0
0
SEQEND
8
B.Silkscreen
0
POLYLINE
8
B.Silkscreen
62
7
70
0
10
0.000000
20
0.000000
66
1
0
VERTEX
8
B.Silkscreen
10
218.652714
20
-179.130338
70
0
0
VERTEX
8
B.Silkscreen
10
218.704837
20
-178.958359
70
0
0
SEQEND
8
B.Silkscreen
0
POLYLINE
8
B.Silkscreen
62
7
70
0
10
0.000000
20
0.000000
66
1
0
VERTEX
8
B.Silkscreen
10
218.704837
20
-178.958359
70
0
0
VERTEX
8
B.Silkscreen
10
218.767808
20
-178.786380
70
0
0
SEQEND
8
B.Silkscreen
0
POLYLINE
8
B.Silkscreen
62
7
70
0
10
0.000000
20
0.000000
66
1
0
VERTEX
8
B.Silkscreen
10
218.767808
20
-178.786380
70
0
0
VERTEX
8
B.Silkscreen
10
218.843478
20
-178.609109
70
0
0
SEQEND
8
B.Silkscreen
0
POLYLINE
8
B.Silkscreen
62
7
70
0
10
0.000000
20
0.000000
66
1
0
VERTEX
8
B.Silkscreen
10
218.843478
20
-178.609109
70
0
0
VERTEX
8
B.Silkscreen
10
218.933172
20
-178.426547
70
0
0
SEQEND
8
B.Silkscreen
0
POLYLINE
8
B.Silkscreen
62
7
70
0
10
0.000000
20
0.000000
66
1
0
VERTEX
8
B.Silkscreen
10
218.933172
20
-178.426547
70
0
0
VERTEX
8
B.Silkscreen
10
219.038476
20
-178.233401
70
0
0
SEQEND
8
B.Silkscreen
0
POLYLINE
8
B.Silkscreen
62
7
70
0
10
0.000000
20
0.000000
66
1
0
VERTEX
8
B.Silkscreen
10
219.038476
20
-178.233401
70
0
0
VERTEX
8
B.Silkscreen
10
219.107268
20
-178.119631
70
0
0
SEQEND
8
B.Silkscreen
0
POLYLINE
8
B.Silkscreen
62
7
70
0
10
0.000000
20
0.000000
66
1
0
VERTEX
8
B.Silkscreen
10
219.107268
20
-178.119631
70
0
0
VERTEX
8
B.Silkscreen
10
219.161243
20
-178.027027
70
0
0
SEQEND
8
B.Silkscreen
0
POLYLINE
8
B.Silkscreen
62
7
70
0
10
0.000000
20
0.000000
66
1
0
VERTEX
8
B.Silkscreen
10
219.161243
20
-178.027027
70
0
0
VERTEX
8
B.Silkscreen
10
219.303059
20
-177.804777
70
0
0
SEQEND
8
B.Silkscreen
0
POLYLINE
8
B.Silkscreen
62
7
70
0
10
0.000000
20
0.000000
66
1
0
VERTEX
8
B.Silkscreen
10
219.303059
20
-177.804777
70
0
0
VERTEX
8
B.Silkscreen
10
219.465513
20
-177.561360
70
0
0
SEQEND
8
B.Silkscreen
0
POLYLINE
8
B.Silkscreen
62
7
70
0
10
0.000000
20
0.000000
66
1
0
VERTEX
8
B.Silkscreen
10
219.465513
20
-177.561360
70
0
0
VERTEX
8
B.Silkscreen
10
219.682736
20
-177.243861
70
0
0
SEQEND
8
B.Silkscreen
0
POLYLINE
8
B.Silkscreen
62
7
70
0
10
0.000000
20
0.000000
66
1
0
VERTEX
8
B.Silkscreen
10
219.682736
20
-177.243861
70
0
0
VERTEX
8
B.Silkscreen
10
219.550973
20
-177.175069
70
0
0
SEQEND
8
B.Silkscreen
0
POLYLINE
8
B.Silkscreen
62
7
70
0
10
0.000000
20
0.000000
66
1
0
VERTEX
8
B.Silkscreen
10
219.550973
20
-177.175069
70
0
0
VERTEX
8
B.Silkscreen
10
219.512609
20
-177.151257
70
0
0
SEQEND
8
B.Silkscreen
0
POLYLINE
8
B.Silkscreen
62
7
70
0
10
0.000000
20
0.000000
66
1
0
VERTEX
8
B.Silkscreen
10
219.512609
20
-177.151257
70
0
0
VERTEX
8
B.Silkscreen
10
219.409421
20
-177.082465
70
0
0
SEQEND
8
B.Silkscreen
0
POLYLINE
8
B.Silkscreen
62
7
70
0
10
0.000000
20
0.000000
66
1
0
VERTEX
8
B.Silkscreen
10
219.409421
20
-177.082465
70
0
0
VERTEX
8
B.Silkscreen
10
219.317611
20
-177.003090
70
0
0
SEQEND
8
B.Silkscreen
0
POLYLINE
8
B.Silkscreen
62
7
70
0
10
0.000000
20
0.000000
66
1
0
VERTEX
8
B.Silkscreen
10
219.317611
20
-177.003090
70
0
0
VERTEX
8
B.Silkscreen
10
219.244057
20
-176.921070
70
0
0
SEQEND
8
B.Silkscreen
0
POLYLINE
8
B.Silkscreen
62
7
70
0
10
0.000000
20
0.000000
66
1
0
VERTEX
8
B.Silkscreen
10
219.244057
20
-176.921070
70
0
0
VERTEX
8
B.Silkscreen
10
219.194845
20
-176.841695
70
0
0
SEQEND
8
B.Silkscreen
0
POLYLINE
8
B.Silkscreen
62
7
70
0
10
0.000000
20
0.000000
66
1
0
VERTEX
8
B.Silkscreen
10
219.194845
20
-176.841695
70
0
0
VERTEX
8
B.Silkscreen
10
219.185849
20
-176.823174
70
0
0
SEQEND
8
B.Silkscreen
0
POLYLINE
8
B.Silkscreen
62
7
70
0
10
0.000000
20
0.000000
66
1
0
VERTEX
8
B.Silkscreen
10
219.185849
20
-176.823174
70
0
0
VERTEX
8
B.Silkscreen
10
219.169445
20
-176.770257
70
0
0
SEQEND
8
B.Silkscreen
0
POLYLINE
8
B.Silkscreen
62
7
70
0
10
0.000000
20
0.000000
66
1
0
VERTEX
8
B.Silkscreen
10
219.169445
20
-176.770257
70
0
0
VERTEX
8
B.Silkscreen
10
219.161243
20
-176.709403
70
0
0
SEQEND
8
B.Silkscreen
0
POLYLINE
8
B.Silkscreen
62
7
70
0
10
0.000000
20
0.000000
66
1
0
VERTEX
8
B.Silkscreen
10
219.161243
20
-176.709403
70
0
0
VERTEX
8
B.Silkscreen
10
219.158861
20
-176.627382
70
0
0
SEQEND
8
B.Silkscreen
0
POLYLINE
8
B.Silkscreen
62
7
70
0
10
0.000000
20
0.000000
66
1
0
VERTEX
8
B.Silkscreen
10
219.158861
20
-176.627382
70
0
0
VERTEX
8
B.Silkscreen
10
219.158861
20
-176.619445
70
0
0
SEQEND
8
B.Silkscreen
0
POLYLINE
8
B.Silkscreen
62
7
70
0
10
0.000000
20
0.000000
66
1
0
VERTEX
8
B.Silkscreen
10
219.158861
20
-176.619445
70
0
0
VERTEX
8
B.Silkscreen
10
219.166799
20
-176.508320
70
0
0
SEQEND
8
B.Silkscreen
0
POLYLINE
8
B.Silkscreen
62
7
70
0
10
0.000000
20
0.000000
66
1
0
VERTEX
8
B.Silkscreen
10
219.166799
20
-176.508320
70
0
0
VERTEX
8
B.Silkscreen
10
219.191405
20
-176.421008
70
0
0
SEQEND
8
B.Silkscreen
0
POLYLINE
8
B.Silkscreen
62
7
70
0
10
0.000000
20
0.000000
66
1
0
VERTEX
8
B.Silkscreen
10
219.191405
20
-176.421008
70
0
0
VERTEX
8
B.Silkscreen
10
219.236384
20
-176.341633
70
0
0
SEQEND
8
B.Silkscreen
0
POLYLINE
8
B.Silkscreen
62
7
70
0
10
0.000000
20
0.000000
66
1
0
VERTEX
8
B.Silkscreen
10
219.236384
20
-176.341633
70
0
0
VERTEX
8
B.Silkscreen
10
219.305440
20
-176.264904
70
0
0
SEQEND
8
B.Silkscreen
0
POLYLINE
8
B.Silkscreen
62
7
70
0
10
0.000000
20
0.000000
66
1
0
VERTEX
8
B.Silkscreen
10
219.305440
20
-176.264904
70
0
0
VERTEX
8
B.Silkscreen
10
219.348038
20
-176.227862
70
0
0
SEQEND
8
B.Silkscreen
0
POLYLINE
8
B.Silkscreen
62
7
70
0
10
0.000000
20
0.000000
66
1
0
VERTEX
8
B.Silkscreen
10
219.348038
20
-176.227862
70
0
0
VERTEX
8
B.Silkscreen
10
219.462074
20
-176.153779
70
0
0
SEQEND
8
B.Silkscreen
0
POLYLINE
8
B.Silkscreen
62
7
70
0
10
0.000000
20
0.000000
66
1
0
VERTEX
8
B.Silkscreen
10
219.462074
20
-176.153779
70
0
0
VERTEX
8
B.Silkscreen
10
219.584575
20
-176.111446
70
0
0
SEQEND
8
B.Silkscreen
0
POLYLINE
8
B.Silkscreen
62
7
70
0
10
0.000000
20
0.000000
66
1
0
VERTEX
8
B.Silkscreen
10
219.584575
20
-176.111446
70
0
0
VERTEX
8
B.Silkscreen
10
219.712898
20
-176.100862
70
0
0
SEQEND
8
B.Silkscreen
0
POLYLINE
8
B.Silkscreen
62
7
70
0
10
0.000000
20
0.000000
66
1
0
VERTEX
8
B.Silkscreen
10
219.712898
20
-176.100862
70
0
0
VERTEX
8
B.Silkscreen
10
219.843867
20
-176.119383
70
0
0
SEQEND
8
B.Silkscreen
0
POLYLINE
8
B.Silkscreen
62
7
70
0
10
0.000000
20
0.000000
66
1
0
VERTEX
8
B.Silkscreen
10
219.843867
20
-176.119383
70
0
0
VERTEX
8
B.Silkscreen
10
219.975100
20
-176.172300
70
0
0
SEQEND
8
B.Silkscreen
0
POLYLINE
8
B.Silkscreen
62
7
70
0
10
0.000000
20
0.000000
66
1
0
VERTEX
8
B.Silkscreen
10
219.975100
20
-176.172300
70
0
0
VERTEX
8
B.Silkscreen
10
220.020079
20
-176.196112
70
0
0
SEQEND
8
B.Silkscreen
0
POLYLINE
8
B.Silkscreen
62
7
70
0
10
0.000000
20
0.000000
66
1
0
VERTEX
8
B.Silkscreen
10
220.020079
20
-176.196112
70
0
0
VERTEX
8
B.Silkscreen
10
220.085960
20
-176.235800
70
0
0
SEQEND
8
B.Silkscreen
0
POLYLINE
8
B.Silkscreen
62
7
70
0
10
0.000000
20
0.000000
66
1
0
VERTEX
8
B.Silkscreen
10
220.085960
20
-176.235800
70
0
0
VERTEX
8
B.Silkscreen
10
220.161102
20
-176.283425
70
0
0
SEQEND
8
B.Silkscreen
0
POLYLINE
8
B.Silkscreen
62
7
70
0
10
0.000000
20
0.000000
66
1
0
VERTEX
8
B.Silkscreen
10
220.161102
20
-176.283425
70
0
0
VERTEX
8
B.Silkscreen
10
220.236508
20
-176.331050
70
0
0
SEQEND
8
B.Silkscreen
0
POLYLINE
8
B.Silkscreen
62
7
70
0
10
0.000000
20
0.000000
66
1
0
VERTEX
8
B.Silkscreen
10
220.236508
20
-176.331050
70
0
0
VERTEX
8
B.Silkscreen
10
220.409281
20
-176.447466
70
0
0
SEQEND
8
B.Silkscreen
0
POLYLINE
8
B.Silkscreen
62
7
70
0
10
0.000000
20
0.000000
66
1
0
VERTEX
8
B.Silkscreen
10
220.409281
20
-176.447466
70
0
0
VERTEX
8
B.Silkscreen
10
220.834730
20
-176.098216
70
0
0
SEQEND
8
B.Silkscreen
0
POLYLINE
8
B.Silkscreen
62
7
70
0
10
0.000000
20
0.000000
66
1
0
VERTEX
8
B.Silkscreen
10
220.834730
20
-176.098216
70
0
0
VERTEX
8
B.Silkscreen
10
220.862511
20
-176.074404
70
0
0
SEQEND
8
B.Silkscreen
0
POLYLINE
8
B.Silkscreen
62
7
70
0
10
0.000000
20
0.000000
66
1
0
VERTEX
8
B.Silkscreen
10
220.862511
20
-176.074404
70
0
0
VERTEX
8
B.Silkscreen
10
221.008032
20
-175.957987
70
0
0
SEQEND
8
B.Silkscreen
0
POLYLINE
8
B.Silkscreen
62
7
70
0
10
0.000000
20
0.000000
66
1
0
VERTEX
8
B.Silkscreen
10
221.008032
20
-175.957987
70
0
0
VERTEX
8
B.Silkscreen
10
221.131857
20
-175.857446
70
0
0
SEQEND
8
B.Silkscreen
0
POLYLINE
8
B.Silkscreen
62
7
70
0
10
0.000000
20
0.000000
66
1
0
VERTEX
8
B.Silkscreen
10
221.131857
20
-175.857446
70
0
0
VERTEX
8
B.Silkscreen
10
221.236896
20
-175.775425
70
0
0
SEQEND
8
B.Silkscreen
0
POLYLINE
8
B.Silkscreen
62
7
70
0
10
0.000000
20
0.000000
66
1
0
VERTEX
8
B.Silkscreen
10
221.236896
20
-175.775425
70
0
0
VERTEX
8
B.Silkscreen
10
221.325796
20
-175.706634
70
0
0
SEQEND
8
B.Silkscreen
0
POLYLINE
8
B.Silkscreen
62
7
70
0
10
0.000000
20
0.000000
66
1
0
VERTEX
8
B.Silkscreen
10
221.325796
20
-175.706634
70
0
0
VERTEX
8
B.Silkscreen
10
221.401202
20
-175.653717
70
0
0
SEQEND
8
B.Silkscreen
0
POLYLINE
8
B.Silkscreen
62
7
70
0
10
0.000000
20
0.000000
66
1
0
VERTEX
8
B.Silkscreen
10
221.401202
20
-175.653717
70
0
0
VERTEX
8
B.Silkscreen
10
221.466290
20
-175.614030
70
0
0
SEQEND
8
B.Silkscreen
0
POLYLINE
8
B.Silkscreen
62
7
70
0
10
0.000000
20
0.000000
66
1
0
VERTEX
8
B.Silkscreen
10
221.466290
20
-175.614030
70
0
0
VERTEX
8
B.Silkscreen
10
221.523175
20
-175.582280
70
0
0
SEQEND
8
B.Silkscreen
0
POLYLINE
8
B.Silkscreen
62
7
70
0
10
0.000000
20
0.000000
66
1
0
VERTEX
8
B.Silkscreen
10
221.523175
20
-175.582280
70
0
0
VERTEX
8
B.Silkscreen
10
221.575033
20
-175.563759
70
0
0
SEQEND
8
B.Silkscreen
0
POLYLINE
8
B.Silkscreen
62
7
70
0
10
0.000000
20
0.000000
66
1
0
VERTEX
8
B.Silkscreen
10
221.575033
20
-175.563759
70
0
0
VERTEX
8
B.Silkscreen
10
221.624510
20
-175.547884
70
0
0
SEQEND
8
B.Silkscreen
0
POLYLINE
8
B.Silkscreen
62
7
70
0
10
0.000000
20
0.000000
66
1
0
VERTEX
8
B.Silkscreen
10
221.624510
20
-175.547884
70
0
0
VERTEX
8
B.Silkscreen
10
221.674252
20
-175.539946
70
0
0
SEQEND
8
B.Silkscreen
0
POLYLINE
8
B.Silkscreen
62
7
70
0
10
0.000000
20
0.000000
66
1
0
VERTEX
8
B.Silkscreen
10
221.674252
20
-175.539946
70
0
0
VERTEX
8
B.Silkscreen
10
221.727169
20
-175.537301
70
0
0
SEQEND
8
B.Silkscreen
0
POLYLINE
8
B.Silkscreen
62
7
70
0
10
0.000000
20
0.000000
66
1
0
VERTEX
8
B.Silkscreen
10
221.727169
20
-175.537301
70
0
0
VERTEX
8
B.Silkscreen
10
221.785906
20
-175.537301
70
0
0
SEQEND
8
B.Silkscreen
0
POLYLINE
8
B.Silkscreen
62
7
70
0
10
0.000000
20
0.000000
66
1
0
VERTEX
8
B.Silkscreen
10
221.785906
20
-175.537301
70
0
0
VERTEX
8
B.Silkscreen
10
221.862370
20
-175.539946
70
0
0
SEQEND
8
B.Silkscreen
0
POLYLINE
8
B.Silkscreen
62
7
70
0
10
0.000000
20
0.000000
66
1
0
VERTEX
8
B.Silkscreen
10
221.862370
20
-175.539946
70
0
0
VERTEX
8
B.Silkscreen
10
222.004981
20
-175.569050
70
0
0
SEQEND
8
B.Silkscreen
0
POLYLINE
8
B.Silkscreen
62
7
70
0
10
0.000000
20
0.000000
66
1
0
VERTEX
8
B.Silkscreen
10
222.004981
20
-175.569050
70
0
0
VERTEX
8
B.Silkscreen
10
222.133568
20
-175.627259
70
0
0
SEQEND
8
B.Silkscreen
0
POLYLINE
8
B.Silkscreen
62
7
70
0
10
0.000000
20
0.000000
66
1
0
VERTEX
8
B.Silkscreen
10
222.133568
20
-175.627259
70
0
0
VERTEX
8
B.Silkscreen
10
222.246016
20
-175.709279
70
0
0
SEQEND
8
B.Silkscreen
0
POLYLINE
8
B.Silkscreen
62
7
70
0
10
0.000000
20
0.000000
66
1
0
VERTEX
8
B.Silkscreen
10
222.246016
20
-175.709279
70
0
0
VERTEX
8
B.Silkscreen
10
222.339414
20
-175.820404
70
0
0
SEQEND
8
B.Silkscreen
0
POLYLINE
8
B.Silkscreen
62
7
70
0
10
0.000000
20
0.000000
66
1
0
VERTEX
8
B.Silkscreen
10
222.339414
20
-175.820404
70
0
0
VERTEX
8
B.Silkscreen
10
222.388626
20
-175.905071
70
0
0
SEQEND
8
B.Silkscreen
0
POLYLINE
8
B.Silkscreen
62
7
70
0
10
0.000000
20
0.000000
66
1
0
VERTEX
8
B.Silkscreen
10
222.388626
20
-175.905071
70
0
0
VERTEX
8
B.Silkscreen
10
222.431753
20
-176.032071
70
0
0
SEQEND
8
B.Silkscreen
0
POLYLINE
8
B.Silkscreen
62
7
70
0
10
0.000000
20
0.000000
66
1
0
VERTEX
8
B.Silkscreen
10
222.431753
20
-176.032071
70
0
0
VERTEX
8
B.Silkscreen
10
222.446305
20
-176.159071
70
0
0
SEQEND
8
B.Silkscreen
0
POLYLINE
8
B.Silkscreen
62
7
70
0
10
0.000000
20
0.000000
66
1
0
VERTEX
8
B.Silkscreen
10
222.446305
20
-176.159071
70
0
0
VERTEX
8
B.Silkscreen
10
222.432018
20
-176.288716
70
0
0
SEQEND
8
B.Silkscreen
0
POLYLINE
8
B.Silkscreen
62
7
70
0
10
0.000000
20
0.000000
66
1
0
VERTEX
8
B.Silkscreen
10
222.432018
20
-176.288716
70
0
0
VERTEX
8
B.Silkscreen
10
222.389155
20
-176.407779
70
0
0
SEQEND
8
B.Silkscreen
0
POLYLINE
8
B.Silkscreen
62
7
70
0
10
0.000000
20
0.000000
66
1
0
VERTEX
8
B.Silkscreen
10
222.389155
20
-176.407779
70
0
0
VERTEX
8
B.Silkscreen
10
222.317718
20
-176.518903
70
0
0
SEQEND
8
B.Silkscreen
0
POLYLINE
8
B.Silkscreen
62
7
70
0
10
0.000000
20
0.000000
66
1
0
VERTEX
8
B.Silkscreen
10
222.317718
20
-176.518903
70
0
0
VERTEX
8
B.Silkscreen
10
222.315866
20
-176.521549
70
0
0
SEQEND
8
B.Silkscreen
0
POLYLINE
8
B.Silkscreen
62
7
70
0
10
0.000000
20
0.000000
66
1
0
VERTEX
8
B.Silkscreen
10
222.315866
20
-176.521549
70
0
0
VERTEX
8
B.Silkscreen
10
222.285968
20
-176.550653
70
0
0
SEQEND
8
B.Silkscreen
0
POLYLINE
8
B.Silkscreen
62
7
70
0
10
0.000000
20
0.000000
66
1
0
VERTEX
8
B.Silkscreen
10
222.285968
20
-176.550653
70
0
0
VERTEX
8
B.Silkscreen
10
222.235697
20
-176.598278
70
0
0
SEQEND
8
B.Silkscreen
0
POLYLINE
8
B.Silkscreen
62
7
70
0
10
0.000000
20
0.000000
66
1
0
VERTEX
8
B.Silkscreen
10
222.235697
20
-176.598278
70
0
0
VERTEX
8
B.Silkscreen
10
222.169551
20
-176.656487
70
0
0
SEQEND
8
B.Silkscreen
0
POLYLINE
8
B.Silkscreen
62
7
70
0
10
0.000000
20
0.000000
66
1
0
VERTEX
8
B.Silkscreen
10
222.169551
20
-176.656487
70
0
0
VERTEX
8
B.Silkscreen
10
222.091764
20
-176.725278
70
0
0
SEQEND
8
B.Silkscreen
0
POLYLINE
8
B.Silkscreen
62
7
70
0
10
0.000000
20
0.000000
66
1
0
VERTEX
8
B.Silkscreen
10
222.091764
20
-176.725278
70
0
0
VERTEX
8
B.Silkscreen
10
222.006833
20
-176.796716
70
0
0
SEQEND
8
B.Silkscreen
0
POLYLINE
8
B.Silkscreen
62
7
70
0
10
0.000000
20
0.000000
66
1
0
VERTEX
8
B.Silkscreen
10
222.006833
20
-176.796716
70
0
0
VERTEX
8
B.Silkscreen
10
221.919256
20
-176.870799
70
0
0
SEQEND
8
B.Silkscreen
0
POLYLINE
8
B.Silkscreen
62
7
70
0
10
0.000000
20
0.000000
66
1
0
VERTEX
8
B.Silkscreen
10
221.919256
20
-176.870799
70
0
0
VERTEX
8
B.Silkscreen
10
221.833002
20
-176.942236
70
0
0
SEQEND
8
B.Silkscreen
0
POLYLINE
8
B.Silkscreen
62
7
70
0
10
0.000000
20
0.000000
66
1
0
VERTEX
8
B.Silkscreen
10
221.833002
20
-176.942236
70
0
0
VERTEX
8
B.Silkscreen
10
221.752833
20
-177.005736
70
0
0
SEQEND
8
B.Silkscreen
0
POLYLINE
8
B.Silkscreen
62
7
70
0
10
0.000000
20
0.000000
66
1
0
VERTEX
8
B.Silkscreen
10
221.752833
20
-177.005736
70
0
0
VERTEX
8
B.Silkscreen
10
221.683248
20
-177.061299
70
0
0
SEQEND
8
B.Silkscreen
0
POLYLINE
8
B.Silkscreen
62
7
70
0
10
0.000000
20
0.000000
66
1
0
VERTEX
8
B.Silkscreen
10
221.683248
20
-177.061299
70
0
0
VERTEX
8
B.Silkscreen
10
221.628215
20
-177.100986
70
0
0
SEQEND
8
B.Silkscreen
0
POLYLINE
8
B.Silkscreen
62
7
70
0
10
0.000000
20
0.000000
66
1
0
VERTEX
8
B.Silkscreen
10
221.628215
20
-177.100986
70
0
0
VERTEX
8
B.Silkscreen
10
221.586940
20
-177.132736
70
0
0
SEQEND
8
B.Silkscreen
0
POLYLINE
8
B.Silkscreen
62
7
70
0
10
0.000000
20
0.000000
66
1
0
VERTEX
8
B.Silkscreen
10
221.586940
20
-177.132736
70
0
0
VERTEX
8
B.Silkscreen
10
221.555454
20
-177.156548
70
0
0
SEQEND
8
B.Silkscreen
0
POLYLINE
8
B.Silkscreen
62
7
70
0
10
0.000000
20
0.000000
66
1
0
VERTEX
8
B.Silkscreen
10
221.555454
20
-177.156548
70
0
0
VERTEX
8
B.Silkscreen
10
221.543283
20
-177.169778
70
0
0
SEQEND
8
B.Silkscreen
0
POLYLINE
8
B.Silkscreen
62
7
70
0
10
0.000000
20
0.000000
66
1
0
VERTEX
8
B.Silkscreen
10
221.543283
20
-177.169778
70
0
0
VERTEX
8
B.Silkscreen
10
221.543548
20
-177.169778
70
0
0
SEQEND
8
B.Silkscreen
0
POLYLINE
8
B.Silkscreen
62
7
70
0
10
0.000000
20
0.000000
66
1
0
VERTEX
8
B.Silkscreen
10
221.543548
20
-177.169778
70
0
0
VERTEX
8
B.Silkscreen
10
221.549369
20
-177.175069
70
0
0
SEQEND
8
B.Silkscreen
0
POLYLINE
8
B.Silkscreen
62
7
70
0
10
0.000000
20
0.000000
66
1
0
VERTEX
8
B.Silkscreen
10
221.549369
20
-177.175069
70
0
0
VERTEX
8
B.Silkscreen
10
221.565773
20
-177.185653
70
0
0
SEQEND
8
B.Silkscreen
0
POLYLINE
8
B.Silkscreen
62
7
70
0
10
0.000000
20
0.000000
66
1
0
VERTEX
8
B.Silkscreen
10
221.565773
20
-177.185653
70
0
0
VERTEX
8
B.Silkscreen
10
221.595142
20
-177.206819
70
0
0
SEQEND
8
B.Silkscreen
0
POLYLINE
8
B.Silkscreen
62
7
70
0
10
0.000000
20
0.000000
66
1
0
VERTEX
8
B.Silkscreen
10
221.595142
20
-177.206819
70
0
0
VERTEX
8
B.Silkscreen
10
221.639856
20
-177.235923
70
0
0
SEQEND
8
B.Silkscreen
0
POLYLINE
8
B.Silkscreen
62
7
70
0
10
0.000000
20
0.000000
66
1
0
VERTEX
8
B.Silkscreen
10
221.639856
20
-177.235923
70
0
0
VERTEX
8
B.Silkscreen
10
221.702298
20
-177.275611
70
0
0
SEQEND
8
B.Silkscreen
0
POLYLINE
8
B.Silkscreen
62
7
70
0
10
0.000000
20
0.000000
66
1
0
VERTEX
8
B.Silkscreen
10
221.702298
20
-177.275611
70
0
0
VERTEX
8
B.Silkscreen
10
221.785112
20
-177.328527
70
0
0
SEQEND
8
B.Silkscreen
0
POLYLINE
8
B.Silkscreen
62
7
70
0
10
0.000000
20
0.000000
66
1
0
VERTEX
8
B.Silkscreen
10
221.785112
20
-177.328527
70
0
0
VERTEX
8
B.Silkscreen
10
221.890152
20
-177.394673
70
0
0
SEQEND
8
B.Silkscreen
0
POLYLINE
8
B.Silkscreen
62
7
70
0
10
0.000000
20
0.000000
66
1
0
VERTEX
8
B.Silkscreen
10
221.890152
20
-177.394673
70
0
0
VERTEX
8
B.Silkscreen
10
222.020327
20
-177.476694
70
0
0
SEQEND
8
B.Silkscreen
0
POLYLINE
8
B.Silkscreen
62
7
70
0
10
0.000000
20
0.000000
66
1
0
VERTEX
8
B.Silkscreen
10
222.020327
20
-177.476694
70
0
0
VERTEX
8
B.Silkscreen
10
222.237285
20
-177.614277
70
0
0
SEQEND
8
B.Silkscreen
0
POLYLINE
8
B.Silkscreen
62
7
70
0
10
0.000000
20
0.000000
66
1
0
VERTEX
8
B.Silkscreen
10
222.237285
20
-177.614277
70
0
0
VERTEX
8
B.Silkscreen
10
222.428843
20
-177.741277
70
0
0
SEQEND
8
B.Silkscreen
0
POLYLINE
8
B.Silkscreen
62
7
70
0
10
0.000000
20
0.000000
66
1
0
VERTEX
8
B.Silkscreen
10
222.428843
20
-177.741277
70
0
0
VERTEX
8
B.Silkscreen
10
222.597382
20
-177.855048
70
0
0
SEQEND
8
B.Silkscreen
0
POLYLINE
8
B.Silkscreen
62
7
70
0
10
0.000000
20
0.000000
66
1
0
VERTEX
8
B.Silkscreen
10
222.597382
20
-177.855048
70
0
0
VERTEX
8
B.Silkscreen
10
222.745019
20
-177.960881
70
0
0
SEQEND
8
B.Silkscreen
0
POLYLINE
8
B.Silkscreen
62
7
70
0
10
0.000000
20
0.000000
66
1
0
VERTEX
8
B.Silkscreen
10
222.745019
20
-177.960881
70
0
0
VERTEX
8
B.Silkscreen
10
222.874400
20
-178.058777
70
0
0
SEQEND
8
B.Silkscreen
0
POLYLINE
8
B.Silkscreen
62
7
70
0
10
0.000000
20
0.000000
66
1
0
VERTEX
8
B.Silkscreen
10
222.874400
20
-178.058777
70
0
0
VERTEX
8
B.Silkscreen
10
222.899271
20
-178.079943
70
0
0
SEQEND
8
B.Silkscreen
0
POLYLINE
8
B.Silkscreen
62
7
70
0
10
0.000000
20
0.000000
66
1
0
VERTEX
8
B.Silkscreen
10
222.899271
20
-178.079943
70
0
0
VERTEX
8
B.Silkscreen
10
222.987907
20
-178.154026
70
0
0
SEQEND
8
B.Silkscreen
0
POLYLINE
8
B.Silkscreen
62
7
70
0
10
0.000000
20
0.000000
66
1
0
VERTEX
8
B.Silkscreen
10
238.966339
20
-177.672485
70
0
0
VERTEX
8
B.Silkscreen
10
238.966868
20
-177.897381
70
0
0
SEQEND
8
B.Silkscreen
0
POLYLINE
8
B.Silkscreen
62
7
70
0
10
0.000000
20
0.000000
66
1
0
VERTEX
8
B.Silkscreen
10
238.966868
20
-177.897381
70
0
0
VERTEX
8
B.Silkscreen
10
238.967661
20
-178.151381
70
0
0
SEQEND
8
B.Silkscreen
0
POLYLINE
8
B.Silkscreen
62
7
70
0
10
0.000000
20
0.000000
66
1
0
VERTEX
8
B.Silkscreen
10
238.967661
20
-178.151381
70
0
0
VERTEX
8
B.Silkscreen
10
238.968455
20
-178.431839
70
0
0
SEQEND
8
B.Silkscreen
0
POLYLINE
8
B.Silkscreen
62
7
70
0
10
0.000000
20
0.000000
66
1
0
VERTEX
8
B.Silkscreen
10
238.968455
20
-178.431839
70
0
0
VERTEX
8
B.Silkscreen
10
238.969249
20
-178.746692
70
0
0
SEQEND
8
B.Silkscreen
0
POLYLINE
8
B.Silkscreen
62
7
70
0
10
0.000000
20
0.000000
66
1
0
VERTEX
8
B.Silkscreen
10
238.969249
20
-178.746692
70
0
0
VERTEX
8
B.Silkscreen
10
238.969778
20
-179.027150
70
0
0
SEQEND
8
B.Silkscreen
0
POLYLINE
8
B.Silkscreen
62
7
70
0
10
0.000000
20
0.000000
66
1
0
VERTEX
8
B.Silkscreen
10
238.969778
20
-179.027150
70
0
0
VERTEX
8
B.Silkscreen
10
238.970572
20
-179.344650
70
0
0
SEQEND
8
B.Silkscreen
0
POLYLINE
8
B.Silkscreen
62
7
70
0
10
0.000000
20
0.000000
66
1
0
VERTEX
8
B.Silkscreen
10
238.970572
20
-179.344650
70
0
0
VERTEX
8
B.Silkscreen
10
238.970836
20
-179.633045
70
0
0
SEQEND
8
B.Silkscreen
0
POLYLINE
8
B.Silkscreen
62
7
70
0
10
0.000000
20
0.000000
66
1
0
VERTEX
8
B.Silkscreen
10
238.970836
20
-179.633045
70
0
0
VERTEX
8
B.Silkscreen
10
238.970836
20
-179.860587
70
0
0
SEQEND
8
B.Silkscreen
0
POLYLINE
8
B.Silkscreen
62
7
70
0
10
0.000000
20
0.000000
66
1
0
VERTEX
8
B.Silkscreen
10
238.970836
20
-179.860587
70
0
0
VERTEX
8
B.Silkscreen
10
238.970836
20
-179.892337
70
0
0
SEQEND
8
B.Silkscreen
0
POLYLINE
8
B.Silkscreen
62
7
70
0
10
0.000000
20
0.000000
66
1
0
VERTEX
8
B.Silkscreen
10
238.970836
20
-179.892337
70
0
0
VERTEX
8
B.Silkscreen
10
238.970572
20
-180.122524
70
0
0
SEQEND
8
B.Silkscreen
0
POLYLINE
8
B.Silkscreen
62
7
70
0
10
0.000000
20
0.000000
66
1
0
VERTEX
8
B.Silkscreen
10
238.970572
20
-180.122524
70
0
0
VERTEX
8
B.Silkscreen
10
238.970043
20
-180.323607
70
0
0
SEQEND
8
B.Silkscreen
0
POLYLINE
8
B.Silkscreen
62
7
70
0
10
0.000000
20
0.000000
66
1
0
VERTEX
8
B.Silkscreen
10
238.970043
20
-180.323607
70
0
0
VERTEX
8
B.Silkscreen
10
238.968984
20
-180.500878
70
0
0
SEQEND
8
B.Silkscreen
0
POLYLINE
8
B.Silkscreen
62
7
70
0
10
0.000000
20
0.000000
66
1
0
VERTEX
8
B.Silkscreen
10
238.968984
20
-180.500878
70
0
0
VERTEX
8
B.Silkscreen
10
238.967926
20
-180.649044
70
0
0
SEQEND
8
B.Silkscreen
0
POLYLINE
8
B.Silkscreen
62
7
70
0
10
0.000000
20
0.000000
66
1
0
VERTEX
8
B.Silkscreen
10
238.967926
20
-180.649044
70
0
0
VERTEX
8
B.Silkscreen
10
238.966339
20
-180.773398
70
0
0
SEQEND
8
B.Silkscreen
0
POLYLINE
8
B.Silkscreen
62
7
70
0
10
0.000000
20
0.000000
66
1
0
VERTEX
8
B.Silkscreen
10
238.966339
20
-180.773398
70
0
0
VERTEX
8
B.Silkscreen
10
238.964486
20
-180.871294
70
0
0
SEQEND
8
B.Silkscreen
0
POLYLINE
8
B.Silkscreen
62
7
70
0
10
0.000000
20
0.000000
66
1
0
VERTEX
8
B.Silkscreen
10
238.964486
20
-180.871294
70
0
0
VERTEX
8
B.Silkscreen
10
238.962105
20
-180.948023
70
0
0
SEQEND
8
B.Silkscreen
0
POLYLINE
8
B.Silkscreen
62
7
70
0
10
0.000000
20
0.000000
66
1
0
VERTEX
8
B.Silkscreen
10
238.962105
20
-180.948023
70
0
0
VERTEX
8
B.Silkscreen
10
238.959724
20
-181.000939
70
0
0
SEQEND
8
B.Silkscreen
0
POLYLINE
8
B.Silkscreen
62
7
70
0
10
0.000000
20
0.000000
66
1
0
VERTEX
8
B.Silkscreen
10
238.959724
20
-181.000939
70
0
0
VERTEX
8
B.Silkscreen
10
238.956814
20
-181.032689
70
0
0
SEQEND
8
B.Silkscreen
0
POLYLINE
8
B.Silkscreen
62
7
70
0
10
0.000000
20
0.000000
66
1
0
VERTEX
8
B.Silkscreen
10
238.956814
20
-181.032689
70
0
0
VERTEX
8
B.Silkscreen
10
238.935911
20
-181.149106
70
0
0
SEQEND
8
B.Silkscreen
0
POLYLINE
8
B.Silkscreen
62
7
70
0
10
0.000000
20
0.000000
66
1
0
VERTEX
8
B.Silkscreen
10
238.935911
20
-181.149106
70
0
0
VERTEX
8
B.Silkscreen
10
238.874793
20
-181.352835
70
0
0
SEQEND
8
B.Silkscreen
0
POLYLINE
8
B.Silkscreen
62
7
70
0
10
0.000000
20
0.000000
66
1
0
VERTEX
8
B.Silkscreen
10
238.874793
20
-181.352835
70
0
0
VERTEX
8
B.Silkscreen
10
238.786158
20
-181.543335
70
0
0
SEQEND
8
B.Silkscreen
0
POLYLINE
8
B.Silkscreen
62
7
70
0
10
0.000000
20
0.000000
66
1
0
VERTEX
8
B.Silkscreen
10
238.786158
20
-181.543335
70
0
0
VERTEX
8
B.Silkscreen
10
238.671858
20
-181.720605
70
0
0
SEQEND
8
B.Silkscreen
0
POLYLINE
8
B.Silkscreen
62
7
70
0
10
0.000000
20
0.000000
66
1
0
VERTEX
8
B.Silkscreen
10
238.671858
20
-181.720605
70
0
0
VERTEX
8
B.Silkscreen
10
238.534804
20
-181.879355
70
0
0
SEQEND
8
B.Silkscreen
0
POLYLINE
8
B.Silkscreen
62
7
70
0
10
0.000000
20
0.000000
66
1
0
VERTEX
8
B.Silkscreen
10
238.534804
20
-181.879355
70
0
0
VERTEX
8
B.Silkscreen
10
238.376583
20
-182.019584
70
0
0
SEQEND
8
B.Silkscreen
0
POLYLINE
8
B.Silkscreen
62
7
70
0
10
0.000000
20
0.000000
66
1
0
VERTEX
8
B.Silkscreen
10
238.376583
20
-182.019584
70
0
0
VERTEX
8
B.Silkscreen
10
238.199842
20
-182.138646
70
0
0
SEQEND
8
B.Silkscreen
0
POLYLINE
8
B.Silkscreen
62
7
70
0
10
0.000000
20
0.000000
66
1
0
VERTEX
8
B.Silkscreen
10
238.199842
20
-182.138646
70
0
0
VERTEX
8
B.Silkscreen
10
238.006431
20
-182.236542
70
0
0
SEQEND
8
B.Silkscreen
0
POLYLINE
8
B.Silkscreen
62
7
70
0
10
0.000000
20
0.000000
66
1
0
VERTEX
8
B.Silkscreen
10
238.006431
20
-182.236542
70
0
0
VERTEX
8
B.Silkscreen
10
237.798734
20
-182.305334
70
0
0
SEQEND
8
B.Silkscreen
0
POLYLINE
8
B.Silkscreen
62
7
70
0
10
0.000000
20
0.000000
66
1
0
VERTEX
8
B.Silkscreen
10
237.798734
20
-182.305334
70
0
0
VERTEX
8
B.Silkscreen
10
237.578865
20
-182.350313
70
0
0
SEQEND
8
B.Silkscreen
0
POLYLINE
8
B.Silkscreen
62
7
70
0
10
0.000000
20
0.000000
66
1
0
VERTEX
8
B.Silkscreen
10
237.578865
20
-182.350313
70
0
0
VERTEX
8
B.Silkscreen
10
237.571192
20
-182.350313
70
0
0
SEQEND
8
B.Silkscreen
0
POLYLINE
8
B.Silkscreen
62
7
70
0
10
0.000000
20
0.000000
66
1
0
VERTEX
8
B.Silkscreen
10
237.571192
20
-182.350313
70
0
0
VERTEX
8
B.Silkscreen
10
237.523832
20
-182.352959
70
0
0
SEQEND
8
B.Silkscreen
0
POLYLINE
8
B.Silkscreen
62
7
70
0
10
0.000000
20
0.000000
66
1
0
VERTEX
8
B.Silkscreen
10
237.523832
20
-182.352959
70
0
0
VERTEX
8
B.Silkscreen
10
237.448161
20
-182.355604
70
0
0
SEQEND
8
B.Silkscreen
0
POLYLINE
8
B.Silkscreen
62
7
70
0
10
0.000000
20
0.000000
66
1
0
VERTEX
8
B.Silkscreen
10
237.448161
20
-182.355604
70
0
0
VERTEX
8
B.Silkscreen
10
237.347620
20
-182.358250
70
0
0
SEQEND
8
B.Silkscreen
0
POLYLINE
8
B.Silkscreen
62
7
70
0
10
0.000000
20
0.000000
66
1
0
VERTEX
8
B.Silkscreen
10
237.347620
20
-182.358250
70
0
0
VERTEX
8
B.Silkscreen
10
237.225647
20
-182.360896
70
0
0
SEQEND
8
B.Silkscreen
0
POLYLINE
8
B.Silkscreen
62
7
70
0
10
0.000000
20
0.000000
66
1
0
VERTEX
8
B.Silkscreen
10
237.225647
20
-182.360896
70
0
0
VERTEX
8
B.Silkscreen
10
237.085418
20
-182.360896
70
0
0
SEQEND
8
B.Silkscreen
0
POLYLINE
8
B.Silkscreen
62
7
70
0
10
0.000000
20
0.000000
66
1
0
VERTEX
8
B.Silkscreen
10
237.085418
20
-182.360896
70
0
0
VERTEX
8
B.Silkscreen
10
236.930372
20
-182.363542
70
0
0
SEQEND
8
B.Silkscreen
0
POLYLINE
8
B.Silkscreen
62
7
70
0
10
0.000000
20
0.000000
66
1
0
VERTEX
8
B.Silkscreen
10
236.930372
20
-182.363542
70
0
0
VERTEX
8
B.Silkscreen
10
236.763685
20
-182.363542
70
0
0
SEQEND
8
B.Silkscreen
0
POLYLINE
8
B.Silkscreen
62
7
70
0
10
0.000000
20
0.000000
66
1
0
VERTEX
8
B.Silkscreen
10
236.763685
20
-182.363542
70
0
0
VERTEX
8
B.Silkscreen
10
236.589060
20
-182.363542
70
0
0
SEQEND
8
B.Silkscreen
0
POLYLINE
8
B.Silkscreen
62
7
70
0
10
0.000000
20
0.000000
66
1
0
VERTEX
8
B.Silkscreen
10
236.589060
20
-182.363542
70
0
0
VERTEX
8
B.Silkscreen
10
236.409408
20
-182.366188
70
0
0
SEQEND
8
B.Silkscreen
0
POLYLINE
8
B.Silkscreen
62
7
70
0
10
0.000000
20
0.000000
66
1
0
VERTEX
8
B.Silkscreen
10
236.409408
20
-182.366188
70
0
0
VERTEX
8
B.Silkscreen
10
236.228169
20
-182.366188
70
0
0
SEQEND
8
B.Silkscreen
0
POLYLINE
8
B.Silkscreen
62
7
70
0
10
0.000000
20
0.000000
66
1
0
VERTEX
8
B.Silkscreen
10
236.228169
20
-182.366188
70
0
0
VERTEX
8
B.Silkscreen
10
236.048517
20
-182.363542
70
0
0
SEQEND
8
B.Silkscreen
0
POLYLINE
8
B.Silkscreen
62
7
70
0
10
0.000000
20
0.000000
66
1
0
VERTEX
8
B.Silkscreen
10
236.048517
20
-182.363542
70
0
0
VERTEX
8
B.Silkscreen
10
235.874157
20
-182.363542
70
0
0
SEQEND
8
B.Silkscreen
0
POLYLINE
8
B.Silkscreen
62
7
70
0
10
0.000000
20
0.000000
66
1
0
VERTEX
8
B.Silkscreen
10
235.874157
20
-182.363542
70
0
0
VERTEX
8
B.Silkscreen
10
235.708263
20
-182.363542
70
0
0
SEQEND
8
B.Silkscreen
0
POLYLINE
8
B.Silkscreen
62
7
70
0
10
0.000000
20
0.000000
66
1
0
VERTEX
8
B.Silkscreen
10
235.708263
20
-182.363542
70
0
0
VERTEX
8
B.Silkscreen
10
235.553747
20
-182.360896
70
0
0
SEQEND
8
B.Silkscreen
0
POLYLINE
8
B.Silkscreen
62
7
70
0
10
0.000000
20
0.000000
66
1
0
VERTEX
8
B.Silkscreen
10
235.553747
20
-182.360896
70
0
0
VERTEX
8
B.Silkscreen
10
235.414576
20
-182.360896
70
0
0
SEQEND
8
B.Silkscreen
0
POLYLINE
8
B.Silkscreen
62
7
70
0
10
0.000000
20
0.000000
66
1
0
VERTEX
8
B.Silkscreen
10
235.414576
20
-182.360896
70
0
0
VERTEX
8
B.Silkscreen
10
235.293662
20
-182.358250
70
0
0
SEQEND
8
B.Silkscreen
0
POLYLINE
8
B.Silkscreen
62
7
70
0
10
0.000000
20
0.000000
66
1
0
VERTEX
8
B.Silkscreen
10
235.293662
20
-182.358250
70
0
0
VERTEX
8
B.Silkscreen
10
235.194443
20
-182.355604
70
0
0
SEQEND
8
B.Silkscreen
0
POLYLINE
8
B.Silkscreen
62
7
70
0
10
0.000000
20
0.000000
66
1
0
VERTEX
8
B.Silkscreen
10
235.194443
20
-182.355604
70
0
0
VERTEX
8
B.Silkscreen
10
235.120095
20
-182.352959
70
0
0
SEQEND
8
B.Silkscreen
0
POLYLINE
8
B.Silkscreen
62
7
70
0
10
0.000000
20
0.000000
66
1
0
VERTEX
8
B.Silkscreen
10
235.120095
20
-182.352959
70
0
0
VERTEX
8
B.Silkscreen
10
235.074323
20
-182.350313
70
0
0
SEQEND
8
B.Silkscreen
0
POLYLINE
8
B.Silkscreen
62
7
70
0
10
0.000000
20
0.000000
66
1
0
VERTEX
8
B.Silkscreen
10
235.074323
20
-182.350313
70
0
0
VERTEX
8
B.Silkscreen
10
234.943089
20
-182.334438
70
0
0
SEQEND
8
B.Silkscreen
0
POLYLINE
8
B.Silkscreen
62
7
70
0
10
0.000000
20
0.000000
66
1
0
VERTEX
8
B.Silkscreen
10
234.943089
20
-182.334438
70
0
0
VERTEX
8
B.Silkscreen
10
234.683004
20
-182.284167
70
0
0
SEQEND
8
B.Silkscreen
0
POLYLINE
8
B.Silkscreen
62
7
70
0
10
0.000000
20
0.000000
66
1
0
VERTEX
8
B.Silkscreen
10
234.683004
20
-182.284167
70
0
0
VERTEX
8
B.Silkscreen
10
234.429005
20
-182.212730
70
0
0
SEQEND
8
B.Silkscreen
0
POLYLINE
8
B.Silkscreen
62
7
70
0
10
0.000000
20
0.000000
66
1
0
VERTEX
8
B.Silkscreen
10
234.429005
20
-182.212730
70
0
0
VERTEX
8
B.Silkscreen
10
234.184795
20
-182.120126
70
0
0
SEQEND
8
B.Silkscreen
0
POLYLINE
8
B.Silkscreen
62
7
70
0
10
0.000000
20
0.000000
66
1
0
VERTEX
8
B.Silkscreen
10
234.184795
20
-182.120126
70
0
0
VERTEX
8
B.Silkscreen
10
233.954872
20
-182.011647
70
0
0
SEQEND
8
B.Silkscreen
0
POLYLINE
8
B.Silkscreen
62
7
70
0
10
0.000000
20
0.000000
66
1
0
VERTEX
8
B.Silkscreen
10
233.954872
20
-182.011647
70
0
0
VERTEX
8
B.Silkscreen
10
233.742941
20
-181.884647
70
0
0
SEQEND
8
B.Silkscreen
0
POLYLINE
8
B.Silkscreen
62
7
70
0
10
0.000000
20
0.000000
66
1
0
VERTEX
8
B.Silkscreen
10
233.742941
20
-181.884647
70
0
0
VERTEX
8
B.Silkscreen
10
233.553500
20
-181.744418
70
0
0
SEQEND
8
B.Silkscreen
0
POLYLINE
8
B.Silkscreen
62
7
70
0
10
0.000000
20
0.000000
66
1
0
VERTEX
8
B.Silkscreen
10
233.553500
20
-181.744418
70
0
0
VERTEX
8
B.Silkscreen
10
233.390516
20
-181.590960
70
0
0
SEQEND
8
B.Silkscreen
0
POLYLINE
8
B.Silkscreen
62
7
70
0
10
0.000000
20
0.000000
66
1
0
VERTEX
8
B.Silkscreen
10
233.390516
20
-181.590960
70
0
0
VERTEX
8
B.Silkscreen
10
233.328075
20
-181.519522
70
0
0
SEQEND
8
B.Silkscreen
0
POLYLINE
8
B.Silkscreen
62
7
70
0
10
0.000000
20
0.000000
66
1
0
VERTEX
8
B.Silkscreen
10
233.328075
20
-181.519522
70
0
0
VERTEX
8
B.Silkscreen
10
233.239439
20
-181.405751
70
0
0
SEQEND
8
B.Silkscreen
0
POLYLINE
8
B.Silkscreen
62
7
70
0
10
0.000000
20
0.000000
66
1
0
VERTEX
8
B.Silkscreen
10
233.239439
20
-181.405751
70
0
0
VERTEX
8
B.Silkscreen
10
233.155038
20
-181.281397
70
0
0
SEQEND
8
B.Silkscreen
0
POLYLINE
8
B.Silkscreen
62
7
70
0
10
0.000000
20
0.000000
66
1
0
VERTEX
8
B.Silkscreen
10
233.155038
20
-181.281397
70
0
0
VERTEX
8
B.Silkscreen
10
233.081483
20
-181.159689
70
0
0
SEQEND
8
B.Silkscreen
0
POLYLINE
8
B.Silkscreen
62
7
70
0
10
0.000000
20
0.000000
66
1
0
VERTEX
8
B.Silkscreen
10
233.081483
20
-181.159689
70
0
0
VERTEX
8
B.Silkscreen
10
233.025921
20
-181.048564
70
0
0
SEQEND
8
B.Silkscreen
0
POLYLINE
8
B.Silkscreen
62
7
70
0
10
0.000000
20
0.000000
66
1
0
VERTEX
8
B.Silkscreen
10
233.025921
20
-181.048564
70
0
0
VERTEX
8
B.Silkscreen
10
233.020365
20
-181.035335
70
0
0
SEQEND
8
B.Silkscreen
0
POLYLINE
8
B.Silkscreen
62
7
70
0
10
0.000000
20
0.000000
66
1
0
VERTEX
8
B.Silkscreen
10
233.020365
20
-181.035335
70
0
0
VERTEX
8
B.Silkscreen
10
232.969565
20
-180.905690
70
0
0
SEQEND
8
B.Silkscreen
0
POLYLINE
8
B.Silkscreen
62
7
70
0
10
0.000000
20
0.000000
66
1
0
VERTEX
8
B.Silkscreen
10
232.969565
20
-180.905690
70
0
0
VERTEX
8
B.Silkscreen
10
232.932259
20
-180.778690
70
0
0
SEQEND
8
B.Silkscreen
0
POLYLINE
8
B.Silkscreen
62
7
70
0
10
0.000000
20
0.000000
66
1
0
VERTEX
8
B.Silkscreen
10
232.932259
20
-180.778690
70
0
0
VERTEX
8
B.Silkscreen
10
232.906329
20
-180.646398
70
0
0
SEQEND
8
B.Silkscreen
0
POLYLINE
8
B.Silkscreen
62
7
70
0
10
0.000000
20
0.000000
66
1
0
VERTEX
8
B.Silkscreen
10
232.906329
20
-180.646398
70
0
0
VERTEX
8
B.Silkscreen
10
232.889925
20
-180.498232
70
0
0
SEQEND
8
B.Silkscreen
0
POLYLINE
8
B.Silkscreen
62
7
70
0
10
0.000000
20
0.000000
66
1
0
VERTEX
8
B.Silkscreen
10
232.889925
20
-180.498232
70
0
0
VERTEX
8
B.Silkscreen
10
232.881723
20
-180.328899
70
0
0
SEQEND
8
B.Silkscreen
0
POLYLINE
8
B.Silkscreen
62
7
70
0
10
0.000000
20
0.000000
66
1
0
VERTEX
8
B.Silkscreen
10
232.881723
20
-180.328899
70
0
0
VERTEX
8
B.Silkscreen
10
232.880400
20
-180.273336
70
0
0
SEQEND
8
B.Silkscreen
0
POLYLINE
8
B.Silkscreen
62
7
70
0
10
0.000000
20
0.000000
66
1
0
VERTEX
8
B.Silkscreen
10
232.880400
20
-180.273336
70
0
0
VERTEX
8
B.Silkscreen
10
232.880930
20
-180.138399
70
0
0
SEQEND
8
B.Silkscreen
0
POLYLINE
8
B.Silkscreen
62
7
70
0
10
0.000000
20
0.000000
66
1
0
VERTEX
8
B.Silkscreen
10
234.602042
20
-180.138399
70
0
0
VERTEX
8
B.Silkscreen
10
234.606804
20
-180.289211
70
0
0
SEQEND
8
B.Silkscreen
0
POLYLINE
8
B.Silkscreen
62
7
70
0
10
0.000000
20
0.000000
66
1
0
VERTEX
8
B.Silkscreen
10
234.606804
20
-180.289211
70
0
0
VERTEX
8
B.Silkscreen
10
234.629029
20
-180.397690
70
0
0
SEQEND
8
B.Silkscreen
0
POLYLINE
8
B.Silkscreen
62
7
70
0
10
0.000000
20
0.000000
66
1
0
VERTEX
8
B.Silkscreen
10
234.629029
20
-180.397690
70
0
0
VERTEX
8
B.Silkscreen
10
234.684327
20
-180.543211
70
0
0
SEQEND
8
B.Silkscreen
0
POLYLINE
8
B.Silkscreen
62
7
70
0
10
0.000000
20
0.000000
66
1
0
VERTEX
8
B.Silkscreen
10
234.684327
20
-180.543211
70
0
0
VERTEX
8
B.Silkscreen
10
234.766877
20
-180.670211
70
0
0
SEQEND
8
B.Silkscreen
0
POLYLINE
8
B.Silkscreen
62
7
70
0
10
0.000000
20
0.000000
66
1
0
VERTEX
8
B.Silkscreen
10
234.766877
20
-180.670211
70
0
0
VERTEX
8
B.Silkscreen
10
234.875621
20
-180.778690
70
0
0
SEQEND
8
B.Silkscreen
0
POLYLINE
8
B.Silkscreen
62
7
70
0
10
0.000000
20
0.000000
66
1
0
VERTEX
8
B.Silkscreen
10
234.875621
20
-180.778690
70
0
0
VERTEX
8
B.Silkscreen
10
235.009764
20
-180.868648
70
0
0
SEQEND
8
B.Silkscreen
0
POLYLINE
8
B.Silkscreen
62
7
70
0
10
0.000000
20
0.000000
66
1
0
VERTEX
8
B.Silkscreen
10
235.009764
20
-180.868648
70
0
0
VERTEX
8
B.Silkscreen
10
235.168250
20
-180.940085
70
0
0
SEQEND
8
B.Silkscreen
0
POLYLINE
8
B.Silkscreen
62
7
70
0
10
0.000000
20
0.000000
66
1
0
VERTEX
8
B.Silkscreen
10
235.168250
20
-180.940085
70
0
0
VERTEX
8
B.Silkscreen
10
235.294985
20
-180.985064
70
0
0
SEQEND
8
B.Silkscreen
0
POLYLINE
8
B.Silkscreen
62
7
70
0
10
0.000000
20
0.000000
66
1
0
VERTEX
8
B.Silkscreen
10
235.294985
20
-180.985064
70
0
0
VERTEX
8
B.Silkscreen
10
236.095348
20
-180.987710
70
0
0
SEQEND
8
B.Silkscreen
0
POLYLINE
8
B.Silkscreen
62
7
70
0
10
0.000000
20
0.000000
66
1
0
VERTEX
8
B.Silkscreen
10
236.095348
20
-180.987710
70
0
0
VERTEX
8
B.Silkscreen
10
236.162288
20
-180.987710
70
0
0
SEQEND
8
B.Silkscreen
0
POLYLINE
8
B.Silkscreen
62
7
70
0
10
0.000000
20
0.000000
66
1
0
VERTEX
8
B.Silkscreen
10
236.162288
20
-180.987710
70
0
0
VERTEX
8
B.Silkscreen
10
236.346173
20
-180.987710
70
0
0
SEQEND
8
B.Silkscreen
0
POLYLINE
8
B.Silkscreen
62
7
70
0
10
0.000000
20
0.000000
66
1
0
VERTEX
8
B.Silkscreen
10
236.346173
20
-180.987710
70
0
0
VERTEX
8
B.Silkscreen
10
236.501748
20
-180.987710
70
0
0
SEQEND
8
B.Silkscreen
0
POLYLINE
8
B.Silkscreen
62
7
70
0
10
0.000000
20
0.000000
66
1
0
VERTEX
8
B.Silkscreen
10
236.501748
20
-180.987710
70
0
0
VERTEX
8
B.Silkscreen
10
236.631129
20
-180.987710
70
0
0
SEQEND
8
B.Silkscreen
0
POLYLINE
8
B.Silkscreen
62
7
70
0
10
0.000000
20
0.000000
66
1
0
VERTEX
8
B.Silkscreen
10
236.631129
20
-180.987710
70
0
0
VERTEX
8
B.Silkscreen
10
236.737756
20
-180.985064
70
0
0
SEQEND
8
B.Silkscreen
0
POLYLINE
8
B.Silkscreen
62
7
70
0
10
0.000000
20
0.000000
66
1
0
VERTEX
8
B.Silkscreen
10
236.737756
20
-180.985064
70
0
0
VERTEX
8
B.Silkscreen
10
236.824275
20
-180.982419
70
0
0
SEQEND
8
B.Silkscreen
0
POLYLINE
8
B.Silkscreen
62
7
70
0
10
0.000000
20
0.000000
66
1
0
VERTEX
8
B.Silkscreen
10
236.824275
20
-180.982419
70
0
0
VERTEX
8
B.Silkscreen
10
236.893331
20
-180.979773
70
0
0
SEQEND
8
B.Silkscreen
0
POLYLINE
8
B.Silkscreen
62
7
70
0
10
0.000000
20
0.000000
66
1
0
VERTEX
8
B.Silkscreen
10
236.893331
20
-180.979773
70
0
0
VERTEX
8
B.Silkscreen
10
236.947835
20
-180.974481
70
0
0
SEQEND
8
B.Silkscreen
0
POLYLINE
8
B.Silkscreen
62
7
70
0
10
0.000000
20
0.000000
66
1
0
VERTEX
8
B.Silkscreen
10
236.947835
20
-180.974481
70
0
0
VERTEX
8
B.Silkscreen
10
236.990433
20
-180.966544
70
0
0
SEQEND
8
B.Silkscreen
0
POLYLINE
8
B.Silkscreen
62
7
70
0
10
0.000000
20
0.000000
66
1
0
VERTEX
8
B.Silkscreen
10
236.990433
20
-180.966544
70
0
0
VERTEX
8
B.Silkscreen
10
237.024299
20
-180.958606
70
0
0
SEQEND
8
B.Silkscreen
0
POLYLINE
8
B.Silkscreen
62
7
70
0
10
0.000000
20
0.000000
66
1
0
VERTEX
8
B.Silkscreen
10
237.024299
20
-180.958606
70
0
0
VERTEX
8
B.Silkscreen
10
237.052081
20
-180.950669
70
0
0
SEQEND
8
B.Silkscreen
0
POLYLINE
8
B.Silkscreen
62
7
70
0
10
0.000000
20
0.000000
66
1
0
VERTEX
8
B.Silkscreen
10
237.052081
20
-180.950669
70
0
0
VERTEX
8
B.Silkscreen
10
237.076158
20
-180.937440
70
0
0
SEQEND
8
B.Silkscreen
0
POLYLINE
8
B.Silkscreen
62
7
70
0
10
0.000000
20
0.000000
66
1
0
VERTEX
8
B.Silkscreen
10
237.076158
20
-180.937440
70
0
0
VERTEX
8
B.Silkscreen
10
237.114522
20
-180.913627
70
0
0
SEQEND
8
B.Silkscreen
0
POLYLINE
8
B.Silkscreen
62
7
70
0
10
0.000000
20
0.000000
66
1
0
VERTEX
8
B.Silkscreen
10
237.114522
20
-180.913627
70
0
0
VERTEX
8
B.Silkscreen
10
237.174847
20
-180.858065
70
0
0
SEQEND
8
B.Silkscreen
0
POLYLINE
8
B.Silkscreen
62
7
70
0
10
0.000000
20
0.000000
66
1
0
VERTEX
8
B.Silkscreen
10
237.174847
20
-180.858065
70
0
0
VERTEX
8
B.Silkscreen
10
237.232262
20
-180.789273
70
0
0
SEQEND
8
B.Silkscreen
0
POLYLINE
8
B.Silkscreen
62
7
70
0
10
0.000000
20
0.000000
66
1
0
VERTEX
8
B.Silkscreen
10
237.232262
20
-180.789273
70
0
0
VERTEX
8
B.Silkscreen
10
237.278034
20
-180.717836
70
0
0
SEQEND
8
B.Silkscreen
0
POLYLINE
8
B.Silkscreen
62
7
70
0
10
0.000000
20
0.000000
66
1
0
VERTEX
8
B.Silkscreen
10
237.278034
20
-180.717836
70
0
0
VERTEX
8
B.Silkscreen
10
237.286766
20
-180.699315
70
0
0
SEQEND
8
B.Silkscreen
0
POLYLINE
8
B.Silkscreen
62
7
70
0
10
0.000000
20
0.000000
66
1
0
VERTEX
8
B.Silkscreen
10
237.286766
20
-180.699315
70
0
0
VERTEX
8
B.Silkscreen
10
237.295497
20
-180.680794
70
0
0
SEQEND
8
B.Silkscreen
0
POLYLINE
8
B.Silkscreen
62
7
70
0
10
0.000000
20
0.000000
66
1
0
VERTEX
8
B.Silkscreen
10
237.295497
20
-180.680794
70
0
0
VERTEX
8
B.Silkscreen
10
237.302111
20
-180.656982
70
0
0
SEQEND
8
B.Silkscreen
0
POLYLINE
8
B.Silkscreen
62
7
70
0
10
0.000000
20
0.000000
66
1
0
VERTEX
8
B.Silkscreen
10
237.302111
20
-180.656982
70
0
0
VERTEX
8
B.Silkscreen
10
237.307403
20
-180.627877
70
0
0
SEQEND
8
B.Silkscreen
0
POLYLINE
8
B.Silkscreen
62
7
70
0
10
0.000000
20
0.000000
66
1
0
VERTEX
8
B.Silkscreen
10
237.307403
20
-180.627877
70
0
0
VERTEX
8
B.Silkscreen
10
237.311372
20
-180.588190
70
0
0
SEQEND
8
B.Silkscreen
0
POLYLINE
8
B.Silkscreen
62
7
70
0
10
0.000000
20
0.000000
66
1
0
VERTEX
8
B.Silkscreen
10
237.311372
20
-180.588190
70
0
0
VERTEX
8
B.Silkscreen
10
237.314282
20
-180.532628
70
0
0
SEQEND
8
B.Silkscreen
0
POLYLINE
8
B.Silkscreen
62
7
70
0
10
0.000000
20
0.000000
66
1
0
VERTEX
8
B.Silkscreen
10
237.314282
20
-180.532628
70
0
0
VERTEX
8
B.Silkscreen
10
237.316399
20
-180.461190
70
0
0
SEQEND
8
B.Silkscreen
0
POLYLINE
8
B.Silkscreen
62
7
70
0
10
0.000000
20
0.000000
66
1
0
VERTEX
8
B.Silkscreen
10
237.316399
20
-180.461190
70
0
0
VERTEX
8
B.Silkscreen
10
237.318251
20
-180.368586
70
0
0
SEQEND
8
B.Silkscreen
0
POLYLINE
8
B.Silkscreen
62
7
70
0
10
0.000000
20
0.000000
66
1
0
VERTEX
8
B.Silkscreen
10
237.318251
20
-180.368586
70
0
0
VERTEX
8
B.Silkscreen
10
237.319574
20
-180.249524
70
0
0
SEQEND
8
B.Silkscreen
0
POLYLINE
8
B.Silkscreen
62
7
70
0
10
0.000000
20
0.000000
66
1
0
VERTEX
8
B.Silkscreen
10
237.319574
20
-180.249524
70
0
0
VERTEX
8
B.Silkscreen
10
237.320897
20
-180.104003
70
0
0
SEQEND
8
B.Silkscreen
0
POLYLINE
8
B.Silkscreen
62
7
70
0
10
0.000000
20
0.000000
66
1
0
VERTEX
8
B.Silkscreen
10
237.320897
20
-180.104003
70
0
0
VERTEX
8
B.Silkscreen
10
237.321691
20
-180.006107
70
0
0
SEQEND
8
B.Silkscreen
0
POLYLINE
8
B.Silkscreen
62
7
70
0
10
0.000000
20
0.000000
66
1
0
VERTEX
8
B.Silkscreen
10
237.321691
20
-180.006107
70
0
0
VERTEX
8
B.Silkscreen
10
237.322484
20
-179.860587
70
0
0
SEQEND
8
B.Silkscreen
0
POLYLINE
8
B.Silkscreen
62
7
70
0
10
0.000000
20
0.000000
66
1
0
VERTEX
8
B.Silkscreen
10
237.322484
20
-179.860587
70
0
0
VERTEX
8
B.Silkscreen
10
237.321691
20
-179.741524
70
0
0
SEQEND
8
B.Silkscreen
0
POLYLINE
8
B.Silkscreen
62
7
70
0
10
0.000000
20
0.000000
66
1
0
VERTEX
8
B.Silkscreen
10
237.321691
20
-179.741524
70
0
0
VERTEX
8
B.Silkscreen
10
237.319045
20
-179.646275
70
0
0
SEQEND
8
B.Silkscreen
0
POLYLINE
8
B.Silkscreen
62
7
70
0
10
0.000000
20
0.000000
66
1
0
VERTEX
8
B.Silkscreen
10
237.319045
20
-179.646275
70
0
0
VERTEX
8
B.Silkscreen
10
237.314282
20
-179.572191
70
0
0
SEQEND
8
B.Silkscreen
0
POLYLINE
8
B.Silkscreen
62
7
70
0
10
0.000000
20
0.000000
66
1
0
VERTEX
8
B.Silkscreen
10
237.314282
20
-179.572191
70
0
0
VERTEX
8
B.Silkscreen
10
237.306345
20
-179.516629
70
0
0
SEQEND
8
B.Silkscreen
0
POLYLINE
8
B.Silkscreen
62
7
70
0
10
0.000000
20
0.000000
66
1
0
VERTEX
8
B.Silkscreen
10
237.306345
20
-179.516629
70
0
0
VERTEX
8
B.Silkscreen
10
237.294968
20
-179.474296
70
0
0
SEQEND
8
B.Silkscreen
0
POLYLINE
8
B.Silkscreen
62
7
70
0
10
0.000000
20
0.000000
66
1
0
VERTEX
8
B.Silkscreen
10
237.294968
20
-179.474296
70
0
0
VERTEX
8
B.Silkscreen
10
237.279622
20
-179.445191
70
0
0
SEQEND
8
B.Silkscreen
0
POLYLINE
8
B.Silkscreen
62
7
70
0
10
0.000000
20
0.000000
66
1
0
VERTEX
8
B.Silkscreen
10
237.279622
20
-179.445191
70
0
0
VERTEX
8
B.Silkscreen
10
237.259778
20
-179.424025
70
0
0
SEQEND
8
B.Silkscreen
0
POLYLINE
8
B.Silkscreen
62
7
70
0
10
0.000000
20
0.000000
66
1
0
VERTEX
8
B.Silkscreen
10
237.259778
20
-179.424025
70
0
0
VERTEX
8
B.Silkscreen
10
237.235172
20
-179.405504
70
0
0
SEQEND
8
B.Silkscreen
0
POLYLINE
8
B.Silkscreen
62
7
70
0
10
0.000000
20
0.000000
66
1
0
VERTEX
8
B.Silkscreen
10
237.235172
20
-179.405504
70
0
0
VERTEX
8
B.Silkscreen
10
237.205009
20
-179.389629
70
0
0
SEQEND
8
B.Silkscreen
0
POLYLINE
8
B.Silkscreen
62
7
70
0
10
0.000000
20
0.000000
66
1
0
VERTEX
8
B.Silkscreen
10
237.205009
20
-179.389629
70
0
0
VERTEX
8
B.Silkscreen
10
237.193632
20
-179.386983
70
0
0
SEQEND
8
B.Silkscreen
0
POLYLINE
8
B.Silkscreen
62
7
70
0
10
0.000000
20
0.000000
66
1
0
VERTEX
8
B.Silkscreen
10
237.193632
20
-179.386983
70
0
0
VERTEX
8
B.Silkscreen
10
237.175641
20
-179.379046
70
0
0
SEQEND
8
B.Silkscreen
0
POLYLINE
8
B.Silkscreen
62
7
70
0
10
0.000000
20
0.000000
66
1
0
VERTEX
8
B.Silkscreen
10
237.175641
20
-179.379046
70
0
0
VERTEX
8
B.Silkscreen
10
237.153416
20
-179.376400
70
0
0
SEQEND
8
B.Silkscreen
0
POLYLINE
8
B.Silkscreen
62
7
70
0
10
0.000000
20
0.000000
66
1
0
VERTEX
8
B.Silkscreen
10
237.153416
20
-179.376400
70
0
0
VERTEX
8
B.Silkscreen
10
237.123518
20
-179.371108
70
0
0
SEQEND
8
B.Silkscreen
0
POLYLINE
8
B.Silkscreen
62
7
70
0
10
0.000000
20
0.000000
66
1
0
VERTEX
8
B.Silkscreen
10
237.123518
20
-179.371108
70
0
0
VERTEX
8
B.Silkscreen
10
237.083830
20
-179.368462
70
0
0
SEQEND
8
B.Silkscreen
0
POLYLINE
8
B.Silkscreen
62
7
70
0
10
0.000000
20
0.000000
66
1
0
VERTEX
8
B.Silkscreen
10
237.083830
20
-179.368462
70
0
0
VERTEX
8
B.Silkscreen
10
237.031178
20
-179.365817
70
0
0
SEQEND
8
B.Silkscreen
0
POLYLINE
8
B.Silkscreen
62
7
70
0
10
0.000000
20
0.000000
66
1
0
VERTEX
8
B.Silkscreen
10
237.031178
20
-179.365817
70
0
0
VERTEX
8
B.Silkscreen
10
236.962916
20
-179.363171
70
0
0
SEQEND
8
B.Silkscreen
0
POLYLINE
8
B.Silkscreen
62
7
70
0
10
0.000000
20
0.000000
66
1
0
VERTEX
8
B.Silkscreen
10
236.962916
20
-179.363171
70
0
0
VERTEX
8
B.Silkscreen
10
236.876133
20
-179.363171
70
0
0
SEQEND
8
B.Silkscreen
0
POLYLINE
8
B.Silkscreen
62
7
70
0
10
0.000000
20
0.000000
66
1
0
VERTEX
8
B.Silkscreen
10
236.876133
20
-179.363171
70
0
0
VERTEX
8
B.Silkscreen
10
236.768183
20
-179.360525
70
0
0
SEQEND
8
B.Silkscreen
0
POLYLINE
8
B.Silkscreen
62
7
70
0
10
0.000000
20
0.000000
66
1
0
VERTEX
8
B.Silkscreen
10
236.768183
20
-179.360525
70
0
0
VERTEX
8
B.Silkscreen
10
236.636156
20
-179.360525
70
0
0
SEQEND
8
B.Silkscreen
0
POLYLINE
8
B.Silkscreen
62
7
70
0
10
0.000000
20
0.000000
66
1
0
VERTEX
8
B.Silkscreen
10
236.636156
20
-179.360525
70
0
0
VERTEX
8
B.Silkscreen
10
236.477671
20
-179.360525
70
0
0
SEQEND
8
B.Silkscreen
0
POLYLINE
8
B.Silkscreen
62
7
70
0
10
0.000000
20
0.000000
66
1
0
VERTEX
8
B.Silkscreen
10
236.477671
20
-179.360525
70
0
0
VERTEX
8
B.Silkscreen
10
236.289288
20
-179.360525
70
0
0
SEQEND
8
B.Silkscreen
0
POLYLINE
8
B.Silkscreen
62
7
70
0
10
0.000000
20
0.000000
66
1
0
VERTEX
8
B.Silkscreen
10
236.289288
20
-179.360525
70
0
0
VERTEX
8
B.Silkscreen
10
236.143238
20
-179.360525
70
0
0
SEQEND
8
B.Silkscreen
0
POLYLINE
8
B.Silkscreen
62
7
70
0
10
0.000000
20
0.000000
66
1
0
VERTEX
8
B.Silkscreen
10
236.143238
20
-179.360525
70
0
0
VERTEX
8
B.Silkscreen
10
235.965703
20
-179.360525
70
0
0
SEQEND
8
B.Silkscreen
0
POLYLINE
8
B.Silkscreen
62
7
70
0
10
0.000000
20
0.000000
66
1
0
VERTEX
8
B.Silkscreen
10
235.965703
20
-179.360525
70
0
0
VERTEX
8
B.Silkscreen
10
235.804572
20
-179.363171
70
0
0
SEQEND
8
B.Silkscreen
0
POLYLINE
8
B.Silkscreen
62
7
70
0
10
0.000000
20
0.000000
66
1
0
VERTEX
8
B.Silkscreen
10
235.804572
20
-179.363171
70
0
0
VERTEX
8
B.Silkscreen
10
235.662491
20
-179.365817
70
0
0
SEQEND
8
B.Silkscreen
0
POLYLINE
8
B.Silkscreen
62
7
70
0
10
0.000000
20
0.000000
66
1
0
VERTEX
8
B.Silkscreen
10
235.662491
20
-179.365817
70
0
0
VERTEX
8
B.Silkscreen
10
235.542105
20
-179.365817
70
0
0
SEQEND
8
B.Silkscreen
0
POLYLINE
8
B.Silkscreen
62
7
70
0
10
0.000000
20
0.000000
66
1
0
VERTEX
8
B.Silkscreen
10
235.542105
20
-179.365817
70
0
0
VERTEX
8
B.Silkscreen
10
235.446326
20
-179.371108
70
0
0
SEQEND
8
B.Silkscreen
0
POLYLINE
8
B.Silkscreen
62
7
70
0
10
0.000000
20
0.000000
66
1
0
VERTEX
8
B.Silkscreen
10
235.446326
20
-179.371108
70
0
0
VERTEX
8
B.Silkscreen
10
235.377270
20
-179.373754
70
0
0
SEQEND
8
B.Silkscreen
0
POLYLINE
8
B.Silkscreen
62
7
70
0
10
0.000000
20
0.000000
66
1
0
VERTEX
8
B.Silkscreen
10
235.377270
20
-179.373754
70
0
0
VERTEX
8
B.Silkscreen
10
235.338112
20
-179.376400
70
0
0
SEQEND
8
B.Silkscreen
0
POLYLINE
8
B.Silkscreen
62
7
70
0
10
0.000000
20
0.000000
66
1
0
VERTEX
8
B.Silkscreen
10
235.338112
20
-179.376400
70
0
0
VERTEX
8
B.Silkscreen
10
235.266145
20
-179.392275
70
0
0
SEQEND
8
B.Silkscreen
0
POLYLINE
8
B.Silkscreen
62
7
70
0
10
0.000000
20
0.000000
66
1
0
VERTEX
8
B.Silkscreen
10
235.266145
20
-179.392275
70
0
0
VERTEX
8
B.Silkscreen
10
235.113481
20
-179.442546
70
0
0
SEQEND
8
B.Silkscreen
0
POLYLINE
8
B.Silkscreen
62
7
70
0
10
0.000000
20
0.000000
66
1
0
VERTEX
8
B.Silkscreen
10
235.113481
20
-179.442546
70
0
0
VERTEX
8
B.Silkscreen
10
234.976162
20
-179.516629
70
0
0
SEQEND
8
B.Silkscreen
0
POLYLINE
8
B.Silkscreen
62
7
70
0
10
0.000000
20
0.000000
66
1
0
VERTEX
8
B.Silkscreen
10
234.976162
20
-179.516629
70
0
0
VERTEX
8
B.Silkscreen
10
234.856306
20
-179.614525
70
0
0
SEQEND
8
B.Silkscreen
0
POLYLINE
8
B.Silkscreen
62
7
70
0
10
0.000000
20
0.000000
66
1
0
VERTEX
8
B.Silkscreen
10
234.856306
20
-179.614525
70
0
0
VERTEX
8
B.Silkscreen
10
234.756558
20
-179.725649
70
0
0
SEQEND
8
B.Silkscreen
0
POLYLINE
8
B.Silkscreen
62
7
70
0
10
0.000000
20
0.000000
66
1
0
VERTEX
8
B.Silkscreen
10
234.756558
20
-179.725649
70
0
0
VERTEX
8
B.Silkscreen
10
234.679300
20
-179.852649
70
0
0
SEQEND
8
B.Silkscreen
0
POLYLINE
8
B.Silkscreen
62
7
70
0
10
0.000000
20
0.000000
66
1
0
VERTEX
8
B.Silkscreen
10
234.679300
20
-179.852649
70
0
0
VERTEX
8
B.Silkscreen
10
234.626913
20
-179.990232
70
0
0
SEQEND
8
B.Silkscreen
0
POLYLINE
8
B.Silkscreen
62
7
70
0
10
0.000000
20
0.000000
66
1
0
VERTEX
8
B.Silkscreen
10
234.626913
20
-179.990232
70
0
0
VERTEX
8
B.Silkscreen
10
234.602042
20
-180.138399
70
0
0
SEQEND
8
B.Silkscreen
0
POLYLINE
8
B.Silkscreen
62
7
70
0
10
0.000000
20
0.000000
66
1
0
VERTEX
8
B.Silkscreen
10
232.880930
20
-180.138399
70
0
0
VERTEX
8
B.Silkscreen
10
232.880930
20
-180.127816
70
0
0
SEQEND
8
B.Silkscreen
0
POLYLINE
8
B.Silkscreen
62
7
70
0
10
0.000000
20
0.000000
66
1
0
VERTEX
8
B.Silkscreen
10
232.880930
20
-180.127816
70
0
0
VERTEX
8
B.Silkscreen
10
232.888073
20
-180.000816
70
0
0
SEQEND
8
B.Silkscreen
0
POLYLINE
8
B.Silkscreen
62
7
70
0
10
0.000000
20
0.000000
66
1
0
VERTEX
8
B.Silkscreen
10
232.888073
20
-180.000816
70
0
0
VERTEX
8
B.Silkscreen
10
232.903154
20
-179.887045
70
0
0
SEQEND
8
B.Silkscreen
0
POLYLINE
8
B.Silkscreen
62
7
70
0
10
0.000000
20
0.000000
66
1
0
VERTEX
8
B.Silkscreen
10
232.903154
20
-179.887045
70
0
0
VERTEX
8
B.Silkscreen
10
232.926702
20
-179.778566
70
0
0
SEQEND
8
B.Silkscreen
0
POLYLINE
8
B.Silkscreen
62
7
70
0
10
0.000000
20
0.000000
66
1
0
VERTEX
8
B.Silkscreen
10
232.926702
20
-179.778566
70
0
0
VERTEX
8
B.Silkscreen
10
232.960040
20
-179.664795
70
0
0
SEQEND
8
B.Silkscreen
0
POLYLINE
8
B.Silkscreen
62
7
70
0
10
0.000000
20
0.000000
66
1
0
VERTEX
8
B.Silkscreen
10
232.960040
20
-179.664795
70
0
0
VERTEX
8
B.Silkscreen
10
232.967448
20
-179.643629
70
0
0
SEQEND
8
B.Silkscreen
0
POLYLINE
8
B.Silkscreen
62
7
70
0
10
0.000000
20
0.000000
66
1
0
VERTEX
8
B.Silkscreen
10
232.967448
20
-179.643629
70
0
0
VERTEX
8
B.Silkscreen
10
233.055290
20
-179.437254
70
0
0
SEQEND
8
B.Silkscreen
0
POLYLINE
8
B.Silkscreen
62
7
70
0
10
0.000000
20
0.000000
66
1
0
VERTEX
8
B.Silkscreen
10
233.055290
20
-179.437254
70
0
0
VERTEX
8
B.Silkscreen
10
233.171706
20
-179.244108
70
0
0
SEQEND
8
B.Silkscreen
0
POLYLINE
8
B.Silkscreen
62
7
70
0
10
0.000000
20
0.000000
66
1
0
VERTEX
8
B.Silkscreen
10
233.171706
20
-179.244108
70
0
0
VERTEX
8
B.Silkscreen
10
233.315110
20
-179.064192
70
0
0
SEQEND
8
B.Silkscreen
0
POLYLINE
8
B.Silkscreen
62
7
70
0
10
0.000000
20
0.000000
66
1
0
VERTEX
8
B.Silkscreen
10
233.315110
20
-179.064192
70
0
0
VERTEX
8
B.Silkscreen
10
233.484179
20
-178.902796
70
0
0
SEQEND
8
B.Silkscreen
0
POLYLINE
8
B.Silkscreen
62
7
70
0
10
0.000000
20
0.000000
66
1
0
VERTEX
8
B.Silkscreen
10
233.484179
20
-178.902796
70
0
0
VERTEX
8
B.Silkscreen
10
233.677060
20
-178.757276
70
0
0
SEQEND
8
B.Silkscreen
0
POLYLINE
8
B.Silkscreen
62
7
70
0
10
0.000000
20
0.000000
66
1
0
VERTEX
8
B.Silkscreen
10
233.677060
20
-178.757276
70
0
0
VERTEX
8
B.Silkscreen
10
233.892430
20
-178.635567
70
0
0
SEQEND
8
B.Silkscreen
0
POLYLINE
8
B.Silkscreen
62
7
70
0
10
0.000000
20
0.000000
66
1
0
VERTEX
8
B.Silkscreen
10
233.892430
20
-178.635567
70
0
0
VERTEX
8
B.Silkscreen
10
233.923651
20
-178.617047
70
0
0
SEQEND
8
B.Silkscreen
0
POLYLINE
8
B.Silkscreen
62
7
70
0
10
0.000000
20
0.000000
66
1
0
VERTEX
8
B.Silkscreen
10
233.923651
20
-178.617047
70
0
0
VERTEX
8
B.Silkscreen
10
233.975774
20
-178.590588
70
0
0
SEQEND
8
B.Silkscreen
0
POLYLINE
8
B.Silkscreen
62
7
70
0
10
0.000000
20
0.000000
66
1
0
VERTEX
8
B.Silkscreen
10
233.975774
20
-178.590588
70
0
0
VERTEX
8
B.Silkscreen
10
234.011493
20
-178.566776
70
0
0
SEQEND
8
B.Silkscreen
0
POLYLINE
8
B.Silkscreen
62
7
70
0
10
0.000000
20
0.000000
66
1
0
VERTEX
8
B.Silkscreen
10
234.011493
20
-178.566776
70
0
0
VERTEX
8
B.Silkscreen
10
234.024457
20
-178.556193
70
0
0
SEQEND
8
B.Silkscreen
0
POLYLINE
8
B.Silkscreen
62
7
70
0
10
0.000000
20
0.000000
66
1
0
VERTEX
8
B.Silkscreen
10
234.024457
20
-178.556193
70
0
0
VERTEX
8
B.Silkscreen
10
234.024457
20
-178.556193
70
0
0
SEQEND
8
B.Silkscreen
0
POLYLINE
8
B.Silkscreen
62
7
70
0
10
0.000000
20
0.000000
66
1
0
VERTEX
8
B.Silkscreen
10
234.024457
20
-178.556193
70
0
0
VERTEX
8
B.Silkscreen
10
234.012286
20
-178.540318
70
0
0
SEQEND
8
B.Silkscreen
0
POLYLINE
8
B.Silkscreen
62
7
70
0
10
0.000000
20
0.000000
66
1
0
VERTEX
8
B.Silkscreen
10
234.012286
20
-178.540318
70
0
0
VERTEX
8
B.Silkscreen
10
233.980536
20
-178.508568
70
0
0
SEQEND
8
B.Silkscreen
0
POLYLINE
8
B.Silkscreen
62
7
70
0
10
0.000000
20
0.000000
66
1
0
VERTEX
8
B.Silkscreen
10
233.980536
20
-178.508568
70
0
0
VERTEX
8
B.Silkscreen
10
233.933970
20
-178.466234
70
0
0
SEQEND
8
B.Silkscreen
0
POLYLINE
8
B.Silkscreen
62
7
70
0
10
0.000000
20
0.000000
66
1
0
VERTEX
8
B.Silkscreen
10
233.933970
20
-178.466234
70
0
0
VERTEX
8
B.Silkscreen
10
233.877349
20
-178.413318
70
0
0
SEQEND
8
B.Silkscreen
0
POLYLINE
8
B.Silkscreen
62
7
70
0
10
0.000000
20
0.000000
66
1
0
VERTEX
8
B.Silkscreen
10
233.877349
20
-178.413318
70
0
0
VERTEX
8
B.Silkscreen
10
233.873116
20
-178.410672
70
0
0
SEQEND
8
B.Silkscreen
0
POLYLINE
8
B.Silkscreen
62
7
70
0
10
0.000000
20
0.000000
66
1
0
VERTEX
8
B.Silkscreen
10
233.873116
20
-178.410672
70
0
0
VERTEX
8
B.Silkscreen
10
233.708545
20
-178.246630
70
0
0
SEQEND
8
B.Silkscreen
0
POLYLINE
8
B.Silkscreen
62
7
70
0
10
0.000000
20
0.000000
66
1
0
VERTEX
8
B.Silkscreen
10
233.708545
20
-178.246630
70
0
0
VERTEX
8
B.Silkscreen
10
233.572814
20
-178.069360
70
0
0
SEQEND
8
B.Silkscreen
0
POLYLINE
8
B.Silkscreen
62
7
70
0
10
0.000000
20
0.000000
66
1
0
VERTEX
8
B.Silkscreen
10
233.572814
20
-178.069360
70
0
0
VERTEX
8
B.Silkscreen
10
233.464070
20
-177.876214
70
0
0
SEQEND
8
B.Silkscreen
0
POLYLINE
8
B.Silkscreen
62
7
70
0
10
0.000000
20
0.000000
66
1
0
VERTEX
8
B.Silkscreen
10
233.464070
20
-177.876214
70
0
0
VERTEX
8
B.Silkscreen
10
233.380462
20
-177.664548
70
0
0
SEQEND
8
B.Silkscreen
0
POLYLINE
8
B.Silkscreen
62
7
70
0
10
0.000000
20
0.000000
66
1
0
VERTEX
8
B.Silkscreen
10
233.380462
20
-177.664548
70
0
0
VERTEX
8
B.Silkscreen
10
233.363264
20
-177.608985
70
0
0
SEQEND
8
B.Silkscreen
0
POLYLINE
8
B.Silkscreen
62
7
70
0
10
0.000000
20
0.000000
66
1
0
VERTEX
8
B.Silkscreen
10
233.363264
20
-177.608985
70
0
0
VERTEX
8
B.Silkscreen
10
233.343156
20
-177.540194
70
0
0
SEQEND
8
B.Silkscreen
0
POLYLINE
8
B.Silkscreen
62
7
70
0
10
0.000000
20
0.000000
66
1
0
VERTEX
8
B.Silkscreen
10
233.343156
20
-177.540194
70
0
0
VERTEX
8
B.Silkscreen
10
233.328604
20
-177.479340
70
0
0
SEQEND
8
B.Silkscreen
0
POLYLINE
8
B.Silkscreen
62
7
70
0
10
0.000000
20
0.000000
66
1
0
VERTEX
8
B.Silkscreen
10
233.328604
20
-177.479340
70
0
0
VERTEX
8
B.Silkscreen
10
233.317756
20
-177.413194
70
0
0
SEQEND
8
B.Silkscreen
0
POLYLINE
8
B.Silkscreen
62
7
70
0
10
0.000000
20
0.000000
66
1
0
VERTEX
8
B.Silkscreen
10
233.317756
20
-177.413194
70
0
0
VERTEX
8
B.Silkscreen
10
233.308496
20
-177.333819
70
0
0
SEQEND
8
B.Silkscreen
0
POLYLINE
8
B.Silkscreen
62
7
70
0
10
0.000000
20
0.000000
66
1
0
VERTEX
8
B.Silkscreen
10
233.308496
20
-177.333819
70
0
0
VERTEX
8
B.Silkscreen
10
233.302939
20
-177.270319
70
0
0
SEQEND
8
B.Silkscreen
0
POLYLINE
8
B.Silkscreen
62
7
70
0
10
0.000000
20
0.000000
66
1
0
VERTEX
8
B.Silkscreen
10
234.956054
20
-177.270319
70
0
0
VERTEX
8
B.Silkscreen
10
234.959758
20
-177.384090
70
0
0
SEQEND
8
B.Silkscreen
0
POLYLINE
8
B.Silkscreen
62
7
70
0
10
0.000000
20
0.000000
66
1
0
VERTEX
8
B.Silkscreen
10
234.959758
20
-177.384090
70
0
0
VERTEX
8
B.Silkscreen
10
234.971400
20
-177.474048
70
0
0
SEQEND
8
B.Silkscreen
0
POLYLINE
8
B.Silkscreen
62
7
70
0
10
0.000000
20
0.000000
66
1
0
VERTEX
8
B.Silkscreen
10
234.971400
20
-177.474048
70
0
0
VERTEX
8
B.Silkscreen
10
234.993360
20
-177.553423
70
0
0
SEQEND
8
B.Silkscreen
0
POLYLINE
8
B.Silkscreen
62
7
70
0
10
0.000000
20
0.000000
66
1
0
VERTEX
8
B.Silkscreen
10
234.993360
20
-177.553423
70
0
0
VERTEX
8
B.Silkscreen
10
235.028550
20
-177.627506
70
0
0
SEQEND
8
B.Silkscreen
0
POLYLINE
8
B.Silkscreen
62
7
70
0
10
0.000000
20
0.000000
66
1
0
VERTEX
8
B.Silkscreen
10
235.028550
20
-177.627506
70
0
0
VERTEX
8
B.Silkscreen
10
235.079085
20
-177.709527
70
0
0
SEQEND
8
B.Silkscreen
0
POLYLINE
8
B.Silkscreen
62
7
70
0
10
0.000000
20
0.000000
66
1
0
VERTEX
8
B.Silkscreen
10
235.079085
20
-177.709527
70
0
0
VERTEX
8
B.Silkscreen
10
235.101839
20
-177.741277
70
0
0
SEQEND
8
B.Silkscreen
0
POLYLINE
8
B.Silkscreen
62
7
70
0
10
0.000000
20
0.000000
66
1
0
VERTEX
8
B.Silkscreen
10
235.101839
20
-177.741277
70
0
0
VERTEX
8
B.Silkscreen
10
235.176187
20
-177.818006
70
0
0
SEQEND
8
B.Silkscreen
0
POLYLINE
8
B.Silkscreen
62
7
70
0
10
0.000000
20
0.000000
66
1
0
VERTEX
8
B.Silkscreen
10
235.176187
20
-177.818006
70
0
0
VERTEX
8
B.Silkscreen
10
235.268791
20
-177.892089
70
0
0
SEQEND
8
B.Silkscreen
0
POLYLINE
8
B.Silkscreen
62
7
70
0
10
0.000000
20
0.000000
66
1
0
VERTEX
8
B.Silkscreen
10
235.268791
20
-177.892089
70
0
0
VERTEX
8
B.Silkscreen
10
235.369597
20
-177.952943
70
0
0
SEQEND
8
B.Silkscreen
0
POLYLINE
8
B.Silkscreen
62
7
70
0
10
0.000000
20
0.000000
66
1
0
VERTEX
8
B.Silkscreen
10
235.369597
20
-177.952943
70
0
0
VERTEX
8
B.Silkscreen
10
235.469610
20
-177.997922
70
0
0
SEQEND
8
B.Silkscreen
0
POLYLINE
8
B.Silkscreen
62
7
70
0
10
0.000000
20
0.000000
66
1
0
VERTEX
8
B.Silkscreen
10
235.469610
20
-177.997922
70
0
0
VERTEX
8
B.Silkscreen
10
235.481780
20
-178.000568
70
0
0
SEQEND
8
B.Silkscreen
0
POLYLINE
8
B.Silkscreen
62
7
70
0
10
0.000000
20
0.000000
66
1
0
VERTEX
8
B.Silkscreen
10
235.481780
20
-178.000568
70
0
0
VERTEX
8
B.Silkscreen
10
235.506122
20
-178.005860
70
0
0
SEQEND
8
B.Silkscreen
0
POLYLINE
8
B.Silkscreen
62
7
70
0
10
0.000000
20
0.000000
66
1
0
VERTEX
8
B.Silkscreen
10
235.506122
20
-178.005860
70
0
0
VERTEX
8
B.Silkscreen
10
235.536020
20
-178.011152
70
0
0
SEQEND
8
B.Silkscreen
0
POLYLINE
8
B.Silkscreen
62
7
70
0
10
0.000000
20
0.000000
66
1
0
VERTEX
8
B.Silkscreen
10
235.536020
20
-178.011152
70
0
0
VERTEX
8
B.Silkscreen
10
235.574649
20
-178.016443
70
0
0
SEQEND
8
B.Silkscreen
0
POLYLINE
8
B.Silkscreen
62
7
70
0
10
0.000000
20
0.000000
66
1
0
VERTEX
8
B.Silkscreen
10
235.574649
20
-178.016443
70
0
0
VERTEX
8
B.Silkscreen
10
235.625184
20
-178.019089
70
0
0
SEQEND
8
B.Silkscreen
0
POLYLINE
8
B.Silkscreen
62
7
70
0
10
0.000000
20
0.000000
66
1
0
VERTEX
8
B.Silkscreen
10
235.625184
20
-178.019089
70
0
0
VERTEX
8
B.Silkscreen
10
235.690272
20
-178.021735
70
0
0
SEQEND
8
B.Silkscreen
0
POLYLINE
8
B.Silkscreen
62
7
70
0
10
0.000000
20
0.000000
66
1
0
VERTEX
8
B.Silkscreen
10
235.690272
20
-178.021735
70
0
0
VERTEX
8
B.Silkscreen
10
235.772822
20
-178.024381
70
0
0
SEQEND
8
B.Silkscreen
0
POLYLINE
8
B.Silkscreen
62
7
70
0
10
0.000000
20
0.000000
66
1
0
VERTEX
8
B.Silkscreen
10
235.772822
20
-178.024381
70
0
0
VERTEX
8
B.Silkscreen
10
235.875745
20
-178.024381
70
0
0
SEQEND
8
B.Silkscreen
0
POLYLINE
8
B.Silkscreen
62
7
70
0
10
0.000000
20
0.000000
66
1
0
VERTEX
8
B.Silkscreen
10
235.875745
20
-178.024381
70
0
0
VERTEX
8
B.Silkscreen
10
236.002480
20
-178.027027
70
0
0
SEQEND
8
B.Silkscreen
0
POLYLINE
8
B.Silkscreen
62
7
70
0
10
0.000000
20
0.000000
66
1
0
VERTEX
8
B.Silkscreen
10
236.002480
20
-178.027027
70
0
0
VERTEX
8
B.Silkscreen
10
236.155409
20
-178.027027
70
0
0
SEQEND
8
B.Silkscreen
0
POLYLINE
8
B.Silkscreen
62
7
70
0
10
0.000000
20
0.000000
66
1
0
VERTEX
8
B.Silkscreen
10
236.155409
20
-178.027027
70
0
0
VERTEX
8
B.Silkscreen
10
236.337706
20
-178.029672
70
0
0
SEQEND
8
B.Silkscreen
0
POLYLINE
8
B.Silkscreen
62
7
70
0
10
0.000000
20
0.000000
66
1
0
VERTEX
8
B.Silkscreen
10
236.337706
20
-178.029672
70
0
0
VERTEX
8
B.Silkscreen
10
236.345115
20
-178.029672
70
0
0
SEQEND
8
B.Silkscreen
0
POLYLINE
8
B.Silkscreen
62
7
70
0
10
0.000000
20
0.000000
66
1
0
VERTEX
8
B.Silkscreen
10
236.345115
20
-178.029672
70
0
0
VERTEX
8
B.Silkscreen
10
236.502277
20
-178.029672
70
0
0
SEQEND
8
B.Silkscreen
0
POLYLINE
8
B.Silkscreen
62
7
70
0
10
0.000000
20
0.000000
66
1
0
VERTEX
8
B.Silkscreen
10
236.502277
20
-178.029672
70
0
0
VERTEX
8
B.Silkscreen
10
236.650179
20
-178.029672
70
0
0
SEQEND
8
B.Silkscreen
0
POLYLINE
8
B.Silkscreen
62
7
70
0
10
0.000000
20
0.000000
66
1
0
VERTEX
8
B.Silkscreen
10
236.650179
20
-178.029672
70
0
0
VERTEX
8
B.Silkscreen
10
236.786175
20
-178.027027
70
0
0
SEQEND
8
B.Silkscreen
0
POLYLINE
8
B.Silkscreen
62
7
70
0
10
0.000000
20
0.000000
66
1
0
VERTEX
8
B.Silkscreen
10
236.786175
20
-178.027027
70
0
0
VERTEX
8
B.Silkscreen
10
236.906031
20
-178.027027
70
0
0
SEQEND
8
B.Silkscreen
0
POLYLINE
8
B.Silkscreen
62
7
70
0
10
0.000000
20
0.000000
66
1
0
VERTEX
8
B.Silkscreen
10
236.906031
20
-178.027027
70
0
0
VERTEX
8
B.Silkscreen
10
237.007101
20
-178.027027
70
0
0
SEQEND
8
B.Silkscreen
0
POLYLINE
8
B.Silkscreen
62
7
70
0
10
0.000000
20
0.000000
66
1
0
VERTEX
8
B.Silkscreen
10
237.007101
20
-178.027027
70
0
0
VERTEX
8
B.Silkscreen
10
237.085947
20
-178.024381
70
0
0
SEQEND
8
B.Silkscreen
0
POLYLINE
8
B.Silkscreen
62
7
70
0
10
0.000000
20
0.000000
66
1
0
VERTEX
8
B.Silkscreen
10
237.085947
20
-178.024381
70
0
0
VERTEX
8
B.Silkscreen
10
237.138864
20
-178.021735
70
0
0
SEQEND
8
B.Silkscreen
0
POLYLINE
8
B.Silkscreen
62
7
70
0
10
0.000000
20
0.000000
66
1
0
VERTEX
8
B.Silkscreen
10
237.138864
20
-178.021735
70
0
0
VERTEX
8
B.Silkscreen
10
237.162941
20
-178.019089
70
0
0
SEQEND
8
B.Silkscreen
0
POLYLINE
8
B.Silkscreen
62
7
70
0
10
0.000000
20
0.000000
66
1
0
VERTEX
8
B.Silkscreen
10
237.162941
20
-178.019089
70
0
0
VERTEX
8
B.Silkscreen
10
237.170878
20
-178.016443
70
0
0
SEQEND
8
B.Silkscreen
0
POLYLINE
8
B.Silkscreen
62
7
70
0
10
0.000000
20
0.000000
66
1
0
VERTEX
8
B.Silkscreen
10
237.170878
20
-178.016443
70
0
0
VERTEX
8
B.Silkscreen
10
237.211359
20
-178.003214
70
0
0
SEQEND
8
B.Silkscreen
0
POLYLINE
8
B.Silkscreen
62
7
70
0
10
0.000000
20
0.000000
66
1
0
VERTEX
8
B.Silkscreen
10
237.211359
20
-178.003214
70
0
0
VERTEX
8
B.Silkscreen
10
237.244168
20
-177.984693
70
0
0
SEQEND
8
B.Silkscreen
0
POLYLINE
8
B.Silkscreen
62
7
70
0
10
0.000000
20
0.000000
66
1
0
VERTEX
8
B.Silkscreen
10
237.244168
20
-177.984693
70
0
0
VERTEX
8
B.Silkscreen
10
237.270097
20
-177.960881
70
0
0
SEQEND
8
B.Silkscreen
0
POLYLINE
8
B.Silkscreen
62
7
70
0
10
0.000000
20
0.000000
66
1
0
VERTEX
8
B.Silkscreen
10
237.270097
20
-177.960881
70
0
0
VERTEX
8
B.Silkscreen
10
237.289941
20
-177.926485
70
0
0
SEQEND
8
B.Silkscreen
0
POLYLINE
8
B.Silkscreen
62
7
70
0
10
0.000000
20
0.000000
66
1
0
VERTEX
8
B.Silkscreen
10
237.289941
20
-177.926485
70
0
0
VERTEX
8
B.Silkscreen
10
237.304228
20
-177.881506
70
0
0
SEQEND
8
B.Silkscreen
0
POLYLINE
8
B.Silkscreen
62
7
70
0
10
0.000000
20
0.000000
66
1
0
VERTEX
8
B.Silkscreen
10
237.304228
20
-177.881506
70
0
0
VERTEX
8
B.Silkscreen
10
237.313753
20
-177.818006
70
0
0
SEQEND
8
B.Silkscreen
0
POLYLINE
8
B.Silkscreen
62
7
70
0
10
0.000000
20
0.000000
66
1
0
VERTEX
8
B.Silkscreen
10
237.313753
20
-177.818006
70
0
0
VERTEX
8
B.Silkscreen
10
237.319574
20
-177.738631
70
0
0
SEQEND
8
B.Silkscreen
0
POLYLINE
8
B.Silkscreen
62
7
70
0
10
0.000000
20
0.000000
66
1
0
VERTEX
8
B.Silkscreen
10
237.319574
20
-177.738631
70
0
0
VERTEX
8
B.Silkscreen
10
237.322220
20
-177.632798
70
0
0
SEQEND
8
B.Silkscreen
0
POLYLINE
8
B.Silkscreen
62
7
70
0
10
0.000000
20
0.000000
66
1
0
VERTEX
8
B.Silkscreen
10
237.322220
20
-177.632798
70
0
0
VERTEX
8
B.Silkscreen
10
237.322484
20
-177.503152
70
0
0
SEQEND
8
B.Silkscreen
0
POLYLINE
8
B.Silkscreen
62
7
70
0
10
0.000000
20
0.000000
66
1
0
VERTEX
8
B.Silkscreen
10
237.322484
20
-177.503152
70
0
0
VERTEX
8
B.Silkscreen
10
237.321161
20
-177.344402
70
0
0
SEQEND
8
B.Silkscreen
0
POLYLINE
8
B.Silkscreen
62
7
70
0
10
0.000000
20
0.000000
66
1
0
VERTEX
8
B.Silkscreen
10
237.321161
20
-177.344402
70
0
0
VERTEX
8
B.Silkscreen
10
237.320897
20
-177.323236
70
0
0
SEQEND
8
B.Silkscreen
0
POLYLINE
8
B.Silkscreen
62
7
70
0
10
0.000000
20
0.000000
66
1
0
VERTEX
8
B.Silkscreen
10
237.320897
20
-177.323236
70
0
0
VERTEX
8
B.Silkscreen
10
237.319309
20
-177.188298
70
0
0
SEQEND
8
B.Silkscreen
0
POLYLINE
8
B.Silkscreen
62
7
70
0
10
0.000000
20
0.000000
66
1
0
VERTEX
8
B.Silkscreen
10
237.319309
20
-177.188298
70
0
0
VERTEX
8
B.Silkscreen
10
237.317722
20
-177.082465
70
0
0
SEQEND
8
B.Silkscreen
0
POLYLINE
8
B.Silkscreen
62
7
70
0
10
0.000000
20
0.000000
66
1
0
VERTEX
8
B.Silkscreen
10
237.317722
20
-177.082465
70
0
0
VERTEX
8
B.Silkscreen
10
237.315605
20
-177.000445
70
0
0
SEQEND
8
B.Silkscreen
0
POLYLINE
8
B.Silkscreen
62
7
70
0
10
0.000000
20
0.000000
66
1
0
VERTEX
8
B.Silkscreen
10
237.315605
20
-177.000445
70
0
0
VERTEX
8
B.Silkscreen
10
237.312959
20
-176.939590
70
0
0
SEQEND
8
B.Silkscreen
0
POLYLINE
8
B.Silkscreen
62
7
70
0
10
0.000000
20
0.000000
66
1
0
VERTEX
8
B.Silkscreen
10
237.312959
20
-176.939590
70
0
0
VERTEX
8
B.Silkscreen
10
237.309255
20
-176.891965
70
0
0
SEQEND
8
B.Silkscreen
0
POLYLINE
8
B.Silkscreen
62
7
70
0
10
0.000000
20
0.000000
66
1
0
VERTEX
8
B.Silkscreen
10
237.309255
20
-176.891965
70
0
0
VERTEX
8
B.Silkscreen
10
237.304228
20
-176.857570
70
0
0
SEQEND
8
B.Silkscreen
0
POLYLINE
8
B.Silkscreen
62
7
70
0
10
0.000000
20
0.000000
66
1
0
VERTEX
8
B.Silkscreen
10
237.304228
20
-176.857570
70
0
0
VERTEX
8
B.Silkscreen
10
237.297614
20
-176.831111
70
0
0
SEQEND
8
B.Silkscreen
0
POLYLINE
8
B.Silkscreen
62
7
70
0
10
0.000000
20
0.000000
66
1
0
VERTEX
8
B.Silkscreen
10
237.297614
20
-176.831111
70
0
0
VERTEX
8
B.Silkscreen
10
237.289147
20
-176.807299
70
0
0
SEQEND
8
B.Silkscreen
0
POLYLINE
8
B.Silkscreen
62
7
70
0
10
0.000000
20
0.000000
66
1
0
VERTEX
8
B.Silkscreen
10
237.289147
20
-176.807299
70
0
0
VERTEX
8
B.Silkscreen
10
237.278299
20
-176.786132
70
0
0
SEQEND
8
B.Silkscreen
0
POLYLINE
8
B.Silkscreen
62
7
70
0
10
0.000000
20
0.000000
66
1
0
VERTEX
8
B.Silkscreen
10
237.278299
20
-176.786132
70
0
0
VERTEX
8
B.Silkscreen
10
237.240199
20
-176.725278
70
0
0
SEQEND
8
B.Silkscreen
0
POLYLINE
8
B.Silkscreen
62
7
70
0
10
0.000000
20
0.000000
66
1
0
VERTEX
8
B.Silkscreen
10
237.240199
20
-176.725278
70
0
0
VERTEX
8
B.Silkscreen
10
237.177757
20
-176.656487
70
0
0
SEQEND
8
B.Silkscreen
0
POLYLINE
8
B.Silkscreen
62
7
70
0
10
0.000000
20
0.000000
66
1
0
VERTEX
8
B.Silkscreen
10
237.177757
20
-176.656487
70
0
0
VERTEX
8
B.Silkscreen
10
237.106585
20
-176.598278
70
0
0
SEQEND
8
B.Silkscreen
0
POLYLINE
8
B.Silkscreen
62
7
70
0
10
0.000000
20
0.000000
66
1
0
VERTEX
8
B.Silkscreen
10
237.106585
20
-176.598278
70
0
0
VERTEX
8
B.Silkscreen
10
237.036206
20
-176.566528
70
0
0
SEQEND
8
B.Silkscreen
0
POLYLINE
8
B.Silkscreen
62
7
70
0
10
0.000000
20
0.000000
66
1
0
VERTEX
8
B.Silkscreen
10
237.036206
20
-176.566528
70
0
0
VERTEX
8
B.Silkscreen
10
237.034618
20
-176.563883
70
0
0
SEQEND
8
B.Silkscreen
0
POLYLINE
8
B.Silkscreen
62
7
70
0
10
0.000000
20
0.000000
66
1
0
VERTEX
8
B.Silkscreen
10
237.034618
20
-176.563883
70
0
0
VERTEX
8
B.Silkscreen
10
237.002339
20
-176.561237
70
0
0
SEQEND
8
B.Silkscreen
0
POLYLINE
8
B.Silkscreen
62
7
70
0
10
0.000000
20
0.000000
66
1
0
VERTEX
8
B.Silkscreen
10
237.002339
20
-176.561237
70
0
0
VERTEX
8
B.Silkscreen
10
236.945718
20
-176.555945
70
0
0
SEQEND
8
B.Silkscreen
0
POLYLINE
8
B.Silkscreen
62
7
70
0
10
0.000000
20
0.000000
66
1
0
VERTEX
8
B.Silkscreen
10
236.945718
20
-176.555945
70
0
0
VERTEX
8
B.Silkscreen
10
236.863962
20
-176.553299
70
0
0
SEQEND
8
B.Silkscreen
0
POLYLINE
8
B.Silkscreen
62
7
70
0
10
0.000000
20
0.000000
66
1
0
VERTEX
8
B.Silkscreen
10
236.863962
20
-176.553299
70
0
0
VERTEX
8
B.Silkscreen
10
236.755218
20
-176.550653
70
0
0
SEQEND
8
B.Silkscreen
0
POLYLINE
8
B.Silkscreen
62
7
70
0
10
0.000000
20
0.000000
66
1
0
VERTEX
8
B.Silkscreen
10
236.755218
20
-176.550653
70
0
0
VERTEX
8
B.Silkscreen
10
236.618429
20
-176.548008
70
0
0
SEQEND
8
B.Silkscreen
0
POLYLINE
8
B.Silkscreen
62
7
70
0
10
0.000000
20
0.000000
66
1
0
VERTEX
8
B.Silkscreen
10
236.618429
20
-176.548008
70
0
0
VERTEX
8
B.Silkscreen
10
236.452006
20
-176.548008
70
0
0
SEQEND
8
B.Silkscreen
0
POLYLINE
8
B.Silkscreen
62
7
70
0
10
0.000000
20
0.000000
66
1
0
VERTEX
8
B.Silkscreen
10
236.452006
20
-176.548008
70
0
0
VERTEX
8
B.Silkscreen
10
236.254363
20
-176.545362
70
0
0
SEQEND
8
B.Silkscreen
0
POLYLINE
8
B.Silkscreen
62
7
70
0
10
0.000000
20
0.000000
66
1
0
VERTEX
8
B.Silkscreen
10
236.254363
20
-176.545362
70
0
0
VERTEX
8
B.Silkscreen
10
236.228434
20
-176.545362
70
0
0
SEQEND
8
B.Silkscreen
0
POLYLINE
8
B.Silkscreen
62
7
70
0
10
0.000000
20
0.000000
66
1
0
VERTEX
8
B.Silkscreen
10
236.228434
20
-176.545362
70
0
0
VERTEX
8
B.Silkscreen
10
236.053544
20
-176.548008
70
0
0
SEQEND
8
B.Silkscreen
0
POLYLINE
8
B.Silkscreen
62
7
70
0
10
0.000000
20
0.000000
66
1
0
VERTEX
8
B.Silkscreen
10
236.053544
20
-176.548008
70
0
0
VERTEX
8
B.Silkscreen
10
235.907759
20
-176.548008
70
0
0
SEQEND
8
B.Silkscreen
0
POLYLINE
8
B.Silkscreen
62
7
70
0
10
0.000000
20
0.000000
66
1
0
VERTEX
8
B.Silkscreen
10
235.907759
20
-176.548008
70
0
0
VERTEX
8
B.Silkscreen
10
235.787638
20
-176.548008
70
0
0
SEQEND
8
B.Silkscreen
0
POLYLINE
8
B.Silkscreen
62
7
70
0
10
0.000000
20
0.000000
66
1
0
VERTEX
8
B.Silkscreen
10
235.787638
20
-176.548008
70
0
0
VERTEX
8
B.Silkscreen
10
235.690536
20
-176.550653
70
0
0
SEQEND
8
B.Silkscreen
0
POLYLINE
8
B.Silkscreen
62
7
70
0
10
0.000000
20
0.000000
66
1
0
VERTEX
8
B.Silkscreen
10
235.690536
20
-176.550653
70
0
0
VERTEX
8
B.Silkscreen
10
235.613014
20
-176.553299
70
0
0
SEQEND
8
B.Silkscreen
0
POLYLINE
8
B.Silkscreen
62
7
70
0
10
0.000000
20
0.000000
66
1
0
VERTEX
8
B.Silkscreen
10
235.613014
20
-176.553299
70
0
0
VERTEX
8
B.Silkscreen
10
235.552159
20
-176.555945
70
0
0
SEQEND
8
B.Silkscreen
0
POLYLINE
8
B.Silkscreen
62
7
70
0
10
0.000000
20
0.000000
66
1
0
VERTEX
8
B.Silkscreen
10
235.552159
20
-176.555945
70
0
0
VERTEX
8
B.Silkscreen
10
235.505064
20
-176.561237
70
0
0
SEQEND
8
B.Silkscreen
0
POLYLINE
8
B.Silkscreen
62
7
70
0
10
0.000000
20
0.000000
66
1
0
VERTEX
8
B.Silkscreen
10
235.505064
20
-176.561237
70
0
0
VERTEX
8
B.Silkscreen
10
235.468551
20
-176.563883
70
0
0
SEQEND
8
B.Silkscreen
0
POLYLINE
8
B.Silkscreen
62
7
70
0
10
0.000000
20
0.000000
66
1
0
VERTEX
8
B.Silkscreen
10
235.468551
20
-176.563883
70
0
0
VERTEX
8
B.Silkscreen
10
235.439712
20
-176.571820
70
0
0
SEQEND
8
B.Silkscreen
0
POLYLINE
8
B.Silkscreen
62
7
70
0
10
0.000000
20
0.000000
66
1
0
VERTEX
8
B.Silkscreen
10
235.439712
20
-176.571820
70
0
0
VERTEX
8
B.Silkscreen
10
235.387324
20
-176.587695
70
0
0
SEQEND
8
B.Silkscreen
0
POLYLINE
8
B.Silkscreen
62
7
70
0
10
0.000000
20
0.000000
66
1
0
VERTEX
8
B.Silkscreen
10
235.387324
20
-176.587695
70
0
0
VERTEX
8
B.Silkscreen
10
235.260854
20
-176.648549
70
0
0
SEQEND
8
B.Silkscreen
0
POLYLINE
8
B.Silkscreen
62
7
70
0
10
0.000000
20
0.000000
66
1
0
VERTEX
8
B.Silkscreen
10
235.260854
20
-176.648549
70
0
0
VERTEX
8
B.Silkscreen
10
235.149993
20
-176.733216
70
0
0
SEQEND
8
B.Silkscreen
0
POLYLINE
8
B.Silkscreen
62
7
70
0
10
0.000000
20
0.000000
66
1
0
VERTEX
8
B.Silkscreen
10
235.149993
20
-176.733216
70
0
0
VERTEX
8
B.Silkscreen
10
235.059506
20
-176.839049
70
0
0
SEQEND
8
B.Silkscreen
0
POLYLINE
8
B.Silkscreen
62
7
70
0
10
0.000000
20
0.000000
66
1
0
VERTEX
8
B.Silkscreen
10
235.059506
20
-176.839049
70
0
0
VERTEX
8
B.Silkscreen
10
234.994154
20
-176.960757
70
0
0
SEQEND
8
B.Silkscreen
0
POLYLINE
8
B.Silkscreen
62
7
70
0
10
0.000000
20
0.000000
66
1
0
VERTEX
8
B.Silkscreen
10
234.994154
20
-176.960757
70
0
0
VERTEX
8
B.Silkscreen
10
234.982248
20
-176.995153
70
0
0
SEQEND
8
B.Silkscreen
0
POLYLINE
8
B.Silkscreen
62
7
70
0
10
0.000000
20
0.000000
66
1
0
VERTEX
8
B.Silkscreen
10
234.982248
20
-176.995153
70
0
0
VERTEX
8
B.Silkscreen
10
234.969283
20
-177.040132
70
0
0
SEQEND
8
B.Silkscreen
0
POLYLINE
8
B.Silkscreen
62
7
70
0
10
0.000000
20
0.000000
66
1
0
VERTEX
8
B.Silkscreen
10
234.969283
20
-177.040132
70
0
0
VERTEX
8
B.Silkscreen
10
234.961610
20
-177.093049
70
0
0
SEQEND
8
B.Silkscreen
0
POLYLINE
8
B.Silkscreen
62
7
70
0
10
0.000000
20
0.000000
66
1
0
VERTEX
8
B.Silkscreen
10
234.961610
20
-177.093049
70
0
0
VERTEX
8
B.Silkscreen
10
234.957641
20
-177.159194
70
0
0
SEQEND
8
B.Silkscreen
0
POLYLINE
8
B.Silkscreen
62
7
70
0
10
0.000000
20
0.000000
66
1
0
VERTEX
8
B.Silkscreen
10
234.957641
20
-177.159194
70
0
0
VERTEX
8
B.Silkscreen
10
234.956054
20
-177.249153
70
0
0
SEQEND
8
B.Silkscreen
0
POLYLINE
8
B.Silkscreen
62
7
70
0
10
0.000000
20
0.000000
66
1
0
VERTEX
8
B.Silkscreen
10
234.956054
20
-177.249153
70
0
0
VERTEX
8
B.Silkscreen
10
234.956054
20
-177.270319
70
0
0
SEQEND
8
B.Silkscreen
0
POLYLINE
8
B.Silkscreen
62
7
70
0
10
0.000000
20
0.000000
66
1
0
VERTEX
8
B.Silkscreen
10
233.302939
20
-177.270319
70
0
0
VERTEX
8
B.Silkscreen
10
233.299500
20
-177.233278
70
0
0
SEQEND
8
B.Silkscreen
0
POLYLINE
8
B.Silkscreen
62
7
70
0
10
0.000000
20
0.000000
66
1
0
VERTEX
8
B.Silkscreen
10
233.299500
20
-177.233278
70
0
0
VERTEX
8
B.Silkscreen
10
233.293944
20
-177.140673
70
0
0
SEQEND
8
B.Silkscreen
0
POLYLINE
8
B.Silkscreen
62
7
70
0
10
0.000000
20
0.000000
66
1
0
VERTEX
8
B.Silkscreen
10
233.293944
20
-177.140673
70
0
0
VERTEX
8
B.Silkscreen
10
233.298971
20
-176.907840
70
0
0
SEQEND
8
B.Silkscreen
0
POLYLINE
8
B.Silkscreen
62
7
70
0
10
0.000000
20
0.000000
66
1
0
VERTEX
8
B.Silkscreen
10
233.298971
20
-176.907840
70
0
0
VERTEX
8
B.Silkscreen
10
233.330721
20
-176.680299
70
0
0
SEQEND
8
B.Silkscreen
0
POLYLINE
8
B.Silkscreen
62
7
70
0
10
0.000000
20
0.000000
66
1
0
VERTEX
8
B.Silkscreen
10
233.330721
20
-176.680299
70
0
0
VERTEX
8
B.Silkscreen
10
233.387341
20
-176.460695
70
0
0
SEQEND
8
B.Silkscreen
0
POLYLINE
8
B.Silkscreen
62
7
70
0
10
0.000000
20
0.000000
66
1
0
VERTEX
8
B.Silkscreen
10
233.387341
20
-176.460695
70
0
0
VERTEX
8
B.Silkscreen
10
233.468568
20
-176.259612
70
0
0
SEQEND
8
B.Silkscreen
0
POLYLINE
8
B.Silkscreen
62
7
70
0
10
0.000000
20
0.000000
66
1
0
VERTEX
8
B.Silkscreen
10
233.468568
20
-176.259612
70
0
0
VERTEX
8
B.Silkscreen
10
233.542652
20
-176.127321
70
0
0
SEQEND
8
B.Silkscreen
0
POLYLINE
8
B.Silkscreen
62
7
70
0
10
0.000000
20
0.000000
66
1
0
VERTEX
8
B.Silkscreen
10
233.542652
20
-176.127321
70
0
0
VERTEX
8
B.Silkscreen
10
233.669916
20
-175.950050
70
0
0
SEQEND
8
B.Silkscreen
0
POLYLINE
8
B.Silkscreen
62
7
70
0
10
0.000000
20
0.000000
66
1
0
VERTEX
8
B.Silkscreen
10
233.669916
20
-175.950050
70
0
0
VERTEX
8
B.Silkscreen
10
233.823639
20
-175.788654
70
0
0
SEQEND
8
B.Silkscreen
0
POLYLINE
8
B.Silkscreen
62
7
70
0
10
0.000000
20
0.000000
66
1
0
VERTEX
8
B.Silkscreen
10
233.823639
20
-175.788654
70
0
0
VERTEX
8
B.Silkscreen
10
234.000909
20
-175.640488
70
0
0
SEQEND
8
B.Silkscreen
0
POLYLINE
8
B.Silkscreen
62
7
70
0
10
0.000000
20
0.000000
66
1
0
VERTEX
8
B.Silkscreen
10
234.000909
20
-175.640488
70
0
0
VERTEX
8
B.Silkscreen
10
234.199611
20
-175.510842
70
0
0
SEQEND
8
B.Silkscreen
0
POLYLINE
8
B.Silkscreen
62
7
70
0
10
0.000000
20
0.000000
66
1
0
VERTEX
8
B.Silkscreen
10
234.199611
20
-175.510842
70
0
0
VERTEX
8
B.Silkscreen
10
234.416569
20
-175.402363
70
0
0
SEQEND
8
B.Silkscreen
0
POLYLINE
8
B.Silkscreen
62
7
70
0
10
0.000000
20
0.000000
66
1
0
VERTEX
8
B.Silkscreen
10
234.416569
20
-175.402363
70
0
0
VERTEX
8
B.Silkscreen
10
234.649138
20
-175.312405
70
0
0
SEQEND
8
B.Silkscreen
0
POLYLINE
8
B.Silkscreen
62
7
70
0
10
0.000000
20
0.000000
66
1
0
VERTEX
8
B.Silkscreen
10
234.649138
20
-175.312405
70
0
0
VERTEX
8
B.Silkscreen
10
234.680623
20
-175.301822
70
0
0
SEQEND
8
B.Silkscreen
0
POLYLINE
8
B.Silkscreen
62
7
70
0
10
0.000000
20
0.000000
66
1
0
VERTEX
8
B.Silkscreen
10
234.680623
20
-175.301822
70
0
0
VERTEX
8
B.Silkscreen
10
234.741742
20
-175.283301
70
0
0
SEQEND
8
B.Silkscreen
0
POLYLINE
8
B.Silkscreen
62
7
70
0
10
0.000000
20
0.000000
66
1
0
VERTEX
8
B.Silkscreen
10
234.741742
20
-175.283301
70
0
0
VERTEX
8
B.Silkscreen
10
234.797569
20
-175.264780
70
0
0
SEQEND
8
B.Silkscreen
0
POLYLINE
8
B.Silkscreen
62
7
70
0
10
0.000000
20
0.000000
66
1
0
VERTEX
8
B.Silkscreen
10
234.797569
20
-175.264780
70
0
0
VERTEX
8
B.Silkscreen
10
234.851015
20
-175.251551
70
0
0
SEQEND
8
B.Silkscreen
0
POLYLINE
8
B.Silkscreen
62
7
70
0
10
0.000000
20
0.000000
66
1
0
VERTEX
8
B.Silkscreen
10
234.851015
20
-175.251551
70
0
0
VERTEX
8
B.Silkscreen
10
234.904460
20
-175.238322
70
0
0
SEQEND
8
B.Silkscreen
0
POLYLINE
8
B.Silkscreen
62
7
70
0
10
0.000000
20
0.000000
66
1
0
VERTEX
8
B.Silkscreen
10
234.904460
20
-175.238322
70
0
0
VERTEX
8
B.Silkscreen
10
234.960552
20
-175.227738
70
0
0
SEQEND
8
B.Silkscreen
0
POLYLINE
8
B.Silkscreen
62
7
70
0
10
0.000000
20
0.000000
66
1
0
VERTEX
8
B.Silkscreen
10
234.960552
20
-175.227738
70
0
0
VERTEX
8
B.Silkscreen
10
235.022200
20
-175.219801
70
0
0
SEQEND
8
B.Silkscreen
0
POLYLINE
8
B.Silkscreen
62
7
70
0
10
0.000000
20
0.000000
66
1
0
VERTEX
8
B.Silkscreen
10
235.022200
20
-175.219801
70
0
0
VERTEX
8
B.Silkscreen
10
235.091785
20
-175.214509
70
0
0
SEQEND
8
B.Silkscreen
0
POLYLINE
8
B.Silkscreen
62
7
70
0
10
0.000000
20
0.000000
66
1
0
VERTEX
8
B.Silkscreen
10
235.091785
20
-175.214509
70
0
0
VERTEX
8
B.Silkscreen
10
235.172218
20
-175.209218
70
0
0
SEQEND
8
B.Silkscreen
0
POLYLINE
8
B.Silkscreen
62
7
70
0
10
0.000000
20
0.000000
66
1
0
VERTEX
8
B.Silkscreen
10
235.172218
20
-175.209218
70
0
0
VERTEX
8
B.Silkscreen
10
235.266410
20
-175.203926
70
0
0
SEQEND
8
B.Silkscreen
0
POLYLINE
8
B.Silkscreen
62
7
70
0
10
0.000000
20
0.000000
66
1
0
VERTEX
8
B.Silkscreen
10
235.266410
20
-175.203926
70
0
0
VERTEX
8
B.Silkscreen
10
235.376741
20
-175.201280
70
0
0
SEQEND
8
B.Silkscreen
0
POLYLINE
8
B.Silkscreen
62
7
70
0
10
0.000000
20
0.000000
66
1
0
VERTEX
8
B.Silkscreen
10
235.376741
20
-175.201280
70
0
0
VERTEX
8
B.Silkscreen
10
235.505857
20
-175.198634
70
0
0
SEQEND
8
B.Silkscreen
0
POLYLINE
8
B.Silkscreen
62
7
70
0
10
0.000000
20
0.000000
66
1
0
VERTEX
8
B.Silkscreen
10
235.505857
20
-175.198634
70
0
0
VERTEX
8
B.Silkscreen
10
235.656405
20
-175.195988
70
0
0
SEQEND
8
B.Silkscreen
0
POLYLINE
8
B.Silkscreen
62
7
70
0
10
0.000000
20
0.000000
66
1
0
VERTEX
8
B.Silkscreen
10
235.656405
20
-175.195988
70
0
0
VERTEX
8
B.Silkscreen
10
235.831559
20
-175.195988
70
0
0
SEQEND
8
B.Silkscreen
0
POLYLINE
8
B.Silkscreen
62
7
70
0
10
0.000000
20
0.000000
66
1
0
VERTEX
8
B.Silkscreen
10
235.831559
20
-175.195988
70
0
0
VERTEX
8
B.Silkscreen
10
236.033436
20
-175.193343
70
0
0
SEQEND
8
B.Silkscreen
0
POLYLINE
8
B.Silkscreen
62
7
70
0
10
0.000000
20
0.000000
66
1
0
VERTEX
8
B.Silkscreen
10
236.033436
20
-175.193343
70
0
0
VERTEX
8
B.Silkscreen
10
236.264946
20
-175.193343
70
0
0
SEQEND
8
B.Silkscreen
0
POLYLINE
8
B.Silkscreen
62
7
70
0
10
0.000000
20
0.000000
66
1
0
VERTEX
8
B.Silkscreen
10
236.264946
20
-175.193343
70
0
0
VERTEX
8
B.Silkscreen
10
236.337706
20
-175.190697
70
0
0
SEQEND
8
B.Silkscreen
0
POLYLINE
8
B.Silkscreen
62
7
70
0
10
0.000000
20
0.000000
66
1
0
VERTEX
8
B.Silkscreen
10
236.337706
20
-175.190697
70
0
0
VERTEX
8
B.Silkscreen
10
236.563131
20
-175.190697
70
0
0
SEQEND
8
B.Silkscreen
0
POLYLINE
8
B.Silkscreen
62
7
70
0
10
0.000000
20
0.000000
66
1
0
VERTEX
8
B.Silkscreen
10
236.563131
20
-175.190697
70
0
0
VERTEX
8
B.Silkscreen
10
236.759716
20
-175.190697
70
0
0
SEQEND
8
B.Silkscreen
0
POLYLINE
8
B.Silkscreen
62
7
70
0
10
0.000000
20
0.000000
66
1
0
VERTEX
8
B.Silkscreen
10
236.759716
20
-175.190697
70
0
0
VERTEX
8
B.Silkscreen
10
236.930108
20
-175.190697
70
0
0
SEQEND
8
B.Silkscreen
0
POLYLINE
8
B.Silkscreen
62
7
70
0
10
0.000000
20
0.000000
66
1
0
VERTEX
8
B.Silkscreen
10
236.930108
20
-175.190697
70
0
0
VERTEX
8
B.Silkscreen
10
237.076422
20
-175.190697
70
0
0
SEQEND
8
B.Silkscreen
0
POLYLINE
8
B.Silkscreen
62
7
70
0
10
0.000000
20
0.000000
66
1
0
VERTEX
8
B.Silkscreen
10
237.076422
20
-175.190697
70
0
0
VERTEX
8
B.Silkscreen
10
237.201305
20
-175.190697
70
0
0
SEQEND
8
B.Silkscreen
0
POLYLINE
8
B.Silkscreen
62
7
70
0
10
0.000000
20
0.000000
66
1
0
VERTEX
8
B.Silkscreen
10
237.201305
20
-175.190697
70
0
0
VERTEX
8
B.Silkscreen
10
237.307403
20
-175.193343
70
0
0
SEQEND
8
B.Silkscreen
0
POLYLINE
8
B.Silkscreen
62
7
70
0
10
0.000000
20
0.000000
66
1
0
VERTEX
8
B.Silkscreen
10
237.307403
20
-175.193343
70
0
0
VERTEX
8
B.Silkscreen
10
237.397626
20
-175.195988
70
0
0
SEQEND
8
B.Silkscreen
0
POLYLINE
8
B.Silkscreen
62
7
70
0
10
0.000000
20
0.000000
66
1
0
VERTEX
8
B.Silkscreen
10
237.397626
20
-175.195988
70
0
0
VERTEX
8
B.Silkscreen
10
237.474090
20
-175.201280
70
0
0
SEQEND
8
B.Silkscreen
0
POLYLINE
8
B.Silkscreen
62
7
70
0
10
0.000000
20
0.000000
66
1
0
VERTEX
8
B.Silkscreen
10
237.474090
20
-175.201280
70
0
0
VERTEX
8
B.Silkscreen
10
237.539442
20
-175.206572
70
0
0
SEQEND
8
B.Silkscreen
0
POLYLINE
8
B.Silkscreen
62
7
70
0
10
0.000000
20
0.000000
66
1
0
VERTEX
8
B.Silkscreen
10
237.539442
20
-175.206572
70
0
0
VERTEX
8
B.Silkscreen
10
237.596592
20
-175.214509
70
0
0
SEQEND
8
B.Silkscreen
0
POLYLINE
8
B.Silkscreen
62
7
70
0
10
0.000000
20
0.000000
66
1
0
VERTEX
8
B.Silkscreen
10
237.596592
20
-175.214509
70
0
0
VERTEX
8
B.Silkscreen
10
237.647657
20
-175.222447
70
0
0
SEQEND
8
B.Silkscreen
0
POLYLINE
8
B.Silkscreen
62
7
70
0
10
0.000000
20
0.000000
66
1
0
VERTEX
8
B.Silkscreen
10
237.647657
20
-175.222447
70
0
0
VERTEX
8
B.Silkscreen
10
237.695546
20
-175.230384
70
0
0
SEQEND
8
B.Silkscreen
0
POLYLINE
8
B.Silkscreen
62
7
70
0
10
0.000000
20
0.000000
66
1
0
VERTEX
8
B.Silkscreen
10
237.695546
20
-175.230384
70
0
0
VERTEX
8
B.Silkscreen
10
237.742378
20
-175.240968
70
0
0
SEQEND
8
B.Silkscreen
0
POLYLINE
8
B.Silkscreen
62
7
70
0
10
0.000000
20
0.000000
66
1
0
VERTEX
8
B.Silkscreen
10
237.742378
20
-175.240968
70
0
0
VERTEX
8
B.Silkscreen
10
237.791325
20
-175.254197
70
0
0
SEQEND
8
B.Silkscreen
0
POLYLINE
8
B.Silkscreen
62
7
70
0
10
0.000000
20
0.000000
66
1
0
VERTEX
8
B.Silkscreen
10
237.791325
20
-175.254197
70
0
0
VERTEX
8
B.Silkscreen
10
237.984736
20
-175.322988
70
0
0
SEQEND
8
B.Silkscreen
0
POLYLINE
8
B.Silkscreen
62
7
70
0
10
0.000000
20
0.000000
66
1
0
VERTEX
8
B.Silkscreen
10
237.984736
20
-175.322988
70
0
0
VERTEX
8
B.Silkscreen
10
238.173912
20
-175.418238
70
0
0
SEQEND
8
B.Silkscreen
0
POLYLINE
8
B.Silkscreen
62
7
70
0
10
0.000000
20
0.000000
66
1
0
VERTEX
8
B.Silkscreen
10
238.173912
20
-175.418238
70
0
0
VERTEX
8
B.Silkscreen
10
238.349860
20
-175.542592
70
0
0
SEQEND
8
B.Silkscreen
0
POLYLINE
8
B.Silkscreen
62
7
70
0
10
0.000000
20
0.000000
66
1
0
VERTEX
8
B.Silkscreen
10
238.349860
20
-175.542592
70
0
0
VERTEX
8
B.Silkscreen
10
238.509404
20
-175.688113
70
0
0
SEQEND
8
B.Silkscreen
0
POLYLINE
8
B.Silkscreen
62
7
70
0
10
0.000000
20
0.000000
66
1
0
VERTEX
8
B.Silkscreen
10
238.509404
20
-175.688113
70
0
0
VERTEX
8
B.Silkscreen
10
238.649104
20
-175.852154
70
0
0
SEQEND
8
B.Silkscreen
0
POLYLINE
8
B.Silkscreen
62
7
70
0
10
0.000000
20
0.000000
66
1
0
VERTEX
8
B.Silkscreen
10
238.649104
20
-175.852154
70
0
0
VERTEX
8
B.Silkscreen
10
238.765255
20
-176.032071
70
0
0
SEQEND
8
B.Silkscreen
0
POLYLINE
8
B.Silkscreen
62
7
70
0
10
0.000000
20
0.000000
66
1
0
VERTEX
8
B.Silkscreen
10
238.765255
20
-176.032071
70
0
0
VERTEX
8
B.Silkscreen
10
238.854684
20
-176.225216
70
0
0
SEQEND
8
B.Silkscreen
0
POLYLINE
8
B.Silkscreen
62
7
70
0
10
0.000000
20
0.000000
66
1
0
VERTEX
8
B.Silkscreen
10
238.854684
20
-176.225216
70
0
0
VERTEX
8
B.Silkscreen
10
238.867649
20
-176.259612
70
0
0
SEQEND
8
B.Silkscreen
0
POLYLINE
8
B.Silkscreen
62
7
70
0
10
0.000000
20
0.000000
66
1
0
VERTEX
8
B.Silkscreen
10
238.867649
20
-176.259612
70
0
0
VERTEX
8
B.Silkscreen
10
238.881407
20
-176.294008
70
0
0
SEQEND
8
B.Silkscreen
0
POLYLINE
8
B.Silkscreen
62
7
70
0
10
0.000000
20
0.000000
66
1
0
VERTEX
8
B.Silkscreen
10
238.881407
20
-176.294008
70
0
0
VERTEX
8
B.Silkscreen
10
238.894107
20
-176.328404
70
0
0
SEQEND
8
B.Silkscreen
0
POLYLINE
8
B.Silkscreen
62
7
70
0
10
0.000000
20
0.000000
66
1
0
VERTEX
8
B.Silkscreen
10
238.894107
20
-176.328404
70
0
0
VERTEX
8
B.Silkscreen
10
238.905220
20
-176.360154
70
0
0
SEQEND
8
B.Silkscreen
0
POLYLINE
8
B.Silkscreen
62
7
70
0
10
0.000000
20
0.000000
66
1
0
VERTEX
8
B.Silkscreen
10
238.905220
20
-176.360154
70
0
0
VERTEX
8
B.Silkscreen
10
238.915274
20
-176.391904
70
0
0
SEQEND
8
B.Silkscreen
0
POLYLINE
8
B.Silkscreen
62
7
70
0
10
0.000000
20
0.000000
66
1
0
VERTEX
8
B.Silkscreen
10
238.915274
20
-176.391904
70
0
0
VERTEX
8
B.Silkscreen
10
238.924005
20
-176.426299
70
0
0
SEQEND
8
B.Silkscreen
0
POLYLINE
8
B.Silkscreen
62
7
70
0
10
0.000000
20
0.000000
66
1
0
VERTEX
8
B.Silkscreen
10
238.924005
20
-176.426299
70
0
0
VERTEX
8
B.Silkscreen
10
238.931678
20
-176.465987
70
0
0
SEQEND
8
B.Silkscreen
0
POLYLINE
8
B.Silkscreen
62
7
70
0
10
0.000000
20
0.000000
66
1
0
VERTEX
8
B.Silkscreen
10
238.931678
20
-176.465987
70
0
0
VERTEX
8
B.Silkscreen
10
238.938293
20
-176.510966
70
0
0
SEQEND
8
B.Silkscreen
0
POLYLINE
8
B.Silkscreen
62
7
70
0
10
0.000000
20
0.000000
66
1
0
VERTEX
8
B.Silkscreen
10
238.938293
20
-176.510966
70
0
0
VERTEX
8
B.Silkscreen
10
238.943849
20
-176.563883
70
0
0
SEQEND
8
B.Silkscreen
0
POLYLINE
8
B.Silkscreen
62
7
70
0
10
0.000000
20
0.000000
66
1
0
VERTEX
8
B.Silkscreen
10
238.943849
20
-176.563883
70
0
0
VERTEX
8
B.Silkscreen
10
238.948876
20
-176.624737
70
0
0
SEQEND
8
B.Silkscreen
0
POLYLINE
8
B.Silkscreen
62
7
70
0
10
0.000000
20
0.000000
66
1
0
VERTEX
8
B.Silkscreen
10
238.948876
20
-176.624737
70
0
0
VERTEX
8
B.Silkscreen
10
238.952845
20
-176.698820
70
0
0
SEQEND
8
B.Silkscreen
0
POLYLINE
8
B.Silkscreen
62
7
70
0
10
0.000000
20
0.000000
66
1
0
VERTEX
8
B.Silkscreen
10
238.952845
20
-176.698820
70
0
0
VERTEX
8
B.Silkscreen
10
238.956284
20
-176.783486
70
0
0
SEQEND
8
B.Silkscreen
0
POLYLINE
8
B.Silkscreen
62
7
70
0
10
0.000000
20
0.000000
66
1
0
VERTEX
8
B.Silkscreen
10
238.956284
20
-176.783486
70
0
0
VERTEX
8
B.Silkscreen
10
238.958930
20
-176.884028
70
0
0
SEQEND
8
B.Silkscreen
0
POLYLINE
8
B.Silkscreen
62
7
70
0
10
0.000000
20
0.000000
66
1
0
VERTEX
8
B.Silkscreen
10
238.958930
20
-176.884028
70
0
0
VERTEX
8
B.Silkscreen
10
238.961047
20
-177.003090
70
0
0
SEQEND
8
B.Silkscreen
0
POLYLINE
8
B.Silkscreen
62
7
70
0
10
0.000000
20
0.000000
66
1
0
VERTEX
8
B.Silkscreen
10
238.961047
20
-177.003090
70
0
0
VERTEX
8
B.Silkscreen
10
238.962899
20
-177.138028
70
0
0
SEQEND
8
B.Silkscreen
0
POLYLINE
8
B.Silkscreen
62
7
70
0
10
0.000000
20
0.000000
66
1
0
VERTEX
8
B.Silkscreen
10
238.962899
20
-177.138028
70
0
0
VERTEX
8
B.Silkscreen
10
238.964222
20
-177.294132
70
0
0
SEQEND
8
B.Silkscreen
0
POLYLINE
8
B.Silkscreen
62
7
70
0
10
0.000000
20
0.000000
66
1
0
VERTEX
8
B.Silkscreen
10
238.964222
20
-177.294132
70
0
0
VERTEX
8
B.Silkscreen
10
238.965280
20
-177.471402
70
0
0
SEQEND
8
B.Silkscreen
0
POLYLINE
8
B.Silkscreen
62
7
70
0
10
0.000000
20
0.000000
66
1
0
VERTEX
8
B.Silkscreen
10
238.965280
20
-177.471402
70
0
0
VERTEX
8
B.Silkscreen
10
238.965545
20
-177.503152
70
0
0
SEQEND
8
B.Silkscreen
0
POLYLINE
8
B.Silkscreen
62
7
70
0
10
0.000000
20
0.000000
66
1
0
VERTEX
8
B.Silkscreen
10
238.965545
20
-177.503152
70
0
0
VERTEX
8
B.Silkscreen
10
238.966339
20
-177.672485
70
0
0
SEQEND
8
B.Silkscreen
0
POLYLINE
8
B.Silkscreen
62
7
70
0
10
0.000000
20
0.000000
66
1
0
VERTEX
8
B.Silkscreen
10
248.434441
20
-178.233401
70
0
0
VERTEX
8
B.Silkscreen
10
248.541862
20
-178.622338
70
0
0
SEQEND
8
B.Silkscreen
0
POLYLINE
8
B.Silkscreen
62
7
70
0
10
0.000000
20
0.000000
66
1
0
VERTEX
8
B.Silkscreen
10
248.541862
20
-178.622338
70
0
0
VERTEX
8
B.Silkscreen
10
248.622295
20
-179.016567
70
0
0
SEQEND
8
B.Silkscreen
0
POLYLINE
8
B.Silkscreen
62
7
70
0
10
0.000000
20
0.000000
66
1
0
VERTEX
8
B.Silkscreen
10
248.622295
20
-179.016567
70
0
0
VERTEX
8
B.Silkscreen
10
248.674418
20
-179.416087
70
0
0
SEQEND
8
B.Silkscreen
0
POLYLINE
8
B.Silkscreen
62
7
70
0
10
0.000000
20
0.000000
66
1
0
VERTEX
8
B.Silkscreen
10
248.674418
20
-179.416087
70
0
0
VERTEX
8
B.Silkscreen
10
248.679445
20
-179.482233
70
0
0
SEQEND
8
B.Silkscreen
0
POLYLINE
8
B.Silkscreen
62
7
70
0
10
0.000000
20
0.000000
66
1
0
VERTEX
8
B.Silkscreen
10
248.679445
20
-179.482233
70
0
0
VERTEX
8
B.Silkscreen
10
248.685795
20
-179.606587
70
0
0
SEQEND
8
B.Silkscreen
0
POLYLINE
8
B.Silkscreen
62
7
70
0
10
0.000000
20
0.000000
66
1
0
VERTEX
8
B.Silkscreen
10
248.685795
20
-179.606587
70
0
0
VERTEX
8
B.Silkscreen
10
248.689764
20
-179.752108
70
0
0
SEQEND
8
B.Silkscreen
0
POLYLINE
8
B.Silkscreen
62
7
70
0
10
0.000000
20
0.000000
66
1
0
VERTEX
8
B.Silkscreen
10
248.689764
20
-179.752108
70
0
0
VERTEX
8
B.Silkscreen
10
248.690028
20
-179.775920
70
0
0
SEQEND
8
B.Silkscreen
0
POLYLINE
8
B.Silkscreen
62
7
70
0
10
0.000000
20
0.000000
66
1
0
VERTEX
8
B.Silkscreen
10
248.690028
20
-179.775920
70
0
0
VERTEX
8
B.Silkscreen
10
248.691616
20
-179.908212
70
0
0
SEQEND
8
B.Silkscreen
0
POLYLINE
8
B.Silkscreen
62
7
70
0
10
0.000000
20
0.000000
66
1
0
VERTEX
8
B.Silkscreen
10
248.691616
20
-179.908212
70
0
0
VERTEX
8
B.Silkscreen
10
248.690822
20
-180.064316
70
0
0
SEQEND
8
B.Silkscreen
0
POLYLINE
8
B.Silkscreen
62
7
70
0
10
0.000000
20
0.000000
66
1
0
VERTEX
8
B.Silkscreen
10
248.690822
20
-180.064316
70
0
0
VERTEX
8
B.Silkscreen
10
248.687912
20
-180.212482
70
0
0
SEQEND
8
B.Silkscreen
0
POLYLINE
8
B.Silkscreen
62
7
70
0
10
0.000000
20
0.000000
66
1
0
VERTEX
8
B.Silkscreen
10
248.687912
20
-180.212482
70
0
0
VERTEX
8
B.Silkscreen
10
248.682620
20
-180.347419
70
0
0
SEQEND
8
B.Silkscreen
0
POLYLINE
8
B.Silkscreen
62
7
70
0
10
0.000000
20
0.000000
66
1
0
VERTEX
8
B.Silkscreen
10
248.682620
20
-180.347419
70
0
0
VERTEX
8
B.Silkscreen
10
248.674947
20
-180.458544
70
0
0
SEQEND
8
B.Silkscreen
0
POLYLINE
8
B.Silkscreen
62
7
70
0
10
0.000000
20
0.000000
66
1
0
VERTEX
8
B.Silkscreen
10
248.674947
20
-180.458544
70
0
0
VERTEX
8
B.Silkscreen
10
248.629439
20
-180.839544
70
0
0
SEQEND
8
B.Silkscreen
0
POLYLINE
8
B.Silkscreen
62
7
70
0
10
0.000000
20
0.000000
66
1
0
VERTEX
8
B.Silkscreen
10
248.629439
20
-180.839544
70
0
0
VERTEX
8
B.Silkscreen
10
248.610389
20
-180.942731
70
0
0
SEQEND
8
B.Silkscreen
0
POLYLINE
8
B.Silkscreen
62
7
70
0
10
0.000000
20
0.000000
66
1
0
VERTEX
8
B.Silkscreen
10
248.610389
20
-180.942731
70
0
0
VERTEX
8
B.Silkscreen
10
248.546360
20
-181.294627
70
0
0
SEQEND
8
B.Silkscreen
0
POLYLINE
8
B.Silkscreen
62
7
70
0
10
0.000000
20
0.000000
66
1
0
VERTEX
8
B.Silkscreen
10
248.546360
20
-181.294627
70
0
0
VERTEX
8
B.Silkscreen
10
248.433912
20
-181.744418
70
0
0
SEQEND
8
B.Silkscreen
0
POLYLINE
8
B.Silkscreen
62
7
70
0
10
0.000000
20
0.000000
66
1
0
VERTEX
8
B.Silkscreen
10
248.433912
20
-181.744418
70
0
0
VERTEX
8
B.Silkscreen
10
248.356918
20
-181.985188
70
0
0
SEQEND
8
B.Silkscreen
0
POLYLINE
8
B.Silkscreen
62
7
70
0
10
0.000000
20
0.000000
66
1
0
VERTEX
8
B.Silkscreen
10
248.356918
20
-181.985188
70
0
0
VERTEX
8
B.Silkscreen
10
248.292889
20
-182.186271
70
0
0
SEQEND
8
B.Silkscreen
0
POLYLINE
8
B.Silkscreen
62
7
70
0
10
0.000000
20
0.000000
66
1
0
VERTEX
8
B.Silkscreen
10
248.292889
20
-182.186271
70
0
0
VERTEX
8
B.Silkscreen
10
248.124879
20
-182.612250
70
0
0
SEQEND
8
B.Silkscreen
0
POLYLINE
8
B.Silkscreen
62
7
70
0
10
0.000000
20
0.000000
66
1
0
VERTEX
8
B.Silkscreen
10
248.124879
20
-182.612250
70
0
0
VERTEX
8
B.Silkscreen
10
248.065877
20
-182.744541
70
0
0
SEQEND
8
B.Silkscreen
0
POLYLINE
8
B.Silkscreen
62
7
70
0
10
0.000000
20
0.000000
66
1
0
VERTEX
8
B.Silkscreen
10
248.065877
20
-182.744541
70
0
0
VERTEX
8
B.Silkscreen
10
247.969833
20
-182.942979
70
0
0
SEQEND
8
B.Silkscreen
0
POLYLINE
8
B.Silkscreen
62
7
70
0
10
0.000000
20
0.000000
66
1
0
VERTEX
8
B.Silkscreen
10
247.969833
20
-182.942979
70
0
0
VERTEX
8
B.Silkscreen
10
247.875906
20
-183.112312
70
0
0
SEQEND
8
B.Silkscreen
0
POLYLINE
8
B.Silkscreen
62
7
70
0
10
0.000000
20
0.000000
66
1
0
VERTEX
8
B.Silkscreen
10
247.875906
20
-183.112312
70
0
0
VERTEX
8
B.Silkscreen
10
247.781980
20
-183.252541
70
0
0
SEQEND
8
B.Silkscreen
0
POLYLINE
8
B.Silkscreen
62
7
70
0
10
0.000000
20
0.000000
66
1
0
VERTEX
8
B.Silkscreen
10
247.781980
20
-183.252541
70
0
0
VERTEX
8
B.Silkscreen
10
247.686994
20
-183.368957
70
0
0
SEQEND
8
B.Silkscreen
0
POLYLINE
8
B.Silkscreen
62
7
70
0
10
0.000000
20
0.000000
66
1
0
VERTEX
8
B.Silkscreen
10
247.686994
20
-183.368957
70
0
0
VERTEX
8
B.Silkscreen
10
247.589098
20
-183.461561
70
0
0
SEQEND
8
B.Silkscreen
0
POLYLINE
8
B.Silkscreen
62
7
70
0
10
0.000000
20
0.000000
66
1
0
VERTEX
8
B.Silkscreen
10
247.589098
20
-183.461561
70
0
0
VERTEX
8
B.Silkscreen
10
247.486440
20
-183.532999
70
0
0
SEQEND
8
B.Silkscreen
0
POLYLINE
8
B.Silkscreen
62
7
70
0
10
0.000000
20
0.000000
66
1
0
VERTEX
8
B.Silkscreen
10
247.486440
20
-183.532999
70
0
0
VERTEX
8
B.Silkscreen
10
247.377697
20
-183.585915
70
0
0
SEQEND
8
B.Silkscreen
0
POLYLINE
8
B.Silkscreen
62
7
70
0
10
0.000000
20
0.000000
66
1
0
VERTEX
8
B.Silkscreen
10
247.377697
20
-183.585915
70
0
0
VERTEX
8
B.Silkscreen
10
247.261280
20
-183.620311
70
0
0
SEQEND
8
B.Silkscreen
0
POLYLINE
8
B.Silkscreen
62
7
70
0
10
0.000000
20
0.000000
66
1
0
VERTEX
8
B.Silkscreen
10
247.261280
20
-183.620311
70
0
0
VERTEX
8
B.Silkscreen
10
247.224503
20
-183.628249
70
0
0
SEQEND
8
B.Silkscreen
0
POLYLINE
8
B.Silkscreen
62
7
70
0
10
0.000000
20
0.000000
66
1
0
VERTEX
8
B.Silkscreen
10
247.224503
20
-183.628249
70
0
0
VERTEX
8
B.Silkscreen
10
247.133751
20
-183.636186
70
0
0
SEQEND
8
B.Silkscreen
0
POLYLINE
8
B.Silkscreen
62
7
70
0
10
0.000000
20
0.000000
66
1
0
VERTEX
8
B.Silkscreen
10
247.133751
20
-183.636186
70
0
0
VERTEX
8
B.Silkscreen
10
247.018393
20
-183.641478
70
0
0
SEQEND
8
B.Silkscreen
0
POLYLINE
8
B.Silkscreen
62
7
70
0
10
0.000000
20
0.000000
66
1
0
VERTEX
8
B.Silkscreen
10
247.018393
20
-183.641478
70
0
0
VERTEX
8
B.Silkscreen
10
246.883720
20
-183.644124
70
0
0
SEQEND
8
B.Silkscreen
0
POLYLINE
8
B.Silkscreen
62
7
70
0
10
0.000000
20
0.000000
66
1
0
VERTEX
8
B.Silkscreen
10
246.883720
20
-183.644124
70
0
0
VERTEX
8
B.Silkscreen
10
246.734231
20
-183.641478
70
0
0
SEQEND
8
B.Silkscreen
0
POLYLINE
8
B.Silkscreen
62
7
70
0
10
0.000000
20
0.000000
66
1
0
VERTEX
8
B.Silkscreen
10
246.734231
20
-183.641478
70
0
0
VERTEX
8
B.Silkscreen
10
246.575216
20
-183.636186
70
0
0
SEQEND
8
B.Silkscreen
0
POLYLINE
8
B.Silkscreen
62
7
70
0
10
0.000000
20
0.000000
66
1
0
VERTEX
8
B.Silkscreen
10
246.575216
20
-183.636186
70
0
0
VERTEX
8
B.Silkscreen
10
246.411440
20
-183.628249
70
0
0
SEQEND
8
B.Silkscreen
0
POLYLINE
8
B.Silkscreen
62
7
70
0
10
0.000000
20
0.000000
66
1
0
VERTEX
8
B.Silkscreen
10
246.411440
20
-183.628249
70
0
0
VERTEX
8
B.Silkscreen
10
246.248192
20
-183.617665
70
0
0
SEQEND
8
B.Silkscreen
0
POLYLINE
8
B.Silkscreen
62
7
70
0
10
0.000000
20
0.000000
66
1
0
VERTEX
8
B.Silkscreen
10
246.248192
20
-183.617665
70
0
0
VERTEX
8
B.Silkscreen
10
246.089971
20
-183.604436
70
0
0
SEQEND
8
B.Silkscreen
0
POLYLINE
8
B.Silkscreen
62
7
70
0
10
0.000000
20
0.000000
66
1
0
VERTEX
8
B.Silkscreen
10
246.089971
20
-183.604436
70
0
0
VERTEX
8
B.Silkscreen
10
245.942069
20
-183.588561
70
0
0
SEQEND
8
B.Silkscreen
0
POLYLINE
8
B.Silkscreen
62
7
70
0
10
0.000000
20
0.000000
66
1
0
VERTEX
8
B.Silkscreen
10
245.942069
20
-183.588561
70
0
0
VERTEX
8
B.Silkscreen
10
245.880951
20
-183.580624
70
0
0
SEQEND
8
B.Silkscreen
0
POLYLINE
8
B.Silkscreen
62
7
70
0
10
0.000000
20
0.000000
66
1
0
VERTEX
8
B.Silkscreen
10
245.880951
20
-183.580624
70
0
0
VERTEX
8
B.Silkscreen
10
245.456030
20
-183.506540
70
0
0
SEQEND
8
B.Silkscreen
0
POLYLINE
8
B.Silkscreen
62
7
70
0
10
0.000000
20
0.000000
66
1
0
VERTEX
8
B.Silkscreen
10
245.456030
20
-183.506540
70
0
0
VERTEX
8
B.Silkscreen
10
245.040370
20
-183.403353
70
0
0
SEQEND
8
B.Silkscreen
0
POLYLINE
8
B.Silkscreen
62
7
70
0
10
0.000000
20
0.000000
66
1
0
VERTEX
8
B.Silkscreen
10
245.040370
20
-183.403353
70
0
0
VERTEX
8
B.Silkscreen
10
244.635823
20
-183.273707
70
0
0
SEQEND
8
B.Silkscreen
0
POLYLINE
8
B.Silkscreen
62
7
70
0
10
0.000000
20
0.000000
66
1
0
VERTEX
8
B.Silkscreen
10
244.635823
20
-183.273707
70
0
0
VERTEX
8
B.Silkscreen
10
244.243976
20
-183.114958
70
0
0
SEQEND
8
B.Silkscreen
0
POLYLINE
8
B.Silkscreen
62
7
70
0
10
0.000000
20
0.000000
66
1
0
VERTEX
8
B.Silkscreen
10
244.243976
20
-183.114958
70
0
0
VERTEX
8
B.Silkscreen
10
243.866416
20
-182.935041
70
0
0
SEQEND
8
B.Silkscreen
0
POLYLINE
8
B.Silkscreen
62
7
70
0
10
0.000000
20
0.000000
66
1
0
VERTEX
8
B.Silkscreen
10
243.866416
20
-182.935041
70
0
0
VERTEX
8
B.Silkscreen
10
243.504995
20
-182.726021
70
0
0
SEQEND
8
B.Silkscreen
0
POLYLINE
8
B.Silkscreen
62
7
70
0
10
0.000000
20
0.000000
66
1
0
VERTEX
8
B.Silkscreen
10
243.504995
20
-182.726021
70
0
0
VERTEX
8
B.Silkscreen
10
243.161302
20
-182.495833
70
0
0
SEQEND
8
B.Silkscreen
0
POLYLINE
8
B.Silkscreen
62
7
70
0
10
0.000000
20
0.000000
66
1
0
VERTEX
8
B.Silkscreen
10
243.161302
20
-182.495833
70
0
0
VERTEX
8
B.Silkscreen
10
242.837188
20
-182.244480
70
0
0
SEQEND
8
B.Silkscreen
0
POLYLINE
8
B.Silkscreen
62
7
70
0
10
0.000000
20
0.000000
66
1
0
VERTEX
8
B.Silkscreen
10
242.837188
20
-182.244480
70
0
0
VERTEX
8
B.Silkscreen
10
242.534240
20
-181.969313
70
0
0
SEQEND
8
B.Silkscreen
0
POLYLINE
8
B.Silkscreen
62
7
70
0
10
0.000000
20
0.000000
66
1
0
VERTEX
8
B.Silkscreen
10
242.534240
20
-181.969313
70
0
0
VERTEX
8
B.Silkscreen
10
242.353266
20
-181.778813
70
0
0
SEQEND
8
B.Silkscreen
0
POLYLINE
8
B.Silkscreen
62
7
70
0
10
0.000000
20
0.000000
66
1
0
VERTEX
8
B.Silkscreen
10
244.052947
20
-181.778813
70
0
0
VERTEX
8
B.Silkscreen
10
244.053740
20
-181.889938
70
0
0
SEQEND
8
B.Silkscreen
0
POLYLINE
8
B.Silkscreen
62
7
70
0
10
0.000000
20
0.000000
66
1
0
VERTEX
8
B.Silkscreen
10
244.053740
20
-181.889938
70
0
0
VERTEX
8
B.Silkscreen
10
244.056386
20
-181.990480
70
0
0
SEQEND
8
B.Silkscreen
0
POLYLINE
8
B.Silkscreen
62
7
70
0
10
0.000000
20
0.000000
66
1
0
VERTEX
8
B.Silkscreen
10
244.056386
20
-181.990480
70
0
0
VERTEX
8
B.Silkscreen
10
244.061943
20
-182.077792
70
0
0
SEQEND
8
B.Silkscreen
0
POLYLINE
8
B.Silkscreen
62
7
70
0
10
0.000000
20
0.000000
66
1
0
VERTEX
8
B.Silkscreen
10
244.061943
20
-182.077792
70
0
0
VERTEX
8
B.Silkscreen
10
244.071732
20
-182.143938
70
0
0
SEQEND
8
B.Silkscreen
0
POLYLINE
8
B.Silkscreen
62
7
70
0
10
0.000000
20
0.000000
66
1
0
VERTEX
8
B.Silkscreen
10
244.071732
20
-182.143938
70
0
0
VERTEX
8
B.Silkscreen
10
244.087872
20
-182.191563
70
0
0
SEQEND
8
B.Silkscreen
0
POLYLINE
8
B.Silkscreen
62
7
70
0
10
0.000000
20
0.000000
66
1
0
VERTEX
8
B.Silkscreen
10
244.087872
20
-182.191563
70
0
0
VERTEX
8
B.Silkscreen
10
244.111949
20
-182.228605
70
0
0
SEQEND
8
B.Silkscreen
0
POLYLINE
8
B.Silkscreen
62
7
70
0
10
0.000000
20
0.000000
66
1
0
VERTEX
8
B.Silkscreen
10
244.111949
20
-182.228605
70
0
0
VERTEX
8
B.Silkscreen
10
244.145815
20
-182.255063
70
0
0
SEQEND
8
B.Silkscreen
0
POLYLINE
8
B.Silkscreen
62
7
70
0
10
0.000000
20
0.000000
66
1
0
VERTEX
8
B.Silkscreen
10
244.145815
20
-182.255063
70
0
0
VERTEX
8
B.Silkscreen
10
244.191324
20
-182.281521
70
0
0
SEQEND
8
B.Silkscreen
0
POLYLINE
8
B.Silkscreen
62
7
70
0
10
0.000000
20
0.000000
66
1
0
VERTEX
8
B.Silkscreen
10
244.191324
20
-182.281521
70
0
0
VERTEX
8
B.Silkscreen
10
244.197144
20
-182.284167
70
0
0
SEQEND
8
B.Silkscreen
0
POLYLINE
8
B.Silkscreen
62
7
70
0
10
0.000000
20
0.000000
66
1
0
VERTEX
8
B.Silkscreen
10
244.197144
20
-182.284167
70
0
0
VERTEX
8
B.Silkscreen
10
244.210374
20
-182.289459
70
0
0
SEQEND
8
B.Silkscreen
0
POLYLINE
8
B.Silkscreen
62
7
70
0
10
0.000000
20
0.000000
66
1
0
VERTEX
8
B.Silkscreen
10
244.210374
20
-182.289459
70
0
0
VERTEX
8
B.Silkscreen
10
244.227307
20
-182.292105
70
0
0
SEQEND
8
B.Silkscreen
0
POLYLINE
8
B.Silkscreen
62
7
70
0
10
0.000000
20
0.000000
66
1
0
VERTEX
8
B.Silkscreen
10
244.227307
20
-182.292105
70
0
0
VERTEX
8
B.Silkscreen
10
244.249532
20
-182.297396
70
0
0
SEQEND
8
B.Silkscreen
0
POLYLINE
8
B.Silkscreen
62
7
70
0
10
0.000000
20
0.000000
66
1
0
VERTEX
8
B.Silkscreen
10
244.249532
20
-182.297396
70
0
0
VERTEX
8
B.Silkscreen
10
244.279959
20
-182.300042
70
0
0
SEQEND
8
B.Silkscreen
0
POLYLINE
8
B.Silkscreen
62
7
70
0
10
0.000000
20
0.000000
66
1
0
VERTEX
8
B.Silkscreen
10
244.279959
20
-182.300042
70
0
0
VERTEX
8
B.Silkscreen
10
244.320440
20
-182.302688
70
0
0
SEQEND
8
B.Silkscreen
0
POLYLINE
8
B.Silkscreen
62
7
70
0
10
0.000000
20
0.000000
66
1
0
VERTEX
8
B.Silkscreen
10
244.320440
20
-182.302688
70
0
0
VERTEX
8
B.Silkscreen
10
244.373092
20
-182.305334
70
0
0
SEQEND
8
B.Silkscreen
0
POLYLINE
8
B.Silkscreen
62
7
70
0
10
0.000000
20
0.000000
66
1
0
VERTEX
8
B.Silkscreen
10
244.373092
20
-182.305334
70
0
0
VERTEX
8
B.Silkscreen
10
244.440296
20
-182.307979
70
0
0
SEQEND
8
B.Silkscreen
0
POLYLINE
8
B.Silkscreen
62
7
70
0
10
0.000000
20
0.000000
66
1
0
VERTEX
8
B.Silkscreen
10
244.440296
20
-182.307979
70
0
0
VERTEX
8
B.Silkscreen
10
244.524434
20
-182.307979
70
0
0
SEQEND
8
B.Silkscreen
0
POLYLINE
8
B.Silkscreen
62
7
70
0
10
0.000000
20
0.000000
66
1
0
VERTEX
8
B.Silkscreen
10
244.524434
20
-182.307979
70
0
0
VERTEX
8
B.Silkscreen
10
244.627356
20
-182.307979
70
0
0
SEQEND
8
B.Silkscreen
0
POLYLINE
8
B.Silkscreen
62
7
70
0
10
0.000000
20
0.000000
66
1
0
VERTEX
8
B.Silkscreen
10
244.627356
20
-182.307979
70
0
0
VERTEX
8
B.Silkscreen
10
244.751710
20
-182.310625
70
0
0
SEQEND
8
B.Silkscreen
0
POLYLINE
8
B.Silkscreen
62
7
70
0
10
0.000000
20
0.000000
66
1
0
VERTEX
8
B.Silkscreen
10
244.751710
20
-182.310625
70
0
0
VERTEX
8
B.Silkscreen
10
244.899348
20
-182.310625
70
0
0
SEQEND
8
B.Silkscreen
0
POLYLINE
8
B.Silkscreen
62
7
70
0
10
0.000000
20
0.000000
66
1
0
VERTEX
8
B.Silkscreen
10
244.899348
20
-182.310625
70
0
0
VERTEX
8
B.Silkscreen
10
245.072914
20
-182.310625
70
0
0
SEQEND
8
B.Silkscreen
0
POLYLINE
8
B.Silkscreen
62
7
70
0
10
0.000000
20
0.000000
66
1
0
VERTEX
8
B.Silkscreen
10
245.072914
20
-182.310625
70
0
0
VERTEX
8
B.Silkscreen
10
245.273997
20
-182.310625
70
0
0
SEQEND
8
B.Silkscreen
0
POLYLINE
8
B.Silkscreen
62
7
70
0
10
0.000000
20
0.000000
66
1
0
VERTEX
8
B.Silkscreen
10
245.273997
20
-182.310625
70
0
0
VERTEX
8
B.Silkscreen
10
245.505507
20
-182.310625
70
0
0
SEQEND
8
B.Silkscreen
0
POLYLINE
8
B.Silkscreen
62
7
70
0
10
0.000000
20
0.000000
66
1
0
VERTEX
8
B.Silkscreen
10
245.505507
20
-182.310625
70
0
0
VERTEX
8
B.Silkscreen
10
245.531172
20
-182.310625
70
0
0
SEQEND
8
B.Silkscreen
0
POLYLINE
8
B.Silkscreen
62
7
70
0
10
0.000000
20
0.000000
66
1
0
VERTEX
8
B.Silkscreen
10
245.531172
20
-182.310625
70
0
0
VERTEX
8
B.Silkscreen
10
245.731990
20
-182.310625
70
0
0
SEQEND
8
B.Silkscreen
0
POLYLINE
8
B.Silkscreen
62
7
70
0
10
0.000000
20
0.000000
66
1
0
VERTEX
8
B.Silkscreen
10
245.731990
20
-182.310625
70
0
0
VERTEX
8
B.Silkscreen
10
245.925136
20
-182.310625
70
0
0
SEQEND
8
B.Silkscreen
0
POLYLINE
8
B.Silkscreen
62
7
70
0
10
0.000000
20
0.000000
66
1
0
VERTEX
8
B.Silkscreen
10
245.925136
20
-182.310625
70
0
0
VERTEX
8
B.Silkscreen
10
246.108227
20
-182.310625
70
0
0
SEQEND
8
B.Silkscreen
0
POLYLINE
8
B.Silkscreen
62
7
70
0
10
0.000000
20
0.000000
66
1
0
VERTEX
8
B.Silkscreen
10
246.108227
20
-182.310625
70
0
0
VERTEX
8
B.Silkscreen
10
246.278619
20
-182.307979
70
0
0
SEQEND
8
B.Silkscreen
0
POLYLINE
8
B.Silkscreen
62
7
70
0
10
0.000000
20
0.000000
66
1
0
VERTEX
8
B.Silkscreen
10
246.278619
20
-182.307979
70
0
0
VERTEX
8
B.Silkscreen
10
246.432871
20
-182.307979
70
0
0
SEQEND
8
B.Silkscreen
0
POLYLINE
8
B.Silkscreen
62
7
70
0
10
0.000000
20
0.000000
66
1
0
VERTEX
8
B.Silkscreen
10
246.432871
20
-182.307979
70
0
0
VERTEX
8
B.Silkscreen
10
246.568866
20
-182.307979
70
0
0
SEQEND
8
B.Silkscreen
0
POLYLINE
8
B.Silkscreen
62
7
70
0
10
0.000000
20
0.000000
66
1
0
VERTEX
8
B.Silkscreen
10
246.568866
20
-182.307979
70
0
0
VERTEX
8
B.Silkscreen
10
246.683431
20
-182.305334
70
0
0
SEQEND
8
B.Silkscreen
0
POLYLINE
8
B.Silkscreen
62
7
70
0
10
0.000000
20
0.000000
66
1
0
VERTEX
8
B.Silkscreen
10
246.683431
20
-182.305334
70
0
0
VERTEX
8
B.Silkscreen
10
246.773918
20
-182.305334
70
0
0
SEQEND
8
B.Silkscreen
0
POLYLINE
8
B.Silkscreen
62
7
70
0
10
0.000000
20
0.000000
66
1
0
VERTEX
8
B.Silkscreen
10
246.773918
20
-182.305334
70
0
0
VERTEX
8
B.Silkscreen
10
246.837683
20
-182.302688
70
0
0
SEQEND
8
B.Silkscreen
0
POLYLINE
8
B.Silkscreen
62
7
70
0
10
0.000000
20
0.000000
66
1
0
VERTEX
8
B.Silkscreen
10
246.837683
20
-182.302688
70
0
0
VERTEX
8
B.Silkscreen
10
246.871814
20
-182.302688
70
0
0
SEQEND
8
B.Silkscreen
0
POLYLINE
8
B.Silkscreen
62
7
70
0
10
0.000000
20
0.000000
66
1
0
VERTEX
8
B.Silkscreen
10
246.871814
20
-182.302688
70
0
0
VERTEX
8
B.Silkscreen
10
246.914412
20
-182.297396
70
0
0
SEQEND
8
B.Silkscreen
0
POLYLINE
8
B.Silkscreen
62
7
70
0
10
0.000000
20
0.000000
66
1
0
VERTEX
8
B.Silkscreen
10
246.914412
20
-182.297396
70
0
0
VERTEX
8
B.Silkscreen
10
246.983203
20
-182.284167
70
0
0
SEQEND
8
B.Silkscreen
0
POLYLINE
8
B.Silkscreen
62
7
70
0
10
0.000000
20
0.000000
66
1
0
VERTEX
8
B.Silkscreen
10
246.983203
20
-182.284167
70
0
0
VERTEX
8
B.Silkscreen
10
247.035591
20
-182.260355
70
0
0
SEQEND
8
B.Silkscreen
0
POLYLINE
8
B.Silkscreen
62
7
70
0
10
0.000000
20
0.000000
66
1
0
VERTEX
8
B.Silkscreen
10
247.035591
20
-182.260355
70
0
0
VERTEX
8
B.Silkscreen
10
247.073691
20
-182.220667
70
0
0
SEQEND
8
B.Silkscreen
0
POLYLINE
8
B.Silkscreen
62
7
70
0
10
0.000000
20
0.000000
66
1
0
VERTEX
8
B.Silkscreen
10
247.073691
20
-182.220667
70
0
0
VERTEX
8
B.Silkscreen
10
247.099091
20
-182.165105
70
0
0
SEQEND
8
B.Silkscreen
0
POLYLINE
8
B.Silkscreen
62
7
70
0
10
0.000000
20
0.000000
66
1
0
VERTEX
8
B.Silkscreen
10
247.099091
20
-182.165105
70
0
0
VERTEX
8
B.Silkscreen
10
247.113907
20
-182.088376
70
0
0
SEQEND
8
B.Silkscreen
0
POLYLINE
8
B.Silkscreen
62
7
70
0
10
0.000000
20
0.000000
66
1
0
VERTEX
8
B.Silkscreen
10
247.113907
20
-182.088376
70
0
0
VERTEX
8
B.Silkscreen
10
247.119993
20
-181.985188
70
0
0
SEQEND
8
B.Silkscreen
0
POLYLINE
8
B.Silkscreen
62
7
70
0
10
0.000000
20
0.000000
66
1
0
VERTEX
8
B.Silkscreen
10
247.119993
20
-181.985188
70
0
0
VERTEX
8
B.Silkscreen
10
247.119464
20
-181.852897
70
0
0
SEQEND
8
B.Silkscreen
0
POLYLINE
8
B.Silkscreen
62
7
70
0
10
0.000000
20
0.000000
66
1
0
VERTEX
8
B.Silkscreen
10
247.119464
20
-181.852897
70
0
0
VERTEX
8
B.Silkscreen
10
247.117612
20
-181.781459
70
0
0
SEQEND
8
B.Silkscreen
0
POLYLINE
8
B.Silkscreen
62
7
70
0
10
0.000000
20
0.000000
66
1
0
VERTEX
8
B.Silkscreen
10
247.117612
20
-181.781459
70
0
0
VERTEX
8
B.Silkscreen
10
247.112585
20
-181.691501
70
0
0
SEQEND
8
B.Silkscreen
0
POLYLINE
8
B.Silkscreen
62
7
70
0
10
0.000000
20
0.000000
66
1
0
VERTEX
8
B.Silkscreen
10
247.112585
20
-181.691501
70
0
0
VERTEX
8
B.Silkscreen
10
247.103853
20
-181.625355
70
0
0
SEQEND
8
B.Silkscreen
0
POLYLINE
8
B.Silkscreen
62
7
70
0
10
0.000000
20
0.000000
66
1
0
VERTEX
8
B.Silkscreen
10
247.103853
20
-181.625355
70
0
0
VERTEX
8
B.Silkscreen
10
247.089037
20
-181.577730
70
0
0
SEQEND
8
B.Silkscreen
0
POLYLINE
8
B.Silkscreen
62
7
70
0
10
0.000000
20
0.000000
66
1
0
VERTEX
8
B.Silkscreen
10
247.089037
20
-181.577730
70
0
0
VERTEX
8
B.Silkscreen
10
247.066812
20
-181.540689
70
0
0
SEQEND
8
B.Silkscreen
0
POLYLINE
8
B.Silkscreen
62
7
70
0
10
0.000000
20
0.000000
66
1
0
VERTEX
8
B.Silkscreen
10
247.066812
20
-181.540689
70
0
0
VERTEX
8
B.Silkscreen
10
247.035062
20
-181.514230
70
0
0
SEQEND
8
B.Silkscreen
0
POLYLINE
8
B.Silkscreen
62
7
70
0
10
0.000000
20
0.000000
66
1
0
VERTEX
8
B.Silkscreen
10
247.035062
20
-181.514230
70
0
0
VERTEX
8
B.Silkscreen
10
246.991935
20
-181.490418
70
0
0
SEQEND
8
B.Silkscreen
0
POLYLINE
8
B.Silkscreen
62
7
70
0
10
0.000000
20
0.000000
66
1
0
VERTEX
8
B.Silkscreen
10
246.991935
20
-181.490418
70
0
0
VERTEX
8
B.Silkscreen
10
246.984262
20
-181.487772
70
0
0
SEQEND
8
B.Silkscreen
0
POLYLINE
8
B.Silkscreen
62
7
70
0
10
0.000000
20
0.000000
66
1
0
VERTEX
8
B.Silkscreen
10
246.984262
20
-181.487772
70
0
0
VERTEX
8
B.Silkscreen
10
246.970768
20
-181.482481
70
0
0
SEQEND
8
B.Silkscreen
0
POLYLINE
8
B.Silkscreen
62
7
70
0
10
0.000000
20
0.000000
66
1
0
VERTEX
8
B.Silkscreen
10
246.970768
20
-181.482481
70
0
0
VERTEX
8
B.Silkscreen
10
246.951983
20
-181.477189
70
0
0
SEQEND
8
B.Silkscreen
0
POLYLINE
8
B.Silkscreen
62
7
70
0
10
0.000000
20
0.000000
66
1
0
VERTEX
8
B.Silkscreen
10
246.951983
20
-181.477189
70
0
0
VERTEX
8
B.Silkscreen
10
246.926583
20
-181.474543
70
0
0
SEQEND
8
B.Silkscreen
0
POLYLINE
8
B.Silkscreen
62
7
70
0
10
0.000000
20
0.000000
66
1
0
VERTEX
8
B.Silkscreen
10
246.926583
20
-181.474543
70
0
0
VERTEX
8
B.Silkscreen
10
246.891658
20
-181.471897
70
0
0
SEQEND
8
B.Silkscreen
0
POLYLINE
8
B.Silkscreen
62
7
70
0
10
0.000000
20
0.000000
66
1
0
VERTEX
8
B.Silkscreen
10
246.891658
20
-181.471897
70
0
0
VERTEX
8
B.Silkscreen
10
246.845885
20
-181.469251
70
0
0
SEQEND
8
B.Silkscreen
0
POLYLINE
8
B.Silkscreen
62
7
70
0
10
0.000000
20
0.000000
66
1
0
VERTEX
8
B.Silkscreen
10
246.845885
20
-181.469251
70
0
0
VERTEX
8
B.Silkscreen
10
246.786354
20
-181.466606
70
0
0
SEQEND
8
B.Silkscreen
0
POLYLINE
8
B.Silkscreen
62
7
70
0
10
0.000000
20
0.000000
66
1
0
VERTEX
8
B.Silkscreen
10
246.786354
20
-181.466606
70
0
0
VERTEX
8
B.Silkscreen
10
246.711741
20
-181.466606
70
0
0
SEQEND
8
B.Silkscreen
0
POLYLINE
8
B.Silkscreen
62
7
70
0
10
0.000000
20
0.000000
66
1
0
VERTEX
8
B.Silkscreen
10
246.711741
20
-181.466606
70
0
0
VERTEX
8
B.Silkscreen
10
246.619402
20
-181.463960
70
0
0
SEQEND
8
B.Silkscreen
0
POLYLINE
8
B.Silkscreen
62
7
70
0
10
0.000000
20
0.000000
66
1
0
VERTEX
8
B.Silkscreen
10
246.619402
20
-181.463960
70
0
0
VERTEX
8
B.Silkscreen
10
246.507219
20
-181.463960
70
0
0
SEQEND
8
B.Silkscreen
0
POLYLINE
8
B.Silkscreen
62
7
70
0
10
0.000000
20
0.000000
66
1
0
VERTEX
8
B.Silkscreen
10
246.507219
20
-181.463960
70
0
0
VERTEX
8
B.Silkscreen
10
246.373604
20
-181.463960
70
0
0
SEQEND
8
B.Silkscreen
0
POLYLINE
8
B.Silkscreen
62
7
70
0
10
0.000000
20
0.000000
66
1
0
VERTEX
8
B.Silkscreen
10
246.373604
20
-181.463960
70
0
0
VERTEX
8
B.Silkscreen
10
246.215913
20
-181.461314
70
0
0
SEQEND
8
B.Silkscreen
0
POLYLINE
8
B.Silkscreen
62
7
70
0
10
0.000000
20
0.000000
66
1
0
VERTEX
8
B.Silkscreen
10
246.215913
20
-181.461314
70
0
0
VERTEX
8
B.Silkscreen
10
246.032028
20
-181.461314
70
0
0
SEQEND
8
B.Silkscreen
0
POLYLINE
8
B.Silkscreen
62
7
70
0
10
0.000000
20
0.000000
66
1
0
VERTEX
8
B.Silkscreen
10
246.032028
20
-181.461314
70
0
0
VERTEX
8
B.Silkscreen
10
245.820361
20
-181.461314
70
0
0
SEQEND
8
B.Silkscreen
0
POLYLINE
8
B.Silkscreen
62
7
70
0
10
0.000000
20
0.000000
66
1
0
VERTEX
8
B.Silkscreen
10
245.820361
20
-181.461314
70
0
0
VERTEX
8
B.Silkscreen
10
245.578268
20
-181.461314
70
0
0
SEQEND
8
B.Silkscreen
0
POLYLINE
8
B.Silkscreen
62
7
70
0
10
0.000000
20
0.000000
66
1
0
VERTEX
8
B.Silkscreen
10
245.578268
20
-181.461314
70
0
0
VERTEX
8
B.Silkscreen
10
245.454972
20
-181.461314
70
0
0
SEQEND
8
B.Silkscreen
0
POLYLINE
8
B.Silkscreen
62
7
70
0
10
0.000000
20
0.000000
66
1
0
VERTEX
8
B.Silkscreen
10
245.454972
20
-181.461314
70
0
0
VERTEX
8
B.Silkscreen
10
245.229018
20
-181.461314
70
0
0
SEQEND
8
B.Silkscreen
0
POLYLINE
8
B.Silkscreen
62
7
70
0
10
0.000000
20
0.000000
66
1
0
VERTEX
8
B.Silkscreen
10
245.229018
20
-181.461314
70
0
0
VERTEX
8
B.Silkscreen
10
245.032433
20
-181.461314
70
0
0
SEQEND
8
B.Silkscreen
0
POLYLINE
8
B.Silkscreen
62
7
70
0
10
0.000000
20
0.000000
66
1
0
VERTEX
8
B.Silkscreen
10
245.032433
20
-181.461314
70
0
0
VERTEX
8
B.Silkscreen
10
244.862835
20
-181.461314
70
0
0
SEQEND
8
B.Silkscreen
0
POLYLINE
8
B.Silkscreen
62
7
70
0
10
0.000000
20
0.000000
66
1
0
VERTEX
8
B.Silkscreen
10
244.862835
20
-181.461314
70
0
0
VERTEX
8
B.Silkscreen
10
244.718108
20
-181.463960
70
0
0
SEQEND
8
B.Silkscreen
0
POLYLINE
8
B.Silkscreen
62
7
70
0
10
0.000000
20
0.000000
66
1
0
VERTEX
8
B.Silkscreen
10
244.718108
20
-181.463960
70
0
0
VERTEX
8
B.Silkscreen
10
244.596400
20
-181.463960
70
0
0
SEQEND
8
B.Silkscreen
0
POLYLINE
8
B.Silkscreen
62
7
70
0
10
0.000000
20
0.000000
66
1
0
VERTEX
8
B.Silkscreen
10
244.596400
20
-181.463960
70
0
0
VERTEX
8
B.Silkscreen
10
244.495329
20
-181.463960
70
0
0
SEQEND
8
B.Silkscreen
0
POLYLINE
8
B.Silkscreen
62
7
70
0
10
0.000000
20
0.000000
66
1
0
VERTEX
8
B.Silkscreen
10
244.495329
20
-181.463960
70
0
0
VERTEX
8
B.Silkscreen
10
244.412780
20
-181.466606
70
0
0
SEQEND
8
B.Silkscreen
0
POLYLINE
8
B.Silkscreen
62
7
70
0
10
0.000000
20
0.000000
66
1
0
VERTEX
8
B.Silkscreen
10
244.412780
20
-181.466606
70
0
0
VERTEX
8
B.Silkscreen
10
244.346634
20
-181.466606
70
0
0
SEQEND
8
B.Silkscreen
0
POLYLINE
8
B.Silkscreen
62
7
70
0
10
0.000000
20
0.000000
66
1
0
VERTEX
8
B.Silkscreen
10
244.346634
20
-181.466606
70
0
0
VERTEX
8
B.Silkscreen
10
244.295040
20
-181.469251
70
0
0
SEQEND
8
B.Silkscreen
0
POLYLINE
8
B.Silkscreen
62
7
70
0
10
0.000000
20
0.000000
66
1
0
VERTEX
8
B.Silkscreen
10
244.295040
20
-181.469251
70
0
0
VERTEX
8
B.Silkscreen
10
244.255353
20
-181.471897
70
0
0
SEQEND
8
B.Silkscreen
0
POLYLINE
8
B.Silkscreen
62
7
70
0
10
0.000000
20
0.000000
66
1
0
VERTEX
8
B.Silkscreen
10
244.255353
20
-181.471897
70
0
0
VERTEX
8
B.Silkscreen
10
244.225984
20
-181.474543
70
0
0
SEQEND
8
B.Silkscreen
0
POLYLINE
8
B.Silkscreen
62
7
70
0
10
0.000000
20
0.000000
66
1
0
VERTEX
8
B.Silkscreen
10
244.225984
20
-181.474543
70
0
0
VERTEX
8
B.Silkscreen
10
244.204553
20
-181.479835
70
0
0
SEQEND
8
B.Silkscreen
0
POLYLINE
8
B.Silkscreen
62
7
70
0
10
0.000000
20
0.000000
66
1
0
VERTEX
8
B.Silkscreen
10
244.204553
20
-181.479835
70
0
0
VERTEX
8
B.Silkscreen
10
244.189207
20
-181.482481
70
0
0
SEQEND
8
B.Silkscreen
0
POLYLINE
8
B.Silkscreen
62
7
70
0
10
0.000000
20
0.000000
66
1
0
VERTEX
8
B.Silkscreen
10
244.189207
20
-181.482481
70
0
0
VERTEX
8
B.Silkscreen
10
244.177565
20
-181.487772
70
0
0
SEQEND
8
B.Silkscreen
0
POLYLINE
8
B.Silkscreen
62
7
70
0
10
0.000000
20
0.000000
66
1
0
VERTEX
8
B.Silkscreen
10
244.177565
20
-181.487772
70
0
0
VERTEX
8
B.Silkscreen
10
244.167247
20
-181.493064
70
0
0
SEQEND
8
B.Silkscreen
0
POLYLINE
8
B.Silkscreen
62
7
70
0
10
0.000000
20
0.000000
66
1
0
VERTEX
8
B.Silkscreen
10
244.167247
20
-181.493064
70
0
0
VERTEX
8
B.Silkscreen
10
244.133380
20
-181.516876
70
0
0
SEQEND
8
B.Silkscreen
0
POLYLINE
8
B.Silkscreen
62
7
70
0
10
0.000000
20
0.000000
66
1
0
VERTEX
8
B.Silkscreen
10
244.133380
20
-181.516876
70
0
0
VERTEX
8
B.Silkscreen
10
244.100836
20
-181.545980
70
0
0
SEQEND
8
B.Silkscreen
0
POLYLINE
8
B.Silkscreen
62
7
70
0
10
0.000000
20
0.000000
66
1
0
VERTEX
8
B.Silkscreen
10
244.100836
20
-181.545980
70
0
0
VERTEX
8
B.Silkscreen
10
244.078082
20
-181.580376
70
0
0
SEQEND
8
B.Silkscreen
0
POLYLINE
8
B.Silkscreen
62
7
70
0
10
0.000000
20
0.000000
66
1
0
VERTEX
8
B.Silkscreen
10
244.078082
20
-181.580376
70
0
0
VERTEX
8
B.Silkscreen
10
244.063530
20
-181.628001
70
0
0
SEQEND
8
B.Silkscreen
0
POLYLINE
8
B.Silkscreen
62
7
70
0
10
0.000000
20
0.000000
66
1
0
VERTEX
8
B.Silkscreen
10
244.063530
20
-181.628001
70
0
0
VERTEX
8
B.Silkscreen
10
244.055593
20
-181.691501
70
0
0
SEQEND
8
B.Silkscreen
0
POLYLINE
8
B.Silkscreen
62
7
70
0
10
0.000000
20
0.000000
66
1
0
VERTEX
8
B.Silkscreen
10
244.055593
20
-181.691501
70
0
0
VERTEX
8
B.Silkscreen
10
244.052947
20
-181.778813
70
0
0
SEQEND
8
B.Silkscreen
0
POLYLINE
8
B.Silkscreen
62
7
70
0
10
0.000000
20
0.000000
66
1
0
VERTEX
8
B.Silkscreen
10
242.353266
20
-181.778813
70
0
0
VERTEX
8
B.Silkscreen
10
242.254047
20
-181.672980
70
0
0
SEQEND
8
B.Silkscreen
0
POLYLINE
8
B.Silkscreen
62
7
70
0
10
0.000000
20
0.000000
66
1
0
VERTEX
8
B.Silkscreen
10
242.254047
20
-181.672980
70
0
0
VERTEX
8
B.Silkscreen
10
241.998460
20
-181.358127
70
0
0
SEQEND
8
B.Silkscreen
0
POLYLINE
8
B.Silkscreen
62
7
70
0
10
0.000000
20
0.000000
66
1
0
VERTEX
8
B.Silkscreen
10
241.998460
20
-181.358127
70
0
0
VERTEX
8
B.Silkscreen
10
241.896860
20
-181.217898
70
0
0
SEQEND
8
B.Silkscreen
0
POLYLINE
8
B.Silkscreen
62
7
70
0
10
0.000000
20
0.000000
66
1
0
VERTEX
8
B.Silkscreen
10
241.896860
20
-181.217898
70
0
0
VERTEX
8
B.Silkscreen
10
241.662175
20
-180.860710
70
0
0
SEQEND
8
B.Silkscreen
0
POLYLINE
8
B.Silkscreen
62
7
70
0
10
0.000000
20
0.000000
66
1
0
VERTEX
8
B.Silkscreen
10
241.662175
20
-180.860710
70
0
0
VERTEX
8
B.Silkscreen
10
241.483052
20
-180.540565
70
0
0
SEQEND
8
B.Silkscreen
0
POLYLINE
8
B.Silkscreen
62
7
70
0
10
0.000000
20
0.000000
66
1
0
VERTEX
8
B.Silkscreen
10
243.209721
20
-180.540565
70
0
0
VERTEX
8
B.Silkscreen
10
243.212631
20
-180.604065
70
0
0
SEQEND
8
B.Silkscreen
0
POLYLINE
8
B.Silkscreen
62
7
70
0
10
0.000000
20
0.000000
66
1
0
VERTEX
8
B.Silkscreen
10
243.212631
20
-180.604065
70
0
0
VERTEX
8
B.Silkscreen
10
243.221098
20
-180.688732
70
0
0
SEQEND
8
B.Silkscreen
0
POLYLINE
8
B.Silkscreen
62
7
70
0
10
0.000000
20
0.000000
66
1
0
VERTEX
8
B.Silkscreen
10
243.221098
20
-180.688732
70
0
0
VERTEX
8
B.Silkscreen
10
243.234327
20
-180.799856
70
0
0
SEQEND
8
B.Silkscreen
0
POLYLINE
8
B.Silkscreen
62
7
70
0
10
0.000000
20
0.000000
66
1
0
VERTEX
8
B.Silkscreen
10
243.234327
20
-180.799856
70
0
0
VERTEX
8
B.Silkscreen
10
243.242529
20
-180.860710
70
0
0
SEQEND
8
B.Silkscreen
0
POLYLINE
8
B.Silkscreen
62
7
70
0
10
0.000000
20
0.000000
66
1
0
VERTEX
8
B.Silkscreen
10
243.242529
20
-180.860710
70
0
0
VERTEX
8
B.Silkscreen
10
243.258404
20
-180.950669
70
0
0
SEQEND
8
B.Silkscreen
0
POLYLINE
8
B.Silkscreen
62
7
70
0
10
0.000000
20
0.000000
66
1
0
VERTEX
8
B.Silkscreen
10
243.258404
20
-180.950669
70
0
0
VERTEX
8
B.Silkscreen
10
243.276925
20
-181.019460
70
0
0
SEQEND
8
B.Silkscreen
0
POLYLINE
8
B.Silkscreen
62
7
70
0
10
0.000000
20
0.000000
66
1
0
VERTEX
8
B.Silkscreen
10
243.276925
20
-181.019460
70
0
0
VERTEX
8
B.Silkscreen
10
243.300737
20
-181.067085
70
0
0
SEQEND
8
B.Silkscreen
0
POLYLINE
8
B.Silkscreen
62
7
70
0
10
0.000000
20
0.000000
66
1
0
VERTEX
8
B.Silkscreen
10
243.300737
20
-181.067085
70
0
0
VERTEX
8
B.Silkscreen
10
243.331429
20
-181.101481
70
0
0
SEQEND
8
B.Silkscreen
0
POLYLINE
8
B.Silkscreen
62
7
70
0
10
0.000000
20
0.000000
66
1
0
VERTEX
8
B.Silkscreen
10
243.331429
20
-181.101481
70
0
0
VERTEX
8
B.Silkscreen
10
243.371645
20
-181.125293
70
0
0
SEQEND
8
B.Silkscreen
0
POLYLINE
8
B.Silkscreen
62
7
70
0
10
0.000000
20
0.000000
66
1
0
VERTEX
8
B.Silkscreen
10
243.371645
20
-181.125293
70
0
0
VERTEX
8
B.Silkscreen
10
243.374027
20
-181.127939
70
0
0
SEQEND
8
B.Silkscreen
0
POLYLINE
8
B.Silkscreen
62
7
70
0
10
0.000000
20
0.000000
66
1
0
VERTEX
8
B.Silkscreen
10
243.374027
20
-181.127939
70
0
0
VERTEX
8
B.Silkscreen
10
243.399162
20
-181.138523
70
0
0
SEQEND
8
B.Silkscreen
0
POLYLINE
8
B.Silkscreen
62
7
70
0
10
0.000000
20
0.000000
66
1
0
VERTEX
8
B.Silkscreen
10
243.399162
20
-181.138523
70
0
0
VERTEX
8
B.Silkscreen
10
243.430912
20
-181.143814
70
0
0
SEQEND
8
B.Silkscreen
0
POLYLINE
8
B.Silkscreen
62
7
70
0
10
0.000000
20
0.000000
66
1
0
VERTEX
8
B.Silkscreen
10
243.430912
20
-181.143814
70
0
0
VERTEX
8
B.Silkscreen
10
243.474304
20
-181.149106
70
0
0
SEQEND
8
B.Silkscreen
0
POLYLINE
8
B.Silkscreen
62
7
70
0
10
0.000000
20
0.000000
66
1
0
VERTEX
8
B.Silkscreen
10
243.474304
20
-181.149106
70
0
0
VERTEX
8
B.Silkscreen
10
243.534893
20
-181.151752
70
0
0
SEQEND
8
B.Silkscreen
0
POLYLINE
8
B.Silkscreen
62
7
70
0
10
0.000000
20
0.000000
66
1
0
VERTEX
8
B.Silkscreen
10
243.534893
20
-181.151752
70
0
0
VERTEX
8
B.Silkscreen
10
243.617178
20
-181.154398
70
0
0
SEQEND
8
B.Silkscreen
0
POLYLINE
8
B.Silkscreen
62
7
70
0
10
0.000000
20
0.000000
66
1
0
VERTEX
8
B.Silkscreen
10
243.617178
20
-181.154398
70
0
0
VERTEX
8
B.Silkscreen
10
243.726980
20
-181.154398
70
0
0
SEQEND
8
B.Silkscreen
0
POLYLINE
8
B.Silkscreen
62
7
70
0
10
0.000000
20
0.000000
66
1
0
VERTEX
8
B.Silkscreen
10
243.726980
20
-181.154398
70
0
0
VERTEX
8
B.Silkscreen
10
243.741003
20
-181.154398
70
0
0
SEQEND
8
B.Silkscreen
0
POLYLINE
8
B.Silkscreen
62
7
70
0
10
0.000000
20
0.000000
66
1
0
VERTEX
8
B.Silkscreen
10
243.741003
20
-181.154398
70
0
0
VERTEX
8
B.Silkscreen
10
243.852657
20
-181.151752
70
0
0
SEQEND
8
B.Silkscreen
0
POLYLINE
8
B.Silkscreen
62
7
70
0
10
0.000000
20
0.000000
66
1
0
VERTEX
8
B.Silkscreen
10
243.852657
20
-181.151752
70
0
0
VERTEX
8
B.Silkscreen
10
243.937059
20
-181.151752
70
0
0
SEQEND
8
B.Silkscreen
0
POLYLINE
8
B.Silkscreen
62
7
70
0
10
0.000000
20
0.000000
66
1
0
VERTEX
8
B.Silkscreen
10
243.937059
20
-181.151752
70
0
0
VERTEX
8
B.Silkscreen
10
243.999236
20
-181.146460
70
0
0
SEQEND
8
B.Silkscreen
0
POLYLINE
8
B.Silkscreen
62
7
70
0
10
0.000000
20
0.000000
66
1
0
VERTEX
8
B.Silkscreen
10
243.999236
20
-181.146460
70
0
0
VERTEX
8
B.Silkscreen
10
244.043686
20
-181.138523
70
0
0
SEQEND
8
B.Silkscreen
0
POLYLINE
8
B.Silkscreen
62
7
70
0
10
0.000000
20
0.000000
66
1
0
VERTEX
8
B.Silkscreen
10
244.043686
20
-181.138523
70
0
0
VERTEX
8
B.Silkscreen
10
244.074907
20
-181.127939
70
0
0
SEQEND
8
B.Silkscreen
0
POLYLINE
8
B.Silkscreen
62
7
70
0
10
0.000000
20
0.000000
66
1
0
VERTEX
8
B.Silkscreen
10
244.074907
20
-181.127939
70
0
0
VERTEX
8
B.Silkscreen
10
244.098190
20
-181.114710
70
0
0
SEQEND
8
B.Silkscreen
0
POLYLINE
8
B.Silkscreen
62
7
70
0
10
0.000000
20
0.000000
66
1
0
VERTEX
8
B.Silkscreen
10
244.098190
20
-181.114710
70
0
0
VERTEX
8
B.Silkscreen
10
244.117770
20
-181.096189
70
0
0
SEQEND
8
B.Silkscreen
0
POLYLINE
8
B.Silkscreen
62
7
70
0
10
0.000000
20
0.000000
66
1
0
VERTEX
8
B.Silkscreen
10
244.117770
20
-181.096189
70
0
0
VERTEX
8
B.Silkscreen
10
244.127295
20
-181.085606
70
0
0
SEQEND
8
B.Silkscreen
0
POLYLINE
8
B.Silkscreen
62
7
70
0
10
0.000000
20
0.000000
66
1
0
VERTEX
8
B.Silkscreen
10
244.127295
20
-181.085606
70
0
0
VERTEX
8
B.Silkscreen
10
244.147403
20
-181.056502
70
0
0
SEQEND
8
B.Silkscreen
0
POLYLINE
8
B.Silkscreen
62
7
70
0
10
0.000000
20
0.000000
66
1
0
VERTEX
8
B.Silkscreen
10
244.147403
20
-181.056502
70
0
0
VERTEX
8
B.Silkscreen
10
244.160103
20
-181.022106
70
0
0
SEQEND
8
B.Silkscreen
0
POLYLINE
8
B.Silkscreen
62
7
70
0
10
0.000000
20
0.000000
66
1
0
VERTEX
8
B.Silkscreen
10
244.160103
20
-181.022106
70
0
0
VERTEX
8
B.Silkscreen
10
244.166188
20
-180.977127
70
0
0
SEQEND
8
B.Silkscreen
0
POLYLINE
8
B.Silkscreen
62
7
70
0
10
0.000000
20
0.000000
66
1
0
VERTEX
8
B.Silkscreen
10
244.166188
20
-180.977127
70
0
0
VERTEX
8
B.Silkscreen
10
244.165924
20
-180.918919
70
0
0
SEQEND
8
B.Silkscreen
0
POLYLINE
8
B.Silkscreen
62
7
70
0
10
0.000000
20
0.000000
66
1
0
VERTEX
8
B.Silkscreen
10
244.165924
20
-180.918919
70
0
0
VERTEX
8
B.Silkscreen
10
244.159838
20
-180.839544
70
0
0
SEQEND
8
B.Silkscreen
0
POLYLINE
8
B.Silkscreen
62
7
70
0
10
0.000000
20
0.000000
66
1
0
VERTEX
8
B.Silkscreen
10
244.159838
20
-180.839544
70
0
0
VERTEX
8
B.Silkscreen
10
244.148461
20
-180.731065
70
0
0
SEQEND
8
B.Silkscreen
0
POLYLINE
8
B.Silkscreen
62
7
70
0
10
0.000000
20
0.000000
66
1
0
VERTEX
8
B.Silkscreen
10
244.148461
20
-180.731065
70
0
0
VERTEX
8
B.Silkscreen
10
244.139995
20
-180.659627
70
0
0
SEQEND
8
B.Silkscreen
0
POLYLINE
8
B.Silkscreen
62
7
70
0
10
0.000000
20
0.000000
66
1
0
VERTEX
8
B.Silkscreen
10
244.139995
20
-180.659627
70
0
0
VERTEX
8
B.Silkscreen
10
244.128617
20
-180.574961
70
0
0
SEQEND
8
B.Silkscreen
0
POLYLINE
8
B.Silkscreen
62
7
70
0
10
0.000000
20
0.000000
66
1
0
VERTEX
8
B.Silkscreen
10
244.128617
20
-180.574961
70
0
0
VERTEX
8
B.Silkscreen
10
244.123326
20
-180.543211
70
0
0
SEQEND
8
B.Silkscreen
0
POLYLINE
8
B.Silkscreen
62
7
70
0
10
0.000000
20
0.000000
66
1
0
VERTEX
8
B.Silkscreen
10
244.123326
20
-180.543211
70
0
0
VERTEX
8
B.Silkscreen
10
244.359069
20
-180.543211
70
0
0
SEQEND
8
B.Silkscreen
0
POLYLINE
8
B.Silkscreen
62
7
70
0
10
0.000000
20
0.000000
66
1
0
VERTEX
8
B.Silkscreen
10
244.359069
20
-180.543211
70
0
0
VERTEX
8
B.Silkscreen
10
244.361450
20
-180.609357
70
0
0
SEQEND
8
B.Silkscreen
0
POLYLINE
8
B.Silkscreen
62
7
70
0
10
0.000000
20
0.000000
66
1
0
VERTEX
8
B.Silkscreen
10
244.361450
20
-180.609357
70
0
0
VERTEX
8
B.Silkscreen
10
244.369123
20
-180.696669
70
0
0
SEQEND
8
B.Silkscreen
0
POLYLINE
8
B.Silkscreen
62
7
70
0
10
0.000000
20
0.000000
66
1
0
VERTEX
8
B.Silkscreen
10
244.369123
20
-180.696669
70
0
0
VERTEX
8
B.Silkscreen
10
244.382353
20
-180.813086
70
0
0
SEQEND
8
B.Silkscreen
0
POLYLINE
8
B.Silkscreen
62
7
70
0
10
0.000000
20
0.000000
66
1
0
VERTEX
8
B.Silkscreen
10
244.382353
20
-180.813086
70
0
0
VERTEX
8
B.Silkscreen
10
244.391084
20
-180.879231
70
0
0
SEQEND
8
B.Silkscreen
0
POLYLINE
8
B.Silkscreen
62
7
70
0
10
0.000000
20
0.000000
66
1
0
VERTEX
8
B.Silkscreen
10
244.391084
20
-180.879231
70
0
0
VERTEX
8
B.Silkscreen
10
244.404313
20
-180.961252
70
0
0
SEQEND
8
B.Silkscreen
0
POLYLINE
8
B.Silkscreen
62
7
70
0
10
0.000000
20
0.000000
66
1
0
VERTEX
8
B.Silkscreen
10
244.404313
20
-180.961252
70
0
0
VERTEX
8
B.Silkscreen
10
244.409075
20
-180.977127
70
0
0
SEQEND
8
B.Silkscreen
0
POLYLINE
8
B.Silkscreen
62
7
70
0
10
0.000000
20
0.000000
66
1
0
VERTEX
8
B.Silkscreen
10
244.409075
20
-180.977127
70
0
0
VERTEX
8
B.Silkscreen
10
244.419923
20
-181.019460
70
0
0
SEQEND
8
B.Silkscreen
0
POLYLINE
8
B.Silkscreen
62
7
70
0
10
0.000000
20
0.000000
66
1
0
VERTEX
8
B.Silkscreen
10
244.419923
20
-181.019460
70
0
0
VERTEX
8
B.Silkscreen
10
244.440296
20
-181.061794
70
0
0
SEQEND
8
B.Silkscreen
0
POLYLINE
8
B.Silkscreen
62
7
70
0
10
0.000000
20
0.000000
66
1
0
VERTEX
8
B.Silkscreen
10
244.440296
20
-181.061794
70
0
0
VERTEX
8
B.Silkscreen
10
244.468077
20
-181.096189
70
0
0
SEQEND
8
B.Silkscreen
0
POLYLINE
8
B.Silkscreen
62
7
70
0
10
0.000000
20
0.000000
66
1
0
VERTEX
8
B.Silkscreen
10
244.468077
20
-181.096189
70
0
0
VERTEX
8
B.Silkscreen
10
244.505648
20
-181.127939
70
0
0
SEQEND
8
B.Silkscreen
0
POLYLINE
8
B.Silkscreen
62
7
70
0
10
0.000000
20
0.000000
66
1
0
VERTEX
8
B.Silkscreen
10
244.505648
20
-181.127939
70
0
0
VERTEX
8
B.Silkscreen
10
244.524698
20
-181.138523
70
0
0
SEQEND
8
B.Silkscreen
0
POLYLINE
8
B.Silkscreen
62
7
70
0
10
0.000000
20
0.000000
66
1
0
VERTEX
8
B.Silkscreen
10
244.524698
20
-181.138523
70
0
0
VERTEX
8
B.Silkscreen
10
244.553538
20
-181.149106
70
0
0
SEQEND
8
B.Silkscreen
0
POLYLINE
8
B.Silkscreen
62
7
70
0
10
0.000000
20
0.000000
66
1
0
VERTEX
8
B.Silkscreen
10
244.553538
20
-181.149106
70
0
0
VERTEX
8
B.Silkscreen
10
244.595077
20
-181.154398
70
0
0
SEQEND
8
B.Silkscreen
0
POLYLINE
8
B.Silkscreen
62
7
70
0
10
0.000000
20
0.000000
66
1
0
VERTEX
8
B.Silkscreen
10
244.595077
20
-181.154398
70
0
0
VERTEX
8
B.Silkscreen
10
244.655931
20
-181.157043
70
0
0
SEQEND
8
B.Silkscreen
0
POLYLINE
8
B.Silkscreen
62
7
70
0
10
0.000000
20
0.000000
66
1
0
VERTEX
8
B.Silkscreen
10
244.655931
20
-181.157043
70
0
0
VERTEX
8
B.Silkscreen
10
244.742450
20
-181.159689
70
0
0
SEQEND
8
B.Silkscreen
0
POLYLINE
8
B.Silkscreen
62
7
70
0
10
0.000000
20
0.000000
66
1
0
VERTEX
8
B.Silkscreen
10
244.742450
20
-181.159689
70
0
0
VERTEX
8
B.Silkscreen
10
244.784783
20
-181.159689
70
0
0
SEQEND
8
B.Silkscreen
0
POLYLINE
8
B.Silkscreen
62
7
70
0
10
0.000000
20
0.000000
66
1
0
VERTEX
8
B.Silkscreen
10
244.784783
20
-181.159689
70
0
0
VERTEX
8
B.Silkscreen
10
244.878975
20
-181.159689
70
0
0
SEQEND
8
B.Silkscreen
0
POLYLINE
8
B.Silkscreen
62
7
70
0
10
0.000000
20
0.000000
66
1
0
VERTEX
8
B.Silkscreen
10
244.878975
20
-181.159689
70
0
0
VERTEX
8
B.Silkscreen
10
244.949089
20
-181.157043
70
0
0
SEQEND
8
B.Silkscreen
0
POLYLINE
8
B.Silkscreen
62
7
70
0
10
0.000000
20
0.000000
66
1
0
VERTEX
8
B.Silkscreen
10
244.949089
20
-181.157043
70
0
0
VERTEX
8
B.Silkscreen
10
245.000948
20
-181.149106
70
0
0
SEQEND
8
B.Silkscreen
0
POLYLINE
8
B.Silkscreen
62
7
70
0
10
0.000000
20
0.000000
66
1
0
VERTEX
8
B.Silkscreen
10
245.000948
20
-181.149106
70
0
0
VERTEX
8
B.Silkscreen
10
245.040635
20
-181.135877
70
0
0
SEQEND
8
B.Silkscreen
0
POLYLINE
8
B.Silkscreen
62
7
70
0
10
0.000000
20
0.000000
66
1
0
VERTEX
8
B.Silkscreen
10
245.040635
20
-181.135877
70
0
0
VERTEX
8
B.Silkscreen
10
245.074237
20
-181.117356
70
0
0
SEQEND
8
B.Silkscreen
0
POLYLINE
8
B.Silkscreen
62
7
70
0
10
0.000000
20
0.000000
66
1
0
VERTEX
8
B.Silkscreen
10
245.074237
20
-181.117356
70
0
0
VERTEX
8
B.Silkscreen
10
245.090641
20
-181.106773
70
0
0
SEQEND
8
B.Silkscreen
0
POLYLINE
8
B.Silkscreen
62
7
70
0
10
0.000000
20
0.000000
66
1
0
VERTEX
8
B.Silkscreen
10
245.090641
20
-181.106773
70
0
0
VERTEX
8
B.Silkscreen
10
245.116306
20
-181.080314
70
0
0
SEQEND
8
B.Silkscreen
0
POLYLINE
8
B.Silkscreen
62
7
70
0
10
0.000000
20
0.000000
66
1
0
VERTEX
8
B.Silkscreen
10
245.116306
20
-181.080314
70
0
0
VERTEX
8
B.Silkscreen
10
245.133504
20
-181.045919
70
0
0
SEQEND
8
B.Silkscreen
0
POLYLINE
8
B.Silkscreen
62
7
70
0
10
0.000000
20
0.000000
66
1
0
VERTEX
8
B.Silkscreen
10
245.133504
20
-181.045919
70
0
0
VERTEX
8
B.Silkscreen
10
245.142235
20
-181.000939
70
0
0
SEQEND
8
B.Silkscreen
0
POLYLINE
8
B.Silkscreen
62
7
70
0
10
0.000000
20
0.000000
66
1
0
VERTEX
8
B.Silkscreen
10
245.142235
20
-181.000939
70
0
0
VERTEX
8
B.Silkscreen
10
245.143822
20
-180.937440
70
0
0
SEQEND
8
B.Silkscreen
0
POLYLINE
8
B.Silkscreen
62
7
70
0
10
0.000000
20
0.000000
66
1
0
VERTEX
8
B.Silkscreen
10
245.143822
20
-180.937440
70
0
0
VERTEX
8
B.Silkscreen
10
245.138531
20
-180.850127
70
0
0
SEQEND
8
B.Silkscreen
0
POLYLINE
8
B.Silkscreen
62
7
70
0
10
0.000000
20
0.000000
66
1
0
VERTEX
8
B.Silkscreen
10
245.138531
20
-180.850127
70
0
0
VERTEX
8
B.Silkscreen
10
245.127418
20
-180.739002
70
0
0
SEQEND
8
B.Silkscreen
0
POLYLINE
8
B.Silkscreen
62
7
70
0
10
0.000000
20
0.000000
66
1
0
VERTEX
8
B.Silkscreen
10
245.127418
20
-180.739002
70
0
0
VERTEX
8
B.Silkscreen
10
245.121862
20
-180.688732
70
0
0
SEQEND
8
B.Silkscreen
0
POLYLINE
8
B.Silkscreen
62
7
70
0
10
0.000000
20
0.000000
66
1
0
VERTEX
8
B.Silkscreen
10
245.121862
20
-180.688732
70
0
0
VERTEX
8
B.Silkscreen
10
245.111279
20
-180.606711
70
0
0
SEQEND
8
B.Silkscreen
0
POLYLINE
8
B.Silkscreen
62
7
70
0
10
0.000000
20
0.000000
66
1
0
VERTEX
8
B.Silkscreen
10
245.111279
20
-180.606711
70
0
0
VERTEX
8
B.Silkscreen
10
245.101489
20
-180.540565
70
0
0
SEQEND
8
B.Silkscreen
0
POLYLINE
8
B.Silkscreen
62
7
70
0
10
0.000000
20
0.000000
66
1
0
VERTEX
8
B.Silkscreen
10
245.101489
20
-180.540565
70
0
0
VERTEX
8
B.Silkscreen
10
245.329031
20
-180.540565
70
0
0
SEQEND
8
B.Silkscreen
0
POLYLINE
8
B.Silkscreen
62
7
70
0
10
0.000000
20
0.000000
66
1
0
VERTEX
8
B.Silkscreen
10
245.329031
20
-180.540565
70
0
0
VERTEX
8
B.Silkscreen
10
245.331941
20
-180.604065
70
0
0
SEQEND
8
B.Silkscreen
0
POLYLINE
8
B.Silkscreen
62
7
70
0
10
0.000000
20
0.000000
66
1
0
VERTEX
8
B.Silkscreen
10
245.331941
20
-180.604065
70
0
0
VERTEX
8
B.Silkscreen
10
245.340143
20
-180.688732
70
0
0
SEQEND
8
B.Silkscreen
0
POLYLINE
8
B.Silkscreen
62
7
70
0
10
0.000000
20
0.000000
66
1
0
VERTEX
8
B.Silkscreen
10
245.340143
20
-180.688732
70
0
0
VERTEX
8
B.Silkscreen
10
245.353372
20
-180.797211
70
0
0
SEQEND
8
B.Silkscreen
0
POLYLINE
8
B.Silkscreen
62
7
70
0
10
0.000000
20
0.000000
66
1
0
VERTEX
8
B.Silkscreen
10
245.353372
20
-180.797211
70
0
0
VERTEX
8
B.Silkscreen
10
245.359193
20
-180.842190
70
0
0
SEQEND
8
B.Silkscreen
0
POLYLINE
8
B.Silkscreen
62
7
70
0
10
0.000000
20
0.000000
66
1
0
VERTEX
8
B.Silkscreen
10
245.359193
20
-180.842190
70
0
0
VERTEX
8
B.Silkscreen
10
245.374803
20
-180.937440
70
0
0
SEQEND
8
B.Silkscreen
0
POLYLINE
8
B.Silkscreen
62
7
70
0
10
0.000000
20
0.000000
66
1
0
VERTEX
8
B.Silkscreen
10
245.374803
20
-180.937440
70
0
0
VERTEX
8
B.Silkscreen
10
245.375068
20
-180.940085
70
0
0
SEQEND
8
B.Silkscreen
0
POLYLINE
8
B.Silkscreen
62
7
70
0
10
0.000000
20
0.000000
66
1
0
VERTEX
8
B.Silkscreen
10
245.375068
20
-180.940085
70
0
0
VERTEX
8
B.Silkscreen
10
245.393324
20
-181.008877
70
0
0
SEQEND
8
B.Silkscreen
0
POLYLINE
8
B.Silkscreen
62
7
70
0
10
0.000000
20
0.000000
66
1
0
VERTEX
8
B.Silkscreen
10
245.393324
20
-181.008877
70
0
0
VERTEX
8
B.Silkscreen
10
245.415549
20
-181.061794
70
0
0
SEQEND
8
B.Silkscreen
0
POLYLINE
8
B.Silkscreen
62
7
70
0
10
0.000000
20
0.000000
66
1
0
VERTEX
8
B.Silkscreen
10
245.415549
20
-181.061794
70
0
0
VERTEX
8
B.Silkscreen
10
245.444389
20
-181.096189
70
0
0
SEQEND
8
B.Silkscreen
0
POLYLINE
8
B.Silkscreen
62
7
70
0
10
0.000000
20
0.000000
66
1
0
VERTEX
8
B.Silkscreen
10
245.444389
20
-181.096189
70
0
0
VERTEX
8
B.Silkscreen
10
245.481695
20
-181.125293
70
0
0
SEQEND
8
B.Silkscreen
0
POLYLINE
8
B.Silkscreen
62
7
70
0
10
0.000000
20
0.000000
66
1
0
VERTEX
8
B.Silkscreen
10
245.481695
20
-181.125293
70
0
0
VERTEX
8
B.Silkscreen
10
245.488309
20
-181.127939
70
0
0
SEQEND
8
B.Silkscreen
0
POLYLINE
8
B.Silkscreen
62
7
70
0
10
0.000000
20
0.000000
66
1
0
VERTEX
8
B.Silkscreen
10
245.488309
20
-181.127939
70
0
0
VERTEX
8
B.Silkscreen
10
245.515562
20
-181.138523
70
0
0
SEQEND
8
B.Silkscreen
0
POLYLINE
8
B.Silkscreen
62
7
70
0
10
0.000000
20
0.000000
66
1
0
VERTEX
8
B.Silkscreen
10
245.515562
20
-181.138523
70
0
0
VERTEX
8
B.Silkscreen
10
245.554455
20
-181.146460
70
0
0
SEQEND
8
B.Silkscreen
0
POLYLINE
8
B.Silkscreen
62
7
70
0
10
0.000000
20
0.000000
66
1
0
VERTEX
8
B.Silkscreen
10
245.554455
20
-181.146460
70
0
0
VERTEX
8
B.Silkscreen
10
245.610018
20
-181.151752
70
0
0
SEQEND
8
B.Silkscreen
0
POLYLINE
8
B.Silkscreen
62
7
70
0
10
0.000000
20
0.000000
66
1
0
VERTEX
8
B.Silkscreen
10
245.610018
20
-181.151752
70
0
0
VERTEX
8
B.Silkscreen
10
245.687540
20
-181.154398
70
0
0
SEQEND
8
B.Silkscreen
0
POLYLINE
8
B.Silkscreen
62
7
70
0
10
0.000000
20
0.000000
66
1
0
VERTEX
8
B.Silkscreen
10
245.687540
20
-181.154398
70
0
0
VERTEX
8
B.Silkscreen
10
245.792051
20
-181.157043
70
0
0
SEQEND
8
B.Silkscreen
0
POLYLINE
8
B.Silkscreen
62
7
70
0
10
0.000000
20
0.000000
66
1
0
VERTEX
8
B.Silkscreen
10
245.792051
20
-181.157043
70
0
0
VERTEX
8
B.Silkscreen
10
245.799459
20
-181.157043
70
0
0
SEQEND
8
B.Silkscreen
0
POLYLINE
8
B.Silkscreen
62
7
70
0
10
0.000000
20
0.000000
66
1
0
VERTEX
8
B.Silkscreen
10
245.799459
20
-181.157043
70
0
0
VERTEX
8
B.Silkscreen
10
245.914817
20
-181.159689
70
0
0
SEQEND
8
B.Silkscreen
0
POLYLINE
8
B.Silkscreen
62
7
70
0
10
0.000000
20
0.000000
66
1
0
VERTEX
8
B.Silkscreen
10
245.914817
20
-181.159689
70
0
0
VERTEX
8
B.Silkscreen
10
246.002659
20
-181.159689
70
0
0
SEQEND
8
B.Silkscreen
0
POLYLINE
8
B.Silkscreen
62
7
70
0
10
0.000000
20
0.000000
66
1
0
VERTEX
8
B.Silkscreen
10
246.002659
20
-181.159689
70
0
0
VERTEX
8
B.Silkscreen
10
246.068275
20
-181.154398
70
0
0
SEQEND
8
B.Silkscreen
0
POLYLINE
8
B.Silkscreen
62
7
70
0
10
0.000000
20
0.000000
66
1
0
VERTEX
8
B.Silkscreen
10
246.068275
20
-181.154398
70
0
0
VERTEX
8
B.Silkscreen
10
246.116430
20
-181.146460
70
0
0
SEQEND
8
B.Silkscreen
0
POLYLINE
8
B.Silkscreen
62
7
70
0
10
0.000000
20
0.000000
66
1
0
VERTEX
8
B.Silkscreen
10
246.116430
20
-181.146460
70
0
0
VERTEX
8
B.Silkscreen
10
246.151884
20
-181.133231
70
0
0
SEQEND
8
B.Silkscreen
0
POLYLINE
8
B.Silkscreen
62
7
70
0
10
0.000000
20
0.000000
66
1
0
VERTEX
8
B.Silkscreen
10
246.151884
20
-181.133231
70
0
0
VERTEX
8
B.Silkscreen
10
246.179665
20
-181.114710
70
0
0
SEQEND
8
B.Silkscreen
0
POLYLINE
8
B.Silkscreen
62
7
70
0
10
0.000000
20
0.000000
66
1
0
VERTEX
8
B.Silkscreen
10
246.179665
20
-181.114710
70
0
0
VERTEX
8
B.Silkscreen
10
246.204536
20
-181.090898
70
0
0
SEQEND
8
B.Silkscreen
0
POLYLINE
8
B.Silkscreen
62
7
70
0
10
0.000000
20
0.000000
66
1
0
VERTEX
8
B.Silkscreen
10
246.204536
20
-181.090898
70
0
0
VERTEX
8
B.Silkscreen
10
246.215384
20
-181.077669
70
0
0
SEQEND
8
B.Silkscreen
0
POLYLINE
8
B.Silkscreen
62
7
70
0
10
0.000000
20
0.000000
66
1
0
VERTEX
8
B.Silkscreen
10
246.215384
20
-181.077669
70
0
0
VERTEX
8
B.Silkscreen
10
246.233640
20
-181.045919
70
0
0
SEQEND
8
B.Silkscreen
0
POLYLINE
8
B.Silkscreen
62
7
70
0
10
0.000000
20
0.000000
66
1
0
VERTEX
8
B.Silkscreen
10
246.233640
20
-181.045919
70
0
0
VERTEX
8
B.Silkscreen
10
246.244752
20
-181.008877
70
0
0
SEQEND
8
B.Silkscreen
0
POLYLINE
8
B.Silkscreen
62
7
70
0
10
0.000000
20
0.000000
66
1
0
VERTEX
8
B.Silkscreen
10
246.244752
20
-181.008877
70
0
0
VERTEX
8
B.Silkscreen
10
246.249250
20
-180.955960
70
0
0
SEQEND
8
B.Silkscreen
0
POLYLINE
8
B.Silkscreen
62
7
70
0
10
0.000000
20
0.000000
66
1
0
VERTEX
8
B.Silkscreen
10
246.249250
20
-180.955960
70
0
0
VERTEX
8
B.Silkscreen
10
246.246869
20
-180.887169
70
0
0
SEQEND
8
B.Silkscreen
0
POLYLINE
8
B.Silkscreen
62
7
70
0
10
0.000000
20
0.000000
66
1
0
VERTEX
8
B.Silkscreen
10
246.246869
20
-180.887169
70
0
0
VERTEX
8
B.Silkscreen
10
246.238667
20
-180.797211
70
0
0
SEQEND
8
B.Silkscreen
0
POLYLINE
8
B.Silkscreen
62
7
70
0
10
0.000000
20
0.000000
66
1
0
VERTEX
8
B.Silkscreen
10
246.238667
20
-180.797211
70
0
0
VERTEX
8
B.Silkscreen
10
246.224115
20
-180.678148
70
0
0
SEQEND
8
B.Silkscreen
0
POLYLINE
8
B.Silkscreen
62
7
70
0
10
0.000000
20
0.000000
66
1
0
VERTEX
8
B.Silkscreen
10
246.224115
20
-180.678148
70
0
0
VERTEX
8
B.Silkscreen
10
246.214325
20
-180.606711
70
0
0
SEQEND
8
B.Silkscreen
0
POLYLINE
8
B.Silkscreen
62
7
70
0
10
0.000000
20
0.000000
66
1
0
VERTEX
8
B.Silkscreen
10
246.214325
20
-180.606711
70
0
0
VERTEX
8
B.Silkscreen
10
246.207446
20
-180.567023
70
0
0
SEQEND
8
B.Silkscreen
0
POLYLINE
8
B.Silkscreen
62
7
70
0
10
0.000000
20
0.000000
66
1
0
VERTEX
8
B.Silkscreen
10
246.207446
20
-180.567023
70
0
0
VERTEX
8
B.Silkscreen
10
246.444248
20
-180.567023
70
0
0
SEQEND
8
B.Silkscreen
0
POLYLINE
8
B.Silkscreen
62
7
70
0
10
0.000000
20
0.000000
66
1
0
VERTEX
8
B.Silkscreen
10
246.444248
20
-180.567023
70
0
0
VERTEX
8
B.Silkscreen
10
246.450862
20
-180.654336
70
0
0
SEQEND
8
B.Silkscreen
0
POLYLINE
8
B.Silkscreen
62
7
70
0
10
0.000000
20
0.000000
66
1
0
VERTEX
8
B.Silkscreen
10
246.450862
20
-180.654336
70
0
0
VERTEX
8
B.Silkscreen
10
246.463562
20
-180.765461
70
0
0
SEQEND
8
B.Silkscreen
0
POLYLINE
8
B.Silkscreen
62
7
70
0
10
0.000000
20
0.000000
66
1
0
VERTEX
8
B.Silkscreen
10
246.463562
20
-180.765461
70
0
0
VERTEX
8
B.Silkscreen
10
246.468589
20
-180.805148
70
0
0
SEQEND
8
B.Silkscreen
0
POLYLINE
8
B.Silkscreen
62
7
70
0
10
0.000000
20
0.000000
66
1
0
VERTEX
8
B.Silkscreen
10
246.468589
20
-180.805148
70
0
0
VERTEX
8
B.Silkscreen
10
246.482083
20
-180.903044
70
0
0
SEQEND
8
B.Silkscreen
0
POLYLINE
8
B.Silkscreen
62
7
70
0
10
0.000000
20
0.000000
66
1
0
VERTEX
8
B.Silkscreen
10
246.482083
20
-180.903044
70
0
0
VERTEX
8
B.Silkscreen
10
246.491873
20
-180.955960
70
0
0
SEQEND
8
B.Silkscreen
0
POLYLINE
8
B.Silkscreen
62
7
70
0
10
0.000000
20
0.000000
66
1
0
VERTEX
8
B.Silkscreen
10
246.491873
20
-180.955960
70
0
0
VERTEX
8
B.Silkscreen
10
246.495577
20
-180.977127
70
0
0
SEQEND
8
B.Silkscreen
0
POLYLINE
8
B.Silkscreen
62
7
70
0
10
0.000000
20
0.000000
66
1
0
VERTEX
8
B.Silkscreen
10
246.495577
20
-180.977127
70
0
0
VERTEX
8
B.Silkscreen
10
246.510923
20
-181.030044
70
0
0
SEQEND
8
B.Silkscreen
0
POLYLINE
8
B.Silkscreen
62
7
70
0
10
0.000000
20
0.000000
66
1
0
VERTEX
8
B.Silkscreen
10
246.510923
20
-181.030044
70
0
0
VERTEX
8
B.Silkscreen
10
246.529444
20
-181.067085
70
0
0
SEQEND
8
B.Silkscreen
0
POLYLINE
8
B.Silkscreen
62
7
70
0
10
0.000000
20
0.000000
66
1
0
VERTEX
8
B.Silkscreen
10
246.529444
20
-181.067085
70
0
0
VERTEX
8
B.Silkscreen
10
246.553256
20
-181.093544
70
0
0
SEQEND
8
B.Silkscreen
0
POLYLINE
8
B.Silkscreen
62
7
70
0
10
0.000000
20
0.000000
66
1
0
VERTEX
8
B.Silkscreen
10
246.553256
20
-181.093544
70
0
0
VERTEX
8
B.Silkscreen
10
246.584212
20
-181.117356
70
0
0
SEQEND
8
B.Silkscreen
0
POLYLINE
8
B.Silkscreen
62
7
70
0
10
0.000000
20
0.000000
66
1
0
VERTEX
8
B.Silkscreen
10
246.584212
20
-181.117356
70
0
0
VERTEX
8
B.Silkscreen
10
246.603527
20
-181.127939
70
0
0
SEQEND
8
B.Silkscreen
0
POLYLINE
8
B.Silkscreen
62
7
70
0
10
0.000000
20
0.000000
66
1
0
VERTEX
8
B.Silkscreen
10
246.603527
20
-181.127939
70
0
0
VERTEX
8
B.Silkscreen
10
246.637393
20
-181.138523
70
0
0
SEQEND
8
B.Silkscreen
0
POLYLINE
8
B.Silkscreen
62
7
70
0
10
0.000000
20
0.000000
66
1
0
VERTEX
8
B.Silkscreen
10
246.637393
20
-181.138523
70
0
0
VERTEX
8
B.Silkscreen
10
246.686870
20
-181.143814
70
0
0
SEQEND
8
B.Silkscreen
0
POLYLINE
8
B.Silkscreen
62
7
70
0
10
0.000000
20
0.000000
66
1
0
VERTEX
8
B.Silkscreen
10
246.686870
20
-181.143814
70
0
0
VERTEX
8
B.Silkscreen
10
246.757250
20
-181.149106
70
0
0
SEQEND
8
B.Silkscreen
0
POLYLINE
8
B.Silkscreen
62
7
70
0
10
0.000000
20
0.000000
66
1
0
VERTEX
8
B.Silkscreen
10
246.757250
20
-181.149106
70
0
0
VERTEX
8
B.Silkscreen
10
246.854616
20
-181.154398
70
0
0
SEQEND
8
B.Silkscreen
0
POLYLINE
8
B.Silkscreen
62
7
70
0
10
0.000000
20
0.000000
66
1
0
VERTEX
8
B.Silkscreen
10
246.854616
20
-181.154398
70
0
0
VERTEX
8
B.Silkscreen
10
246.955951
20
-181.157043
70
0
0
SEQEND
8
B.Silkscreen
0
POLYLINE
8
B.Silkscreen
62
7
70
0
10
0.000000
20
0.000000
66
1
0
VERTEX
8
B.Silkscreen
10
246.955951
20
-181.157043
70
0
0
VERTEX
8
B.Silkscreen
10
247.085597
20
-181.159689
70
0
0
SEQEND
8
B.Silkscreen
0
POLYLINE
8
B.Silkscreen
62
7
70
0
10
0.000000
20
0.000000
66
1
0
VERTEX
8
B.Silkscreen
10
247.085597
20
-181.159689
70
0
0
VERTEX
8
B.Silkscreen
10
247.187461
20
-181.154398
70
0
0
SEQEND
8
B.Silkscreen
0
POLYLINE
8
B.Silkscreen
62
7
70
0
10
0.000000
20
0.000000
66
1
0
VERTEX
8
B.Silkscreen
10
247.187461
20
-181.154398
70
0
0
VERTEX
8
B.Silkscreen
10
247.264720
20
-181.138523
70
0
0
SEQEND
8
B.Silkscreen
0
POLYLINE
8
B.Silkscreen
62
7
70
0
10
0.000000
20
0.000000
66
1
0
VERTEX
8
B.Silkscreen
10
247.264720
20
-181.138523
70
0
0
VERTEX
8
B.Silkscreen
10
247.320018
20
-181.112064
70
0
0
SEQEND
8
B.Silkscreen
0
POLYLINE
8
B.Silkscreen
62
7
70
0
10
0.000000
20
0.000000
66
1
0
VERTEX
8
B.Silkscreen
10
247.320018
20
-181.112064
70
0
0
VERTEX
8
B.Silkscreen
10
247.356265
20
-181.072377
70
0
0
SEQEND
8
B.Silkscreen
0
POLYLINE
8
B.Silkscreen
62
7
70
0
10
0.000000
20
0.000000
66
1
0
VERTEX
8
B.Silkscreen
10
247.356265
20
-181.072377
70
0
0
VERTEX
8
B.Silkscreen
10
247.376374
20
-181.016814
70
0
0
SEQEND
8
B.Silkscreen
0
POLYLINE
8
B.Silkscreen
62
7
70
0
10
0.000000
20
0.000000
66
1
0
VERTEX
8
B.Silkscreen
10
247.376374
20
-181.016814
70
0
0
VERTEX
8
B.Silkscreen
10
247.382988
20
-180.942731
70
0
0
SEQEND
8
B.Silkscreen
0
POLYLINE
8
B.Silkscreen
62
7
70
0
10
0.000000
20
0.000000
66
1
0
VERTEX
8
B.Silkscreen
10
247.382988
20
-180.942731
70
0
0
VERTEX
8
B.Silkscreen
10
247.379020
20
-180.847481
70
0
0
SEQEND
8
B.Silkscreen
0
POLYLINE
8
B.Silkscreen
62
7
70
0
10
0.000000
20
0.000000
66
1
0
VERTEX
8
B.Silkscreen
10
247.379020
20
-180.847481
70
0
0
VERTEX
8
B.Silkscreen
10
247.367378
20
-180.731065
70
0
0
SEQEND
8
B.Silkscreen
0
POLYLINE
8
B.Silkscreen
62
7
70
0
10
0.000000
20
0.000000
66
1
0
VERTEX
8
B.Silkscreen
10
247.367378
20
-180.731065
70
0
0
VERTEX
8
B.Silkscreen
10
247.367378
20
-180.731065
70
0
0
SEQEND
8
B.Silkscreen
0
POLYLINE
8
B.Silkscreen
62
7
70
0
10
0.000000
20
0.000000
66
1
0
VERTEX
8
B.Silkscreen
10
247.367378
20
-180.731065
70
0
0
VERTEX
8
B.Silkscreen
10
247.353355
20
-180.614648
70
0
0
SEQEND
8
B.Silkscreen
0
POLYLINE
8
B.Silkscreen
62
7
70
0
10
0.000000
20
0.000000
66
1
0
VERTEX
8
B.Silkscreen
10
247.353355
20
-180.614648
70
0
0
VERTEX
8
B.Silkscreen
10
247.338009
20
-180.522044
70
0
0
SEQEND
8
B.Silkscreen
0
POLYLINE
8
B.Silkscreen
62
7
70
0
10
0.000000
20
0.000000
66
1
0
VERTEX
8
B.Silkscreen
10
247.338009
20
-180.522044
70
0
0
VERTEX
8
B.Silkscreen
10
247.317372
20
-180.453253
70
0
0
SEQEND
8
B.Silkscreen
0
POLYLINE
8
B.Silkscreen
62
7
70
0
10
0.000000
20
0.000000
66
1
0
VERTEX
8
B.Silkscreen
10
247.317372
20
-180.453253
70
0
0
VERTEX
8
B.Silkscreen
10
247.288003
20
-180.402982
70
0
0
SEQEND
8
B.Silkscreen
0
POLYLINE
8
B.Silkscreen
62
7
70
0
10
0.000000
20
0.000000
66
1
0
VERTEX
8
B.Silkscreen
10
247.288003
20
-180.402982
70
0
0
VERTEX
8
B.Silkscreen
10
247.245405
20
-180.368586
70
0
0
SEQEND
8
B.Silkscreen
0
POLYLINE
8
B.Silkscreen
62
7
70
0
10
0.000000
20
0.000000
66
1
0
VERTEX
8
B.Silkscreen
10
247.245405
20
-180.368586
70
0
0
VERTEX
8
B.Silkscreen
10
247.186139
20
-180.347419
70
0
0
SEQEND
8
B.Silkscreen
0
POLYLINE
8
B.Silkscreen
62
7
70
0
10
0.000000
20
0.000000
66
1
0
VERTEX
8
B.Silkscreen
10
247.186139
20
-180.347419
70
0
0
VERTEX
8
B.Silkscreen
10
247.106235
20
-180.334190
70
0
0
SEQEND
8
B.Silkscreen
0
POLYLINE
8
B.Silkscreen
62
7
70
0
10
0.000000
20
0.000000
66
1
0
VERTEX
8
B.Silkscreen
10
247.106235
20
-180.334190
70
0
0
VERTEX
8
B.Silkscreen
10
247.001989
20
-180.331544
70
0
0
SEQEND
8
B.Silkscreen
0
POLYLINE
8
B.Silkscreen
62
7
70
0
10
0.000000
20
0.000000
66
1
0
VERTEX
8
B.Silkscreen
10
247.001989
20
-180.331544
70
0
0
VERTEX
8
B.Silkscreen
10
246.868904
20
-180.328899
70
0
0
SEQEND
8
B.Silkscreen
0
POLYLINE
8
B.Silkscreen
62
7
70
0
10
0.000000
20
0.000000
66
1
0
VERTEX
8
B.Silkscreen
10
246.868904
20
-180.328899
70
0
0
VERTEX
8
B.Silkscreen
10
246.817574
20
-180.328899
70
0
0
SEQEND
8
B.Silkscreen
0
POLYLINE
8
B.Silkscreen
62
7
70
0
10
0.000000
20
0.000000
66
1
0
VERTEX
8
B.Silkscreen
10
246.817574
20
-180.328899
70
0
0
VERTEX
8
B.Silkscreen
10
246.722854
20
-180.331544
70
0
0
SEQEND
8
B.Silkscreen
0
POLYLINE
8
B.Silkscreen
62
7
70
0
10
0.000000
20
0.000000
66
1
0
VERTEX
8
B.Silkscreen
10
246.722854
20
-180.331544
70
0
0
VERTEX
8
B.Silkscreen
10
246.653268
20
-180.331544
70
0
0
SEQEND
8
B.Silkscreen
0
POLYLINE
8
B.Silkscreen
62
7
70
0
10
0.000000
20
0.000000
66
1
0
VERTEX
8
B.Silkscreen
10
246.653268
20
-180.331544
70
0
0
VERTEX
8
B.Silkscreen
10
246.604321
20
-180.334190
70
0
0
SEQEND
8
B.Silkscreen
0
POLYLINE
8
B.Silkscreen
62
7
70
0
10
0.000000
20
0.000000
66
1
0
VERTEX
8
B.Silkscreen
10
246.604321
20
-180.334190
70
0
0
VERTEX
8
B.Silkscreen
10
246.570454
20
-180.339482
70
0
0
SEQEND
8
B.Silkscreen
0
POLYLINE
8
B.Silkscreen
62
7
70
0
10
0.000000
20
0.000000
66
1
0
VERTEX
8
B.Silkscreen
10
246.570454
20
-180.339482
70
0
0
VERTEX
8
B.Silkscreen
10
246.547171
20
-180.344774
70
0
0
SEQEND
8
B.Silkscreen
0
POLYLINE
8
B.Silkscreen
62
7
70
0
10
0.000000
20
0.000000
66
1
0
VERTEX
8
B.Silkscreen
10
246.547171
20
-180.344774
70
0
0
VERTEX
8
B.Silkscreen
10
246.529444
20
-180.355357
70
0
0
SEQEND
8
B.Silkscreen
0
POLYLINE
8
B.Silkscreen
62
7
70
0
10
0.000000
20
0.000000
66
1
0
VERTEX
8
B.Silkscreen
10
246.529444
20
-180.355357
70
0
0
VERTEX
8
B.Silkscreen
10
246.512246
20
-180.368586
70
0
0
SEQEND
8
B.Silkscreen
0
POLYLINE
8
B.Silkscreen
62
7
70
0
10
0.000000
20
0.000000
66
1
0
VERTEX
8
B.Silkscreen
10
246.512246
20
-180.368586
70
0
0
VERTEX
8
B.Silkscreen
10
246.493460
20
-180.387107
70
0
0
SEQEND
8
B.Silkscreen
0
POLYLINE
8
B.Silkscreen
62
7
70
0
10
0.000000
20
0.000000
66
1
0
VERTEX
8
B.Silkscreen
10
246.493460
20
-180.387107
70
0
0
VERTEX
8
B.Silkscreen
10
246.468589
20
-180.416211
70
0
0
SEQEND
8
B.Silkscreen
0
POLYLINE
8
B.Silkscreen
62
7
70
0
10
0.000000
20
0.000000
66
1
0
VERTEX
8
B.Silkscreen
10
246.468589
20
-180.416211
70
0
0
VERTEX
8
B.Silkscreen
10
246.452450
20
-180.453253
70
0
0
SEQEND
8
B.Silkscreen
0
POLYLINE
8
B.Silkscreen
62
7
70
0
10
0.000000
20
0.000000
66
1
0
VERTEX
8
B.Silkscreen
10
246.452450
20
-180.453253
70
0
0
VERTEX
8
B.Silkscreen
10
246.444777
20
-180.503523
70
0
0
SEQEND
8
B.Silkscreen
0
POLYLINE
8
B.Silkscreen
62
7
70
0
10
0.000000
20
0.000000
66
1
0
VERTEX
8
B.Silkscreen
10
246.444777
20
-180.503523
70
0
0
VERTEX
8
B.Silkscreen
10
246.444248
20
-180.567023
70
0
0
SEQEND
8
B.Silkscreen
0
POLYLINE
8
B.Silkscreen
62
7
70
0
10
0.000000
20
0.000000
66
1
0
VERTEX
8
B.Silkscreen
10
246.444248
20
-180.567023
70
0
0
VERTEX
8
B.Silkscreen
10
246.207446
20
-180.567023
70
0
0
SEQEND
8
B.Silkscreen
0
POLYLINE
8
B.Silkscreen
62
7
70
0
10
0.000000
20
0.000000
66
1
0
VERTEX
8
B.Silkscreen
10
246.207446
20
-180.567023
70
0
0
VERTEX
8
B.Silkscreen
10
246.198715
20
-180.516753
70
0
0
SEQEND
8
B.Silkscreen
0
POLYLINE
8
B.Silkscreen
62
7
70
0
10
0.000000
20
0.000000
66
1
0
VERTEX
8
B.Silkscreen
10
246.198715
20
-180.516753
70
0
0
VERTEX
8
B.Silkscreen
10
246.179136
20
-180.450607
70
0
0
SEQEND
8
B.Silkscreen
0
POLYLINE
8
B.Silkscreen
62
7
70
0
10
0.000000
20
0.000000
66
1
0
VERTEX
8
B.Silkscreen
10
246.179136
20
-180.450607
70
0
0
VERTEX
8
B.Silkscreen
10
246.151354
20
-180.400336
70
0
0
SEQEND
8
B.Silkscreen
0
POLYLINE
8
B.Silkscreen
62
7
70
0
10
0.000000
20
0.000000
66
1
0
VERTEX
8
B.Silkscreen
10
246.151354
20
-180.400336
70
0
0
VERTEX
8
B.Silkscreen
10
246.111138
20
-180.368586
70
0
0
SEQEND
8
B.Silkscreen
0
POLYLINE
8
B.Silkscreen
62
7
70
0
10
0.000000
20
0.000000
66
1
0
VERTEX
8
B.Silkscreen
10
246.111138
20
-180.368586
70
0
0
VERTEX
8
B.Silkscreen
10
246.054782
20
-180.347419
70
0
0
SEQEND
8
B.Silkscreen
0
POLYLINE
8
B.Silkscreen
62
7
70
0
10
0.000000
20
0.000000
66
1
0
VERTEX
8
B.Silkscreen
10
246.054782
20
-180.347419
70
0
0
VERTEX
8
B.Silkscreen
10
245.978053
20
-180.336836
70
0
0
SEQEND
8
B.Silkscreen
0
POLYLINE
8
B.Silkscreen
62
7
70
0
10
0.000000
20
0.000000
66
1
0
VERTEX
8
B.Silkscreen
10
245.978053
20
-180.336836
70
0
0
VERTEX
8
B.Silkscreen
10
245.876982
20
-180.331544
70
0
0
SEQEND
8
B.Silkscreen
0
POLYLINE
8
B.Silkscreen
62
7
70
0
10
0.000000
20
0.000000
66
1
0
VERTEX
8
B.Silkscreen
10
245.876982
20
-180.331544
70
0
0
VERTEX
8
B.Silkscreen
10
245.747601
20
-180.328899
70
0
0
SEQEND
8
B.Silkscreen
0
POLYLINE
8
B.Silkscreen
62
7
70
0
10
0.000000
20
0.000000
66
1
0
VERTEX
8
B.Silkscreen
10
245.747601
20
-180.328899
70
0
0
VERTEX
8
B.Silkscreen
10
245.680926
20
-180.328899
70
0
0
SEQEND
8
B.Silkscreen
0
POLYLINE
8
B.Silkscreen
62
7
70
0
10
0.000000
20
0.000000
66
1
0
VERTEX
8
B.Silkscreen
10
245.680926
20
-180.328899
70
0
0
VERTEX
8
B.Silkscreen
10
245.581972
20
-180.331544
70
0
0
SEQEND
8
B.Silkscreen
0
POLYLINE
8
B.Silkscreen
62
7
70
0
10
0.000000
20
0.000000
66
1
0
VERTEX
8
B.Silkscreen
10
245.581972
20
-180.331544
70
0
0
VERTEX
8
B.Silkscreen
10
245.507889
20
-180.334190
70
0
0
SEQEND
8
B.Silkscreen
0
POLYLINE
8
B.Silkscreen
62
7
70
0
10
0.000000
20
0.000000
66
1
0
VERTEX
8
B.Silkscreen
10
245.507889
20
-180.334190
70
0
0
VERTEX
8
B.Silkscreen
10
245.454443
20
-180.342128
70
0
0
SEQEND
8
B.Silkscreen
0
POLYLINE
8
B.Silkscreen
62
7
70
0
10
0.000000
20
0.000000
66
1
0
VERTEX
8
B.Silkscreen
10
245.454443
20
-180.342128
70
0
0
VERTEX
8
B.Silkscreen
10
245.416872
20
-180.352711
70
0
0
SEQEND
8
B.Silkscreen
0
POLYLINE
8
B.Silkscreen
62
7
70
0
10
0.000000
20
0.000000
66
1
0
VERTEX
8
B.Silkscreen
10
245.416872
20
-180.352711
70
0
0
VERTEX
8
B.Silkscreen
10
245.390149
20
-180.371232
70
0
0
SEQEND
8
B.Silkscreen
0
POLYLINE
8
B.Silkscreen
62
7
70
0
10
0.000000
20
0.000000
66
1
0
VERTEX
8
B.Silkscreen
10
245.390149
20
-180.371232
70
0
0
VERTEX
8
B.Silkscreen
10
245.370041
20
-180.395044
70
0
0
SEQEND
8
B.Silkscreen
0
POLYLINE
8
B.Silkscreen
62
7
70
0
10
0.000000
20
0.000000
66
1
0
VERTEX
8
B.Silkscreen
10
245.370041
20
-180.395044
70
0
0
VERTEX
8
B.Silkscreen
10
245.351785
20
-180.426794
70
0
0
SEQEND
8
B.Silkscreen
0
POLYLINE
8
B.Silkscreen
62
7
70
0
10
0.000000
20
0.000000
66
1
0
VERTEX
8
B.Silkscreen
10
245.351785
20
-180.426794
70
0
0
VERTEX
8
B.Silkscreen
10
245.339085
20
-180.458544
70
0
0
SEQEND
8
B.Silkscreen
0
POLYLINE
8
B.Silkscreen
62
7
70
0
10
0.000000
20
0.000000
66
1
0
VERTEX
8
B.Silkscreen
10
245.339085
20
-180.458544
70
0
0
VERTEX
8
B.Silkscreen
10
245.331412
20
-180.492940
70
0
0
SEQEND
8
B.Silkscreen
0
POLYLINE
8
B.Silkscreen
62
7
70
0
10
0.000000
20
0.000000
66
1
0
VERTEX
8
B.Silkscreen
10
245.331412
20
-180.492940
70
0
0
VERTEX
8
B.Silkscreen
10
245.329031
20
-180.540565
70
0
0
SEQEND
8
B.Silkscreen
0
POLYLINE
8
B.Silkscreen
62
7
70
0
10
0.000000
20
0.000000
66
1
0
VERTEX
8
B.Silkscreen
10
245.329031
20
-180.540565
70
0
0
VERTEX
8
B.Silkscreen
10
245.101489
20
-180.540565
70
0
0
SEQEND
8
B.Silkscreen
0
POLYLINE
8
B.Silkscreen
62
7
70
0
10
0.000000
20
0.000000
66
1
0
VERTEX
8
B.Silkscreen
10
245.101489
20
-180.540565
70
0
0
VERTEX
8
B.Silkscreen
10
245.100695
20
-180.535273
70
0
0
SEQEND
8
B.Silkscreen
0
POLYLINE
8
B.Silkscreen
62
7
70
0
10
0.000000
20
0.000000
66
1
0
VERTEX
8
B.Silkscreen
10
245.100695
20
-180.535273
70
0
0
VERTEX
8
B.Silkscreen
10
245.091700
20
-180.485003
70
0
0
SEQEND
8
B.Silkscreen
0
POLYLINE
8
B.Silkscreen
62
7
70
0
10
0.000000
20
0.000000
66
1
0
VERTEX
8
B.Silkscreen
10
245.091700
20
-180.485003
70
0
0
VERTEX
8
B.Silkscreen
10
245.085085
20
-180.458544
70
0
0
SEQEND
8
B.Silkscreen
0
POLYLINE
8
B.Silkscreen
62
7
70
0
10
0.000000
20
0.000000
66
1
0
VERTEX
8
B.Silkscreen
10
245.085085
20
-180.458544
70
0
0
VERTEX
8
B.Silkscreen
10
245.078470
20
-180.450607
70
0
0
SEQEND
8
B.Silkscreen
0
POLYLINE
8
B.Silkscreen
62
7
70
0
10
0.000000
20
0.000000
66
1
0
VERTEX
8
B.Silkscreen
10
245.078470
20
-180.450607
70
0
0
VERTEX
8
B.Silkscreen
10
245.050425
20
-180.416211
70
0
0
SEQEND
8
B.Silkscreen
0
POLYLINE
8
B.Silkscreen
62
7
70
0
10
0.000000
20
0.000000
66
1
0
VERTEX
8
B.Silkscreen
10
245.050425
20
-180.416211
70
0
0
VERTEX
8
B.Silkscreen
10
245.012325
20
-180.381815
70
0
0
SEQEND
8
B.Silkscreen
0
POLYLINE
8
B.Silkscreen
62
7
70
0
10
0.000000
20
0.000000
66
1
0
VERTEX
8
B.Silkscreen
10
245.012325
20
-180.381815
70
0
0
VERTEX
8
B.Silkscreen
10
244.954646
20
-180.328899
70
0
0
SEQEND
8
B.Silkscreen
0
POLYLINE
8
B.Silkscreen
62
7
70
0
10
0.000000
20
0.000000
66
1
0
VERTEX
8
B.Silkscreen
10
244.954646
20
-180.328899
70
0
0
VERTEX
8
B.Silkscreen
10
244.727898
20
-180.328899
70
0
0
SEQEND
8
B.Silkscreen
0
POLYLINE
8
B.Silkscreen
62
7
70
0
10
0.000000
20
0.000000
66
1
0
VERTEX
8
B.Silkscreen
10
244.727898
20
-180.328899
70
0
0
VERTEX
8
B.Silkscreen
10
244.714669
20
-180.328899
70
0
0
SEQEND
8
B.Silkscreen
0
POLYLINE
8
B.Silkscreen
62
7
70
0
10
0.000000
20
0.000000
66
1
0
VERTEX
8
B.Silkscreen
10
244.714669
20
-180.328899
70
0
0
VERTEX
8
B.Silkscreen
10
244.609365
20
-180.331544
70
0
0
SEQEND
8
B.Silkscreen
0
POLYLINE
8
B.Silkscreen
62
7
70
0
10
0.000000
20
0.000000
66
1
0
VERTEX
8
B.Silkscreen
10
244.609365
20
-180.331544
70
0
0
VERTEX
8
B.Silkscreen
10
244.530784
20
-180.336836
70
0
0
SEQEND
8
B.Silkscreen
0
POLYLINE
8
B.Silkscreen
62
7
70
0
10
0.000000
20
0.000000
66
1
0
VERTEX
8
B.Silkscreen
10
244.530784
20
-180.336836
70
0
0
VERTEX
8
B.Silkscreen
10
244.473898
20
-180.347419
70
0
0
SEQEND
8
B.Silkscreen
0
POLYLINE
8
B.Silkscreen
62
7
70
0
10
0.000000
20
0.000000
66
1
0
VERTEX
8
B.Silkscreen
10
244.473898
20
-180.347419
70
0
0
VERTEX
8
B.Silkscreen
10
244.433417
20
-180.365940
70
0
0
SEQEND
8
B.Silkscreen
0
POLYLINE
8
B.Silkscreen
62
7
70
0
10
0.000000
20
0.000000
66
1
0
VERTEX
8
B.Silkscreen
10
244.433417
20
-180.365940
70
0
0
VERTEX
8
B.Silkscreen
10
244.404313
20
-180.392399
70
0
0
SEQEND
8
B.Silkscreen
0
POLYLINE
8
B.Silkscreen
62
7
70
0
10
0.000000
20
0.000000
66
1
0
VERTEX
8
B.Silkscreen
10
244.404313
20
-180.392399
70
0
0
VERTEX
8
B.Silkscreen
10
244.382088
20
-180.426794
70
0
0
SEQEND
8
B.Silkscreen
0
POLYLINE
8
B.Silkscreen
62
7
70
0
10
0.000000
20
0.000000
66
1
0
VERTEX
8
B.Silkscreen
10
244.382088
20
-180.426794
70
0
0
VERTEX
8
B.Silkscreen
10
244.369917
20
-180.455898
70
0
0
SEQEND
8
B.Silkscreen
0
POLYLINE
8
B.Silkscreen
62
7
70
0
10
0.000000
20
0.000000
66
1
0
VERTEX
8
B.Silkscreen
10
244.369917
20
-180.455898
70
0
0
VERTEX
8
B.Silkscreen
10
244.361715
20
-180.492940
70
0
0
SEQEND
8
B.Silkscreen
0
POLYLINE
8
B.Silkscreen
62
7
70
0
10
0.000000
20
0.000000
66
1
0
VERTEX
8
B.Silkscreen
10
244.361715
20
-180.492940
70
0
0
VERTEX
8
B.Silkscreen
10
244.359069
20
-180.543211
70
0
0
SEQEND
8
B.Silkscreen
0
POLYLINE
8
B.Silkscreen
62
7
70
0
10
0.000000
20
0.000000
66
1
0
VERTEX
8
B.Silkscreen
10
244.359069
20
-180.543211
70
0
0
VERTEX
8
B.Silkscreen
10
244.123326
20
-180.543211
70
0
0
SEQEND
8
B.Silkscreen
0
POLYLINE
8
B.Silkscreen
62
7
70
0
10
0.000000
20
0.000000
66
1
0
VERTEX
8
B.Silkscreen
10
244.123326
20
-180.543211
70
0
0
VERTEX
8
B.Silkscreen
10
244.117770
20
-180.511461
70
0
0
SEQEND
8
B.Silkscreen
0
POLYLINE
8
B.Silkscreen
62
7
70
0
10
0.000000
20
0.000000
66
1
0
VERTEX
8
B.Silkscreen
10
244.117770
20
-180.511461
70
0
0
VERTEX
8
B.Silkscreen
10
244.105070
20
-180.466482
70
0
0
SEQEND
8
B.Silkscreen
0
POLYLINE
8
B.Silkscreen
62
7
70
0
10
0.000000
20
0.000000
66
1
0
VERTEX
8
B.Silkscreen
10
244.105070
20
-180.466482
70
0
0
VERTEX
8
B.Silkscreen
10
244.089724
20
-180.432086
70
0
0
SEQEND
8
B.Silkscreen
0
POLYLINE
8
B.Silkscreen
62
7
70
0
10
0.000000
20
0.000000
66
1
0
VERTEX
8
B.Silkscreen
10
244.089724
20
-180.432086
70
0
0
VERTEX
8
B.Silkscreen
10
244.069351
20
-180.405628
70
0
0
SEQEND
8
B.Silkscreen
0
POLYLINE
8
B.Silkscreen
62
7
70
0
10
0.000000
20
0.000000
66
1
0
VERTEX
8
B.Silkscreen
10
244.069351
20
-180.405628
70
0
0
VERTEX
8
B.Silkscreen
10
244.042363
20
-180.379169
70
0
0
SEQEND
8
B.Silkscreen
0
POLYLINE
8
B.Silkscreen
62
7
70
0
10
0.000000
20
0.000000
66
1
0
VERTEX
8
B.Silkscreen
10
244.042363
20
-180.379169
70
0
0
VERTEX
8
B.Silkscreen
10
244.030722
20
-180.368586
70
0
0
SEQEND
8
B.Silkscreen
0
POLYLINE
8
B.Silkscreen
62
7
70
0
10
0.000000
20
0.000000
66
1
0
VERTEX
8
B.Silkscreen
10
244.030722
20
-180.368586
70
0
0
VERTEX
8
B.Silkscreen
10
244.015111
20
-180.358003
70
0
0
SEQEND
8
B.Silkscreen
0
POLYLINE
8
B.Silkscreen
62
7
70
0
10
0.000000
20
0.000000
66
1
0
VERTEX
8
B.Silkscreen
10
244.015111
20
-180.358003
70
0
0
VERTEX
8
B.Silkscreen
10
243.995268
20
-180.350065
70
0
0
SEQEND
8
B.Silkscreen
0
POLYLINE
8
B.Silkscreen
62
7
70
0
10
0.000000
20
0.000000
66
1
0
VERTEX
8
B.Silkscreen
10
243.995268
20
-180.350065
70
0
0
VERTEX
8
B.Silkscreen
10
243.966428
20
-180.342128
70
0
0
SEQEND
8
B.Silkscreen
0
POLYLINE
8
B.Silkscreen
62
7
70
0
10
0.000000
20
0.000000
66
1
0
VERTEX
8
B.Silkscreen
10
243.966428
20
-180.342128
70
0
0
VERTEX
8
B.Silkscreen
10
243.924095
20
-180.339482
70
0
0
SEQEND
8
B.Silkscreen
0
POLYLINE
8
B.Silkscreen
62
7
70
0
10
0.000000
20
0.000000
66
1
0
VERTEX
8
B.Silkscreen
10
243.924095
20
-180.339482
70
0
0
VERTEX
8
B.Silkscreen
10
243.863241
20
-180.336836
70
0
0
SEQEND
8
B.Silkscreen
0
POLYLINE
8
B.Silkscreen
62
7
70
0
10
0.000000
20
0.000000
66
1
0
VERTEX
8
B.Silkscreen
10
243.863241
20
-180.336836
70
0
0
VERTEX
8
B.Silkscreen
10
243.779632
20
-180.334190
70
0
0
SEQEND
8
B.Silkscreen
0
POLYLINE
8
B.Silkscreen
62
7
70
0
10
0.000000
20
0.000000
66
1
0
VERTEX
8
B.Silkscreen
10
243.779632
20
-180.334190
70
0
0
VERTEX
8
B.Silkscreen
10
243.667978
20
-180.334190
70
0
0
SEQEND
8
B.Silkscreen
0
POLYLINE
8
B.Silkscreen
62
7
70
0
10
0.000000
20
0.000000
66
1
0
VERTEX
8
B.Silkscreen
10
243.667978
20
-180.334190
70
0
0
VERTEX
8
B.Silkscreen
10
243.336985
20
-180.328899
70
0
0
SEQEND
8
B.Silkscreen
0
POLYLINE
8
B.Silkscreen
62
7
70
0
10
0.000000
20
0.000000
66
1
0
VERTEX
8
B.Silkscreen
10
243.336985
20
-180.328899
70
0
0
VERTEX
8
B.Silkscreen
10
243.273221
20
-180.392399
70
0
0
SEQEND
8
B.Silkscreen
0
POLYLINE
8
B.Silkscreen
62
7
70
0
10
0.000000
20
0.000000
66
1
0
VERTEX
8
B.Silkscreen
10
243.273221
20
-180.392399
70
0
0
VERTEX
8
B.Silkscreen
10
243.262373
20
-180.402982
70
0
0
SEQEND
8
B.Silkscreen
0
POLYLINE
8
B.Silkscreen
62
7
70
0
10
0.000000
20
0.000000
66
1
0
VERTEX
8
B.Silkscreen
10
243.262373
20
-180.402982
70
0
0
VERTEX
8
B.Silkscreen
10
243.238560
20
-180.429440
70
0
0
SEQEND
8
B.Silkscreen
0
POLYLINE
8
B.Silkscreen
62
7
70
0
10
0.000000
20
0.000000
66
1
0
VERTEX
8
B.Silkscreen
10
243.238560
20
-180.429440
70
0
0
VERTEX
8
B.Silkscreen
10
243.222156
20
-180.458544
70
0
0
SEQEND
8
B.Silkscreen
0
POLYLINE
8
B.Silkscreen
62
7
70
0
10
0.000000
20
0.000000
66
1
0
VERTEX
8
B.Silkscreen
10
243.222156
20
-180.458544
70
0
0
VERTEX
8
B.Silkscreen
10
243.212896
20
-180.492940
70
0
0
SEQEND
8
B.Silkscreen
0
POLYLINE
8
B.Silkscreen
62
7
70
0
10
0.000000
20
0.000000
66
1
0
VERTEX
8
B.Silkscreen
10
243.212896
20
-180.492940
70
0
0
VERTEX
8
B.Silkscreen
10
243.209721
20
-180.540565
70
0
0
SEQEND
8
B.Silkscreen
0
POLYLINE
8
B.Silkscreen
62
7
70
0
10
0.000000
20
0.000000
66
1
0
VERTEX
8
B.Silkscreen
10
241.483052
20
-180.540565
70
0
0
VERTEX
8
B.Silkscreen
10
241.456594
20
-180.492940
70
0
0
SEQEND
8
B.Silkscreen
0
POLYLINE
8
B.Silkscreen
62
7
70
0
10
0.000000
20
0.000000
66
1
0
VERTEX
8
B.Silkscreen
10
241.456594
20
-180.492940
70
0
0
VERTEX
8
B.Silkscreen
10
241.280911
20
-180.119878
70
0
0
SEQEND
8
B.Silkscreen
0
POLYLINE
8
B.Silkscreen
62
7
70
0
10
0.000000
20
0.000000
66
1
0
VERTEX
8
B.Silkscreen
10
241.280911
20
-180.119878
70
0
0
VERTEX
8
B.Silkscreen
10
241.134861
20
-179.741524
70
0
0
SEQEND
8
B.Silkscreen
0
POLYLINE
8
B.Silkscreen
62
7
70
0
10
0.000000
20
0.000000
66
1
0
VERTEX
8
B.Silkscreen
10
241.134861
20
-179.741524
70
0
0
VERTEX
8
B.Silkscreen
10
241.024794
20
-179.373754
70
0
0
SEQEND
8
B.Silkscreen
0
POLYLINE
8
B.Silkscreen
62
7
70
0
10
0.000000
20
0.000000
66
1
0
VERTEX
8
B.Silkscreen
10
243.646283
20
-179.373754
70
0
0
VERTEX
8
B.Silkscreen
10
243.646283
20
-179.379046
70
0
0
SEQEND
8
B.Silkscreen
0
POLYLINE
8
B.Silkscreen
62
7
70
0
10
0.000000
20
0.000000
66
1
0
VERTEX
8
B.Silkscreen
10
243.646283
20
-179.379046
70
0
0
VERTEX
8
B.Silkscreen
10
243.649458
20
-179.424025
70
0
0
SEQEND
8
B.Silkscreen
0
POLYLINE
8
B.Silkscreen
62
7
70
0
10
0.000000
20
0.000000
66
1
0
VERTEX
8
B.Silkscreen
10
243.649458
20
-179.424025
70
0
0
VERTEX
8
B.Silkscreen
10
243.655808
20
-179.490171
70
0
0
SEQEND
8
B.Silkscreen
0
POLYLINE
8
B.Silkscreen
62
7
70
0
10
0.000000
20
0.000000
66
1
0
VERTEX
8
B.Silkscreen
10
243.655808
20
-179.490171
70
0
0
VERTEX
8
B.Silkscreen
10
243.664803
20
-179.569545
70
0
0
SEQEND
8
B.Silkscreen
0
POLYLINE
8
B.Silkscreen
62
7
70
0
10
0.000000
20
0.000000
66
1
0
VERTEX
8
B.Silkscreen
10
243.664803
20
-179.569545
70
0
0
VERTEX
8
B.Silkscreen
10
243.674858
20
-179.654212
70
0
0
SEQEND
8
B.Silkscreen
0
POLYLINE
8
B.Silkscreen
62
7
70
0
10
0.000000
20
0.000000
66
1
0
VERTEX
8
B.Silkscreen
10
243.674858
20
-179.654212
70
0
0
VERTEX
8
B.Silkscreen
10
243.685441
20
-179.733587
70
0
0
SEQEND
8
B.Silkscreen
0
POLYLINE
8
B.Silkscreen
62
7
70
0
10
0.000000
20
0.000000
66
1
0
VERTEX
8
B.Silkscreen
10
243.685441
20
-179.733587
70
0
0
VERTEX
8
B.Silkscreen
10
243.695495
20
-179.799733
70
0
0
SEQEND
8
B.Silkscreen
0
POLYLINE
8
B.Silkscreen
62
7
70
0
10
0.000000
20
0.000000
66
1
0
VERTEX
8
B.Silkscreen
10
243.695495
20
-179.799733
70
0
0
VERTEX
8
B.Silkscreen
10
243.703433
20
-179.847358
70
0
0
SEQEND
8
B.Silkscreen
0
POLYLINE
8
B.Silkscreen
62
7
70
0
10
0.000000
20
0.000000
66
1
0
VERTEX
8
B.Silkscreen
10
243.703433
20
-179.847358
70
0
0
VERTEX
8
B.Silkscreen
10
243.708460
20
-179.863233
70
0
0
SEQEND
8
B.Silkscreen
0
POLYLINE
8
B.Silkscreen
62
7
70
0
10
0.000000
20
0.000000
66
1
0
VERTEX
8
B.Silkscreen
10
243.708460
20
-179.863233
70
0
0
VERTEX
8
B.Silkscreen
10
243.739945
20
-179.910858
70
0
0
SEQEND
8
B.Silkscreen
0
POLYLINE
8
B.Silkscreen
62
7
70
0
10
0.000000
20
0.000000
66
1
0
VERTEX
8
B.Silkscreen
10
243.739945
20
-179.910858
70
0
0
VERTEX
8
B.Silkscreen
10
243.788893
20
-179.958482
70
0
0
SEQEND
8
B.Silkscreen
0
POLYLINE
8
B.Silkscreen
62
7
70
0
10
0.000000
20
0.000000
66
1
0
VERTEX
8
B.Silkscreen
10
243.788893
20
-179.958482
70
0
0
VERTEX
8
B.Silkscreen
10
243.845249
20
-179.990232
70
0
0
SEQEND
8
B.Silkscreen
0
POLYLINE
8
B.Silkscreen
62
7
70
0
10
0.000000
20
0.000000
66
1
0
VERTEX
8
B.Silkscreen
10
243.845249
20
-179.990232
70
0
0
VERTEX
8
B.Silkscreen
10
243.861918
20
-179.992878
70
0
0
SEQEND
8
B.Silkscreen
0
POLYLINE
8
B.Silkscreen
62
7
70
0
10
0.000000
20
0.000000
66
1
0
VERTEX
8
B.Silkscreen
10
243.861918
20
-179.992878
70
0
0
VERTEX
8
B.Silkscreen
10
243.909278
20
-179.998170
70
0
0
SEQEND
8
B.Silkscreen
0
POLYLINE
8
B.Silkscreen
62
7
70
0
10
0.000000
20
0.000000
66
1
0
VERTEX
8
B.Silkscreen
10
243.909278
20
-179.998170
70
0
0
VERTEX
8
B.Silkscreen
10
243.977805
20
-180.000816
70
0
0
SEQEND
8
B.Silkscreen
0
POLYLINE
8
B.Silkscreen
62
7
70
0
10
0.000000
20
0.000000
66
1
0
VERTEX
8
B.Silkscreen
10
243.977805
20
-180.000816
70
0
0
VERTEX
8
B.Silkscreen
10
244.060620
20
-180.003462
70
0
0
SEQEND
8
B.Silkscreen
0
POLYLINE
8
B.Silkscreen
62
7
70
0
10
0.000000
20
0.000000
66
1
0
VERTEX
8
B.Silkscreen
10
244.060620
20
-180.003462
70
0
0
VERTEX
8
B.Silkscreen
10
244.151372
20
-180.006107
70
0
0
SEQEND
8
B.Silkscreen
0
POLYLINE
8
B.Silkscreen
62
7
70
0
10
0.000000
20
0.000000
66
1
0
VERTEX
8
B.Silkscreen
10
244.151372
20
-180.006107
70
0
0
VERTEX
8
B.Silkscreen
10
244.242917
20
-180.006107
70
0
0
SEQEND
8
B.Silkscreen
0
POLYLINE
8
B.Silkscreen
62
7
70
0
10
0.000000
20
0.000000
66
1
0
VERTEX
8
B.Silkscreen
10
244.242917
20
-180.006107
70
0
0
VERTEX
8
B.Silkscreen
10
244.328907
20
-180.006107
70
0
0
SEQEND
8
B.Silkscreen
0
POLYLINE
8
B.Silkscreen
62
7
70
0
10
0.000000
20
0.000000
66
1
0
VERTEX
8
B.Silkscreen
10
244.328907
20
-180.006107
70
0
0
VERTEX
8
B.Silkscreen
10
244.402725
20
-180.003462
70
0
0
SEQEND
8
B.Silkscreen
0
POLYLINE
8
B.Silkscreen
62
7
70
0
10
0.000000
20
0.000000
66
1
0
VERTEX
8
B.Silkscreen
10
244.402725
20
-180.003462
70
0
0
VERTEX
8
B.Silkscreen
10
244.457759
20
-180.000816
70
0
0
SEQEND
8
B.Silkscreen
0
POLYLINE
8
B.Silkscreen
62
7
70
0
10
0.000000
20
0.000000
66
1
0
VERTEX
8
B.Silkscreen
10
244.457759
20
-180.000816
70
0
0
VERTEX
8
B.Silkscreen
10
244.486863
20
-179.995524
70
0
0
SEQEND
8
B.Silkscreen
0
POLYLINE
8
B.Silkscreen
62
7
70
0
10
0.000000
20
0.000000
66
1
0
VERTEX
8
B.Silkscreen
10
244.486863
20
-179.995524
70
0
0
VERTEX
8
B.Silkscreen
10
244.523375
20
-179.974357
70
0
0
SEQEND
8
B.Silkscreen
0
POLYLINE
8
B.Silkscreen
62
7
70
0
10
0.000000
20
0.000000
66
1
0
VERTEX
8
B.Silkscreen
10
244.523375
20
-179.974357
70
0
0
VERTEX
8
B.Silkscreen
10
244.568354
20
-179.929378
70
0
0
SEQEND
8
B.Silkscreen
0
POLYLINE
8
B.Silkscreen
62
7
70
0
10
0.000000
20
0.000000
66
1
0
VERTEX
8
B.Silkscreen
10
244.568354
20
-179.929378
70
0
0
VERTEX
8
B.Silkscreen
10
244.600369
20
-179.876462
70
0
0
SEQEND
8
B.Silkscreen
0
POLYLINE
8
B.Silkscreen
62
7
70
0
10
0.000000
20
0.000000
66
1
0
VERTEX
8
B.Silkscreen
10
244.600369
20
-179.876462
70
0
0
VERTEX
8
B.Silkscreen
10
244.600369
20
-179.876462
70
0
0
SEQEND
8
B.Silkscreen
0
POLYLINE
8
B.Silkscreen
62
7
70
0
10
0.000000
20
0.000000
66
1
0
VERTEX
8
B.Silkscreen
10
244.600369
20
-179.876462
70
0
0
VERTEX
8
B.Silkscreen
10
244.607248
20
-179.850003
70
0
0
SEQEND
8
B.Silkscreen
0
POLYLINE
8
B.Silkscreen
62
7
70
0
10
0.000000
20
0.000000
66
1
0
VERTEX
8
B.Silkscreen
10
244.607248
20
-179.850003
70
0
0
VERTEX
8
B.Silkscreen
10
244.610158
20
-179.812962
70
0
0
SEQEND
8
B.Silkscreen
0
POLYLINE
8
B.Silkscreen
62
7
70
0
10
0.000000
20
0.000000
66
1
0
VERTEX
8
B.Silkscreen
10
244.610158
20
-179.812962
70
0
0
VERTEX
8
B.Silkscreen
10
244.608571
20
-179.760045
70
0
0
SEQEND
8
B.Silkscreen
0
POLYLINE
8
B.Silkscreen
62
7
70
0
10
0.000000
20
0.000000
66
1
0
VERTEX
8
B.Silkscreen
10
244.608571
20
-179.760045
70
0
0
VERTEX
8
B.Silkscreen
10
244.602486
20
-179.685962
70
0
0
SEQEND
8
B.Silkscreen
0
POLYLINE
8
B.Silkscreen
62
7
70
0
10
0.000000
20
0.000000
66
1
0
VERTEX
8
B.Silkscreen
10
244.602486
20
-179.685962
70
0
0
VERTEX
8
B.Silkscreen
10
244.591902
20
-179.582775
70
0
0
SEQEND
8
B.Silkscreen
0
POLYLINE
8
B.Silkscreen
62
7
70
0
10
0.000000
20
0.000000
66
1
0
VERTEX
8
B.Silkscreen
10
244.591902
20
-179.582775
70
0
0
VERTEX
8
B.Silkscreen
10
244.582906
20
-179.506046
70
0
0
SEQEND
8
B.Silkscreen
0
POLYLINE
8
B.Silkscreen
62
7
70
0
10
0.000000
20
0.000000
66
1
0
VERTEX
8
B.Silkscreen
10
244.582906
20
-179.506046
70
0
0
VERTEX
8
B.Silkscreen
10
244.566502
20
-179.397566
70
0
0
SEQEND
8
B.Silkscreen
0
POLYLINE
8
B.Silkscreen
62
7
70
0
10
0.000000
20
0.000000
66
1
0
VERTEX
8
B.Silkscreen
10
244.566502
20
-179.397566
70
0
0
VERTEX
8
B.Silkscreen
10
244.552215
20
-179.342004
70
0
0
SEQEND
8
B.Silkscreen
0
POLYLINE
8
B.Silkscreen
62
7
70
0
10
0.000000
20
0.000000
66
1
0
VERTEX
8
B.Silkscreen
10
244.552215
20
-179.342004
70
0
0
VERTEX
8
B.Silkscreen
10
244.833467
20
-179.342004
70
0
0
SEQEND
8
B.Silkscreen
0
POLYLINE
8
B.Silkscreen
62
7
70
0
10
0.000000
20
0.000000
66
1
0
VERTEX
8
B.Silkscreen
10
244.833467
20
-179.342004
70
0
0
VERTEX
8
B.Silkscreen
10
244.834260
20
-179.386983
70
0
0
SEQEND
8
B.Silkscreen
0
POLYLINE
8
B.Silkscreen
62
7
70
0
10
0.000000
20
0.000000
66
1
0
VERTEX
8
B.Silkscreen
10
244.834260
20
-179.386983
70
0
0
VERTEX
8
B.Silkscreen
10
244.838758
20
-179.455775
70
0
0
SEQEND
8
B.Silkscreen
0
POLYLINE
8
B.Silkscreen
62
7
70
0
10
0.000000
20
0.000000
66
1
0
VERTEX
8
B.Silkscreen
10
244.838758
20
-179.455775
70
0
0
VERTEX
8
B.Silkscreen
10
244.846696
20
-179.537795
70
0
0
SEQEND
8
B.Silkscreen
0
POLYLINE
8
B.Silkscreen
62
7
70
0
10
0.000000
20
0.000000
66
1
0
VERTEX
8
B.Silkscreen
10
244.846696
20
-179.537795
70
0
0
VERTEX
8
B.Silkscreen
10
244.857544
20
-179.625108
70
0
0
SEQEND
8
B.Silkscreen
0
POLYLINE
8
B.Silkscreen
62
7
70
0
10
0.000000
20
0.000000
66
1
0
VERTEX
8
B.Silkscreen
10
244.857544
20
-179.625108
70
0
0
VERTEX
8
B.Silkscreen
10
244.864687
20
-179.678024
70
0
0
SEQEND
8
B.Silkscreen
0
POLYLINE
8
B.Silkscreen
62
7
70
0
10
0.000000
20
0.000000
66
1
0
VERTEX
8
B.Silkscreen
10
244.864687
20
-179.678024
70
0
0
VERTEX
8
B.Silkscreen
10
244.879504
20
-179.773274
70
0
0
SEQEND
8
B.Silkscreen
0
POLYLINE
8
B.Silkscreen
62
7
70
0
10
0.000000
20
0.000000
66
1
0
VERTEX
8
B.Silkscreen
10
244.879504
20
-179.773274
70
0
0
VERTEX
8
B.Silkscreen
10
244.888500
20
-179.812962
70
0
0
SEQEND
8
B.Silkscreen
0
POLYLINE
8
B.Silkscreen
62
7
70
0
10
0.000000
20
0.000000
66
1
0
VERTEX
8
B.Silkscreen
10
244.888500
20
-179.812962
70
0
0
VERTEX
8
B.Silkscreen
10
244.894850
20
-179.842066
70
0
0
SEQEND
8
B.Silkscreen
0
POLYLINE
8
B.Silkscreen
62
7
70
0
10
0.000000
20
0.000000
66
1
0
VERTEX
8
B.Silkscreen
10
244.894850
20
-179.842066
70
0
0
VERTEX
8
B.Silkscreen
10
244.912841
20
-179.892337
70
0
0
SEQEND
8
B.Silkscreen
0
POLYLINE
8
B.Silkscreen
62
7
70
0
10
0.000000
20
0.000000
66
1
0
VERTEX
8
B.Silkscreen
10
244.912841
20
-179.892337
70
0
0
VERTEX
8
B.Silkscreen
10
244.935860
20
-179.929378
70
0
0
SEQEND
8
B.Silkscreen
0
POLYLINE
8
B.Silkscreen
62
7
70
0
10
0.000000
20
0.000000
66
1
0
VERTEX
8
B.Silkscreen
10
244.935860
20
-179.929378
70
0
0
VERTEX
8
B.Silkscreen
10
244.966023
20
-179.955837
70
0
0
SEQEND
8
B.Silkscreen
0
POLYLINE
8
B.Silkscreen
62
7
70
0
10
0.000000
20
0.000000
66
1
0
VERTEX
8
B.Silkscreen
10
244.966023
20
-179.955837
70
0
0
VERTEX
8
B.Silkscreen
10
245.005445
20
-179.979649
70
0
0
SEQEND
8
B.Silkscreen
0
POLYLINE
8
B.Silkscreen
62
7
70
0
10
0.000000
20
0.000000
66
1
0
VERTEX
8
B.Silkscreen
10
245.005445
20
-179.979649
70
0
0
VERTEX
8
B.Silkscreen
10
245.012325
20
-179.982295
70
0
0
SEQEND
8
B.Silkscreen
0
POLYLINE
8
B.Silkscreen
62
7
70
0
10
0.000000
20
0.000000
66
1
0
VERTEX
8
B.Silkscreen
10
245.012325
20
-179.982295
70
0
0
VERTEX
8
B.Silkscreen
10
245.058891
20
-179.992878
70
0
0
SEQEND
8
B.Silkscreen
0
POLYLINE
8
B.Silkscreen
62
7
70
0
10
0.000000
20
0.000000
66
1
0
VERTEX
8
B.Silkscreen
10
245.058891
20
-179.992878
70
0
0
VERTEX
8
B.Silkscreen
10
245.129006
20
-180.000816
70
0
0
SEQEND
8
B.Silkscreen
0
POLYLINE
8
B.Silkscreen
62
7
70
0
10
0.000000
20
0.000000
66
1
0
VERTEX
8
B.Silkscreen
10
245.129006
20
-180.000816
70
0
0
VERTEX
8
B.Silkscreen
10
245.215524
20
-180.006107
70
0
0
SEQEND
8
B.Silkscreen
0
POLYLINE
8
B.Silkscreen
62
7
70
0
10
0.000000
20
0.000000
66
1
0
VERTEX
8
B.Silkscreen
10
245.215524
20
-180.006107
70
0
0
VERTEX
8
B.Silkscreen
10
245.311568
20
-180.008753
70
0
0
SEQEND
8
B.Silkscreen
0
POLYLINE
8
B.Silkscreen
62
7
70
0
10
0.000000
20
0.000000
66
1
0
VERTEX
8
B.Silkscreen
10
245.311568
20
-180.008753
70
0
0
VERTEX
8
B.Silkscreen
10
245.410257
20
-180.008753
70
0
0
SEQEND
8
B.Silkscreen
0
POLYLINE
8
B.Silkscreen
62
7
70
0
10
0.000000
20
0.000000
66
1
0
VERTEX
8
B.Silkscreen
10
245.410257
20
-180.008753
70
0
0
VERTEX
8
B.Silkscreen
10
245.504449
20
-180.006107
70
0
0
SEQEND
8
B.Silkscreen
0
POLYLINE
8
B.Silkscreen
62
7
70
0
10
0.000000
20
0.000000
66
1
0
VERTEX
8
B.Silkscreen
10
245.504449
20
-180.006107
70
0
0
VERTEX
8
B.Silkscreen
10
245.587528
20
-180.000816
70
0
0
SEQEND
8
B.Silkscreen
0
POLYLINE
8
B.Silkscreen
62
7
70
0
10
0.000000
20
0.000000
66
1
0
VERTEX
8
B.Silkscreen
10
245.587528
20
-180.000816
70
0
0
VERTEX
8
B.Silkscreen
10
245.652086
20
-179.992878
70
0
0
SEQEND
8
B.Silkscreen
0
POLYLINE
8
B.Silkscreen
62
7
70
0
10
0.000000
20
0.000000
66
1
0
VERTEX
8
B.Silkscreen
10
245.652086
20
-179.992878
70
0
0
VERTEX
8
B.Silkscreen
10
245.691509
20
-179.982295
70
0
0
SEQEND
8
B.Silkscreen
0
POLYLINE
8
B.Silkscreen
62
7
70
0
10
0.000000
20
0.000000
66
1
0
VERTEX
8
B.Silkscreen
10
245.691509
20
-179.982295
70
0
0
VERTEX
8
B.Silkscreen
10
245.709765
20
-179.971712
70
0
0
SEQEND
8
B.Silkscreen
0
POLYLINE
8
B.Silkscreen
62
7
70
0
10
0.000000
20
0.000000
66
1
0
VERTEX
8
B.Silkscreen
10
245.709765
20
-179.971712
70
0
0
VERTEX
8
B.Silkscreen
10
245.745484
20
-179.945253
70
0
0
SEQEND
8
B.Silkscreen
0
POLYLINE
8
B.Silkscreen
62
7
70
0
10
0.000000
20
0.000000
66
1
0
VERTEX
8
B.Silkscreen
10
245.745484
20
-179.945253
70
0
0
VERTEX
8
B.Silkscreen
10
245.770884
20
-179.916149
70
0
0
SEQEND
8
B.Silkscreen
0
POLYLINE
8
B.Silkscreen
62
7
70
0
10
0.000000
20
0.000000
66
1
0
VERTEX
8
B.Silkscreen
10
245.770884
20
-179.916149
70
0
0
VERTEX
8
B.Silkscreen
10
245.786759
20
-179.876462
70
0
0
SEQEND
8
B.Silkscreen
0
POLYLINE
8
B.Silkscreen
62
7
70
0
10
0.000000
20
0.000000
66
1
0
VERTEX
8
B.Silkscreen
10
245.786759
20
-179.876462
70
0
0
VERTEX
8
B.Silkscreen
10
245.794167
20
-179.820899
70
0
0
SEQEND
8
B.Silkscreen
0
POLYLINE
8
B.Silkscreen
62
7
70
0
10
0.000000
20
0.000000
66
1
0
VERTEX
8
B.Silkscreen
10
245.794167
20
-179.820899
70
0
0
VERTEX
8
B.Silkscreen
10
245.793374
20
-179.746816
70
0
0
SEQEND
8
B.Silkscreen
0
POLYLINE
8
B.Silkscreen
62
7
70
0
10
0.000000
20
0.000000
66
1
0
VERTEX
8
B.Silkscreen
10
245.793374
20
-179.746816
70
0
0
VERTEX
8
B.Silkscreen
10
245.785701
20
-179.648920
70
0
0
SEQEND
8
B.Silkscreen
0
POLYLINE
8
B.Silkscreen
62
7
70
0
10
0.000000
20
0.000000
66
1
0
VERTEX
8
B.Silkscreen
10
245.785701
20
-179.648920
70
0
0
VERTEX
8
B.Silkscreen
10
245.771413
20
-179.524566
70
0
0
SEQEND
8
B.Silkscreen
0
POLYLINE
8
B.Silkscreen
62
7
70
0
10
0.000000
20
0.000000
66
1
0
VERTEX
8
B.Silkscreen
10
245.771413
20
-179.524566
70
0
0
VERTEX
8
B.Silkscreen
10
245.768503
20
-179.503400
70
0
0
SEQEND
8
B.Silkscreen
0
POLYLINE
8
B.Silkscreen
62
7
70
0
10
0.000000
20
0.000000
66
1
0
VERTEX
8
B.Silkscreen
10
245.768503
20
-179.503400
70
0
0
VERTEX
8
B.Silkscreen
10
245.753686
20
-179.400212
70
0
0
SEQEND
8
B.Silkscreen
0
POLYLINE
8
B.Silkscreen
62
7
70
0
10
0.000000
20
0.000000
66
1
0
VERTEX
8
B.Silkscreen
10
245.753686
20
-179.400212
70
0
0
VERTEX
8
B.Silkscreen
10
245.749982
20
-179.384337
70
0
0
SEQEND
8
B.Silkscreen
0
POLYLINE
8
B.Silkscreen
62
7
70
0
10
0.000000
20
0.000000
66
1
0
VERTEX
8
B.Silkscreen
10
245.749982
20
-179.384337
70
0
0
VERTEX
8
B.Silkscreen
10
246.031234
20
-179.384337
70
0
0
SEQEND
8
B.Silkscreen
0
POLYLINE
8
B.Silkscreen
62
7
70
0
10
0.000000
20
0.000000
66
1
0
VERTEX
8
B.Silkscreen
10
246.031234
20
-179.384337
70
0
0
VERTEX
8
B.Silkscreen
10
246.034938
20
-179.434608
70
0
0
SEQEND
8
B.Silkscreen
0
POLYLINE
8
B.Silkscreen
62
7
70
0
10
0.000000
20
0.000000
66
1
0
VERTEX
8
B.Silkscreen
10
246.034938
20
-179.434608
70
0
0
VERTEX
8
B.Silkscreen
10
246.042875
20
-179.506046
70
0
0
SEQEND
8
B.Silkscreen
0
POLYLINE
8
B.Silkscreen
62
7
70
0
10
0.000000
20
0.000000
66
1
0
VERTEX
8
B.Silkscreen
10
246.042875
20
-179.506046
70
0
0
VERTEX
8
B.Silkscreen
10
246.054782
20
-179.603941
70
0
0
SEQEND
8
B.Silkscreen
0
POLYLINE
8
B.Silkscreen
62
7
70
0
10
0.000000
20
0.000000
66
1
0
VERTEX
8
B.Silkscreen
10
246.054782
20
-179.603941
70
0
0
VERTEX
8
B.Silkscreen
10
246.068011
20
-179.704483
70
0
0
SEQEND
8
B.Silkscreen
0
POLYLINE
8
B.Silkscreen
62
7
70
0
10
0.000000
20
0.000000
66
1
0
VERTEX
8
B.Silkscreen
10
246.068011
20
-179.704483
70
0
0
VERTEX
8
B.Silkscreen
10
246.081240
20
-179.789149
70
0
0
SEQEND
8
B.Silkscreen
0
POLYLINE
8
B.Silkscreen
62
7
70
0
10
0.000000
20
0.000000
66
1
0
VERTEX
8
B.Silkscreen
10
246.081240
20
-179.789149
70
0
0
VERTEX
8
B.Silkscreen
10
246.088119
20
-179.820899
70
0
0
SEQEND
8
B.Silkscreen
0
POLYLINE
8
B.Silkscreen
62
7
70
0
10
0.000000
20
0.000000
66
1
0
VERTEX
8
B.Silkscreen
10
246.088119
20
-179.820899
70
0
0
VERTEX
8
B.Silkscreen
10
246.095527
20
-179.852649
70
0
0
SEQEND
8
B.Silkscreen
0
POLYLINE
8
B.Silkscreen
62
7
70
0
10
0.000000
20
0.000000
66
1
0
VERTEX
8
B.Silkscreen
10
246.095527
20
-179.852649
70
0
0
VERTEX
8
B.Silkscreen
10
246.112725
20
-179.897628
70
0
0
SEQEND
8
B.Silkscreen
0
POLYLINE
8
B.Silkscreen
62
7
70
0
10
0.000000
20
0.000000
66
1
0
VERTEX
8
B.Silkscreen
10
246.112725
20
-179.897628
70
0
0
VERTEX
8
B.Silkscreen
10
246.134686
20
-179.929378
70
0
0
SEQEND
8
B.Silkscreen
0
POLYLINE
8
B.Silkscreen
62
7
70
0
10
0.000000
20
0.000000
66
1
0
VERTEX
8
B.Silkscreen
10
246.134686
20
-179.929378
70
0
0
VERTEX
8
B.Silkscreen
10
246.163525
20
-179.953191
70
0
0
SEQEND
8
B.Silkscreen
0
POLYLINE
8
B.Silkscreen
62
7
70
0
10
0.000000
20
0.000000
66
1
0
VERTEX
8
B.Silkscreen
10
246.163525
20
-179.953191
70
0
0
VERTEX
8
B.Silkscreen
10
246.201096
20
-179.977003
70
0
0
SEQEND
8
B.Silkscreen
0
POLYLINE
8
B.Silkscreen
62
7
70
0
10
0.000000
20
0.000000
66
1
0
VERTEX
8
B.Silkscreen
10
246.201096
20
-179.977003
70
0
0
VERTEX
8
B.Silkscreen
10
246.208240
20
-179.979649
70
0
0
SEQEND
8
B.Silkscreen
0
POLYLINE
8
B.Silkscreen
62
7
70
0
10
0.000000
20
0.000000
66
1
0
VERTEX
8
B.Silkscreen
10
246.208240
20
-179.979649
70
0
0
VERTEX
8
B.Silkscreen
10
246.232846
20
-179.990232
70
0
0
SEQEND
8
B.Silkscreen
0
POLYLINE
8
B.Silkscreen
62
7
70
0
10
0.000000
20
0.000000
66
1
0
VERTEX
8
B.Silkscreen
10
246.232846
20
-179.990232
70
0
0
VERTEX
8
B.Silkscreen
10
246.264067
20
-179.998170
70
0
0
SEQEND
8
B.Silkscreen
0
POLYLINE
8
B.Silkscreen
62
7
70
0
10
0.000000
20
0.000000
66
1
0
VERTEX
8
B.Silkscreen
10
246.264067
20
-179.998170
70
0
0
VERTEX
8
B.Silkscreen
10
246.306665
20
-180.000816
70
0
0
SEQEND
8
B.Silkscreen
0
POLYLINE
8
B.Silkscreen
62
7
70
0
10
0.000000
20
0.000000
66
1
0
VERTEX
8
B.Silkscreen
10
246.306665
20
-180.000816
70
0
0
VERTEX
8
B.Silkscreen
10
246.366196
20
-180.006107
70
0
0
SEQEND
8
B.Silkscreen
0
POLYLINE
8
B.Silkscreen
62
7
70
0
10
0.000000
20
0.000000
66
1
0
VERTEX
8
B.Silkscreen
10
246.366196
20
-180.006107
70
0
0
VERTEX
8
B.Silkscreen
10
246.447687
20
-180.006107
70
0
0
SEQEND
8
B.Silkscreen
0
POLYLINE
8
B.Silkscreen
62
7
70
0
10
0.000000
20
0.000000
66
1
0
VERTEX
8
B.Silkscreen
10
246.447687
20
-180.006107
70
0
0
VERTEX
8
B.Silkscreen
10
246.556166
20
-180.006107
70
0
0
SEQEND
8
B.Silkscreen
0
POLYLINE
8
B.Silkscreen
62
7
70
0
10
0.000000
20
0.000000
66
1
0
VERTEX
8
B.Silkscreen
10
246.556166
20
-180.006107
70
0
0
VERTEX
8
B.Silkscreen
10
246.630250
20
-180.006107
70
0
0
SEQEND
8
B.Silkscreen
0
POLYLINE
8
B.Silkscreen
62
7
70
0
10
0.000000
20
0.000000
66
1
0
VERTEX
8
B.Silkscreen
10
246.630250
20
-180.006107
70
0
0
VERTEX
8
B.Silkscreen
10
246.718885
20
-180.006107
70
0
0
SEQEND
8
B.Silkscreen
0
POLYLINE
8
B.Silkscreen
62
7
70
0
10
0.000000
20
0.000000
66
1
0
VERTEX
8
B.Silkscreen
10
246.718885
20
-180.006107
70
0
0
VERTEX
8
B.Silkscreen
10
246.783708
20
-180.003462
70
0
0
SEQEND
8
B.Silkscreen
0
POLYLINE
8
B.Silkscreen
62
7
70
0
10
0.000000
20
0.000000
66
1
0
VERTEX
8
B.Silkscreen
10
246.783708
20
-180.003462
70
0
0
VERTEX
8
B.Silkscreen
10
246.830010
20
-180.000816
70
0
0
SEQEND
8
B.Silkscreen
0
POLYLINE
8
B.Silkscreen
62
7
70
0
10
0.000000
20
0.000000
66
1
0
VERTEX
8
B.Silkscreen
10
246.830010
20
-180.000816
70
0
0
VERTEX
8
B.Silkscreen
10
246.862818
20
-179.992878
70
0
0
SEQEND
8
B.Silkscreen
0
POLYLINE
8
B.Silkscreen
62
7
70
0
10
0.000000
20
0.000000
66
1
0
VERTEX
8
B.Silkscreen
10
246.862818
20
-179.992878
70
0
0
VERTEX
8
B.Silkscreen
10
246.887424
20
-179.984941
70
0
0
SEQEND
8
B.Silkscreen
0
POLYLINE
8
B.Silkscreen
62
7
70
0
10
0.000000
20
0.000000
66
1
0
VERTEX
8
B.Silkscreen
10
246.887424
20
-179.984941
70
0
0
VERTEX
8
B.Silkscreen
10
246.909120
20
-179.974357
70
0
0
SEQEND
8
B.Silkscreen
0
POLYLINE
8
B.Silkscreen
62
7
70
0
10
0.000000
20
0.000000
66
1
0
VERTEX
8
B.Silkscreen
10
246.909120
20
-179.974357
70
0
0
VERTEX
8
B.Silkscreen
10
246.937166
20
-179.955837
70
0
0
SEQEND
8
B.Silkscreen
0
POLYLINE
8
B.Silkscreen
62
7
70
0
10
0.000000
20
0.000000
66
1
0
VERTEX
8
B.Silkscreen
10
246.937166
20
-179.955837
70
0
0
VERTEX
8
B.Silkscreen
10
246.967064
20
-179.926732
70
0
0
SEQEND
8
B.Silkscreen
0
POLYLINE
8
B.Silkscreen
62
7
70
0
10
0.000000
20
0.000000
66
1
0
VERTEX
8
B.Silkscreen
10
246.967064
20
-179.926732
70
0
0
VERTEX
8
B.Silkscreen
10
246.986643
20
-179.889691
70
0
0
SEQEND
8
B.Silkscreen
0
POLYLINE
8
B.Silkscreen
62
7
70
0
10
0.000000
20
0.000000
66
1
0
VERTEX
8
B.Silkscreen
10
246.986643
20
-179.889691
70
0
0
VERTEX
8
B.Silkscreen
10
246.996697
20
-179.842066
70
0
0
SEQEND
8
B.Silkscreen
0
POLYLINE
8
B.Silkscreen
62
7
70
0
10
0.000000
20
0.000000
66
1
0
VERTEX
8
B.Silkscreen
10
246.996697
20
-179.842066
70
0
0
VERTEX
8
B.Silkscreen
10
246.998020
20
-179.775920
70
0
0
SEQEND
8
B.Silkscreen
0
POLYLINE
8
B.Silkscreen
62
7
70
0
10
0.000000
20
0.000000
66
1
0
VERTEX
8
B.Silkscreen
10
246.998020
20
-179.775920
70
0
0
VERTEX
8
B.Silkscreen
10
246.991670
20
-179.688608
70
0
0
SEQEND
8
B.Silkscreen
0
POLYLINE
8
B.Silkscreen
62
7
70
0
10
0.000000
20
0.000000
66
1
0
VERTEX
8
B.Silkscreen
10
246.991670
20
-179.688608
70
0
0
VERTEX
8
B.Silkscreen
10
246.978176
20
-179.574837
70
0
0
SEQEND
8
B.Silkscreen
0
POLYLINE
8
B.Silkscreen
62
7
70
0
10
0.000000
20
0.000000
66
1
0
VERTEX
8
B.Silkscreen
10
246.978176
20
-179.574837
70
0
0
VERTEX
8
B.Silkscreen
10
246.969710
20
-179.508691
70
0
0
SEQEND
8
B.Silkscreen
0
POLYLINE
8
B.Silkscreen
62
7
70
0
10
0.000000
20
0.000000
66
1
0
VERTEX
8
B.Silkscreen
10
246.969710
20
-179.508691
70
0
0
VERTEX
8
B.Silkscreen
10
246.956216
20
-179.418733
70
0
0
SEQEND
8
B.Silkscreen
0
POLYLINE
8
B.Silkscreen
62
7
70
0
10
0.000000
20
0.000000
66
1
0
VERTEX
8
B.Silkscreen
10
246.956216
20
-179.418733
70
0
0
VERTEX
8
B.Silkscreen
10
246.942193
20
-179.352587
70
0
0
SEQEND
8
B.Silkscreen
0
POLYLINE
8
B.Silkscreen
62
7
70
0
10
0.000000
20
0.000000
66
1
0
VERTEX
8
B.Silkscreen
10
246.942193
20
-179.352587
70
0
0
VERTEX
8
B.Silkscreen
10
246.926053
20
-179.302317
70
0
0
SEQEND
8
B.Silkscreen
0
POLYLINE
8
B.Silkscreen
62
7
70
0
10
0.000000
20
0.000000
66
1
0
VERTEX
8
B.Silkscreen
10
246.926053
20
-179.302317
70
0
0
VERTEX
8
B.Silkscreen
10
246.905151
20
-179.267921
70
0
0
SEQEND
8
B.Silkscreen
0
POLYLINE
8
B.Silkscreen
62
7
70
0
10
0.000000
20
0.000000
66
1
0
VERTEX
8
B.Silkscreen
10
246.905151
20
-179.267921
70
0
0
VERTEX
8
B.Silkscreen
10
246.877635
20
-179.236171
70
0
0
SEQEND
8
B.Silkscreen
0
POLYLINE
8
B.Silkscreen
62
7
70
0
10
0.000000
20
0.000000
66
1
0
VERTEX
8
B.Silkscreen
10
246.877635
20
-179.236171
70
0
0
VERTEX
8
B.Silkscreen
10
246.841387
20
-179.207067
70
0
0
SEQEND
8
B.Silkscreen
0
POLYLINE
8
B.Silkscreen
62
7
70
0
10
0.000000
20
0.000000
66
1
0
VERTEX
8
B.Silkscreen
10
246.841387
20
-179.207067
70
0
0
VERTEX
8
B.Silkscreen
10
246.827893
20
-179.199129
70
0
0
SEQEND
8
B.Silkscreen
0
POLYLINE
8
B.Silkscreen
62
7
70
0
10
0.000000
20
0.000000
66
1
0
VERTEX
8
B.Silkscreen
10
246.827893
20
-179.199129
70
0
0
VERTEX
8
B.Silkscreen
10
246.807256
20
-179.188546
70
0
0
SEQEND
8
B.Silkscreen
0
POLYLINE
8
B.Silkscreen
62
7
70
0
10
0.000000
20
0.000000
66
1
0
VERTEX
8
B.Silkscreen
10
246.807256
20
-179.188546
70
0
0
VERTEX
8
B.Silkscreen
10
246.779475
20
-179.180608
70
0
0
SEQEND
8
B.Silkscreen
0
POLYLINE
8
B.Silkscreen
62
7
70
0
10
0.000000
20
0.000000
66
1
0
VERTEX
8
B.Silkscreen
10
246.779475
20
-179.180608
70
0
0
VERTEX
8
B.Silkscreen
10
246.739258
20
-179.177963
70
0
0
SEQEND
8
B.Silkscreen
0
POLYLINE
8
B.Silkscreen
62
7
70
0
10
0.000000
20
0.000000
66
1
0
VERTEX
8
B.Silkscreen
10
246.739258
20
-179.177963
70
0
0
VERTEX
8
B.Silkscreen
10
246.681843
20
-179.172671
70
0
0
SEQEND
8
B.Silkscreen
0
POLYLINE
8
B.Silkscreen
62
7
70
0
10
0.000000
20
0.000000
66
1
0
VERTEX
8
B.Silkscreen
10
246.681843
20
-179.172671
70
0
0
VERTEX
8
B.Silkscreen
10
246.601939
20
-179.170025
70
0
0
SEQEND
8
B.Silkscreen
0
POLYLINE
8
B.Silkscreen
62
7
70
0
10
0.000000
20
0.000000
66
1
0
VERTEX
8
B.Silkscreen
10
246.601939
20
-179.170025
70
0
0
VERTEX
8
B.Silkscreen
10
246.494783
20
-179.170025
70
0
0
SEQEND
8
B.Silkscreen
0
POLYLINE
8
B.Silkscreen
62
7
70
0
10
0.000000
20
0.000000
66
1
0
VERTEX
8
B.Silkscreen
10
246.494783
20
-179.170025
70
0
0
VERTEX
8
B.Silkscreen
10
246.435252
20
-179.167379
70
0
0
SEQEND
8
B.Silkscreen
0
POLYLINE
8
B.Silkscreen
62
7
70
0
10
0.000000
20
0.000000
66
1
0
VERTEX
8
B.Silkscreen
10
246.435252
20
-179.167379
70
0
0
VERTEX
8
B.Silkscreen
10
246.324656
20
-179.167379
70
0
0
SEQEND
8
B.Silkscreen
0
POLYLINE
8
B.Silkscreen
62
7
70
0
10
0.000000
20
0.000000
66
1
0
VERTEX
8
B.Silkscreen
10
246.324656
20
-179.167379
70
0
0
VERTEX
8
B.Silkscreen
10
246.239990
20
-179.172671
70
0
0
SEQEND
8
B.Silkscreen
0
POLYLINE
8
B.Silkscreen
62
7
70
0
10
0.000000
20
0.000000
66
1
0
VERTEX
8
B.Silkscreen
10
246.239990
20
-179.172671
70
0
0
VERTEX
8
B.Silkscreen
10
246.176754
20
-179.180608
70
0
0
SEQEND
8
B.Silkscreen
0
POLYLINE
8
B.Silkscreen
62
7
70
0
10
0.000000
20
0.000000
66
1
0
VERTEX
8
B.Silkscreen
10
246.176754
20
-179.180608
70
0
0
VERTEX
8
B.Silkscreen
10
246.130452
20
-179.193838
70
0
0
SEQEND
8
B.Silkscreen
0
POLYLINE
8
B.Silkscreen
62
7
70
0
10
0.000000
20
0.000000
66
1
0
VERTEX
8
B.Silkscreen
10
246.130452
20
-179.193838
70
0
0
VERTEX
8
B.Silkscreen
10
246.097115
20
-179.215004
70
0
0
SEQEND
8
B.Silkscreen
0
POLYLINE
8
B.Silkscreen
62
7
70
0
10
0.000000
20
0.000000
66
1
0
VERTEX
8
B.Silkscreen
10
246.097115
20
-179.215004
70
0
0
VERTEX
8
B.Silkscreen
10
246.071980
20
-179.244108
70
0
0
SEQEND
8
B.Silkscreen
0
POLYLINE
8
B.Silkscreen
62
7
70
0
10
0.000000
20
0.000000
66
1
0
VERTEX
8
B.Silkscreen
10
246.071980
20
-179.244108
70
0
0
VERTEX
8
B.Silkscreen
10
246.050813
20
-179.281150
70
0
0
SEQEND
8
B.Silkscreen
0
POLYLINE
8
B.Silkscreen
62
7
70
0
10
0.000000
20
0.000000
66
1
0
VERTEX
8
B.Silkscreen
10
246.050813
20
-179.281150
70
0
0
VERTEX
8
B.Silkscreen
10
246.042875
20
-179.297025
70
0
0
SEQEND
8
B.Silkscreen
0
POLYLINE
8
B.Silkscreen
62
7
70
0
10
0.000000
20
0.000000
66
1
0
VERTEX
8
B.Silkscreen
10
246.042875
20
-179.297025
70
0
0
VERTEX
8
B.Silkscreen
10
246.035203
20
-179.320837
70
0
0
SEQEND
8
B.Silkscreen
0
POLYLINE
8
B.Silkscreen
62
7
70
0
10
0.000000
20
0.000000
66
1
0
VERTEX
8
B.Silkscreen
10
246.035203
20
-179.320837
70
0
0
VERTEX
8
B.Silkscreen
10
246.031234
20
-179.347296
70
0
0
SEQEND
8
B.Silkscreen
0
POLYLINE
8
B.Silkscreen
62
7
70
0
10
0.000000
20
0.000000
66
1
0
VERTEX
8
B.Silkscreen
10
246.031234
20
-179.347296
70
0
0
VERTEX
8
B.Silkscreen
10
246.031234
20
-179.384337
70
0
0
SEQEND
8
B.Silkscreen
0
POLYLINE
8
B.Silkscreen
62
7
70
0
10
0.000000
20
0.000000
66
1
0
VERTEX
8
B.Silkscreen
10
246.031234
20
-179.384337
70
0
0
VERTEX
8
B.Silkscreen
10
245.749982
20
-179.384337
70
0
0
SEQEND
8
B.Silkscreen
0
POLYLINE
8
B.Silkscreen
62
7
70
0
10
0.000000
20
0.000000
66
1
0
VERTEX
8
B.Silkscreen
10
245.749982
20
-179.384337
70
0
0
VERTEX
8
B.Silkscreen
10
245.735695
20
-179.320837
70
0
0
SEQEND
8
B.Silkscreen
0
POLYLINE
8
B.Silkscreen
62
7
70
0
10
0.000000
20
0.000000
66
1
0
VERTEX
8
B.Silkscreen
10
245.735695
20
-179.320837
70
0
0
VERTEX
8
B.Silkscreen
10
245.710559
20
-179.262629
70
0
0
SEQEND
8
B.Silkscreen
0
POLYLINE
8
B.Silkscreen
62
7
70
0
10
0.000000
20
0.000000
66
1
0
VERTEX
8
B.Silkscreen
10
245.710559
20
-179.262629
70
0
0
VERTEX
8
B.Silkscreen
10
245.674047
20
-179.222942
70
0
0
SEQEND
8
B.Silkscreen
0
POLYLINE
8
B.Silkscreen
62
7
70
0
10
0.000000
20
0.000000
66
1
0
VERTEX
8
B.Silkscreen
10
245.674047
20
-179.222942
70
0
0
VERTEX
8
B.Silkscreen
10
245.621659
20
-179.196483
70
0
0
SEQEND
8
B.Silkscreen
0
POLYLINE
8
B.Silkscreen
62
7
70
0
10
0.000000
20
0.000000
66
1
0
VERTEX
8
B.Silkscreen
10
245.621659
20
-179.196483
70
0
0
VERTEX
8
B.Silkscreen
10
245.549693
20
-179.180608
70
0
0
SEQEND
8
B.Silkscreen
0
POLYLINE
8
B.Silkscreen
62
7
70
0
10
0.000000
20
0.000000
66
1
0
VERTEX
8
B.Silkscreen
10
245.549693
20
-179.180608
70
0
0
VERTEX
8
B.Silkscreen
10
245.453649
20
-179.172671
70
0
0
SEQEND
8
B.Silkscreen
0
POLYLINE
8
B.Silkscreen
62
7
70
0
10
0.000000
20
0.000000
66
1
0
VERTEX
8
B.Silkscreen
10
245.453649
20
-179.172671
70
0
0
VERTEX
8
B.Silkscreen
10
245.329560
20
-179.167379
70
0
0
SEQEND
8
B.Silkscreen
0
POLYLINE
8
B.Silkscreen
62
7
70
0
10
0.000000
20
0.000000
66
1
0
VERTEX
8
B.Silkscreen
10
245.329560
20
-179.167379
70
0
0
VERTEX
8
B.Silkscreen
10
245.273468
20
-179.167379
70
0
0
SEQEND
8
B.Silkscreen
0
POLYLINE
8
B.Silkscreen
62
7
70
0
10
0.000000
20
0.000000
66
1
0
VERTEX
8
B.Silkscreen
10
245.273468
20
-179.167379
70
0
0
VERTEX
8
B.Silkscreen
10
245.183510
20
-179.167379
70
0
0
SEQEND
8
B.Silkscreen
0
POLYLINE
8
B.Silkscreen
62
7
70
0
10
0.000000
20
0.000000
66
1
0
VERTEX
8
B.Silkscreen
10
245.183510
20
-179.167379
70
0
0
VERTEX
8
B.Silkscreen
10
245.104929
20
-179.167379
70
0
0
SEQEND
8
B.Silkscreen
0
POLYLINE
8
B.Silkscreen
62
7
70
0
10
0.000000
20
0.000000
66
1
0
VERTEX
8
B.Silkscreen
10
245.104929
20
-179.167379
70
0
0
VERTEX
8
B.Silkscreen
10
245.044868
20
-179.170025
70
0
0
SEQEND
8
B.Silkscreen
0
POLYLINE
8
B.Silkscreen
62
7
70
0
10
0.000000
20
0.000000
66
1
0
VERTEX
8
B.Silkscreen
10
245.044868
20
-179.170025
70
0
0
VERTEX
8
B.Silkscreen
10
245.009943
20
-179.172671
70
0
0
SEQEND
8
B.Silkscreen
0
POLYLINE
8
B.Silkscreen
62
7
70
0
10
0.000000
20
0.000000
66
1
0
VERTEX
8
B.Silkscreen
10
245.009943
20
-179.172671
70
0
0
VERTEX
8
B.Silkscreen
10
244.958879
20
-179.191192
70
0
0
SEQEND
8
B.Silkscreen
0
POLYLINE
8
B.Silkscreen
62
7
70
0
10
0.000000
20
0.000000
66
1
0
VERTEX
8
B.Silkscreen
10
244.958879
20
-179.191192
70
0
0
VERTEX
8
B.Silkscreen
10
244.902258
20
-179.230879
70
0
0
SEQEND
8
B.Silkscreen
0
POLYLINE
8
B.Silkscreen
62
7
70
0
10
0.000000
20
0.000000
66
1
0
VERTEX
8
B.Silkscreen
10
244.902258
20
-179.230879
70
0
0
VERTEX
8
B.Silkscreen
10
244.857544
20
-179.281150
70
0
0
SEQEND
8
B.Silkscreen
0
POLYLINE
8
B.Silkscreen
62
7
70
0
10
0.000000
20
0.000000
66
1
0
VERTEX
8
B.Silkscreen
10
244.857544
20
-179.281150
70
0
0
VERTEX
8
B.Silkscreen
10
244.834525
20
-179.334067
70
0
0
SEQEND
8
B.Silkscreen
0
POLYLINE
8
B.Silkscreen
62
7
70
0
10
0.000000
20
0.000000
66
1
0
VERTEX
8
B.Silkscreen
10
244.834525
20
-179.334067
70
0
0
VERTEX
8
B.Silkscreen
10
244.833467
20
-179.342004
70
0
0
SEQEND
8
B.Silkscreen
0
POLYLINE
8
B.Silkscreen
62
7
70
0
10
0.000000
20
0.000000
66
1
0
VERTEX
8
B.Silkscreen
10
244.833467
20
-179.342004
70
0
0
VERTEX
8
B.Silkscreen
10
244.552215
20
-179.342004
70
0
0
SEQEND
8
B.Silkscreen
0
POLYLINE
8
B.Silkscreen
62
7
70
0
10
0.000000
20
0.000000
66
1
0
VERTEX
8
B.Silkscreen
10
244.552215
20
-179.342004
70
0
0
VERTEX
8
B.Silkscreen
10
244.545600
20
-179.318192
70
0
0
SEQEND
8
B.Silkscreen
0
POLYLINE
8
B.Silkscreen
62
7
70
0
10
0.000000
20
0.000000
66
1
0
VERTEX
8
B.Silkscreen
10
244.545600
20
-179.318192
70
0
0
VERTEX
8
B.Silkscreen
10
244.515702
20
-179.257337
70
0
0
SEQEND
8
B.Silkscreen
0
POLYLINE
8
B.Silkscreen
62
7
70
0
10
0.000000
20
0.000000
66
1
0
VERTEX
8
B.Silkscreen
10
244.515702
20
-179.257337
70
0
0
VERTEX
8
B.Silkscreen
10
244.473369
20
-179.215004
70
0
0
SEQEND
8
B.Silkscreen
0
POLYLINE
8
B.Silkscreen
62
7
70
0
10
0.000000
20
0.000000
66
1
0
VERTEX
8
B.Silkscreen
10
244.473369
20
-179.215004
70
0
0
VERTEX
8
B.Silkscreen
10
244.414367
20
-179.188546
70
0
0
SEQEND
8
B.Silkscreen
0
POLYLINE
8
B.Silkscreen
62
7
70
0
10
0.000000
20
0.000000
66
1
0
VERTEX
8
B.Silkscreen
10
244.414367
20
-179.188546
70
0
0
VERTEX
8
B.Silkscreen
10
244.334992
20
-179.175317
70
0
0
SEQEND
8
B.Silkscreen
0
POLYLINE
8
B.Silkscreen
62
7
70
0
10
0.000000
20
0.000000
66
1
0
VERTEX
8
B.Silkscreen
10
244.334992
20
-179.175317
70
0
0
VERTEX
8
B.Silkscreen
10
244.231011
20
-179.167379
70
0
0
SEQEND
8
B.Silkscreen
0
POLYLINE
8
B.Silkscreen
62
7
70
0
10
0.000000
20
0.000000
66
1
0
VERTEX
8
B.Silkscreen
10
244.231011
20
-179.167379
70
0
0
VERTEX
8
B.Silkscreen
10
244.098720
20
-179.167379
70
0
0
SEQEND
8
B.Silkscreen
0
POLYLINE
8
B.Silkscreen
62
7
70
0
10
0.000000
20
0.000000
66
1
0
VERTEX
8
B.Silkscreen
10
244.098720
20
-179.167379
70
0
0
VERTEX
8
B.Silkscreen
10
244.085226
20
-179.167379
70
0
0
SEQEND
8
B.Silkscreen
0
POLYLINE
8
B.Silkscreen
62
7
70
0
10
0.000000
20
0.000000
66
1
0
VERTEX
8
B.Silkscreen
10
244.085226
20
-179.167379
70
0
0
VERTEX
8
B.Silkscreen
10
243.975688
20
-179.170025
70
0
0
SEQEND
8
B.Silkscreen
0
POLYLINE
8
B.Silkscreen
62
7
70
0
10
0.000000
20
0.000000
66
1
0
VERTEX
8
B.Silkscreen
10
243.975688
20
-179.170025
70
0
0
VERTEX
8
B.Silkscreen
10
243.884407
20
-179.172671
70
0
0
SEQEND
8
B.Silkscreen
0
POLYLINE
8
B.Silkscreen
62
7
70
0
10
0.000000
20
0.000000
66
1
0
VERTEX
8
B.Silkscreen
10
243.884407
20
-179.172671
70
0
0
VERTEX
8
B.Silkscreen
10
243.816409
20
-179.177963
70
0
0
SEQEND
8
B.Silkscreen
0
POLYLINE
8
B.Silkscreen
62
7
70
0
10
0.000000
20
0.000000
66
1
0
VERTEX
8
B.Silkscreen
10
243.816409
20
-179.177963
70
0
0
VERTEX
8
B.Silkscreen
10
243.775928
20
-179.185900
70
0
0
SEQEND
8
B.Silkscreen
0
POLYLINE
8
B.Silkscreen
62
7
70
0
10
0.000000
20
0.000000
66
1
0
VERTEX
8
B.Silkscreen
10
243.775928
20
-179.185900
70
0
0
VERTEX
8
B.Silkscreen
10
243.751851
20
-179.199129
70
0
0
SEQEND
8
B.Silkscreen
0
POLYLINE
8
B.Silkscreen
62
7
70
0
10
0.000000
20
0.000000
66
1
0
VERTEX
8
B.Silkscreen
10
243.751851
20
-179.199129
70
0
0
VERTEX
8
B.Silkscreen
10
243.697876
20
-179.244108
70
0
0
SEQEND
8
B.Silkscreen
0
POLYLINE
8
B.Silkscreen
62
7
70
0
10
0.000000
20
0.000000
66
1
0
VERTEX
8
B.Silkscreen
10
243.697876
20
-179.244108
70
0
0
VERTEX
8
B.Silkscreen
10
243.660306
20
-179.304962
70
0
0
SEQEND
8
B.Silkscreen
0
POLYLINE
8
B.Silkscreen
62
7
70
0
10
0.000000
20
0.000000
66
1
0
VERTEX
8
B.Silkscreen
10
243.660306
20
-179.304962
70
0
0
VERTEX
8
B.Silkscreen
10
243.646283
20
-179.373754
70
0
0
SEQEND
8
B.Silkscreen
0
POLYLINE
8
B.Silkscreen
62
7
70
0
10
0.000000
20
0.000000
66
1
0
VERTEX
8
B.Silkscreen
10
241.024794
20
-179.373754
70
0
0
VERTEX
8
B.Silkscreen
10
241.019238
20
-179.355233
70
0
0
SEQEND
8
B.Silkscreen
0
POLYLINE
8
B.Silkscreen
62
7
70
0
10
0.000000
20
0.000000
66
1
0
VERTEX
8
B.Silkscreen
10
241.019238
20
-179.355233
70
0
0
VERTEX
8
B.Silkscreen
10
240.934307
20
-178.968942
70
0
0
SEQEND
8
B.Silkscreen
0
POLYLINE
8
B.Silkscreen
62
7
70
0
10
0.000000
20
0.000000
66
1
0
VERTEX
8
B.Silkscreen
10
240.934307
20
-178.968942
70
0
0
VERTEX
8
B.Silkscreen
10
240.880067
20
-178.577359
70
0
0
SEQEND
8
B.Silkscreen
0
POLYLINE
8
B.Silkscreen
62
7
70
0
10
0.000000
20
0.000000
66
1
0
VERTEX
8
B.Silkscreen
10
240.880067
20
-178.577359
70
0
0
VERTEX
8
B.Silkscreen
10
240.857049
20
-178.185776
70
0
0
SEQEND
8
B.Silkscreen
0
POLYLINE
8
B.Silkscreen
62
7
70
0
10
0.000000
20
0.000000
66
1
0
VERTEX
8
B.Silkscreen
10
240.857049
20
-178.185776
70
0
0
VERTEX
8
B.Silkscreen
10
240.865780
20
-177.794194
70
0
0
SEQEND
8
B.Silkscreen
0
POLYLINE
8
B.Silkscreen
62
7
70
0
10
0.000000
20
0.000000
66
1
0
VERTEX
8
B.Silkscreen
10
240.865780
20
-177.794194
70
0
0
VERTEX
8
B.Silkscreen
10
240.906261
20
-177.405256
70
0
0
SEQEND
8
B.Silkscreen
0
POLYLINE
8
B.Silkscreen
62
7
70
0
10
0.000000
20
0.000000
66
1
0
VERTEX
8
B.Silkscreen
10
240.906261
20
-177.405256
70
0
0
VERTEX
8
B.Silkscreen
10
240.935365
20
-177.222694
70
0
0
SEQEND
8
B.Silkscreen
0
POLYLINE
8
B.Silkscreen
62
7
70
0
10
0.000000
20
0.000000
66
1
0
VERTEX
8
B.Silkscreen
10
240.935365
20
-177.222694
70
0
0
VERTEX
8
B.Silkscreen
10
240.972671
20
-177.026903
70
0
0
SEQEND
8
B.Silkscreen
0
POLYLINE
8
B.Silkscreen
62
7
70
0
10
0.000000
20
0.000000
66
1
0
VERTEX
8
B.Silkscreen
10
240.972671
20
-177.026903
70
0
0
VERTEX
8
B.Silkscreen
10
241.016857
20
-176.825820
70
0
0
SEQEND
8
B.Silkscreen
0
POLYLINE
8
B.Silkscreen
62
7
70
0
10
0.000000
20
0.000000
66
1
0
VERTEX
8
B.Silkscreen
10
241.016857
20
-176.825820
70
0
0
VERTEX
8
B.Silkscreen
10
241.070038
20
-176.616799
70
0
0
SEQEND
8
B.Silkscreen
0
POLYLINE
8
B.Silkscreen
62
7
70
0
10
0.000000
20
0.000000
66
1
0
VERTEX
8
B.Silkscreen
10
241.070038
20
-176.616799
70
0
0
VERTEX
8
B.Silkscreen
10
241.133538
20
-176.391904
70
0
0
SEQEND
8
B.Silkscreen
0
POLYLINE
8
B.Silkscreen
62
7
70
0
10
0.000000
20
0.000000
66
1
0
VERTEX
8
B.Silkscreen
10
241.133538
20
-176.391904
70
0
0
VERTEX
8
B.Silkscreen
10
241.209209
20
-176.143196
70
0
0
SEQEND
8
B.Silkscreen
0
POLYLINE
8
B.Silkscreen
62
7
70
0
10
0.000000
20
0.000000
66
1
0
VERTEX
8
B.Silkscreen
10
241.209209
20
-176.143196
70
0
0
VERTEX
8
B.Silkscreen
10
241.254717
20
-175.992383
70
0
0
SEQEND
8
B.Silkscreen
0
POLYLINE
8
B.Silkscreen
62
7
70
0
10
0.000000
20
0.000000
66
1
0
VERTEX
8
B.Silkscreen
10
241.254717
20
-175.992383
70
0
0
VERTEX
8
B.Silkscreen
10
241.291759
20
-175.857446
70
0
0
SEQEND
8
B.Silkscreen
0
POLYLINE
8
B.Silkscreen
62
7
70
0
10
0.000000
20
0.000000
66
1
0
VERTEX
8
B.Silkscreen
10
242.468888
20
-175.857446
70
0
0
VERTEX
8
B.Silkscreen
10
242.488732
20
-175.923592
70
0
0
SEQEND
8
B.Silkscreen
0
POLYLINE
8
B.Silkscreen
62
7
70
0
10
0.000000
20
0.000000
66
1
0
VERTEX
8
B.Silkscreen
10
242.488732
20
-175.923592
70
0
0
VERTEX
8
B.Silkscreen
10
242.489790
20
-175.926238
70
0
0
SEQEND
8
B.Silkscreen
0
POLYLINE
8
B.Silkscreen
62
7
70
0
10
0.000000
20
0.000000
66
1
0
VERTEX
8
B.Silkscreen
10
242.489790
20
-175.926238
70
0
0
VERTEX
8
B.Silkscreen
10
242.500903
20
-175.944758
70
0
0
SEQEND
8
B.Silkscreen
0
POLYLINE
8
B.Silkscreen
62
7
70
0
10
0.000000
20
0.000000
66
1
0
VERTEX
8
B.Silkscreen
10
242.500903
20
-175.944758
70
0
0
VERTEX
8
B.Silkscreen
10
242.520217
20
-175.965925
70
0
0
SEQEND
8
B.Silkscreen
0
POLYLINE
8
B.Silkscreen
62
7
70
0
10
0.000000
20
0.000000
66
1
0
VERTEX
8
B.Silkscreen
10
242.520217
20
-175.965925
70
0
0
VERTEX
8
B.Silkscreen
10
242.550644
20
-175.992383
70
0
0
SEQEND
8
B.Silkscreen
0
POLYLINE
8
B.Silkscreen
62
7
70
0
10
0.000000
20
0.000000
66
1
0
VERTEX
8
B.Silkscreen
10
242.550644
20
-175.992383
70
0
0
VERTEX
8
B.Silkscreen
10
242.594565
20
-176.026779
70
0
0
SEQEND
8
B.Silkscreen
0
POLYLINE
8
B.Silkscreen
62
7
70
0
10
0.000000
20
0.000000
66
1
0
VERTEX
8
B.Silkscreen
10
242.594565
20
-176.026779
70
0
0
VERTEX
8
B.Silkscreen
10
242.654890
20
-176.069112
70
0
0
SEQEND
8
B.Silkscreen
0
POLYLINE
8
B.Silkscreen
62
7
70
0
10
0.000000
20
0.000000
66
1
0
VERTEX
8
B.Silkscreen
10
242.654890
20
-176.069112
70
0
0
VERTEX
8
B.Silkscreen
10
242.734530
20
-176.124675
70
0
0
SEQEND
8
B.Silkscreen
0
POLYLINE
8
B.Silkscreen
62
7
70
0
10
0.000000
20
0.000000
66
1
0
VERTEX
8
B.Silkscreen
10
242.734530
20
-176.124675
70
0
0
VERTEX
8
B.Silkscreen
10
242.835865
20
-176.193466
70
0
0
SEQEND
8
B.Silkscreen
0
POLYLINE
8
B.Silkscreen
62
7
70
0
10
0.000000
20
0.000000
66
1
0
VERTEX
8
B.Silkscreen
10
242.835865
20
-176.193466
70
0
0
VERTEX
8
B.Silkscreen
10
242.961806
20
-176.275487
70
0
0
SEQEND
8
B.Silkscreen
0
POLYLINE
8
B.Silkscreen
62
7
70
0
10
0.000000
20
0.000000
66
1
0
VERTEX
8
B.Silkscreen
10
242.961806
20
-176.275487
70
0
0
VERTEX
8
B.Silkscreen
10
243.031392
20
-176.323112
70
0
0
SEQEND
8
B.Silkscreen
0
POLYLINE
8
B.Silkscreen
62
7
70
0
10
0.000000
20
0.000000
66
1
0
VERTEX
8
B.Silkscreen
10
243.031392
20
-176.323112
70
0
0
VERTEX
8
B.Silkscreen
10
243.276660
20
-176.487153
70
0
0
SEQEND
8
B.Silkscreen
0
POLYLINE
8
B.Silkscreen
62
7
70
0
10
0.000000
20
0.000000
66
1
0
VERTEX
8
B.Silkscreen
10
243.276660
20
-176.487153
70
0
0
VERTEX
8
B.Silkscreen
10
243.497852
20
-176.640612
70
0
0
SEQEND
8
B.Silkscreen
0
POLYLINE
8
B.Silkscreen
62
7
70
0
10
0.000000
20
0.000000
66
1
0
VERTEX
8
B.Silkscreen
10
243.497852
20
-176.640612
70
0
0
VERTEX
8
B.Silkscreen
10
243.697612
20
-176.786132
70
0
0
SEQEND
8
B.Silkscreen
0
POLYLINE
8
B.Silkscreen
62
7
70
0
10
0.000000
20
0.000000
66
1
0
VERTEX
8
B.Silkscreen
10
243.697612
20
-176.786132
70
0
0
VERTEX
8
B.Silkscreen
10
243.879645
20
-176.923715
70
0
0
SEQEND
8
B.Silkscreen
0
POLYLINE
8
B.Silkscreen
62
7
70
0
10
0.000000
20
0.000000
66
1
0
VERTEX
8
B.Silkscreen
10
243.879645
20
-176.923715
70
0
0
VERTEX
8
B.Silkscreen
10
244.047126
20
-177.056007
70
0
0
SEQEND
8
B.Silkscreen
0
POLYLINE
8
B.Silkscreen
62
7
70
0
10
0.000000
20
0.000000
66
1
0
VERTEX
8
B.Silkscreen
10
244.047126
20
-177.056007
70
0
0
VERTEX
8
B.Silkscreen
10
244.203494
20
-177.188298
70
0
0
SEQEND
8
B.Silkscreen
0
POLYLINE
8
B.Silkscreen
62
7
70
0
10
0.000000
20
0.000000
66
1
0
VERTEX
8
B.Silkscreen
10
244.203494
20
-177.188298
70
0
0
VERTEX
8
B.Silkscreen
10
244.352190
20
-177.320590
70
0
0
SEQEND
8
B.Silkscreen
0
POLYLINE
8
B.Silkscreen
62
7
70
0
10
0.000000
20
0.000000
66
1
0
VERTEX
8
B.Silkscreen
10
244.352190
20
-177.320590
70
0
0
VERTEX
8
B.Silkscreen
10
244.496123
20
-177.455527
70
0
0
SEQEND
8
B.Silkscreen
0
POLYLINE
8
B.Silkscreen
62
7
70
0
10
0.000000
20
0.000000
66
1
0
VERTEX
8
B.Silkscreen
10
244.496123
20
-177.455527
70
0
0
VERTEX
8
B.Silkscreen
10
244.505384
20
-177.466111
70
0
0
SEQEND
8
B.Silkscreen
0
POLYLINE
8
B.Silkscreen
62
7
70
0
10
0.000000
20
0.000000
66
1
0
VERTEX
8
B.Silkscreen
10
244.505384
20
-177.466111
70
0
0
VERTEX
8
B.Silkscreen
10
244.584229
20
-177.542840
70
0
0
SEQEND
8
B.Silkscreen
0
POLYLINE
8
B.Silkscreen
62
7
70
0
10
0.000000
20
0.000000
66
1
0
VERTEX
8
B.Silkscreen
10
244.584229
20
-177.542840
70
0
0
VERTEX
8
B.Silkscreen
10
244.670748
20
-177.632798
70
0
0
SEQEND
8
B.Silkscreen
0
POLYLINE
8
B.Silkscreen
62
7
70
0
10
0.000000
20
0.000000
66
1
0
VERTEX
8
B.Silkscreen
10
244.670748
20
-177.632798
70
0
0
VERTEX
8
B.Silkscreen
10
244.760706
20
-177.728048
70
0
0
SEQEND
8
B.Silkscreen
0
POLYLINE
8
B.Silkscreen
62
7
70
0
10
0.000000
20
0.000000
66
1
0
VERTEX
8
B.Silkscreen
10
244.760706
20
-177.728048
70
0
0
VERTEX
8
B.Silkscreen
10
244.849606
20
-177.825943
70
0
0
SEQEND
8
B.Silkscreen
0
POLYLINE
8
B.Silkscreen
62
7
70
0
10
0.000000
20
0.000000
66
1
0
VERTEX
8
B.Silkscreen
10
244.849606
20
-177.825943
70
0
0
VERTEX
8
B.Silkscreen
10
244.933214
20
-177.918548
70
0
0
SEQEND
8
B.Silkscreen
0
POLYLINE
8
B.Silkscreen
62
7
70
0
10
0.000000
20
0.000000
66
1
0
VERTEX
8
B.Silkscreen
10
244.933214
20
-177.918548
70
0
0
VERTEX
8
B.Silkscreen
10
245.007033
20
-178.003214
70
0
0
SEQEND
8
B.Silkscreen
0
POLYLINE
8
B.Silkscreen
62
7
70
0
10
0.000000
20
0.000000
66
1
0
VERTEX
8
B.Silkscreen
10
245.007033
20
-178.003214
70
0
0
VERTEX
8
B.Silkscreen
10
245.066829
20
-178.077297
70
0
0
SEQEND
8
B.Silkscreen
0
POLYLINE
8
B.Silkscreen
62
7
70
0
10
0.000000
20
0.000000
66
1
0
VERTEX
8
B.Silkscreen
10
245.066829
20
-178.077297
70
0
0
VERTEX
8
B.Silkscreen
10
245.108104
20
-178.130214
70
0
0
SEQEND
8
B.Silkscreen
0
POLYLINE
8
B.Silkscreen
62
7
70
0
10
0.000000
20
0.000000
66
1
0
VERTEX
8
B.Silkscreen
10
245.108104
20
-178.130214
70
0
0
VERTEX
8
B.Silkscreen
10
245.109691
20
-178.132860
70
0
0
SEQEND
8
B.Silkscreen
0
POLYLINE
8
B.Silkscreen
62
7
70
0
10
0.000000
20
0.000000
66
1
0
VERTEX
8
B.Silkscreen
10
245.109691
20
-178.132860
70
0
0
VERTEX
8
B.Silkscreen
10
245.143822
20
-178.169901
70
0
0
SEQEND
8
B.Silkscreen
0
POLYLINE
8
B.Silkscreen
62
7
70
0
10
0.000000
20
0.000000
66
1
0
VERTEX
8
B.Silkscreen
10
245.143822
20
-178.169901
70
0
0
VERTEX
8
B.Silkscreen
10
245.178747
20
-178.193714
70
0
0
SEQEND
8
B.Silkscreen
0
POLYLINE
8
B.Silkscreen
62
7
70
0
10
0.000000
20
0.000000
66
1
0
VERTEX
8
B.Silkscreen
10
245.178747
20
-178.193714
70
0
0
VERTEX
8
B.Silkscreen
10
245.207322
20
-178.204297
70
0
0
SEQEND
8
B.Silkscreen
0
POLYLINE
8
B.Silkscreen
62
7
70
0
10
0.000000
20
0.000000
66
1
0
VERTEX
8
B.Silkscreen
10
245.207322
20
-178.204297
70
0
0
VERTEX
8
B.Silkscreen
10
245.283258
20
-178.212235
70
0
0
SEQEND
8
B.Silkscreen
0
POLYLINE
8
B.Silkscreen
62
7
70
0
10
0.000000
20
0.000000
66
1
0
VERTEX
8
B.Silkscreen
10
245.283258
20
-178.212235
70
0
0
VERTEX
8
B.Silkscreen
10
245.358135
20
-178.193714
70
0
0
SEQEND
8
B.Silkscreen
0
POLYLINE
8
B.Silkscreen
62
7
70
0
10
0.000000
20
0.000000
66
1
0
VERTEX
8
B.Silkscreen
10
245.358135
20
-178.193714
70
0
0
VERTEX
8
B.Silkscreen
10
245.422693
20
-178.151381
70
0
0
SEQEND
8
B.Silkscreen
0
POLYLINE
8
B.Silkscreen
62
7
70
0
10
0.000000
20
0.000000
66
1
0
VERTEX
8
B.Silkscreen
10
245.422693
20
-178.151381
70
0
0
VERTEX
8
B.Silkscreen
10
245.467937
20
-178.090526
70
0
0
SEQEND
8
B.Silkscreen
0
POLYLINE
8
B.Silkscreen
62
7
70
0
10
0.000000
20
0.000000
66
1
0
VERTEX
8
B.Silkscreen
10
245.467937
20
-178.090526
70
0
0
VERTEX
8
B.Silkscreen
10
245.479843
20
-178.064068
70
0
0
SEQEND
8
B.Silkscreen
0
POLYLINE
8
B.Silkscreen
62
7
70
0
10
0.000000
20
0.000000
66
1
0
VERTEX
8
B.Silkscreen
10
245.479843
20
-178.064068
70
0
0
VERTEX
8
B.Silkscreen
10
245.486193
20
-178.021735
70
0
0
SEQEND
8
B.Silkscreen
0
POLYLINE
8
B.Silkscreen
62
7
70
0
10
0.000000
20
0.000000
66
1
0
VERTEX
8
B.Silkscreen
10
245.486193
20
-178.021735
70
0
0
VERTEX
8
B.Silkscreen
10
245.475874
20
-177.974110
70
0
0
SEQEND
8
B.Silkscreen
0
POLYLINE
8
B.Silkscreen
62
7
70
0
10
0.000000
20
0.000000
66
1
0
VERTEX
8
B.Silkscreen
10
245.475874
20
-177.974110
70
0
0
VERTEX
8
B.Silkscreen
10
245.463439
20
-177.945006
70
0
0
SEQEND
8
B.Silkscreen
0
POLYLINE
8
B.Silkscreen
62
7
70
0
10
0.000000
20
0.000000
66
1
0
VERTEX
8
B.Silkscreen
10
245.463439
20
-177.945006
70
0
0
VERTEX
8
B.Silkscreen
10
245.426132
20
-177.884152
70
0
0
SEQEND
8
B.Silkscreen
0
POLYLINE
8
B.Silkscreen
62
7
70
0
10
0.000000
20
0.000000
66
1
0
VERTEX
8
B.Silkscreen
10
245.426132
20
-177.884152
70
0
0
VERTEX
8
B.Silkscreen
10
245.368983
20
-177.804777
70
0
0
SEQEND
8
B.Silkscreen
0
POLYLINE
8
B.Silkscreen
62
7
70
0
10
0.000000
20
0.000000
66
1
0
VERTEX
8
B.Silkscreen
10
245.368983
20
-177.804777
70
0
0
VERTEX
8
B.Silkscreen
10
245.294370
20
-177.712173
70
0
0
SEQEND
8
B.Silkscreen
0
POLYLINE
8
B.Silkscreen
62
7
70
0
10
0.000000
20
0.000000
66
1
0
VERTEX
8
B.Silkscreen
10
245.294370
20
-177.712173
70
0
0
VERTEX
8
B.Silkscreen
10
245.204676
20
-177.606340
70
0
0
SEQEND
8
B.Silkscreen
0
POLYLINE
8
B.Silkscreen
62
7
70
0
10
0.000000
20
0.000000
66
1
0
VERTEX
8
B.Silkscreen
10
245.204676
20
-177.606340
70
0
0
VERTEX
8
B.Silkscreen
10
245.102018
20
-177.492569
70
0
0
SEQEND
8
B.Silkscreen
0
POLYLINE
8
B.Silkscreen
62
7
70
0
10
0.000000
20
0.000000
66
1
0
VERTEX
8
B.Silkscreen
10
245.102018
20
-177.492569
70
0
0
VERTEX
8
B.Silkscreen
10
244.989041
20
-177.373507
70
0
0
SEQEND
8
B.Silkscreen
0
POLYLINE
8
B.Silkscreen
62
7
70
0
10
0.000000
20
0.000000
66
1
0
VERTEX
8
B.Silkscreen
10
244.989041
20
-177.373507
70
0
0
VERTEX
8
B.Silkscreen
10
244.867862
20
-177.249153
70
0
0
SEQEND
8
B.Silkscreen
0
POLYLINE
8
B.Silkscreen
62
7
70
0
10
0.000000
20
0.000000
66
1
0
VERTEX
8
B.Silkscreen
10
244.867862
20
-177.249153
70
0
0
VERTEX
8
B.Silkscreen
10
244.775523
20
-177.159194
70
0
0
SEQEND
8
B.Silkscreen
0
POLYLINE
8
B.Silkscreen
62
7
70
0
10
0.000000
20
0.000000
66
1
0
VERTEX
8
B.Silkscreen
10
244.775523
20
-177.159194
70
0
0
VERTEX
8
B.Silkscreen
10
244.640321
20
-177.029549
70
0
0
SEQEND
8
B.Silkscreen
0
POLYLINE
8
B.Silkscreen
62
7
70
0
10
0.000000
20
0.000000
66
1
0
VERTEX
8
B.Silkscreen
10
244.640321
20
-177.029549
70
0
0
VERTEX
8
B.Silkscreen
10
244.508029
20
-176.907840
70
0
0
SEQEND
8
B.Silkscreen
0
POLYLINE
8
B.Silkscreen
62
7
70
0
10
0.000000
20
0.000000
66
1
0
VERTEX
8
B.Silkscreen
10
244.508029
20
-176.907840
70
0
0
VERTEX
8
B.Silkscreen
10
244.374150
20
-176.791424
70
0
0
SEQEND
8
B.Silkscreen
0
POLYLINE
8
B.Silkscreen
62
7
70
0
10
0.000000
20
0.000000
66
1
0
VERTEX
8
B.Silkscreen
10
244.374150
20
-176.791424
70
0
0
VERTEX
8
B.Silkscreen
10
244.235244
20
-176.677653
70
0
0
SEQEND
8
B.Silkscreen
0
POLYLINE
8
B.Silkscreen
62
7
70
0
10
0.000000
20
0.000000
66
1
0
VERTEX
8
B.Silkscreen
10
244.235244
20
-176.677653
70
0
0
VERTEX
8
B.Silkscreen
10
244.087342
20
-176.561237
70
0
0
SEQEND
8
B.Silkscreen
0
POLYLINE
8
B.Silkscreen
62
7
70
0
10
0.000000
20
0.000000
66
1
0
VERTEX
8
B.Silkscreen
10
244.087342
20
-176.561237
70
0
0
VERTEX
8
B.Silkscreen
10
243.927005
20
-176.442174
70
0
0
SEQEND
8
B.Silkscreen
0
POLYLINE
8
B.Silkscreen
62
7
70
0
10
0.000000
20
0.000000
66
1
0
VERTEX
8
B.Silkscreen
10
243.927005
20
-176.442174
70
0
0
VERTEX
8
B.Silkscreen
10
243.749735
20
-176.315175
70
0
0
SEQEND
8
B.Silkscreen
0
POLYLINE
8
B.Silkscreen
62
7
70
0
10
0.000000
20
0.000000
66
1
0
VERTEX
8
B.Silkscreen
10
243.749735
20
-176.315175
70
0
0
VERTEX
8
B.Silkscreen
10
243.552356
20
-176.180237
70
0
0
SEQEND
8
B.Silkscreen
0
POLYLINE
8
B.Silkscreen
62
7
70
0
10
0.000000
20
0.000000
66
1
0
VERTEX
8
B.Silkscreen
10
243.552356
20
-176.180237
70
0
0
VERTEX
8
B.Silkscreen
10
243.330900
20
-176.029425
70
0
0
SEQEND
8
B.Silkscreen
0
POLYLINE
8
B.Silkscreen
62
7
70
0
10
0.000000
20
0.000000
66
1
0
VERTEX
8
B.Silkscreen
10
243.330900
20
-176.029425
70
0
0
VERTEX
8
B.Silkscreen
10
243.259462
20
-175.981800
70
0
0
SEQEND
8
B.Silkscreen
0
POLYLINE
8
B.Silkscreen
62
7
70
0
10
0.000000
20
0.000000
66
1
0
VERTEX
8
B.Silkscreen
10
243.259462
20
-175.981800
70
0
0
VERTEX
8
B.Silkscreen
10
243.152042
20
-175.910363
70
0
0
SEQEND
8
B.Silkscreen
0
POLYLINE
8
B.Silkscreen
62
7
70
0
10
0.000000
20
0.000000
66
1
0
VERTEX
8
B.Silkscreen
10
243.152042
20
-175.910363
70
0
0
VERTEX
8
B.Silkscreen
10
243.053088
20
-175.844217
70
0
0
SEQEND
8
B.Silkscreen
0
POLYLINE
8
B.Silkscreen
62
7
70
0
10
0.000000
20
0.000000
66
1
0
VERTEX
8
B.Silkscreen
10
243.053088
20
-175.844217
70
0
0
VERTEX
8
B.Silkscreen
10
242.966304
20
-175.786009
70
0
0
SEQEND
8
B.Silkscreen
0
POLYLINE
8
B.Silkscreen
62
7
70
0
10
0.000000
20
0.000000
66
1
0
VERTEX
8
B.Silkscreen
10
242.966304
20
-175.786009
70
0
0
VERTEX
8
B.Silkscreen
10
242.895131
20
-175.738384
70
0
0
SEQEND
8
B.Silkscreen
0
POLYLINE
8
B.Silkscreen
62
7
70
0
10
0.000000
20
0.000000
66
1
0
VERTEX
8
B.Silkscreen
10
242.895131
20
-175.738384
70
0
0
VERTEX
8
B.Silkscreen
10
242.843538
20
-175.703988
70
0
0
SEQEND
8
B.Silkscreen
0
POLYLINE
8
B.Silkscreen
62
7
70
0
10
0.000000
20
0.000000
66
1
0
VERTEX
8
B.Silkscreen
10
242.843538
20
-175.703988
70
0
0
VERTEX
8
B.Silkscreen
10
242.815227
20
-175.682821
70
0
0
SEQEND
8
B.Silkscreen
0
POLYLINE
8
B.Silkscreen
62
7
70
0
10
0.000000
20
0.000000
66
1
0
VERTEX
8
B.Silkscreen
10
242.815227
20
-175.682821
70
0
0
VERTEX
8
B.Silkscreen
10
242.745907
20
-175.651071
70
0
0
SEQEND
8
B.Silkscreen
0
POLYLINE
8
B.Silkscreen
62
7
70
0
10
0.000000
20
0.000000
66
1
0
VERTEX
8
B.Silkscreen
10
242.745907
20
-175.651071
70
0
0
VERTEX
8
B.Silkscreen
10
242.669442
20
-175.640488
70
0
0
SEQEND
8
B.Silkscreen
0
POLYLINE
8
B.Silkscreen
62
7
70
0
10
0.000000
20
0.000000
66
1
0
VERTEX
8
B.Silkscreen
10
242.669442
20
-175.640488
70
0
0
VERTEX
8
B.Silkscreen
10
242.596682
20
-175.653717
70
0
0
SEQEND
8
B.Silkscreen
0
POLYLINE
8
B.Silkscreen
62
7
70
0
10
0.000000
20
0.000000
66
1
0
VERTEX
8
B.Silkscreen
10
242.596682
20
-175.653717
70
0
0
VERTEX
8
B.Silkscreen
10
242.535299
20
-175.688113
70
0
0
SEQEND
8
B.Silkscreen
0
POLYLINE
8
B.Silkscreen
62
7
70
0
10
0.000000
20
0.000000
66
1
0
VERTEX
8
B.Silkscreen
10
242.535299
20
-175.688113
70
0
0
VERTEX
8
B.Silkscreen
10
242.492172
20
-175.743675
70
0
0
SEQEND
8
B.Silkscreen
0
POLYLINE
8
B.Silkscreen
62
7
70
0
10
0.000000
20
0.000000
66
1
0
VERTEX
8
B.Silkscreen
10
242.492172
20
-175.743675
70
0
0
VERTEX
8
B.Silkscreen
10
242.471534
20
-175.799238
70
0
0
SEQEND
8
B.Silkscreen
0
POLYLINE
8
B.Silkscreen
62
7
70
0
10
0.000000
20
0.000000
66
1
0
VERTEX
8
B.Silkscreen
10
242.471534
20
-175.799238
70
0
0
VERTEX
8
B.Silkscreen
10
242.468888
20
-175.857446
70
0
0
SEQEND
8
B.Silkscreen
0
POLYLINE
8
B.Silkscreen
62
7
70
0
10
0.000000
20
0.000000
66
1
0
VERTEX
8
B.Silkscreen
10
241.291759
20
-175.857446
70
0
0
VERTEX
8
B.Silkscreen
10
241.299431
20
-175.828342
70
0
0
SEQEND
8
B.Silkscreen
0
POLYLINE
8
B.Silkscreen
62
7
70
0
10
0.000000
20
0.000000
66
1
0
VERTEX
8
B.Silkscreen
10
241.299431
20
-175.828342
70
0
0
VERTEX
8
B.Silkscreen
10
241.333033
20
-175.685467
70
0
0
SEQEND
8
B.Silkscreen
0
POLYLINE
8
B.Silkscreen
62
7
70
0
10
0.000000
20
0.000000
66
1
0
VERTEX
8
B.Silkscreen
10
241.333033
20
-175.685467
70
0
0
VERTEX
8
B.Silkscreen
10
241.356581
20
-175.555821
70
0
0
SEQEND
8
B.Silkscreen
0
POLYLINE
8
B.Silkscreen
62
7
70
0
10
0.000000
20
0.000000
66
1
0
VERTEX
8
B.Silkscreen
10
241.356581
20
-175.555821
70
0
0
VERTEX
8
B.Silkscreen
10
241.371663
20
-175.431467
70
0
0
SEQEND
8
B.Silkscreen
0
POLYLINE
8
B.Silkscreen
62
7
70
0
10
0.000000
20
0.000000
66
1
0
VERTEX
8
B.Silkscreen
10
241.371663
20
-175.431467
70
0
0
VERTEX
8
B.Silkscreen
10
241.379071
20
-175.309759
70
0
0
SEQEND
8
B.Silkscreen
0
POLYLINE
8
B.Silkscreen
62
7
70
0
10
0.000000
20
0.000000
66
1
0
VERTEX
8
B.Silkscreen
10
241.379071
20
-175.309759
70
0
0
VERTEX
8
B.Silkscreen
10
241.380129
20
-175.267426
70
0
0
SEQEND
8
B.Silkscreen
0
POLYLINE
8
B.Silkscreen
62
7
70
0
10
0.000000
20
0.000000
66
1
0
VERTEX
8
B.Silkscreen
10
241.380129
20
-175.267426
70
0
0
VERTEX
8
B.Silkscreen
10
241.376954
20
-175.119259
70
0
0
SEQEND
8
B.Silkscreen
0
POLYLINE
8
B.Silkscreen
62
7
70
0
10
0.000000
20
0.000000
66
1
0
VERTEX
8
B.Silkscreen
10
241.376954
20
-175.119259
70
0
0
VERTEX
8
B.Silkscreen
10
241.361344
20
-174.994905
70
0
0
SEQEND
8
B.Silkscreen
0
POLYLINE
8
B.Silkscreen
62
7
70
0
10
0.000000
20
0.000000
66
1
0
VERTEX
8
B.Silkscreen
10
241.361344
20
-174.994905
70
0
0
VERTEX
8
B.Silkscreen
10
241.331181
20
-174.883781
70
0
0
SEQEND
8
B.Silkscreen
0
POLYLINE
8
B.Silkscreen
62
7
70
0
10
0.000000
20
0.000000
66
1
0
VERTEX
8
B.Silkscreen
10
241.331181
20
-174.883781
70
0
0
VERTEX
8
B.Silkscreen
10
241.284350
20
-174.777947
70
0
0
SEQEND
8
B.Silkscreen
0
POLYLINE
8
B.Silkscreen
62
7
70
0
10
0.000000
20
0.000000
66
1
0
VERTEX
8
B.Silkscreen
10
241.284350
20
-174.777947
70
0
0
VERTEX
8
B.Silkscreen
10
241.219263
20
-174.672114
70
0
0
SEQEND
8
B.Silkscreen
0
POLYLINE
8
B.Silkscreen
62
7
70
0
10
0.000000
20
0.000000
66
1
0
VERTEX
8
B.Silkscreen
10
241.219263
20
-174.672114
70
0
0
VERTEX
8
B.Silkscreen
10
241.201536
20
-174.645656
70
0
0
SEQEND
8
B.Silkscreen
0
POLYLINE
8
B.Silkscreen
62
7
70
0
10
0.000000
20
0.000000
66
1
0
VERTEX
8
B.Silkscreen
10
241.201536
20
-174.645656
70
0
0
VERTEX
8
B.Silkscreen
10
241.134861
20
-174.563635
70
0
0
SEQEND
8
B.Silkscreen
0
POLYLINE
8
B.Silkscreen
62
7
70
0
10
0.000000
20
0.000000
66
1
0
VERTEX
8
B.Silkscreen
10
241.134861
20
-174.563635
70
0
0
VERTEX
8
B.Silkscreen
10
241.054428
20
-174.484260
70
0
0
SEQEND
8
B.Silkscreen
0
POLYLINE
8
B.Silkscreen
62
7
70
0
10
0.000000
20
0.000000
66
1
0
VERTEX
8
B.Silkscreen
10
241.054428
20
-174.484260
70
0
0
VERTEX
8
B.Silkscreen
10
240.954944
20
-174.404885
70
0
0
SEQEND
8
B.Silkscreen
0
POLYLINE
8
B.Silkscreen
62
7
70
0
10
0.000000
20
0.000000
66
1
0
VERTEX
8
B.Silkscreen
10
240.954944
20
-174.404885
70
0
0
VERTEX
8
B.Silkscreen
10
240.830590
20
-174.317573
70
0
0
SEQEND
8
B.Silkscreen
0
POLYLINE
8
B.Silkscreen
62
7
70
0
10
0.000000
20
0.000000
66
1
0
VERTEX
8
B.Silkscreen
10
240.830590
20
-174.317573
70
0
0
VERTEX
8
B.Silkscreen
10
240.776880
20
-174.280531
70
0
0
SEQEND
8
B.Silkscreen
0
POLYLINE
8
B.Silkscreen
62
7
70
0
10
0.000000
20
0.000000
66
1
0
VERTEX
8
B.Silkscreen
10
240.776880
20
-174.280531
70
0
0
VERTEX
8
B.Silkscreen
10
240.671047
20
-174.201156
70
0
0
SEQEND
8
B.Silkscreen
0
POLYLINE
8
B.Silkscreen
62
7
70
0
10
0.000000
20
0.000000
66
1
0
VERTEX
8
B.Silkscreen
10
240.671047
20
-174.201156
70
0
0
VERTEX
8
B.Silkscreen
10
240.590878
20
-174.124427
70
0
0
SEQEND
8
B.Silkscreen
0
POLYLINE
8
B.Silkscreen
62
7
70
0
10
0.000000
20
0.000000
66
1
0
VERTEX
8
B.Silkscreen
10
240.590878
20
-174.124427
70
0
0
VERTEX
8
B.Silkscreen
10
240.533993
20
-174.050344
70
0
0
SEQEND
8
B.Silkscreen
0
POLYLINE
8
B.Silkscreen
62
7
70
0
10
0.000000
20
0.000000
66
1
0
VERTEX
8
B.Silkscreen
10
240.533993
20
-174.050344
70
0
0
VERTEX
8
B.Silkscreen
10
240.496687
20
-173.973615
70
0
0
SEQEND
8
B.Silkscreen
0
POLYLINE
8
B.Silkscreen
62
7
70
0
10
0.000000
20
0.000000
66
1
0
VERTEX
8
B.Silkscreen
10
240.496687
20
-173.973615
70
0
0
VERTEX
8
B.Silkscreen
10
240.476314
20
-173.888948
70
0
0
SEQEND
8
B.Silkscreen
0
POLYLINE
8
B.Silkscreen
62
7
70
0
10
0.000000
20
0.000000
66
1
0
VERTEX
8
B.Silkscreen
10
240.476314
20
-173.888948
70
0
0
VERTEX
8
B.Silkscreen
10
240.469699
20
-173.788407
70
0
0
SEQEND
8
B.Silkscreen
0
POLYLINE
8
B.Silkscreen
62
7
70
0
10
0.000000
20
0.000000
66
1
0
VERTEX
8
B.Silkscreen
10
240.469699
20
-173.788407
70
0
0
VERTEX
8
B.Silkscreen
10
240.469699
20
-173.788407
70
0
0
SEQEND
8
B.Silkscreen
0
POLYLINE
8
B.Silkscreen
62
7
70
0
10
0.000000
20
0.000000
66
1
0
VERTEX
8
B.Silkscreen
10
240.469699
20
-173.788407
70
0
0
VERTEX
8
B.Silkscreen
10
240.471022
20
-173.716969
70
0
0
SEQEND
8
B.Silkscreen
0
POLYLINE
8
B.Silkscreen
62
7
70
0
10
0.000000
20
0.000000
66
1
0
VERTEX
8
B.Silkscreen
10
240.471022
20
-173.716969
70
0
0
VERTEX
8
B.Silkscreen
10
240.478166
20
-173.664053
70
0
0
SEQEND
8
B.Silkscreen
0
POLYLINE
8
B.Silkscreen
62
7
70
0
10
0.000000
20
0.000000
66
1
0
VERTEX
8
B.Silkscreen
10
240.478166
20
-173.664053
70
0
0
VERTEX
8
B.Silkscreen
10
240.493776
20
-173.613782
70
0
0
SEQEND
8
B.Silkscreen
0
POLYLINE
8
B.Silkscreen
62
7
70
0
10
0.000000
20
0.000000
66
1
0
VERTEX
8
B.Silkscreen
10
240.493776
20
-173.613782
70
0
0
VERTEX
8
B.Silkscreen
10
240.521557
20
-173.552928
70
0
0
SEQEND
8
B.Silkscreen
0
POLYLINE
8
B.Silkscreen
62
7
70
0
10
0.000000
20
0.000000
66
1
0
VERTEX
8
B.Silkscreen
10
240.521557
20
-173.552928
70
0
0
VERTEX
8
B.Silkscreen
10
240.526055
20
-173.544991
70
0
0
SEQEND
8
B.Silkscreen
0
POLYLINE
8
B.Silkscreen
62
7
70
0
10
0.000000
20
0.000000
66
1
0
VERTEX
8
B.Silkscreen
10
240.526055
20
-173.544991
70
0
0
VERTEX
8
B.Silkscreen
10
240.598022
20
-173.439157
70
0
0
SEQEND
8
B.Silkscreen
0
POLYLINE
8
B.Silkscreen
62
7
70
0
10
0.000000
20
0.000000
66
1
0
VERTEX
8
B.Silkscreen
10
240.598022
20
-173.439157
70
0
0
VERTEX
8
B.Silkscreen
10
240.697770
20
-173.349199
70
0
0
SEQEND
8
B.Silkscreen
0
POLYLINE
8
B.Silkscreen
62
7
70
0
10
0.000000
20
0.000000
66
1
0
VERTEX
8
B.Silkscreen
10
240.697770
20
-173.349199
70
0
0
VERTEX
8
B.Silkscreen
10
240.825563
20
-173.277762
70
0
0
SEQEND
8
B.Silkscreen
0
POLYLINE
8
B.Silkscreen
62
7
70
0
10
0.000000
20
0.000000
66
1
0
VERTEX
8
B.Silkscreen
10
240.825563
20
-173.277762
70
0
0
VERTEX
8
B.Silkscreen
10
240.871865
20
-173.259241
70
0
0
SEQEND
8
B.Silkscreen
0
POLYLINE
8
B.Silkscreen
62
7
70
0
10
0.000000
20
0.000000
66
1
0
VERTEX
8
B.Silkscreen
10
240.871865
20
-173.259241
70
0
0
VERTEX
8
B.Silkscreen
10
240.973994
20
-173.240720
70
0
0
SEQEND
8
B.Silkscreen
0
POLYLINE
8
B.Silkscreen
62
7
70
0
10
0.000000
20
0.000000
66
1
0
VERTEX
8
B.Silkscreen
10
240.973994
20
-173.240720
70
0
0
VERTEX
8
B.Silkscreen
10
241.085384
20
-173.238074
70
0
0
SEQEND
8
B.Silkscreen
0
POLYLINE
8
B.Silkscreen
62
7
70
0
10
0.000000
20
0.000000
66
1
0
VERTEX
8
B.Silkscreen
10
241.085384
20
-173.238074
70
0
0
VERTEX
8
B.Silkscreen
10
241.194127
20
-173.251303
70
0
0
SEQEND
8
B.Silkscreen
0
POLYLINE
8
B.Silkscreen
62
7
70
0
10
0.000000
20
0.000000
66
1
0
VERTEX
8
B.Silkscreen
10
241.194127
20
-173.251303
70
0
0
VERTEX
8
B.Silkscreen
10
241.288848
20
-173.283053
70
0
0
SEQEND
8
B.Silkscreen
0
POLYLINE
8
B.Silkscreen
62
7
70
0
10
0.000000
20
0.000000
66
1
0
VERTEX
8
B.Silkscreen
10
241.288848
20
-173.283053
70
0
0
VERTEX
8
B.Silkscreen
10
241.321921
20
-173.298928
70
0
0
SEQEND
8
B.Silkscreen
0
POLYLINE
8
B.Silkscreen
62
7
70
0
10
0.000000
20
0.000000
66
1
0
VERTEX
8
B.Silkscreen
10
241.321921
20
-173.298928
70
0
0
VERTEX
8
B.Silkscreen
10
241.416906
20
-173.357137
70
0
0
SEQEND
8
B.Silkscreen
0
POLYLINE
8
B.Silkscreen
62
7
70
0
10
0.000000
20
0.000000
66
1
0
VERTEX
8
B.Silkscreen
10
241.416906
20
-173.357137
70
0
0
VERTEX
8
B.Silkscreen
10
241.510039
20
-173.431220
70
0
0
SEQEND
8
B.Silkscreen
0
POLYLINE
8
B.Silkscreen
62
7
70
0
10
0.000000
20
0.000000
66
1
0
VERTEX
8
B.Silkscreen
10
241.510039
20
-173.431220
70
0
0
VERTEX
8
B.Silkscreen
10
241.604760
20
-173.523824
70
0
0
SEQEND
8
B.Silkscreen
0
POLYLINE
8
B.Silkscreen
62
7
70
0
10
0.000000
20
0.000000
66
1
0
VERTEX
8
B.Silkscreen
10
241.604760
20
-173.523824
70
0
0
VERTEX
8
B.Silkscreen
10
241.705302
20
-173.640240
70
0
0
SEQEND
8
B.Silkscreen
0
POLYLINE
8
B.Silkscreen
62
7
70
0
10
0.000000
20
0.000000
66
1
0
VERTEX
8
B.Silkscreen
10
241.705302
20
-173.640240
70
0
0
VERTEX
8
B.Silkscreen
10
241.814575
20
-173.780469
70
0
0
SEQEND
8
B.Silkscreen
0
POLYLINE
8
B.Silkscreen
62
7
70
0
10
0.000000
20
0.000000
66
1
0
VERTEX
8
B.Silkscreen
10
241.814575
20
-173.780469
70
0
0
VERTEX
8
B.Silkscreen
10
241.930991
20
-173.925990
70
0
0
SEQEND
8
B.Silkscreen
0
POLYLINE
8
B.Silkscreen
62
7
70
0
10
0.000000
20
0.000000
66
1
0
VERTEX
8
B.Silkscreen
10
241.930991
20
-173.925990
70
0
0
VERTEX
8
B.Silkscreen
10
242.069368
20
-174.066219
70
0
0
SEQEND
8
B.Silkscreen
0
POLYLINE
8
B.Silkscreen
62
7
70
0
10
0.000000
20
0.000000
66
1
0
VERTEX
8
B.Silkscreen
10
242.069368
20
-174.066219
70
0
0
VERTEX
8
B.Silkscreen
10
242.213037
20
-174.177344
70
0
0
SEQEND
8
B.Silkscreen
0
POLYLINE
8
B.Silkscreen
62
7
70
0
10
0.000000
20
0.000000
66
1
0
VERTEX
8
B.Silkscreen
10
242.213037
20
-174.177344
70
0
0
VERTEX
8
B.Silkscreen
10
242.363055
20
-174.259365
70
0
0
SEQEND
8
B.Silkscreen
0
POLYLINE
8
B.Silkscreen
62
7
70
0
10
0.000000
20
0.000000
66
1
0
VERTEX
8
B.Silkscreen
10
242.363055
20
-174.259365
70
0
0
VERTEX
8
B.Silkscreen
10
242.521276
20
-174.312281
70
0
0
SEQEND
8
B.Silkscreen
0
POLYLINE
8
B.Silkscreen
62
7
70
0
10
0.000000
20
0.000000
66
1
0
VERTEX
8
B.Silkscreen
10
242.521276
20
-174.312281
70
0
0
VERTEX
8
B.Silkscreen
10
242.554878
20
-174.322865
70
0
0
SEQEND
8
B.Silkscreen
0
POLYLINE
8
B.Silkscreen
62
7
70
0
10
0.000000
20
0.000000
66
1
0
VERTEX
8
B.Silkscreen
10
242.554878
20
-174.322865
70
0
0
VERTEX
8
B.Silkscreen
10
242.612557
20
-174.333448
70
0
0
SEQEND
8
B.Silkscreen
0
POLYLINE
8
B.Silkscreen
62
7
70
0
10
0.000000
20
0.000000
66
1
0
VERTEX
8
B.Silkscreen
10
242.612557
20
-174.333448
70
0
0
VERTEX
8
B.Silkscreen
10
242.670236
20
-174.344031
70
0
0
SEQEND
8
B.Silkscreen
0
POLYLINE
8
B.Silkscreen
62
7
70
0
10
0.000000
20
0.000000
66
1
0
VERTEX
8
B.Silkscreen
10
242.670236
20
-174.344031
70
0
0
VERTEX
8
B.Silkscreen
10
242.733471
20
-174.354615
70
0
0
SEQEND
8
B.Silkscreen
0
POLYLINE
8
B.Silkscreen
62
7
70
0
10
0.000000
20
0.000000
66
1
0
VERTEX
8
B.Silkscreen
10
242.733471
20
-174.354615
70
0
0
VERTEX
8
B.Silkscreen
10
242.807290
20
-174.362552
70
0
0
SEQEND
8
B.Silkscreen
0
POLYLINE
8
B.Silkscreen
62
7
70
0
10
0.000000
20
0.000000
66
1
0
VERTEX
8
B.Silkscreen
10
242.807290
20
-174.362552
70
0
0
VERTEX
8
B.Silkscreen
10
242.897248
20
-174.370489
70
0
0
SEQEND
8
B.Silkscreen
0
POLYLINE
8
B.Silkscreen
62
7
70
0
10
0.000000
20
0.000000
66
1
0
VERTEX
8
B.Silkscreen
10
242.897248
20
-174.370489
70
0
0
VERTEX
8
B.Silkscreen
10
243.008902
20
-174.378427
70
0
0
SEQEND
8
B.Silkscreen
0
POLYLINE
8
B.Silkscreen
62
7
70
0
10
0.000000
20
0.000000
66
1
0
VERTEX
8
B.Silkscreen
10
243.008902
20
-174.378427
70
0
0
VERTEX
8
B.Silkscreen
10
243.147544
20
-174.389010
70
0
0
SEQEND
8
B.Silkscreen
0
POLYLINE
8
B.Silkscreen
62
7
70
0
10
0.000000
20
0.000000
66
1
0
VERTEX
8
B.Silkscreen
10
243.147544
20
-174.389010
70
0
0
VERTEX
8
B.Silkscreen
10
243.162889
20
-174.389010
70
0
0
SEQEND
8
B.Silkscreen
0
POLYLINE
8
B.Silkscreen
62
7
70
0
10
0.000000
20
0.000000
66
1
0
VERTEX
8
B.Silkscreen
10
243.162889
20
-174.389010
70
0
0
VERTEX
8
B.Silkscreen
10
243.391225
20
-174.404885
70
0
0
SEQEND
8
B.Silkscreen
0
POLYLINE
8
B.Silkscreen
62
7
70
0
10
0.000000
20
0.000000
66
1
0
VERTEX
8
B.Silkscreen
10
243.391225
20
-174.404885
70
0
0
VERTEX
8
B.Silkscreen
10
243.593631
20
-174.423406
70
0
0
SEQEND
8
B.Silkscreen
0
POLYLINE
8
B.Silkscreen
62
7
70
0
10
0.000000
20
0.000000
66
1
0
VERTEX
8
B.Silkscreen
10
243.593631
20
-174.423406
70
0
0
VERTEX
8
B.Silkscreen
10
243.776193
20
-174.444573
70
0
0
SEQEND
8
B.Silkscreen
0
POLYLINE
8
B.Silkscreen
62
7
70
0
10
0.000000
20
0.000000
66
1
0
VERTEX
8
B.Silkscreen
10
243.776193
20
-174.444573
70
0
0
VERTEX
8
B.Silkscreen
10
243.944997
20
-174.468385
70
0
0
SEQEND
8
B.Silkscreen
0
POLYLINE
8
B.Silkscreen
62
7
70
0
10
0.000000
20
0.000000
66
1
0
VERTEX
8
B.Silkscreen
10
243.944997
20
-174.468385
70
0
0
VERTEX
8
B.Silkscreen
10
244.106392
20
-174.494843
70
0
0
SEQEND
8
B.Silkscreen
0
POLYLINE
8
B.Silkscreen
62
7
70
0
10
0.000000
20
0.000000
66
1
0
VERTEX
8
B.Silkscreen
10
244.106392
20
-174.494843
70
0
0
VERTEX
8
B.Silkscreen
10
244.265936
20
-174.529239
70
0
0
SEQEND
8
B.Silkscreen
0
POLYLINE
8
B.Silkscreen
62
7
70
0
10
0.000000
20
0.000000
66
1
0
VERTEX
8
B.Silkscreen
10
244.265936
20
-174.529239
70
0
0
VERTEX
8
B.Silkscreen
10
244.429713
20
-174.566281
70
0
0
SEQEND
8
B.Silkscreen
0
POLYLINE
8
B.Silkscreen
62
7
70
0
10
0.000000
20
0.000000
66
1
0
VERTEX
8
B.Silkscreen
10
244.429713
20
-174.566281
70
0
0
VERTEX
8
B.Silkscreen
10
244.430771
20
-174.568927
70
0
0
SEQEND
8
B.Silkscreen
0
POLYLINE
8
B.Silkscreen
62
7
70
0
10
0.000000
20
0.000000
66
1
0
VERTEX
8
B.Silkscreen
10
244.430771
20
-174.568927
70
0
0
VERTEX
8
B.Silkscreen
10
244.762823
20
-174.658885
70
0
0
SEQEND
8
B.Silkscreen
0
POLYLINE
8
B.Silkscreen
62
7
70
0
10
0.000000
20
0.000000
66
1
0
VERTEX
8
B.Silkscreen
10
244.762823
20
-174.658885
70
0
0
VERTEX
8
B.Silkscreen
10
245.072385
20
-174.759426
70
0
0
SEQEND
8
B.Silkscreen
0
POLYLINE
8
B.Silkscreen
62
7
70
0
10
0.000000
20
0.000000
66
1
0
VERTEX
8
B.Silkscreen
10
245.072385
20
-174.759426
70
0
0
VERTEX
8
B.Silkscreen
10
245.367924
20
-174.875843
70
0
0
SEQEND
8
B.Silkscreen
0
POLYLINE
8
B.Silkscreen
62
7
70
0
10
0.000000
20
0.000000
66
1
0
VERTEX
8
B.Silkscreen
10
245.367924
20
-174.875843
70
0
0
VERTEX
8
B.Silkscreen
10
245.657907
20
-175.008135
70
0
0
SEQEND
8
B.Silkscreen
0
POLYLINE
8
B.Silkscreen
62
7
70
0
10
0.000000
20
0.000000
66
1
0
VERTEX
8
B.Silkscreen
10
245.657907
20
-175.008135
70
0
0
VERTEX
8
B.Silkscreen
10
245.951330
20
-175.164238
70
0
0
SEQEND
8
B.Silkscreen
0
POLYLINE
8
B.Silkscreen
62
7
70
0
10
0.000000
20
0.000000
66
1
0
VERTEX
8
B.Silkscreen
10
245.951330
20
-175.164238
70
0
0
VERTEX
8
B.Silkscreen
10
246.170669
20
-175.291238
70
0
0
SEQEND
8
B.Silkscreen
0
POLYLINE
8
B.Silkscreen
62
7
70
0
10
0.000000
20
0.000000
66
1
0
VERTEX
8
B.Silkscreen
10
246.170669
20
-175.291238
70
0
0
VERTEX
8
B.Silkscreen
10
246.508806
20
-175.518780
70
0
0
SEQEND
8
B.Silkscreen
0
POLYLINE
8
B.Silkscreen
62
7
70
0
10
0.000000
20
0.000000
66
1
0
VERTEX
8
B.Silkscreen
10
246.508806
20
-175.518780
70
0
0
VERTEX
8
B.Silkscreen
10
246.824189
20
-175.767488
70
0
0
SEQEND
8
B.Silkscreen
0
POLYLINE
8
B.Silkscreen
62
7
70
0
10
0.000000
20
0.000000
66
1
0
VERTEX
8
B.Silkscreen
10
246.824189
20
-175.767488
70
0
0
VERTEX
8
B.Silkscreen
10
247.118935
20
-176.037362
70
0
0
SEQEND
8
B.Silkscreen
0
POLYLINE
8
B.Silkscreen
62
7
70
0
10
0.000000
20
0.000000
66
1
0
VERTEX
8
B.Silkscreen
10
247.118935
20
-176.037362
70
0
0
VERTEX
8
B.Silkscreen
10
247.395424
20
-176.333695
70
0
0
SEQEND
8
B.Silkscreen
0
POLYLINE
8
B.Silkscreen
62
7
70
0
10
0.000000
20
0.000000
66
1
0
VERTEX
8
B.Silkscreen
10
247.395424
20
-176.333695
70
0
0
VERTEX
8
B.Silkscreen
10
247.531155
20
-176.497737
70
0
0
SEQEND
8
B.Silkscreen
0
POLYLINE
8
B.Silkscreen
62
7
70
0
10
0.000000
20
0.000000
66
1
0
VERTEX
8
B.Silkscreen
10
247.531155
20
-176.497737
70
0
0
VERTEX
8
B.Silkscreen
10
247.756580
20
-176.807299
70
0
0
SEQEND
8
B.Silkscreen
0
POLYLINE
8
B.Silkscreen
62
7
70
0
10
0.000000
20
0.000000
66
1
0
VERTEX
8
B.Silkscreen
10
247.756580
20
-176.807299
70
0
0
VERTEX
8
B.Silkscreen
10
247.960573
20
-177.138028
70
0
0
SEQEND
8
B.Silkscreen
0
POLYLINE
8
B.Silkscreen
62
7
70
0
10
0.000000
20
0.000000
66
1
0
VERTEX
8
B.Silkscreen
10
247.960573
20
-177.138028
70
0
0
VERTEX
8
B.Silkscreen
10
248.142606
20
-177.489923
70
0
0
SEQEND
8
B.Silkscreen
0
POLYLINE
8
B.Silkscreen
62
7
70
0
10
0.000000
20
0.000000
66
1
0
VERTEX
8
B.Silkscreen
10
248.142606
20
-177.489923
70
0
0
VERTEX
8
B.Silkscreen
10
248.300827
20
-177.855048
70
0
0
SEQEND
8
B.Silkscreen
0
POLYLINE
8
B.Silkscreen
62
7
70
0
10
0.000000
20
0.000000
66
1
0
VERTEX
8
B.Silkscreen
10
248.300827
20
-177.855048
70
0
0
VERTEX
8
B.Silkscreen
10
248.359829
20
-178.021735
70
0
0
SEQEND
8
B.Silkscreen
0
POLYLINE
8
B.Silkscreen
62
7
70
0
10
0.000000
20
0.000000
66
1
0
VERTEX
8
B.Silkscreen
10
248.359829
20
-178.021735
70
0
0
VERTEX
8
B.Silkscreen
10
248.434441
20
-178.233401
70
0
0
SEQEND
8
B.Silkscreen
0
POLYLINE
8
B.Silkscreen
62
10
70
0
10
0.000000
20
0.000000
66
1
0
VERTEX
8
B.Silkscreen
10
89.693637
20
-111.124569
70
0
0
VERTEX
8
B.Silkscreen
10
89.693637
20
-146.105088
70
0
0
SEQEND
8
B.Silkscreen
0
POLYLINE
8
B.Silkscreen
62
10
70
0
10
0.000000
20
0.000000
66
1
0
VERTEX
8
B.Silkscreen
10
91.281135
20
-109.537038
70
0
0
VERTEX
8
B.Silkscreen
10
90.673630
20
-109.657861
70
0
0
VERTEX
8
B.Silkscreen
10
90.158608
20
-110.001973
70
0
0
VERTEX
8
B.Silkscreen
10
89.814479
20
-110.516983
70
0
0
VERTEX
8
B.Silkscreen
10
89.693637
20
-111.124485
70
0
0
SEQEND
8
B.Silkscreen
0
POLYLINE
8
B.Silkscreen
62
10
70
0
10
0.000000
20
0.000000
66
1
0
VERTEX
8
B.Silkscreen
10
89.693637
20
-157.106449
70
0
0
VERTEX
8
B.Silkscreen
10
89.693637
20
-184.149477
70
0
0
SEQEND
8
B.Silkscreen
0
POLYLINE
8
B.Silkscreen
62
10
70
0
10
0.000000
20
0.000000
66
1
0
VERTEX
8
B.Silkscreen
10
90.193636
20
-156.605679
70
0
0
VERTEX
8
B.Silkscreen
10
89.840069
20
-156.752110
70
0
0
VERTEX
8
B.Silkscreen
10
89.693637
20
-157.105677
70
0
0
SEQEND
8
B.Silkscreen
0
POLYLINE
8
B.Silkscreen
62
10
70
0
10
0.000000
20
0.000000
66
1
0
VERTEX
8
B.Silkscreen
10
89.693638
20
-146.105691
70
0
0
VERTEX
8
B.Silkscreen
10
89.840099
20
-146.459229
70
0
0
VERTEX
8
B.Silkscreen
10
90.193636
20
-146.605690
70
0
0
SEQEND
8
B.Silkscreen
0
POLYLINE
8
B.Silkscreen
62
10
70
0
10
0.000000
20
0.000000
66
1
0
VERTEX
8
B.Silkscreen
10
90.193699
20
-146.605149
70
0
0
VERTEX
8
B.Silkscreen
10
95.993623
20
-146.605149
70
0
0
SEQEND
8
B.Silkscreen
0
POLYLINE
8
B.Silkscreen
62
10
70
0
10
0.000000
20
0.000000
66
1
0
VERTEX
8
B.Silkscreen
10
89.693689
20
-184.149393
70
0
0
VERTEX
8
B.Silkscreen
10
89.818437
20
-184.767306
70
0
0
VERTEX
8
B.Silkscreen
10
90.158638
20
-185.271905
70
0
0
VERTEX
8
B.Silkscreen
10
90.663226
20
-185.612122
70
0
0
VERTEX
8
B.Silkscreen
10
91.281135
20
-185.736890
70
0
0
SEQEND
8
B.Silkscreen
0
POLYLINE
8
B.Silkscreen
62
10
70
0
10
0.000000
20
0.000000
66
1
0
VERTEX
8
B.Silkscreen
10
91.281135
20
-185.736975
70
0
0
VERTEX
8
B.Silkscreen
10
195.874764
20
-185.736975
70
0
0
SEQEND
8
B.Silkscreen
0
POLYLINE
8
B.Silkscreen
62
10
70
0
10
0.000000
20
0.000000
66
1
0
VERTEX
8
B.Silkscreen
10
96.493628
20
-147.105690
70
0
0
VERTEX
8
B.Silkscreen
10
96.347167
20
-146.752152
70
0
0
VERTEX
8
B.Silkscreen
10
95.993629
20
-146.605691
70
0
0
SEQEND
8
B.Silkscreen
0
POLYLINE
8
B.Silkscreen
62
10
70
0
10
0.000000
20
0.000000
66
1
0
VERTEX
8
B.Silkscreen
10
95.993623
20
-156.606387
70
0
0
VERTEX
8
B.Silkscreen
10
90.193699
20
-156.606387
70
0
0
SEQEND
8
B.Silkscreen
0
POLYLINE
8
B.Silkscreen
62
10
70
0
10
0.000000
20
0.000000
66
1
0
VERTEX
8
B.Silkscreen
10
96.493685
20
-147.105211
70
0
0
VERTEX
8
B.Silkscreen
10
96.493685
20
-156.106325
70
0
0
SEQEND
8
B.Silkscreen
0
POLYLINE
8
B.Silkscreen
62
10
70
0
10
0.000000
20
0.000000
66
1
0
VERTEX
8
B.Silkscreen
10
95.993630
20
-156.605679
70
0
0
VERTEX
8
B.Silkscreen
10
96.347168
20
-156.459217
70
0
0
VERTEX
8
B.Silkscreen
10
96.493628
20
-156.105679
70
0
0
SEQEND
8
B.Silkscreen
0
POLYLINE
8
B.Silkscreen
62
10
70
0
10
0.000000
20
0.000000
66
1
0
VERTEX
8
B.Silkscreen
10
216.374729
20
-177.799401
70
0
0
VERTEX
8
B.Silkscreen
10
216.286788
20
-176.474806
70
0
0
VERTEX
8
B.Silkscreen
10
216.028575
20
-175.190227
70
0
0
VERTEX
8
B.Silkscreen
10
215.608503
20
-173.960236
70
0
0
VERTEX
8
B.Silkscreen
10
215.034985
20
-172.799407
70
0
0
VERTEX
8
B.Silkscreen
10
214.316436
20
-171.722311
70
0
0
VERTEX
8
B.Silkscreen
10
213.461268
20
-170.743522
70
0
0
VERTEX
8
B.Silkscreen
10
212.477897
20
-169.877613
70
0
0
VERTEX
8
B.Silkscreen
10
211.374735
20
-169.139157
70
0
0
VERTEX
8
B.Silkscreen
10
210.183632
20
-168.553019
70
0
0
VERTEX
8
B.Silkscreen
10
208.942047
20
-168.134349
70
0
0
VERTEX
8
B.Silkscreen
10
207.666808
20
-167.883146
70
0
0
VERTEX
8
B.Silkscreen
10
206.374741
20
-167.799412
70
0
0
VERTEX
8
B.Silkscreen
10
205.082674
20
-167.883146
70
0
0
VERTEX
8
B.Silkscreen
10
203.807434
20
-168.134349
70
0
0
VERTEX
8
B.Silkscreen
10
202.565850
20
-168.553019
70
0
0
VERTEX
8
B.Silkscreen
10
201.374747
20
-169.139157
70
0
0
VERTEX
8
B.Silkscreen
10
200.271585
20
-169.877613
70
0
0
VERTEX
8
B.Silkscreen
10
199.288213
20
-170.743522
70
0
0
VERTEX
8
B.Silkscreen
10
198.433046
20
-171.722311
70
0
0
VERTEX
8
B.Silkscreen
10
197.714497
20
-172.799407
70
0
0
VERTEX
8
B.Silkscreen
10
197.140979
20
-173.960236
70
0
0
VERTEX
8
B.Silkscreen
10
196.720907
20
-175.190227
70
0
0
VERTEX
8
B.Silkscreen
10
196.462693
20
-176.474806
70
0
0
VERTEX
8
B.Silkscreen
10
196.374753
20
-177.799401
70
0
0
SEQEND
8
B.Silkscreen
0
POLYLINE
8
B.Silkscreen
62
10
70
0
10
0.000000
20
0.000000
66
1
0
VERTEX
8
B.Silkscreen
10
195.874754
20
-185.736893
70
0
0
VERTEX
8
B.Silkscreen
10
196.228308
20
-185.590445
70
0
0
VERTEX
8
B.Silkscreen
10
196.374754
20
-185.236891
70
0
0
SEQEND
8
B.Silkscreen
0
POLYLINE
8
B.Silkscreen
62
10
70
0
10
0.000000
20
0.000000
66
1
0
VERTEX
8
B.Silkscreen
10
196.374826
20
-185.236913
70
0
0
VERTEX
8
B.Silkscreen
10
196.374826
20
-177.799485
70
0
0
SEQEND
8
B.Silkscreen
0
POLYLINE
8
B.Silkscreen
62
10
70
0
10
0.000000
20
0.000000
66
1
0
VERTEX
8
B.Silkscreen
10
216.374654
20
-177.799485
70
0
0
VERTEX
8
B.Silkscreen
10
216.374654
20
-185.236913
70
0
0
SEQEND
8
B.Silkscreen
0
POLYLINE
8
B.Silkscreen
62
10
70
0
10
0.000000
20
0.000000
66
1
0
VERTEX
8
B.Silkscreen
10
216.374729
20
-185.236891
70
0
0
VERTEX
8
B.Silkscreen
10
216.521175
20
-185.590444
70
0
0
VERTEX
8
B.Silkscreen
10
216.874728
20
-185.736890
70
0
0
SEQEND
8
B.Silkscreen
0
POLYLINE
8
B.Silkscreen
62
10
70
0
10
0.000000
20
0.000000
66
1
0
VERTEX
8
B.Silkscreen
10
216.874716
20
-185.736975
70
0
0
VERTEX
8
B.Silkscreen
10
316.705851
20
-185.736975
70
0
0
SEQEND
8
B.Silkscreen
0
POLYLINE
8
B.Silkscreen
62
10
70
0
10
0.000000
20
0.000000
66
1
0
VERTEX
8
B.Silkscreen
10
316.705851
20
-109.537071
70
0
0
VERTEX
8
B.Silkscreen
10
91.281135
20
-109.537071
70
0
0
SEQEND
8
B.Silkscreen
0
POLYLINE
8
B.Silkscreen
62
10
70
0
10
0.000000
20
0.000000
66
1
0
VERTEX
8
B.Silkscreen
10
318.293299
20
-111.124485
70
0
0
VERTEX
8
B.Silkscreen
10
318.168550
20
-110.506571
70
0
0
VERTEX
8
B.Silkscreen
10
317.828349
20
-110.001973
70
0
0
VERTEX
8
B.Silkscreen
10
317.323761
20
-109.661756
70
0
0
VERTEX
8
B.Silkscreen
10
316.705851
20
-109.536988
70
0
0
SEQEND
8
B.Silkscreen
0
POLYLINE
8
B.Silkscreen
62
10
70
0
10
0.000000
20
0.000000
66
1
0
VERTEX
8
B.Silkscreen
10
316.705851
20
-185.736842
70
0
0
VERTEX
8
B.Silkscreen
10
317.313357
20
-185.616019
70
0
0
VERTEX
8
B.Silkscreen
10
317.828379
20
-185.271906
70
0
0
VERTEX
8
B.Silkscreen
10
318.172507
20
-184.756895
70
0
0
VERTEX
8
B.Silkscreen
10
318.293349
20
-184.149393
70
0
0
SEQEND
8
B.Silkscreen
0
POLYLINE
8
B.Silkscreen
62
10
70
0
10
0.000000
20
0.000000
66
1
0
VERTEX
8
B.Silkscreen
10
318.293349
20
-184.149477
70
0
0
VERTEX
8
B.Silkscreen
10
318.293349
20
-111.124569
70
0
0
SEQEND
8
B.Silkscreen
 0 
ENDSEC
 0 
EOF