#VRML V2.0 utf8
# 3D model generated by easyeda2kicad.py (https://github.com/uPesy/easyeda2kicad.py)

Shape{
    appearance Appearance {
        material  Material 	{
            diffuseColor 0.6470588235294118 0.6196078431372549 0.5882352941176471
            specularColor 0.45098039215686275 0.43529411764705883 0.4117647058823529
            ambientIntensity 0.6242
            transparency 0.0
            shininess 0.5
        }
    }
    geometry IndexedFaceSet {
        ccw TRUE
        solid FALSE
        coord DEF co Coordinate {
            point [
                3.3268 1.2569 0.8157, 3.3268 1.2949 0.8157, 3.3268 1.2949 0.8499, 3.3268 1.1295 0.6952, 3.3268 1.1243 0.6946, 3.3268 1.1544 0.6946, 3.3268 -0.2489 0.3937, 3.3268 -0.043 0.3937, 3.3268 -0.043 0.647, 3.3268 2.1962 0.5118, 3.3268 2.1962 0.647, 3.3268 1.3328 0.647, 3.3268 1.3891 0.8861, 3.3268 1.3769 0.919, 3.3268 1.3328 0.919, 3.3268 0.6572 1.0197, 3.3268 0.6756 1.0072, 3.3268 0.8751 1.0072, 3.3268 0.6952 0.9941, 3.3268 0.7235 0.9613, 3.3268 0.8191 0.8499, 3.3268 0.8751 0.8499, 3.3268 0.8115 0.8688, 3.3268 0.794 0.8931, 3.3268 0.7709 0.9126, 3.3268 0.7414 0.9266, 3.3268 0.7454 0.9252, 3.3268 0.4975 1.0181, 3.3268 0.5369 1.0333, 3.3268 -0.043 1.2082, 3.3268 0.8751 1.2082, 3.3268 0.5791 1.0385, 3.3268 0.6143 1.0348, 3.3268 0.48 1.0072, 3.3268 -0.043 1.0072, 3.3268 0.4766 1.0052, 3.3268 0.3007 0.9019, 3.3268 0.3212 0.9283, 3.3268 0.3857 0.9651, 3.3268 0.4194 0.9693, 3.3268 0.4566 0.988, 3.3268 0.4292 0.9688, 3.3268 0.4391 0.9676, 3.3268 0.327 0.9337, 3.3268 0.3541 0.9528, 3.3268 0.3436 0.7152, 3.3268 0.317 0.7379, 3.3268 -0.043 0.6946, 3.3268 0.3744 0.7001, 3.3268 0.2975 0.7656, 3.3268 0.2852 0.7974, 3.3268 -0.043 0.8499, 3.3268 0.2811 0.831, 3.3268 0.2813 0.8391, 3.3268 0.2833 0.8499, 3.3268 0.287 0.8712, 3.3268 0.3853 0.6969, 3.3268 0.3863 0.6946, 3.3268 0.3939 0.6785, 3.3268 0.4066 0.6628, 3.3268 0.4233 0.6503, 3.3268 0.256 0.3591, 3.3268 0.2748 0.3346, 3.3268 0.8751 0.647, 3.3268 0.2866 0.3062, 3.3268 0.8751 0.187, 3.3268 0.2906 0.2756, 3.3268 0.2906 0.187, 3.3268 0.4311 0.647, 3.3268 0.1725 0.3937, 3.3268 0.5017 0.647, 3.3268 0.4871 0.6414, 3.3268 0.4664 0.6388, 3.3268 0.203 0.3897, 3.3268 0.2315 0.3779, 3.3268 0.443 0.642, 3.3268 0.4632 0.6389, 3.3268 0.8751 0.6946, 3.3268 0.5464 0.6946, 3.3268 0.5462 0.694, 3.3268 0.5361 0.675, 3.3268 0.5232 0.6606, 3.3268 0.5062 0.6487, 3.3268 0.6554 0.745, 3.3268 0.6613 0.7473, 3.3268 0.6713 0.7959, 3.3268 0.7943 0.7336, 3.3268 0.7711 0.714, 3.3268 0.5304 0.7814, 3.3268 0.6449 0.8412, 3.3268 0.5155 0.7951, 3.3268 0.4973 0.8048, 3.3268 0.6502 0.7412, 3.3268 0.8113 0.7573, 3.3268 0.7725 0.8214, 3.3268 0.7685 0.8378, 3.3268 0.762 0.8499, 3.3268 0.337 0.8499, 3.3268 0.822 0.8427, 3.3268 0.8259 0.8147, 3.3268 0.822 0.7843, 3.3268 0.6679 0.7481, 3.3268 0.6687 0.7481, 3.3268 0.6713 0.7475, 3.3268 0.3421 0.7984, 3.3268 0.3522 0.7813, 3.3268 0.3955 0.7724, 3.3268 0.3675 0.7656, 3.3268 0.3861 0.7541, 3.3268 0.4271 0.8007, 3.3268 0.4096 0.7885, 3.3268 0.3349 0.8327, 3.3268 0.3359 0.8193, 3.3268 0.4459 0.8079, 3.3268 0.4664 0.8105, 3.3268 0.4767 0.8099, 3.3268 0.6414 0.7217, 3.3268 0.6417 0.725, 3.3268 0.5518 0.7328, 3.3268 0.6434 0.7315, 3.3268 0.6467 0.7373, 3.3268 0.673 0.7473, 3.3268 0.7115 0.7473, 3.3268 0.7207 0.7486, 3.3268 0.6614 0.696, 3.3268 0.6557 0.6982, 3.3268 0.6502 0.7021, 3.3268 0.6482 0.7041, 3.3268 0.6445 0.7095, 3.3268 0.6423 0.7153, 3.3268 0.5513 0.7151, 3.3268 0.5518 0.7242, 3.3268 0.745 0.7012, 3.3268 0.7166 0.6952, 3.3268 0.6662 0.6952, 3.3268 0.757 0.7703, 3.3268 0.7659 0.7838, 3.3268 0.7714 0.7992, 3.3268 0.7729 0.8139, 3.3268 0.7364 0.7541, 3.3268 0.75 0.7632, 3.3268 0.681 0.932, 3.3268 0.6617 0.955, 3.3268 0.4655 0.9052, 3.3268 0.6597 0.9567, 3.3268 0.6358 0.9734, 3.3268 0.4786 0.9323, 3.3268 0.4597 0.9084, 3.3268 0.4406 0.9155, 3.3268 0.7208 0.8789, 3.3268 0.7063 0.8805, 3.3268 0.6995 0.8805, 3.3268 0.6942 0.9045, 3.3268 0.7605 0.8526, 3.3268 0.7493 0.8647, 3.3268 0.7358 0.8736, 3.3268 0.3901 0.9125, 3.3268 0.3711 0.9024, 3.3268 0.4112 0.9176, 3.3268 0.3566 0.8894, 3.3268 0.3448 0.8724, 3.3268 0.4978 0.9552, 3.3268 0.609 0.9836, 3.3268 0.5206 0.9718, 3.3268 0.58 0.9872, 3.3268 0.5485 0.9832, 3.3268 0.4203 0.9181, 3.3268 0.3374 0.8534, 3.3268 1.4063 0.8861, 3.3268 1.3328 0.8499, 3.3268 1.3605 1.0062, 3.3268 2.1962 0.8499, 3.3268 2.1962 1.0072, 3.3268 1.3328 1.0072, 3.3268 1.3439 1.0062, 3.3268 1.3328 0.977, 3.3268 1.3153 0.8861, 3.3268 1.2982 0.8861, 3.3268 1.3269 0.919, 3.3268 1.1683 0.9924, 3.3268 1.1824 1.0072, 3.3268 1.1683 1.0062, 3.3268 1.1544 1.0072, 3.3268 1.1544 1.0062, 3.3268 1.122 0.9402, 3.3268 1.122 0.8998, 3.3268 1.1544 0.9402, 3.3268 1.1544 0.8998, 3.3268 1.1649 0.9402, 3.3268 1.1711 0.8998, 3.3268 1.1649 0.954, 3.3268 1.122 0.9924, 3.3268 1.122 0.954, 3.3268 1.1544 0.9924, 3.3268 1.1544 0.954, 3.3268 1.1065 0.8861, 3.3268 1.0995 0.8499, 3.3268 1.1544 0.8861, 3.3268 1.1544 0.8499, 3.3268 1.1711 0.8861, 3.3268 1.1824 0.8499, 3.3268 1.1065 1.0062, 3.3268 1.0995 1.0072, 3.3268 1.0663 1.0072, 3.3268 1.0706 1.0069, 3.3268 1.0824 1.0033, 3.3268 1.0824 0.9871, 3.3268 1.057 0.8981, 3.3268 1.0706 0.9007, 3.3268 1.0088 0.9437, 3.3268 1.0824 0.906, 3.3268 1.0088 0.9448, 3.3268 1.0199 0.9792, 3.3268 1.0143 0.9707, 3.3268 1.0104 0.96, 3.3268 1.0824 0.8911, 3.3268 1.0804 0.8901, 3.3268 1.0292 0.887, 3.3268 1.0178 0.8923, 3.3268 0.9979 0.8499, 3.3268 1.0079 0.9005, 3.3268 1.0053 0.9035, 3.3268 1.0684 0.9926, 3.3268 1.0541 0.9943, 3.3268 1.0488 0.994, 3.3268 1.0384 0.9919, 3.3268 1.0107 0.929, 3.3268 1.0145 0.9192, 3.3268 1.0206 0.9106, 3.3268 1.0315 0.9023, 3.3268 1.0402 0.8992, 3.3268 1.0514 0.8979, 3.3268 1.0807 0.9881, 3.3268 1.0291 0.9874, 3.3268 1.0214 0.9809, 3.3268 1.0235 0.9077, 3.3268 1.0675 0.8859, 3.3268 1.0492 0.8841, 3.3268 1.0423 0.8844, 3.3268 1.0551 1.0083, 3.3268 1.0995 1.2082, 3.3268 1.054 1.0083, 3.3268 0.9979 1.2082, 3.3268 1.0445 1.0072, 3.3268 0.9979 1.0072, 3.3268 1.0257 1.0021, 3.3268 1.0385 1.0066, 3.3268 1.0014 0.9797, 3.3268 1.0099 0.9906, 3.3268 1.0137 0.9942, 3.3268 0.9986 0.9141, 3.3268 0.9979 0.9163, 3.3268 0.9907 0.8499, 3.3268 0.9907 1.0072, 3.3268 0.9956 0.9664, 3.3268 0.9979 0.9716, 3.3268 0.9942 0.9273, 3.3268 0.9925 0.9439, 3.3268 0.9928 0.9509, 3.3268 1.5386 0.2756, 3.3268 1.5426 0.3062, 3.3268 1.5544 0.3346, 3.3268 1.5732 0.3591, 3.3268 1.5977 0.3779, 3.3268 1.6262 0.3897, 3.3268 1.6567 0.3937, 3.3268 2.0781 0.3937, 3.3268 2.1087 0.3977, 3.3268 2.1372 0.4095, 3.3268 2.1616 0.4283, 3.3268 2.1804 0.4528, 3.3268 2.1922 0.4812, 3.3268 -0.3324 0.4283, 3.3268 -0.308 0.4095, 3.3268 -0.2795 0.3977, 3.3268 -0.367 0.5118, 3.3268 -0.363 0.4812, 3.3268 -0.3512 0.4528, 3.3268 1.2949 1.0072, 3.3268 1.2488 1.0072, 3.3268 1.2488 1.0034, 3.3268 1.2911 0.9397, 3.3268 1.2882 0.9257, 3.3268 1.2822 0.9133, 3.3268 1.2734 0.903, 3.3268 1.2722 0.9018, 3.3268 1.2617 0.9984, 3.3268 1.2734 0.9903, 3.3268 1.2785 0.9853, 3.3268 1.2857 0.9745, 3.3268 1.2899 0.9628, 3.3268 1.2915 0.9477, 3.3268 1.2606 0.8938, 3.3268 1.2488 0.8893, 3.3268 1.2488 0.8499, 3.3268 1.2468 0.8885, 3.3268 1.2268 0.8861, 3.3268 1.1938 0.8861, 3.3268 1.1938 1.0062, 3.3268 1.228 1.0062, 3.3268 1.2474 1.004, 3.3268 1.0063 0.7322, 3.3268 1.0093 0.7365, 3.3268 1.0116 0.7607, 3.3268 1.0443 0.6966, 3.3268 1.0386 0.6946, 3.3268 1.0571 0.6956, 3.3268 1.0496 0.7002, 3.3268 1.0157 0.6968, 3.3268 0.9979 0.6946, 3.3268 1.0215 0.6946, 3.3268 1.0217 0.6946, 3.3268 1.0058 0.7067, 3.3268 1.004 0.7117, 3.3268 1.0033 0.7186, 3.3268 1.0565 0.7806, 3.3268 1.095 0.7685, 3.3268 1.0978 0.7725, 3.3268 1.0139 0.7405, 3.3268 1.0204 0.7438, 3.3268 1.0213 0.7669, 3.3268 1.0317 0.7466, 3.3268 1.0449 0.7706, 3.3268 1.0398 0.7711, 3.3268 1.0307 0.7702, 3.3268 1.0106 0.7003, 3.3268 1.0089 0.702, 3.3268 1.0571 0.7089, 3.3268 1.0567 0.7089, 3.3268 1.0544 0.7053, 3.3268 1.0033 0.7204, 3.3268 1.0043 0.7269, 3.3268 1.0615 0.7778, 3.3268 1.0655 0.774, 3.3268 1.0932 0.7636, 3.3268 1.0686 0.7691, 3.3268 1.071 0.7623, 3.3268 1.0501 0.7825, 3.3268 1.0412 0.7833, 3.3268 1.0267 0.7817, 3.3268 1.0116 0.7754, 3.3268 1.0154 0.7775, 3.3268 1.0994 0.7421, 3.3268 1.0926 0.7141, 3.3268 1.0995 0.742, 3.3268 1.0984 0.7105, 3.3268 1.0995 0.7101, 3.3268 1.0969 0.7447, 3.3268 1.095 0.7478, 3.3268 1.0722 0.7508, 3.3268 1.0933 0.7524, 3.3268 1.0927 0.7582, 3.3268 1.0571 0.7501, 3.3268 1.0566 0.7568, 3.3268 1.0551 0.7621, 3.3268 1.0533 0.7652, 3.3268 1.051 0.7676, 3.3268 1.0483 0.7694, 3.3268 1.0305 0.6936, 3.3268 0.9979 0.647, 3.3268 1.0382 0.6944, 3.3268 1.0995 0.647, 3.3268 1.0926 0.6986, 3.3268 1.0722 0.6956, 3.3268 1.0995 0.6962, 3.3268 1.0995 0.6946, 3.3268 1.1033 0.6948, 3.3268 1.1059 0.6946, 3.3268 1.1158 0.6936, 3.3268 1.1544 0.647, 3.3268 1.1464 0.7795, 3.3268 1.1464 0.7649, 3.3268 1.1023 0.7765, 3.3268 1.1067 0.7792, 3.3268 1.0995 0.774, 3.3268 1.1498 0.7129, 3.3268 1.1479 0.7081, 3.3268 1.1451 0.7042, 3.3268 1.1149 0.7821, 3.3268 1.1261 0.7833, 3.3268 1.1344 0.7828, 3.3268 1.1455 0.7331, 3.3268 1.1483 0.729, 3.3268 1.1499 0.7245, 3.3268 1.1505 0.7189, 3.3268 1.1408 0.7004, 3.3268 1.1374 0.6983, 3.3268 1.1246 0.7711, 3.3268 1.1201 0.7708, 3.3268 1.1082 0.7596, 3.3268 1.1161 0.7697, 3.3268 1.1127 0.7679, 3.3268 1.1083 0.7576, 3.3268 1.1089 0.7552, 3.3268 1.11 0.7532, 3.3268 1.1114 0.7516, 3.3268 1.1167 0.7483, 3.3268 1.1345 0.77, 3.3268 1.1261 0.7442, 3.3268 1.1429 0.7669, 3.3268 1.1319 0.7419, 3.3268 1.1419 0.7363, 3.3268 1.1105 0.7659, 3.3268 1.1092 0.764, 3.3268 1.1084 0.762, 3.3268 1.1079 0.707, 3.3268 1.1154 0.7333, 3.3268 1.1065 0.7374, 3.3268 1.1173 0.7059, 3.3268 1.118 0.7059, 3.3268 1.1253 0.7292, 3.3268 1.1257 0.7067, 3.3268 1.1351 0.7175, 3.3268 1.1349 0.7193, 3.3268 1.1296 0.7081, 3.3268 1.1309 0.709, 3.3268 1.1327 0.7105, 3.3268 1.134 0.7124, 3.3268 1.1347 0.7146, 3.3268 1.1342 0.7217, 3.3268 1.1331 0.7237, 3.3268 1.1312 0.7256, 3.3268 1.2251 0.7814, 3.3268 1.2407 0.7814, 3.3268 1.2488 0.6946, 3.3268 1.1976 0.7169, 3.3268 1.1994 0.7098, 3.3268 1.1998 0.7098, 3.3268 1.1824 0.7605, 3.3268 1.2016 0.7168, 3.3268 1.2005 0.7128, 3.3268 1.1824 0.7201, 3.3268 1.1583 0.7814, 3.3268 1.1751 0.7814, 3.3268 1.1915 0.6946, 3.3268 1.192 0.6958, 3.3268 1.1824 0.6748, 3.3268 1.1824 0.6748, 3.3268 1.1824 0.6946, 3.3268 1.1854 0.6802, 3.3268 1.1614 0.6698, 3.3268 1.1614 0.6564, 3.3268 1.1645 0.6688, 3.3268 1.17 0.6681, 3.3268 1.1736 0.6685, 3.3268 1.1824 0.6579, 3.3268 1.1772 0.6559, 3.3268 1.1824 0.647, 3.3268 1.1711 0.6552, 3.3268 1.1678 0.6553, 3.3268 1.1769 0.6697, 3.3268 1.1796 0.6716, 3.3268 1.2017 0.6826, 3.3268 1.1949 0.6694, 3.3268 1.2488 0.647, 3.3268 1.2064 0.6946, 3.3268 1.1894 0.6628, 3.3268 1.1884 0.6618, 3.3268 1.1831 0.6582, 3.3268 1.3187 0.8157, 3.3268 1.3187 0.8019, 3.3268 1.3215 0.7093, 3.3268 1.3328 0.6946, 3.3268 1.3215 0.6956, 3.3268 1.2949 0.6946, 3.3268 1.2724 0.7497, 3.3268 1.2724 0.7093, 3.3268 1.2949 0.7497, 3.3268 1.2949 0.7093, 3.3268 1.3153 0.7497, 3.3268 1.3153 0.7634, 3.3268 1.2949 0.7634, 3.3268 1.2949 0.8019, 3.3268 1.2724 0.7634, 3.3268 1.2724 0.8019, 3.3268 1.2949 0.6956, 3.3268 1.2569 0.6956, 3.3268 1.3784 0.8157, 3.3268 1.3978 0.8134, 3.3268 1.4944 0.8157, 3.3268 1.5109 0.8157, 3.3268 1.4289 0.7947, 3.3268 1.4361 0.784, 3.3268 1.4386 0.7352, 3.3268 1.4326 0.7228, 3.3268 1.4486 0.6956, 3.3268 1.4238 0.7124, 3.3268 1.4226 0.7113, 3.3268 1.4238 0.7998, 3.3268 1.4403 0.7723, 3.3268 1.4419 0.7572, 3.3268 1.4416 0.7492, 3.3268 1.4122 0.8079, 3.3268 1.411 0.7033, 3.3268 1.3973 0.698, 3.3268 1.3772 0.6956, 3.3268 1.5273 0.7284, 3.3268 1.4773 0.7284, 3.3268 1.5395 0.6956, 3.3268 1.4657 0.6956, 3.3268 2.1962 0.6946, 3.3268 1.5567 0.6956, 3.3268 1.3442 0.6956, 3.3268 1.3442 0.8157, 3.3268 1.2949 0.647, 3.3268 2.1962 1.2082, 3.3268 1.3328 1.2082, 3.3268 1.2949 1.2082, 3.3268 1.2488 1.2082, 3.3268 1.1824 1.2082, 3.3268 1.1544 1.2082, 3.3268 1.5386 0.187, 3.3268 1.3328 0.187, 3.3268 1.2949 0.187, 3.3268 1.2488 0.187, 3.3268 1.1824 0.187, 3.3268 1.1544 0.187, 3.3268 1.0995 0.187, 3.3268 0.9979 0.187, 3.3268 0.9907 0.187, 3.3268 0.9907 0.647, 3.3268 0.9907 0.6946, 3.3268 0.9889 0.7093, 3.3268 0.9889 0.6956, 3.3268 0.9243 0.6956, 3.3268 0.9861 0.8019, 3.3268 0.9243 0.8157, 3.3268 0.9861 0.8157, 3.3268 0.9398 0.7497, 3.3268 0.9398 0.7093, 3.3268 0.9827 0.7497, 3.3268 0.9827 0.7634, 3.3268 0.9398 0.7634, 3.3268 0.9398 0.8019, 3.3268 0.9398 1.0062, 3.3268 0.9398 0.8998, 3.3268 0.9876 0.8998, 3.3268 0.9243 0.8861, 3.3268 0.9243 1.0062, 3.3268 0.9876 0.8861, 3.3268 0.9907 1.2082, 3.3268 -0.367 0.647, 3.3268 -0.367 0.6946, 3.3268 -0.367 0.8499, 3.3268 -0.367 1.0072, 3.3268 -0.367 1.2082, 3.3268 2.1962 1.378, 3.3268 1.3328 1.378, 3.3268 1.2949 1.378, 3.3268 1.2488 1.378, 3.3268 1.1824 1.378, 3.3268 1.1544 1.378, 3.3268 1.0995 1.378, 3.3268 0.9979 1.378, 3.3268 0.9907 1.378, 3.3268 0.8751 1.378, 3.3268 -0.043 1.378, 3.3268 -0.367 1.378, 3.2283 2.0781 0.3937, 3.2283 1.6567 0.3937, -3.3268 -0.2489 0.3937, -3.3268 0.1725 0.3937, -3.2283 -0.2489 0.3937, -3.2283 0.1725 0.3937, -0.2974 -1.9604 1.4764, -0.0412 -1.9604 1.4764, -0.0412 -2.2166 1.4764, 0.0412 -2.2166 1.4764, 0.0412 -1.9604 1.4764, 1.269 -2.2941 1.4764, 0.2974 -1.9604 1.4764, -2.5314 0.0154 1.4764, -2.4389 -0.1715 1.4764, -3.1102 -0.3874 1.4764, -2.3036 -0.3301 1.4764, -1.269 -2.2941 1.4764, 2.5103 0.6279 1.4764, 2.4052 0.808 1.4764, 3.1102 2.3045 1.4764, 2.2593 0.9569 1.4764, -0.9112 3.1286 1.4764, -0.6768 2.973 1.4764, -1.2795 2.5189 1.4764, 0.8892 0.2192 1.4764, 0.0412 -1.6218 1.4764, -1.0257 -0.1715 1.4764, -0.2974 -1.878 1.4764, -2.1336 -0.4508 1.4764, -1.9392 -0.5263 1.4764, -1.7323 -0.5519 1.4764, -1.5254 -0.5263 1.4764, -1.331 -0.4508 1.4764, -0.0412 -1.878 1.4764, -0.0412 -1.6218 1.4764, -1.161 -0.3301 1.4764, 0.9332 0.0154 1.4764, 0.2974 -1.878 1.4764, 0.0412 -1.878 1.4764, 2.4389 -0.1715 1.4764, 2.5314 0.0154 1.4764, 3.1102 -0.3874 1.4764, 2.5754 0.2192 1.4764, 2.5682 0.4276 1.4764, 2.19 1.0671 1.4764, 2.185 1.1109 1.4764, 2.185 2.178 1.4764, 3.0459 2.5448 1.4764, 1.2795 2.5189 1.4764, 0.9112 3.1286 1.4764, 1.1259 3.272 1.4764, 1.2052 0.9569 1.4764, 1.0593 0.808 1.4764, -1.0593 0.808 1.4764, 0.9542 0.6279 1.4764, 0.8963 0.4276 1.4764, -0.9542 0.6279 1.4764, 1.0257 -0.1715 1.4764, 1.161 -0.3301 1.4764, 1.331 -0.4508 1.4764, 1.5254 -0.5263 1.4764, 1.7323 -0.5519 1.4764, 2.185 2.5189 1.4764, 2.1288 3.3861 1.4764, 2.3702 3.2947 1.4764, 0.1407 2.8112 1.4764, 0.4167 2.8659 1.4764, 0.6768 2.973 1.4764, -2.185 2.5189 1.4764, -2.7802 2.9848 1.4764, -2.59 3.1593 1.4764, 1.9392 -0.5263 1.4764, 2.1336 -0.4508 1.4764, 2.3036 -0.3301 1.4764, 2.59 3.1593 1.4764, 2.7802 2.9848 1.4764, 2.9341 2.7774 1.4764, 1.3638 3.3722 1.4764, 1.6164 3.4256 1.4764, 1.8745 3.4303 1.4764, -2.4052 0.808 1.4764, -2.5103 0.6279 1.4764, -3.1102 2.3045 1.4764, -2.5682 0.4276 1.4764, -2.5754 0.2192 1.4764, 2.2281 0.9881 1.4764, 2.2046 1.0254 1.4764, -0.1407 2.8112 1.4764, 1.2795 2.178 1.4764, 1.2795 1.1109 1.4764, -0.9332 0.0154 1.4764, -0.8892 0.2192 1.4764, -0.8963 0.4276 1.4764, -1.2795 2.178 1.4764, -0.4167 2.8659 1.4764, -1.2795 1.1109 1.4764, -2.3702 3.2947 1.4764, -2.1288 3.3861 1.4764, -1.8745 3.4303 1.4764, -1.6164 3.4256 1.4764, -1.3638 3.3722 1.4764, -1.1259 3.272 1.4764, -2.19 1.0671 1.4764, -2.2046 1.0254 1.4764, -1.2052 0.9569 1.4764, -1.2365 0.9881 1.4764, -2.9341 2.7774 1.4764, -2.185 2.178 1.4764, -3.0459 2.5448 1.4764, -2.185 1.1109 1.4764, -2.2281 0.9881 1.4764, -2.2593 0.9569 1.4764, 1.2746 1.0671 1.4764, 1.26 1.0254 1.4764, 1.2365 0.9881 1.4764, -1.26 1.0254 1.4764, -1.2746 1.0671 1.4764, 3.1519 2.2243 1.5736, 3.1365 2.2401 1.4734, 3.1331 2.2445 1.5748, 3.1331 2.2445 1.4742, 3.1299 2.2491 1.5748, 3.1194 2.2686 1.476, 3.1194 2.2686 1.5748, 3.1118 2.2952 1.4764, 3.1118 2.2952 1.5748, 3.2283 2.1962 1.5484, 3.2283 2.1962 1.3583, 3.2254 2.1963 1.3845, 3.2167 2.1968 1.4095, 3.2026 2.1991 1.4319, 3.2147 2.197 1.5556, 3.2009 2.1995 1.434, 3.2009 2.1995 1.5616, 3.1839 2.2049 1.4506, 3.1809 2.2062 1.5681, 3.1749 2.209 1.4571, 3.1749 2.209 1.5696, 3.1615 2.217 1.4647, 3.1519 2.2243 1.4688, 3.2283 2.1962 0.5118, 3.2691 2.1962 1.5171, 3.3004 2.1962 1.4764, 3.3201 2.1962 1.4289, 3.1383 -0.367 1.5746, 3.1383 -0.367 1.473, 3.1809 -0.367 1.5681, 3.1615 -0.367 1.4647, 3.2283 -0.367 1.5484, 3.2691 -0.367 1.5171, 3.2283 -0.367 0.5118, 3.2283 -0.367 1.3583, 3.1839 -0.367 1.4506, 3.2026 -0.367 1.4319, 3.3004 -0.367 1.4764, 3.2167 -0.367 1.4095, 3.3201 -0.367 1.4289, 3.2254 -0.367 1.3845, 1.2555 -2.308 1.5748, 1.2555 -2.308 1.4755, 3.1241 -0.373 1.5748, 3.1241 -0.373 1.4756, 1.25 -2.3217 1.4731, 1.25 -2.3217 1.5746, 1.25 -2.3246 1.4724, 1.25 -2.3647 1.5681, 1.25 -2.3531 1.4606, 1.25 -2.4122 1.5484, 1.25 -2.3776 1.4418, 1.25 -2.4529 1.5171, 1.25 -2.3963 1.4173, 1.25 -2.4842 1.4764, 1.25 -2.4081 1.3888, 1.25 -2.5039 1.4289, 1.25 -2.4122 1.3583, 1.25 -2.5106 1.378, 1.25 -2.4122 0.5906, 1.25 -2.5106 0.5906, 1.246 -2.5106 0.56, 1.1319 -2.5106 0.4724, -1.1319 -2.5106 0.4724, 1.1909 -2.5106 0.4883, 1.2154 -2.5106 0.507, 1.2342 -2.5106 0.5315, -1.25 -2.5106 1.378, -1.25 -2.5106 0.5906, -1.246 -2.5106 0.56, -1.2342 -2.5106 0.5315, 1.1625 -2.5106 0.4765, -1.2154 -2.5106 0.507, -1.1909 -2.5106 0.4883, -1.1625 -2.5106 0.4765, -1.25 -2.4122 0.5906, -1.25 -2.4122 1.3583, -1.25 -2.4081 1.3888, -1.25 -2.5039 1.4289, -1.25 -2.3963 1.4173, -1.25 -2.4842 1.4764, -1.25 -2.3776 1.4418, -1.25 -2.4529 1.5171, -1.25 -2.3531 1.4606, -1.25 -2.4122 1.5484, -1.25 -2.3246 1.4724, -1.25 -2.3647 1.5681, -1.25 -2.3217 1.4731, -1.25 -2.3217 1.5746, -1.2555 -2.308 1.4755, -1.2555 -2.308 1.5748, -3.1241 -0.373 1.5748, -3.1241 -0.373 1.4756, -3.1383 -0.367 1.473, -3.1383 -0.367 1.5746, -3.1408 -0.367 1.4724, -3.1809 -0.367 1.5681, -3.1693 -0.367 1.4606, -3.2283 -0.367 1.5484, -3.1938 -0.367 1.4418, -3.2691 -0.367 1.5171, -3.2125 -0.367 1.4173, -3.3004 -0.367 1.4764, -3.2243 -0.367 1.3888, -3.3201 -0.367 1.4289, -3.2283 -0.367 1.3583, -3.3268 -0.367 1.378, -3.2283 -0.367 0.5118, -3.3268 -0.367 0.5118, -3.3268 1.5977 0.3779, -3.3268 1.6262 0.3897, -3.3268 2.1962 1.378, -3.3268 2.1962 0.5118, -3.3268 2.0781 0.3937, -3.3268 1.6567 0.3937, -3.3268 0.2748 0.3346, -3.3268 0.256 0.3591, -3.3268 1.5426 0.3062, -3.3268 0.2315 0.3779, -3.3268 0.203 0.3897, -3.3268 2.1804 0.4528, -3.3268 2.1616 0.4283, -3.3268 2.1922 0.4812, -3.3268 2.1372 0.4095, -3.3268 2.1087 0.3977, -3.3268 1.5386 0.187, -3.3268 0.2906 0.187, -3.3268 1.5386 0.2756, -3.3268 0.2906 0.2756, -3.3268 0.2866 0.3062, -3.3268 1.5544 0.3346, -3.3268 1.5732 0.3591, -3.3268 -0.2795 0.3977, -3.3268 -0.308 0.4095, -3.3268 -0.3324 0.4283, -3.3268 -0.3512 0.4528, -3.3268 -0.363 0.4812, -3.2283 2.1962 0.5118, -3.2283 2.1962 1.3583, -3.3201 2.1962 1.4289, -3.3004 2.1962 1.4764, -3.2691 2.1962 1.5171, -3.2283 2.1962 1.5484, -3.2009 2.1995 1.434, -3.2125 2.1973 1.4173, -3.2194 2.1966 1.4034, -3.2243 2.1963 1.3888, -3.2273 2.1962 1.3737, -3.1846 2.2046 1.45, -3.2009 2.1995 1.5616, -3.1749 2.209 1.4571, -3.1809 2.2062 1.5681, -3.1749 2.209 1.5696, -3.2148 2.197 1.5556, -3.1934 2.2019 1.4414, -3.1331 2.2445 1.4742, -3.1408 2.2351 1.4724, -3.1519 2.2243 1.5736, -3.1519 2.2243 1.4688, -3.1693 2.2121 1.4606, -3.1331 2.2445 1.5748, -3.1299 2.2491 1.5748, -3.1194 2.2686 1.476, -3.1194 2.2686 1.5748, -3.1118 2.2952 1.5748, -3.1118 2.2952 1.4764, -3.0459 2.5448 1.5748, -2.9341 2.7774 1.5748, -2.7802 2.9848 1.5748, -2.59 3.1593 1.5748, -2.3702 3.2947 1.5748, -2.1288 3.3861 1.5748, -1.8745 3.4303 1.5748, -1.6164 3.4256 1.5748, -1.3638 3.3722 1.5748, -1.1259 3.272 1.5748, -0.9112 3.1286 1.5748, -0.6768 2.973 1.5748, -0.4167 2.8659 1.5748, -0.1407 2.8112 1.5748, 0.1407 2.8112 1.5748, 0.4167 2.8659 1.5748, 0.6768 2.973 1.5748, 0.9112 3.1286 1.5748, 1.1259 3.272 1.5748, 1.3638 3.3722 1.5748, 1.6164 3.4256 1.5748, 1.8745 3.4303 1.5748, 2.1288 3.3861 1.5748, 2.3702 3.2947 1.5748, 2.59 3.1593 1.5748, 2.7802 2.9848 1.5748, 2.9341 2.7774 1.5748, 3.0459 2.5448 1.5748, -0.0412 -2.2166 1.5748, -0.0412 -1.9604 1.5748, -0.2974 -1.9604 1.5748, 3.1271 -0.3705 1.5748, 3.1299 -0.3689 1.5748, 2.5314 0.0154 1.5748, 1.2517 -2.3137 1.5748, 0.2974 -1.9604 1.5748, 0.0412 -1.9604 1.5748, 0.0412 -2.2166 1.5748, -1.2517 -2.3137 1.5748, 2.4389 -0.1715 1.5748, 2.3036 -0.3301 1.5748, -0.2974 -1.878 1.5748, -0.8892 0.2192 1.5748, -0.9332 0.0154 1.5748, -1.2795 2.5189 1.5748, -0.0412 -1.878 1.5748, -0.0412 -1.6218 1.5748, 1.0257 -0.1715 1.5748, 0.2974 -1.878 1.5748, 1.2525 -2.3121 1.5748, -1.0593 0.808 1.5748, 1.2795 2.5189 1.5748, 2.1336 -0.4508 1.5748, 0.0412 -1.878 1.5748, 0.0412 -1.6218 1.5748, 1.9392 -0.5263 1.5748, 1.7323 -0.5519 1.5748, 1.5254 -0.5263 1.5748, 1.331 -0.4508 1.5748, 1.161 -0.3301 1.5748, -2.185 2.5189 1.5748, -1.5254 -0.5263 1.5748, -1.7323 -0.5519 1.5748, -1.9392 -0.5263 1.5748, -2.1336 -0.4508 1.5748, 0.9542 0.6279 1.5748, -0.9542 0.6279 1.5748, -0.8963 0.4276 1.5748, 2.4052 0.808 1.5748, 2.5103 0.6279 1.5748, 2.5682 0.4276 1.5748, 2.5754 0.2192 1.5748, -1.0257 -0.1715 1.5748, -1.161 -0.3301 1.5748, -1.331 -0.4508 1.5748, -1.2525 -2.3121 1.5748, -2.3036 -0.3301 1.5748, -2.4389 -0.1715 1.5748, -3.1271 -0.3705 1.5748, -3.1299 -0.3689 1.5748, -2.5103 0.6279 1.5748, -2.4052 0.808 1.5748, -2.2593 0.9569 1.5748, -2.2281 0.9881 1.5748, -1.2746 1.0671 1.5748, -1.26 1.0254 1.5748, 1.0593 0.808 1.5748, 1.2052 0.9569 1.5748, 1.2795 1.1109 1.5748, 2.185 2.5189 1.5748, -2.5314 0.0154 1.5748, -2.5754 0.2192 1.5748, -2.5682 0.4276 1.5748, -2.185 1.1109 1.5748, -3.1184 2.2712 1.5748, -2.19 1.0671 1.5748, -2.2046 1.0254 1.5748, -1.2795 1.1109 1.5748, -1.2365 0.9881 1.5748, -1.2052 0.9569 1.5748, 2.19 1.0671 1.5748, 2.2046 1.0254 1.5748, 2.185 1.1109 1.5748, 3.1184 2.2712 1.5748, 0.9332 0.0154 1.5748, 0.8892 0.2192 1.5748, 0.8963 0.4276 1.5748, 1.2365 0.9881 1.5748, 1.26 1.0254 1.5748, 1.2746 1.0671 1.5748, 2.2281 0.9881 1.5748, 2.2593 0.9569 1.5748, 1.2795 2.3541 1.5532, 1.2795 2.2004 1.4899, 2.185 2.2004 1.4899, 2.185 2.3541 1.5532, -2.185 2.3541 1.5532, -2.185 2.2004 1.4899, -1.2795 2.2004 1.4899, -1.2795 2.3541 1.5532, -1.2795 2.3795 1.4581, -1.2795 0.2945 0.4724, -1.2795 0.2945 0.374, -1.2795 0.9218 0.4724, -1.2795 0.9218 0.374, -1.2795 1.0612 0.4907, -1.2795 1.0866 0.3956, -1.2795 1.1913 0.5443, -1.2795 1.2403 0.4589, -1.2795 1.3032 0.6296, -1.2795 1.3725 0.5597, -1.2795 2.0682 1.3891, -1.2795 2.1375 1.3192, -1.2795 2.2494 1.4045, -2.185 2.3795 1.4581, -2.185 2.2494 1.4045, -2.185 2.0682 1.3891, -2.185 2.1375 1.3192, -2.185 1.3032 0.6296, -2.185 1.3725 0.5597, -2.185 1.1913 0.5443, -2.185 1.2403 0.4589, -2.185 1.0612 0.4907, -2.185 1.0866 0.3956, -2.185 0.9218 0.4724, -2.185 0.9218 0.374, -2.185 0.2945 0.4724, -2.185 0.2945 0.374, -2.1696 0.1773 0.4724, -2.1244 0.0681 0.4724, -2.0524 -0.0256 0.4724, -1.9587 -0.0976 0.4724, -1.8495 -0.1428 0.4724, -1.3402 0.0681 0.4724, -1.6151 -0.1428 0.4724, -1.4121 -0.0256 0.4724, -1.5059 -0.0976 0.4724, -1.7323 -0.1582 0.4724, -1.295 0.1773 0.4724, -1.295 0.1773 0.374, -1.3402 0.0681 0.374, -1.4121 -0.0256 0.374, -1.5059 -0.0976 0.374, -1.6151 -0.1428 0.374, -2.0524 -0.0256 0.374, -2.1244 0.0681 0.374, -1.9587 -0.0976 0.374, -1.8495 -0.1428 0.374, -1.7323 -0.1582 0.374, -2.1696 0.1773 0.374, 1.2795 2.3795 1.4581, 1.2795 2.2494 1.4045, 1.2795 2.0682 1.3891, 1.2795 2.1375 1.3192, 1.2795 1.3032 0.6296, 1.2795 1.3725 0.5597, 1.2795 1.1913 0.5443, 1.2795 1.2403 0.4589, 1.2795 1.0612 0.4907, 1.2795 1.0866 0.3956, 1.2795 0.9218 0.4724, 1.2795 0.9218 0.374, 1.2795 0.2945 0.4724, 1.2795 0.2945 0.374, 2.185 2.3795 1.4581, 2.185 0.2945 0.4724, 2.185 0.2945 0.374, 2.185 0.9218 0.4724, 2.185 0.9218 0.374, 2.185 1.0612 0.4907, 2.185 1.0866 0.3956, 2.185 1.1913 0.5443, 2.185 1.2403 0.4589, 2.185 1.3032 0.6296, 2.185 1.3725 0.5597, 2.185 2.0682 1.3891, 2.185 2.1375 1.3192, 2.185 2.2494 1.4045, 1.295 0.1773 0.4724, 1.3402 0.0681 0.4724, 1.4121 -0.0256 0.4724, 1.5059 -0.0976 0.4724, 1.6151 -0.1428 0.4724, 2.0524 -0.0256 0.4724, 2.1244 0.0681 0.4724, 1.9587 -0.0976 0.4724, 1.8495 -0.1428 0.4724, 1.7323 -0.1582 0.4724, 2.1696 0.1773 0.4724, 2.1696 0.1773 0.374, 2.1244 0.0681 0.374, 2.0524 -0.0256 0.374, 1.9587 -0.0976 0.374, 1.8495 -0.1428 0.374, 1.3402 0.0681 0.374, 1.6151 -0.1428 0.374, 1.4121 -0.0256 0.374, 1.5059 -0.0976 0.374, 1.7323 -0.1582 0.374, 1.295 0.1773 0.374, -1.1319 -2.4122 0.4724, 1.1319 -2.4122 0.4724, 1.2342 -2.4122 0.5315, 1.246 -2.4122 0.56, 1.2154 -2.4122 0.507, 1.1909 -2.4122 0.4883, 1.1625 -2.4122 0.4765, -1.1625 -2.4122 0.4765, -1.1909 -2.4122 0.4883, -1.2154 -2.4122 0.507, -1.2342 -2.4122 0.5315, -1.246 -2.4122 0.56, -3.2283 0.203 0.3897, -3.2283 0.2748 0.3346, -3.2283 1.5426 0.3062, -3.2283 0.256 0.3591, -3.2283 1.5544 0.3346, -3.2283 1.5732 0.3591, -3.2283 0.2906 0.2756, -3.2283 0.2906 0.187, -3.2283 1.5386 0.187, -3.2283 1.5977 0.3779, -3.2283 0.2315 0.3779, -3.2283 0.2866 0.3062, -3.2283 1.5386 0.2756, -3.2283 -0.3512 0.4528, -3.2283 -0.3324 0.4283, -3.2283 -0.363 0.4812, -3.2283 -0.308 0.4095, -3.2283 -0.2795 0.3977, -3.2283 1.6262 0.3897, -3.2283 1.6567 0.3937, -3.2283 2.0781 0.3937, -3.2283 2.1922 0.4812, -3.2283 2.1804 0.4528, -3.2283 2.1087 0.3977, -3.2283 2.1372 0.4095, -3.2283 2.1616 0.4283, 3.2283 1.6262 0.3897, 3.2283 1.5977 0.3779, 3.2283 1.5544 0.3346, 3.2283 1.5426 0.3062, 3.2283 0.2748 0.3346, 3.2283 0.256 0.3591, 3.2283 0.2315 0.3779, 3.2283 0.203 0.3897, 3.2283 0.1725 0.3937, 3.2283 -0.2489 0.3937, 3.2283 1.5732 0.3591, 3.2283 1.5386 0.187, 3.2283 0.2906 0.187, 3.2283 1.5386 0.2756, 3.2283 0.2906 0.2756, 3.2283 0.2866 0.3062, 3.2283 2.1922 0.4812, 3.2283 2.1804 0.4528, 3.2283 2.1616 0.4283, 3.2283 2.1372 0.4095, 3.2283 2.1087 0.3977, 3.2283 -0.3324 0.4283, 3.2283 -0.308 0.4095, 3.2283 -0.2795 0.3977, 3.2283 -0.3512 0.4528, 3.2283 -0.363 0.4812, -3.7915 1.0327 0.0, -3.829 1.0816 0.0, -3.4154 1.5386 0.0, -3.878 0.71 0.0, -3.829 0.7476 0.0, -3.4154 0.2906 0.0, -3.7915 0.7965 0.0, -3.7679 0.8535 0.0, -3.7598 0.9146 0.0, -3.7679 0.9757 0.0, -4.1631 1.0816 0.0, -4.2006 1.0327 0.0, -4.5669 1.4205 0.0, -4.2242 0.9757 0.0, -4.2323 0.9146 0.0, -4.5669 0.4087 0.0, -4.2242 0.8535 0.0, -4.2006 0.7965 0.0, -4.5629 0.3781 0.0, -4.1631 0.7476 0.0, -4.4488 0.2906 0.0, -3.9961 0.6784 0.0, -3.9349 0.6864 0.0, -3.9961 1.1508 0.0, -4.4488 1.5386 0.0, -3.9349 1.1428 0.0, -3.878 1.1192 0.0, -4.4794 0.2946 0.0, -4.1142 0.71 0.0, -4.0572 0.6864 0.0, -4.5629 1.4511 0.0, -4.5511 1.4796 0.0, -4.5323 1.504 0.0, -4.5079 0.3064 0.0, -4.5323 0.3252 0.0, -4.5511 0.3496 0.0, -4.0572 1.1428 0.0, -4.1142 1.1192 0.0, -4.4794 1.5346 0.0, -4.5079 1.5228 0.0, -4.5669 1.4205 0.0984, -4.5669 0.4087 0.0984, -3.7915 0.7965 0.0984, -3.829 0.7476 0.0984, -3.4154 0.2906 0.0984, -3.878 1.1192 0.0984, -3.829 1.0816 0.0984, -3.4154 1.5386 0.0984, -3.7915 1.0327 0.0984, -3.7679 0.9757 0.0984, -3.7598 0.9146 0.0984, -3.7679 0.8535 0.0984, -3.878 0.71 0.0984, -3.9349 0.6864 0.0984, -4.4488 0.2906 0.0984, -3.9961 0.6784 0.0984, -4.1631 1.0816 0.0984, -4.5629 1.4511 0.0984, -4.2006 1.0327 0.0984, -4.2242 0.9757 0.0984, -4.1142 1.1192 0.0984, -4.0572 1.1428 0.0984, -4.4488 1.5386 0.0984, -3.9961 1.1508 0.0984, -3.9349 1.1428 0.0984, -4.1631 0.7476 0.0984, -4.2006 0.7965 0.0984, -4.2242 0.8535 0.0984, -4.2323 0.9146 0.0984, -4.0572 0.6864 0.0984, -4.1142 0.71 0.0984, -4.4794 0.2946 0.0984, -4.5079 0.3064 0.0984, -4.4794 1.5346 0.0984, -4.5079 1.5228 0.0984, -4.5629 0.3781 0.0984, -4.5511 0.3496 0.0984, -4.5323 0.3252 0.0984, -4.5323 1.504 0.0984, -4.5511 1.4796 0.0984, -3.3924 1.5386 0.1014, -3.3924 0.2906 0.1014, -3.3711 1.5386 0.1103, -3.3711 0.2906 0.1103, -3.3527 1.5386 0.1244, -3.3527 0.2906 0.1244, -3.3386 1.5386 0.1427, -3.3386 0.2906 0.1427, -3.3298 1.5386 0.1641, -3.3298 0.2906 0.1641, -3.2347 0.2906 0.1386, -3.2347 1.5386 0.1386, -3.2534 0.2906 0.0935, -3.2534 1.5386 0.0935, -3.2831 0.2906 0.0548, -3.2831 1.5386 0.0548, -3.3219 0.2906 0.0251, -3.3219 1.5386 0.0251, -3.367 0.2906 0.0064, -3.367 1.5386 0.0064, 3.7915 0.7965 0.0, 3.829 0.7476 0.0, 3.4154 0.2906 0.0, 4.1631 0.7476 0.0, 4.2006 0.7965 0.0, 4.5669 0.4087 0.0, 4.2242 0.8535 0.0, 4.2323 0.9146 0.0, 4.5669 1.4205 0.0, 3.878 1.1192 0.0, 3.829 1.0816 0.0, 3.4154 1.5386 0.0, 3.7915 1.0327 0.0, 4.2242 0.9757 0.0, 4.2006 1.0327 0.0, 4.5629 1.4511 0.0, 4.1631 1.0816 0.0, 3.7679 0.9757 0.0, 3.7598 0.9146 0.0, 3.7679 0.8535 0.0, 4.1142 1.1192 0.0, 4.0572 1.1428 0.0, 4.4488 1.5386 0.0, 3.9961 1.1508 0.0, 3.9349 1.1428 0.0, 4.5079 0.3064 0.0, 4.4794 0.2946 0.0, 4.1142 0.71 0.0, 4.4488 0.2906 0.0, 4.0572 0.6864 0.0, 3.878 0.71 0.0, 3.9349 0.6864 0.0, 3.9961 0.6784 0.0, 4.5629 0.3781 0.0, 4.5511 0.3496 0.0, 4.5323 0.3252 0.0, 4.4794 1.5346 0.0, 4.5079 1.5228 0.0, 4.5323 1.504 0.0, 4.5511 1.4796 0.0, 3.367 0.2906 0.0064, 3.367 1.5386 0.0064, 3.3219 0.2906 0.0251, 3.3219 1.5386 0.0251, 3.2831 0.2906 0.0548, 3.2831 1.5386 0.0548, 3.2534 0.2906 0.0935, 3.2534 1.5386 0.0935, 3.2347 0.2906 0.1386, 3.2347 1.5386 0.1386, 3.3298 1.5386 0.1641, 3.3298 0.2906 0.1641, 3.3386 1.5386 0.1427, 3.3386 0.2906 0.1427, 3.3527 1.5386 0.1244, 3.3527 0.2906 0.1244, 3.3711 1.5386 0.1103, 3.3711 0.2906 0.1103, 3.3924 1.5386 0.1014, 3.3924 0.2906 0.1014, 3.4154 1.5386 0.0984, 3.4154 0.2906 0.0984, 3.878 0.71 0.0984, 3.829 0.7476 0.0984, 3.7915 1.0327 0.0984, 3.829 1.0816 0.0984, 3.7679 0.9757 0.0984, 4.1631 1.0816 0.0984, 4.2006 1.0327 0.0984, 4.5669 1.4205 0.0984, 4.2242 0.9757 0.0984, 4.2323 0.9146 0.0984, 4.5669 0.4087 0.0984, 4.2242 0.8535 0.0984, 4.2006 0.7965 0.0984, 4.5629 0.3781 0.0984, 4.1631 0.7476 0.0984, 3.7915 0.7965 0.0984, 3.7679 0.8535 0.0984, 3.7598 0.9146 0.0984, 3.9961 1.1508 0.0984, 4.4488 1.5386 0.0984, 3.9349 1.1428 0.0984, 3.878 1.1192 0.0984, 4.1142 0.71 0.0984, 4.4488 0.2906 0.0984, 4.4794 0.2946 0.0984, 4.5079 0.3064 0.0984, 4.5323 0.3252 0.0984, 4.5511 0.3496 0.0984, 4.0572 0.6864 0.0984, 3.9961 0.6784 0.0984, 3.9349 0.6864 0.0984, 4.5629 1.4511 0.0984, 4.5511 1.4796 0.0984, 4.5323 1.504 0.0984, 4.0572 1.1428 0.0984, 4.1142 1.1192 0.0984, 4.4794 1.5346 0.0984, 4.5079 1.5228 0.0984, -3.2048 2.1986 1.56, -3.1404 2.2355 1.5745, -3.1525 2.2238 1.5735, -3.1662 2.2139 1.5714, -3.1344 -0.3674 1.5748, -3.1306 -0.3687 1.5748, 1.2506 -2.3167 1.5748, -1.2506 -2.3167 1.5748, 3.1344 -0.3674 1.5748, 3.1306 -0.3687 1.5748, 3.1592 2.2186 1.5726, 3.1403 2.2356 1.5745, 3.2048 2.1986 1.56, -3.1271 -0.3705 1.4752, -3.126 2.2554 1.4753, -3.1306 -0.3686 1.4746, -3.1344 -0.3674 1.4739, -3.1158 2.2787 1.4762, -3.1545 2.2221 1.4678, -3.2039 2.1988 1.4302, -3.1938 2.2014 1.4418, -3.1819 2.2057 1.4521, 1.2525 -2.3121 1.475, -1.2525 -2.3121 1.475, -1.2506 -2.3167 1.4742, 1.2506 -2.3167 1.4742, 3.1306 -0.3686 1.4746, 3.1344 -0.3674 1.4739, 3.1153 2.2802 1.4763, 3.1271 -0.3705 1.4752, 3.1206 2.2659 1.4759, 3.1277 2.2525 1.4751, 3.1365 -0.3672 1.4734, 3.1483 2.2275 1.4701, 3.1727 2.2101 1.4585, 3.1936 2.2014 1.4419
            ]
        }
        coordIndex [
            0,1,2,-1,3,4,5,-1,6,7,8,-1,9,10,11,-1,12,13,14,-1,15,16,17,-1,17,16,18,-1,17,18,19,-1,20,21,22,-1,22,21,17,-1,22,17,23,-1,23,17,24,-1,19,25,17,-1,17,25,26,-1,17,26,24,-1,27,28,29,-1,29,28,30,-1,30,28,31,-1,30,31,32,-1,27,29,33,-1,33,29,34,-1,33,34,35,-1,34,36,37,-1,34,38,35,-1,35,38,39,-1,35,39,40,-1,40,39,41,-1,40,41,42,-1,37,43,34,-1,34,43,44,-1,34,44,38,-1,45,46,47,-1,45,47,48,-1,46,49,47,-1,47,49,50,-1,47,50,51,-1,51,50,52,-1,52,53,51,-1,51,53,54,-1,51,54,34,-1,34,54,55,-1,34,55,36,-1,56,48,57,-1,57,48,47,-1,57,47,58,-1,58,47,8,-1,58,8,59,-1,59,8,60,-1,61,62,63,-1,63,62,64,-1,63,64,65,-1,65,64,66,-1,65,66,67,-1,60,8,68,-1,68,8,7,-1,68,7,69,-1,63,70,61,-1,61,70,71,-1,61,71,72,-1,69,73,68,-1,68,73,74,-1,68,74,75,-1,75,74,61,-1,75,61,76,-1,76,61,72,-1,77,78,63,-1,63,78,79,-1,63,79,80,-1,80,81,63,-1,63,81,82,-1,63,82,70,-1,83,84,85,-1,86,87,77,-1,88,89,90,-1,90,89,91,-1,83,85,92,-1,86,77,93,-1,94,95,89,-1,89,95,96,-1,89,96,97,-1,20,98,21,-1,21,98,99,-1,21,99,77,-1,77,99,100,-1,77,100,93,-1,84,101,85,-1,85,101,102,-1,85,102,103,-1,104,105,106,-1,106,105,107,-1,106,107,108,-1,109,97,110,-1,110,97,111,-1,110,111,106,-1,106,111,112,-1,106,112,104,-1,109,113,97,-1,97,113,114,-1,97,114,89,-1,89,114,115,-1,89,115,91,-1,116,117,118,-1,118,117,119,-1,118,119,85,-1,85,119,120,-1,85,120,92,-1,103,121,85,-1,85,121,122,-1,85,122,123,-1,124,125,78,-1,78,125,126,-1,78,126,127,-1,127,128,78,-1,78,128,129,-1,78,129,130,-1,130,129,116,-1,130,116,131,-1,131,116,118,-1,87,132,77,-1,77,132,133,-1,77,133,78,-1,78,133,134,-1,78,134,124,-1,135,136,85,-1,85,136,137,-1,85,137,89,-1,89,137,138,-1,89,138,94,-1,123,139,85,-1,85,139,140,-1,85,140,135,-1,141,142,143,-1,142,144,143,-1,143,144,145,-1,143,145,146,-1,96,143,97,-1,97,143,147,-1,97,147,148,-1,149,150,96,-1,96,150,151,-1,96,151,143,-1,143,151,152,-1,143,152,141,-1,153,154,96,-1,96,154,155,-1,96,155,149,-1,156,157,158,-1,158,157,159,-1,158,159,160,-1,146,145,161,-1,161,145,162,-1,161,162,163,-1,163,162,164,-1,163,164,165,-1,148,166,97,-1,97,166,158,-1,97,158,167,-1,167,158,160,-1,168,12,169,-1,170,168,171,-1,171,172,170,-1,170,172,173,-1,170,173,174,-1,174,173,175,-1,176,177,2,-1,12,14,169,-1,169,14,178,-1,169,178,176,-1,179,180,181,-1,181,180,182,-1,181,182,183,-1,184,185,186,-1,186,185,187,-1,186,187,188,-1,188,187,189,-1,188,189,190,-1,191,192,193,-1,193,192,194,-1,193,194,179,-1,195,196,197,-1,197,196,198,-1,197,198,199,-1,199,198,200,-1,199,200,189,-1,183,182,201,-1,201,182,202,-1,201,202,195,-1,203,204,202,-1,202,204,205,-1,202,205,206,-1,207,208,209,-1,209,208,210,-1,209,210,211,-1,212,213,210,-1,210,213,214,-1,210,214,211,-1,210,215,196,-1,196,215,216,-1,217,218,219,-1,219,218,220,-1,219,220,221,-1,222,223,210,-1,210,223,224,-1,210,224,225,-1,226,227,228,-1,229,230,209,-1,209,230,231,-1,209,231,207,-1,195,202,196,-1,196,202,206,-1,196,206,210,-1,210,206,232,-1,210,232,222,-1,225,233,210,-1,210,233,234,-1,210,234,212,-1,226,228,209,-1,209,228,235,-1,209,235,229,-1,216,236,196,-1,196,236,237,-1,196,237,219,-1,219,237,238,-1,219,238,217,-1,239,240,241,-1,241,240,242,-1,241,242,243,-1,244,245,246,-1,247,248,244,-1,244,248,249,-1,244,249,245,-1,221,250,219,-1,219,250,251,-1,219,251,252,-1,253,254,244,-1,244,254,255,-1,244,255,247,-1,251,256,252,-1,252,256,257,-1,252,257,253,-1,253,257,258,-1,253,258,254,-1,259,260,11,-1,260,261,11,-1,11,261,262,-1,11,262,263,-1,263,264,11,-1,11,264,265,-1,11,265,9,-1,9,265,266,-1,9,266,267,-1,267,268,269,-1,269,270,267,-1,267,270,271,-1,267,271,9,-1,272,273,8,-1,8,273,274,-1,8,274,6,-1,275,276,8,-1,8,276,277,-1,8,277,272,-1,278,279,280,-1,281,282,2,-1,282,283,2,-1,2,283,284,-1,2,284,285,-1,280,286,278,-1,278,286,287,-1,278,287,288,-1,288,289,278,-1,278,289,290,-1,278,290,291,-1,175,173,177,-1,177,173,278,-1,177,278,2,-1,2,278,291,-1,2,291,281,-1,292,293,294,-1,294,293,295,-1,296,297,200,-1,200,297,180,-1,200,180,189,-1,189,180,179,-1,189,179,190,-1,190,179,194,-1,297,298,180,-1,180,298,299,-1,180,299,279,-1,279,299,300,-1,279,300,280,-1,301,302,303,-1,304,305,306,-1,304,306,307,-1,308,309,310,-1,310,309,311,-1,312,313,309,-1,309,313,314,-1,315,316,317,-1,302,318,303,-1,303,318,319,-1,303,319,320,-1,320,319,321,-1,322,323,321,-1,321,323,324,-1,321,324,320,-1,308,325,309,-1,309,325,326,-1,309,326,312,-1,327,328,306,-1,306,328,329,-1,306,329,307,-1,219,330,331,-1,315,332,316,-1,316,332,333,-1,316,333,334,-1,334,333,335,-1,334,335,336,-1,337,219,338,-1,338,219,339,-1,301,303,331,-1,331,303,340,-1,331,340,219,-1,219,340,341,-1,219,341,339,-1,342,343,344,-1,344,343,345,-1,344,345,346,-1,347,348,349,-1,349,348,350,-1,349,350,336,-1,336,350,351,-1,336,351,334,-1,352,353,321,-1,321,353,354,-1,321,354,355,-1,355,356,321,-1,321,356,357,-1,321,357,322,-1,358,359,360,-1,360,359,361,-1,360,361,305,-1,342,347,343,-1,343,347,349,-1,343,349,362,-1,362,349,363,-1,362,363,364,-1,364,363,365,-1,364,365,366,-1,366,365,367,-1,368,367,361,-1,361,367,365,-1,361,365,305,-1,305,365,363,-1,305,363,306,-1,368,361,4,-1,4,361,369,-1,4,369,5,-1,370,371,5,-1,372,373,196,-1,337,315,219,-1,219,315,317,-1,219,317,196,-1,196,317,374,-1,196,374,372,-1,375,376,5,-1,5,376,377,-1,373,378,196,-1,196,378,379,-1,196,379,198,-1,198,379,380,-1,198,380,370,-1,381,382,371,-1,371,382,383,-1,371,383,5,-1,5,383,384,-1,5,384,375,-1,377,385,5,-1,5,385,386,-1,5,386,3,-1,387,388,389,-1,389,388,390,-1,389,390,391,-1,389,392,387,-1,387,392,393,-1,387,393,394,-1,394,395,387,-1,387,395,396,-1,387,396,397,-1,397,396,398,-1,397,398,399,-1,399,398,400,-1,399,400,371,-1,371,400,401,-1,371,401,381,-1,402,403,391,-1,391,403,404,-1,391,404,389,-1,405,406,346,-1,346,406,407,-1,346,407,344,-1,405,408,406,-1,406,408,409,-1,406,409,410,-1,410,409,411,-1,410,412,413,-1,411,414,410,-1,410,414,415,-1,410,415,416,-1,416,417,410,-1,410,417,418,-1,410,418,412,-1,413,419,410,-1,410,419,420,-1,410,420,421,-1,422,423,294,-1,294,423,424,-1,425,426,427,-1,295,296,294,-1,294,296,200,-1,294,200,422,-1,422,200,428,-1,422,428,429,-1,429,428,425,-1,429,425,430,-1,430,425,427,-1,431,432,5,-1,370,5,198,-1,198,5,432,-1,198,432,200,-1,200,432,433,-1,200,433,428,-1,434,435,431,-1,436,437,438,-1,438,437,439,-1,438,439,434,-1,434,431,438,-1,438,431,5,-1,438,5,440,-1,440,5,369,-1,440,369,441,-1,440,442,438,-1,438,442,443,-1,438,443,444,-1,445,446,447,-1,447,446,448,-1,447,448,369,-1,369,448,449,-1,369,449,441,-1,444,450,438,-1,438,450,451,-1,438,451,436,-1,452,453,454,-1,452,454,455,-1,453,456,454,-1,454,456,457,-1,454,457,447,-1,447,457,458,-1,447,458,445,-1,176,2,169,-1,169,2,1,-1,169,1,459,-1,459,460,169,-1,169,460,461,-1,169,461,462,-1,462,461,463,-1,462,463,464,-1,465,466,467,-1,467,466,468,-1,467,468,469,-1,469,468,461,-1,469,461,470,-1,470,461,460,-1,470,460,471,-1,471,460,472,-1,471,472,473,-1,473,472,474,-1,463,475,464,-1,464,475,476,-1,464,476,424,-1,424,476,0,-1,424,0,294,-1,294,0,2,-1,294,2,292,-1,292,2,285,-1,477,478,169,-1,169,479,480,-1,481,482,479,-1,483,484,485,-1,485,484,486,-1,485,486,487,-1,481,479,488,-1,482,489,479,-1,479,489,490,-1,479,490,485,-1,485,490,491,-1,485,491,483,-1,169,478,479,-1,479,478,492,-1,479,492,488,-1,487,493,485,-1,485,493,494,-1,485,494,495,-1,496,497,498,-1,498,497,499,-1,498,499,500,-1,168,169,171,-1,171,169,480,-1,171,480,500,-1,500,480,501,-1,500,501,498,-1,499,485,500,-1,500,485,495,-1,500,495,462,-1,462,495,502,-1,462,502,169,-1,169,502,503,-1,169,503,477,-1,10,500,11,-1,11,500,462,-1,11,462,504,-1,504,462,464,-1,504,464,454,-1,454,464,424,-1,454,424,455,-1,455,424,423,-1,172,505,173,-1,173,505,506,-1,173,506,278,-1,278,506,507,-1,278,507,279,-1,279,507,508,-1,279,508,180,-1,180,508,509,-1,180,509,182,-1,182,509,510,-1,182,510,202,-1,202,510,240,-1,202,240,203,-1,203,240,239,-1,511,259,512,-1,512,259,11,-1,512,11,513,-1,513,11,504,-1,513,504,514,-1,514,504,454,-1,514,454,515,-1,515,454,447,-1,515,447,516,-1,516,447,369,-1,516,369,517,-1,517,369,361,-1,517,361,518,-1,518,361,359,-1,518,359,519,-1,519,359,520,-1,519,520,65,-1,358,311,359,-1,359,311,309,-1,359,309,520,-1,520,309,521,-1,522,523,521,-1,521,523,524,-1,314,330,309,-1,309,330,219,-1,309,219,521,-1,521,219,252,-1,521,252,522,-1,522,252,525,-1,65,520,63,-1,63,520,521,-1,63,521,77,-1,77,521,524,-1,77,524,21,-1,21,524,526,-1,21,526,252,-1,252,526,527,-1,252,527,525,-1,528,529,530,-1,530,529,522,-1,530,522,531,-1,531,522,525,-1,531,525,532,-1,532,525,533,-1,534,535,536,-1,537,538,17,-1,17,538,534,-1,17,534,253,-1,253,534,536,-1,253,536,252,-1,252,536,539,-1,252,539,21,-1,21,539,537,-1,21,537,17,-1,246,243,244,-1,244,243,242,-1,244,242,253,-1,253,242,540,-1,253,540,17,-1,17,540,30,-1,17,30,15,-1,15,30,32,-1,275,8,541,-1,541,8,47,-1,541,47,542,-1,542,47,51,-1,542,51,543,-1,543,51,34,-1,543,34,544,-1,544,34,29,-1,544,29,545,-1,505,546,506,-1,506,546,547,-1,506,547,507,-1,507,547,548,-1,507,548,508,-1,508,548,549,-1,508,549,509,-1,509,549,550,-1,509,550,510,-1,510,550,551,-1,510,551,240,-1,240,551,552,-1,240,552,242,-1,242,552,553,-1,242,553,540,-1,540,553,554,-1,540,554,30,-1,30,554,555,-1,30,555,29,-1,29,555,556,-1,29,556,545,-1,545,556,557,-1,266,265,558,-1,558,265,559,-1,560,561,562,-1,562,561,563,-1,564,565,566,-1,567,568,569,-1,569,568,570,-1,571,572,573,-1,573,572,574,-1,573,574,575,-1,576,577,578,-1,578,577,579,-1,580,581,582,-1,583,584,585,-1,567,569,566,-1,566,569,575,-1,566,575,564,-1,564,575,574,-1,564,574,586,-1,586,574,587,-1,586,587,588,-1,588,589,586,-1,586,589,590,-1,586,590,591,-1,592,586,593,-1,593,586,591,-1,593,591,584,-1,584,591,594,-1,584,594,585,-1,595,596,583,-1,583,596,597,-1,583,597,584,-1,598,599,600,-1,600,599,601,-1,600,601,578,-1,578,601,602,-1,578,602,576,-1,603,604,578,-1,578,604,605,-1,578,605,606,-1,607,608,609,-1,610,611,612,-1,611,613,612,-1,612,613,614,-1,612,614,615,-1,595,616,596,-1,596,616,617,-1,596,617,570,-1,570,617,618,-1,570,618,569,-1,569,618,619,-1,569,619,620,-1,621,622,623,-1,624,625,607,-1,607,625,626,-1,607,626,608,-1,627,628,629,-1,620,630,569,-1,569,630,631,-1,569,631,600,-1,600,631,632,-1,600,632,598,-1,623,633,621,-1,621,633,634,-1,621,634,605,-1,605,634,635,-1,605,635,606,-1,609,636,607,-1,607,636,637,-1,607,637,621,-1,621,637,638,-1,621,638,622,-1,639,640,641,-1,641,640,642,-1,641,642,573,-1,573,642,643,-1,573,643,571,-1,579,644,578,-1,578,644,645,-1,578,645,603,-1,646,624,612,-1,612,624,607,-1,612,607,610,-1,610,607,647,-1,610,647,648,-1,585,649,583,-1,583,649,650,-1,583,650,614,-1,614,650,651,-1,614,651,615,-1,582,581,652,-1,652,581,653,-1,652,653,654,-1,629,655,627,-1,627,655,656,-1,627,656,657,-1,657,658,627,-1,627,658,659,-1,627,659,582,-1,582,659,660,-1,582,660,580,-1,661,662,641,-1,646,612,653,-1,653,612,663,-1,653,663,664,-1,628,627,665,-1,665,627,666,-1,665,666,667,-1,667,666,641,-1,641,666,668,-1,641,668,661,-1,662,669,641,-1,641,669,670,-1,641,670,639,-1,648,671,610,-1,610,671,672,-1,610,672,673,-1,664,674,653,-1,653,674,675,-1,653,675,654,-1,676,677,678,-1,678,677,679,-1,678,679,680,-1,680,679,681,-1,680,681,682,-1,682,681,683,-1,682,683,684,-1,685,686,687,-1,687,688,685,-1,685,688,689,-1,685,689,690,-1,690,689,691,-1,690,691,692,-1,692,691,693,-1,692,693,694,-1,694,693,695,-1,694,695,696,-1,696,695,697,-1,696,697,676,-1,676,697,698,-1,676,698,677,-1,9,699,546,-1,546,699,686,-1,686,685,700,-1,700,701,686,-1,686,701,702,-1,686,702,546,-1,703,704,705,-1,705,704,706,-1,705,706,707,-1,707,706,708,-1,275,541,709,-1,709,541,542,-1,542,543,709,-1,709,543,544,-1,709,544,710,-1,706,711,708,-1,708,711,712,-1,708,712,713,-1,713,712,714,-1,713,714,715,-1,715,714,716,-1,715,716,557,-1,557,716,710,-1,557,710,545,-1,545,710,544,-1,717,718,569,-1,717,569,719,-1,719,569,600,-1,719,600,720,-1,721,722,723,-1,723,722,724,-1,723,724,725,-1,725,724,726,-1,725,726,727,-1,727,726,728,-1,727,728,729,-1,729,728,730,-1,729,730,731,-1,731,730,732,-1,731,732,733,-1,733,732,734,-1,733,734,735,-1,735,734,736,-1,737,736,738,-1,738,736,739,-1,740,741,742,-1,734,743,736,-1,736,743,744,-1,736,744,739,-1,739,744,745,-1,739,745,746,-1,737,738,742,-1,742,738,747,-1,742,747,740,-1,748,749,746,-1,746,749,750,-1,746,750,739,-1,751,744,752,-1,752,744,743,-1,752,743,753,-1,753,743,754,-1,753,754,755,-1,755,754,756,-1,755,756,757,-1,757,756,758,-1,757,758,759,-1,759,758,760,-1,759,760,761,-1,761,760,762,-1,761,762,763,-1,763,762,764,-1,575,765,766,-1,575,766,573,-1,573,766,767,-1,573,767,768,-1,769,770,771,-1,771,770,772,-1,771,772,773,-1,773,772,774,-1,773,774,775,-1,775,774,776,-1,775,776,777,-1,777,776,778,-1,777,778,779,-1,779,778,780,-1,779,780,781,-1,781,780,782,-1,781,782,783,-1,783,782,784,-1,785,782,786,-1,786,782,787,-1,788,789,787,-1,787,789,790,-1,787,790,786,-1,791,792,793,-1,793,792,794,-1,795,561,784,-1,796,797,798,-1,798,797,799,-1,798,799,788,-1,788,799,800,-1,788,800,789,-1,801,802,803,-1,803,802,804,-1,803,804,793,-1,793,804,805,-1,793,805,791,-1,794,795,793,-1,793,795,784,-1,793,784,806,-1,806,784,782,-1,806,782,807,-1,807,782,785,-1,561,560,784,-1,784,560,808,-1,784,808,809,-1,809,810,784,-1,784,810,811,-1,784,811,812,-1,813,788,814,-1,814,788,787,-1,814,787,815,-1,815,816,814,-1,814,816,817,-1,814,817,818,-1,819,820,818,-1,818,820,821,-1,821,822,818,-1,818,822,823,-1,818,823,814,-1,824,825,826,-1,826,825,827,-1,826,827,828,-1,818,829,819,-1,819,829,825,-1,819,825,830,-1,830,825,824,-1,831,832,833,-1,833,832,834,-1,833,834,828,-1,828,834,835,-1,828,835,826,-1,833,836,831,-1,831,836,837,-1,831,837,838,-1,837,839,838,-1,838,839,840,-1,838,840,841,-1,641,841,840,-1,641,840,667,-1,840,842,667,-1,667,842,843,-1,667,843,665,-1,665,843,844,-1,665,844,628,-1,628,844,845,-1,628,845,629,-1,629,845,846,-1,629,846,655,-1,655,846,847,-1,655,847,656,-1,656,847,848,-1,656,848,657,-1,657,848,849,-1,657,849,658,-1,658,849,850,-1,658,850,659,-1,659,850,851,-1,659,851,660,-1,660,851,852,-1,660,852,580,-1,580,852,581,-1,581,852,853,-1,581,853,653,-1,653,853,854,-1,653,854,646,-1,646,854,855,-1,646,855,624,-1,624,855,856,-1,624,856,625,-1,625,856,857,-1,625,857,626,-1,626,857,858,-1,626,858,608,-1,608,858,859,-1,608,859,860,-1,608,860,609,-1,609,860,861,-1,609,861,636,-1,636,861,862,-1,636,862,637,-1,637,862,863,-1,637,863,638,-1,638,863,864,-1,638,864,622,-1,622,864,865,-1,622,865,623,-1,623,865,866,-1,623,866,633,-1,633,866,867,-1,633,867,634,-1,634,867,868,-1,634,868,635,-1,635,868,869,-1,635,869,606,-1,606,869,578,-1,578,869,684,-1,578,684,683,-1,870,871,872,-1,873,874,875,-1,876,877,878,-1,878,879,876,-1,876,879,870,-1,876,870,880,-1,880,870,872,-1,873,875,719,-1,875,881,719,-1,719,881,882,-1,719,882,717,-1,883,884,885,-1,853,852,886,-1,886,852,851,-1,883,887,884,-1,884,887,888,-1,884,888,889,-1,877,876,890,-1,890,876,891,-1,890,891,717,-1,855,854,892,-1,860,859,893,-1,717,882,890,-1,890,882,894,-1,890,894,895,-1,895,894,896,-1,896,894,897,-1,896,897,898,-1,898,899,896,-1,896,899,900,-1,896,900,888,-1,888,900,901,-1,888,901,889,-1,847,846,902,-1,903,904,766,-1,904,905,766,-1,766,905,906,-1,766,906,767,-1,851,850,886,-1,886,850,849,-1,886,849,902,-1,902,849,848,-1,902,848,847,-1,846,845,902,-1,902,845,844,-1,902,844,843,-1,907,908,909,-1,910,911,680,-1,680,911,912,-1,680,912,874,-1,874,912,913,-1,874,913,875,-1,885,914,883,-1,883,914,915,-1,883,915,872,-1,872,915,916,-1,872,916,880,-1,880,916,903,-1,880,903,917,-1,917,903,766,-1,906,918,767,-1,767,918,919,-1,767,919,920,-1,920,919,921,-1,922,923,837,-1,837,923,924,-1,837,924,925,-1,859,858,893,-1,893,858,857,-1,893,857,892,-1,892,857,856,-1,892,856,855,-1,926,927,854,-1,908,907,892,-1,892,907,928,-1,892,928,893,-1,893,928,929,-1,893,929,930,-1,864,931,865,-1,865,931,866,-1,869,868,931,-1,931,868,867,-1,931,867,866,-1,919,932,921,-1,921,932,933,-1,921,933,837,-1,837,933,934,-1,837,934,922,-1,843,842,902,-1,902,842,840,-1,902,840,935,-1,935,840,936,-1,935,936,937,-1,937,936,837,-1,937,837,938,-1,938,837,925,-1,853,886,854,-1,854,886,939,-1,854,939,926,-1,927,940,854,-1,854,940,941,-1,854,941,892,-1,864,863,931,-1,931,863,862,-1,931,862,893,-1,893,862,861,-1,893,861,860,-1,680,942,943,-1,942,680,944,-1,944,680,945,-1,944,945,931,-1,931,945,684,-1,931,684,869,-1,889,946,884,-1,884,946,947,-1,884,947,909,-1,909,947,948,-1,909,948,907,-1,949,950,929,-1,929,950,951,-1,929,951,930,-1,943,952,680,-1,680,952,953,-1,680,953,910,-1,670,924,639,-1,639,924,923,-1,639,923,640,-1,640,923,922,-1,640,922,642,-1,642,922,934,-1,642,934,643,-1,643,934,933,-1,643,933,571,-1,571,933,932,-1,571,932,572,-1,572,932,919,-1,572,919,574,-1,574,919,918,-1,574,918,587,-1,587,918,906,-1,587,906,588,-1,588,906,905,-1,588,905,589,-1,589,905,904,-1,589,904,590,-1,590,904,903,-1,590,903,591,-1,591,903,916,-1,591,916,594,-1,594,916,915,-1,594,915,585,-1,585,915,914,-1,585,914,649,-1,649,914,885,-1,649,885,650,-1,650,885,884,-1,650,884,651,-1,651,884,909,-1,651,909,615,-1,615,909,908,-1,615,908,612,-1,612,908,892,-1,612,892,663,-1,663,892,941,-1,610,929,611,-1,611,929,928,-1,611,928,613,-1,613,928,907,-1,613,907,614,-1,614,907,948,-1,614,948,583,-1,583,948,947,-1,583,947,595,-1,595,947,946,-1,595,946,616,-1,616,946,889,-1,616,889,617,-1,617,889,901,-1,617,901,618,-1,618,901,900,-1,618,900,619,-1,619,900,899,-1,619,899,620,-1,620,899,898,-1,620,898,630,-1,630,898,897,-1,630,897,631,-1,631,897,894,-1,631,894,632,-1,632,894,882,-1,632,882,598,-1,598,882,881,-1,598,881,599,-1,599,881,875,-1,599,875,601,-1,601,875,913,-1,601,913,602,-1,602,913,912,-1,602,912,576,-1,576,912,911,-1,576,911,577,-1,577,911,910,-1,577,910,579,-1,579,910,953,-1,954,893,930,-1,648,647,930,-1,930,647,955,-1,930,955,954,-1,605,604,956,-1,956,604,944,-1,956,944,957,-1,957,944,931,-1,958,902,935,-1,668,666,935,-1,935,666,959,-1,935,959,958,-1,652,654,960,-1,960,654,939,-1,960,939,961,-1,961,939,886,-1,883,872,586,-1,586,872,564,-1,872,871,564,-1,564,871,565,-1,883,586,887,-1,887,586,592,-1,878,877,568,-1,568,877,570,-1,890,596,877,-1,877,596,570,-1,895,597,890,-1,890,597,596,-1,870,879,566,-1,566,879,567,-1,879,878,567,-1,567,878,568,-1,870,566,871,-1,871,566,565,-1,895,896,597,-1,597,896,584,-1,888,593,896,-1,896,593,584,-1,887,592,888,-1,888,592,593,-1,962,582,652,-1,963,964,965,-1,965,964,966,-1,965,966,967,-1,967,966,968,-1,967,968,969,-1,969,968,970,-1,969,970,971,-1,971,970,972,-1,971,972,973,-1,973,972,974,-1,973,974,652,-1,652,974,975,-1,652,975,962,-1,627,976,666,-1,666,976,977,-1,666,977,978,-1,978,977,979,-1,978,979,980,-1,980,979,981,-1,980,981,982,-1,982,981,983,-1,982,983,984,-1,984,983,985,-1,984,985,986,-1,986,985,987,-1,986,987,988,-1,988,987,989,-1,963,965,986,-1,986,988,963,-1,963,988,990,-1,963,990,991,-1,991,992,963,-1,963,992,993,-1,963,993,994,-1,995,996,997,-1,997,996,998,-1,994,999,963,-1,963,999,996,-1,963,996,1000,-1,1000,996,995,-1,989,987,966,-1,966,964,989,-1,989,964,1001,-1,989,1001,1002,-1,1002,1003,989,-1,989,1003,1004,-1,989,1004,1005,-1,1006,1007,1008,-1,1008,1007,1009,-1,1005,1010,989,-1,989,1010,1009,-1,989,1009,1011,-1,1011,1009,1007,-1,966,987,985,-1,966,985,968,-1,968,985,983,-1,968,983,970,-1,970,983,981,-1,970,981,972,-1,974,972,979,-1,979,972,981,-1,974,979,975,-1,975,979,977,-1,975,977,962,-1,962,977,976,-1,962,976,582,-1,582,976,627,-1,959,961,958,-1,958,961,886,-1,958,886,902,-1,978,973,666,-1,666,973,652,-1,666,652,959,-1,959,652,960,-1,959,960,961,-1,971,973,980,-1,980,973,978,-1,971,980,969,-1,969,980,982,-1,969,982,967,-1,967,982,984,-1,967,984,965,-1,965,984,986,-1,964,963,1000,-1,964,1000,1001,-1,1001,1000,995,-1,1001,995,1002,-1,1002,995,997,-1,1002,997,1003,-1,1003,997,998,-1,1003,998,1004,-1,1004,998,996,-1,1004,996,1005,-1,1005,996,999,-1,1005,999,1010,-1,988,989,1011,-1,988,1011,990,-1,990,1011,1007,-1,990,1007,991,-1,991,1007,1006,-1,991,1006,992,-1,992,1006,1008,-1,992,1008,993,-1,993,1008,1009,-1,993,1009,994,-1,994,1009,1010,-1,994,1010,999,-1,607,1012,647,-1,647,1012,1013,-1,647,1013,1014,-1,1014,1013,1015,-1,1014,1015,1016,-1,1016,1015,1017,-1,1016,1017,1018,-1,1018,1017,1019,-1,1018,1019,1020,-1,1020,1019,1021,-1,1020,1021,1022,-1,1022,1021,1023,-1,1022,1023,1024,-1,1024,1023,1025,-1,1026,621,605,-1,1027,1028,1029,-1,1029,1028,1030,-1,1029,1030,1031,-1,1031,1030,1032,-1,1031,1032,1033,-1,1033,1032,1034,-1,1033,1034,1035,-1,1035,1034,1036,-1,1035,1036,1037,-1,1037,1036,1038,-1,1037,1038,605,-1,605,1038,1039,-1,605,1039,1026,-1,1027,1029,1022,-1,1022,1024,1027,-1,1027,1024,1040,-1,1027,1040,1041,-1,1041,1042,1027,-1,1027,1042,1043,-1,1027,1043,1044,-1,1045,1046,1047,-1,1047,1046,1048,-1,1044,1049,1027,-1,1027,1049,1048,-1,1027,1048,1050,-1,1050,1048,1046,-1,1022,1029,1020,-1,1020,1029,1031,-1,1020,1031,1018,-1,1018,1031,1033,-1,1018,1033,1016,-1,1016,1033,1035,-1,1014,1016,1037,-1,1037,1016,1035,-1,1014,1037,647,-1,647,1037,605,-1,647,605,955,-1,605,956,955,-1,955,956,957,-1,955,957,954,-1,954,957,931,-1,954,931,893,-1,607,621,1012,-1,1012,621,1026,-1,1012,1026,1013,-1,1013,1026,1039,-1,1013,1039,1015,-1,1015,1039,1038,-1,1017,1015,1036,-1,1036,1015,1038,-1,1017,1036,1034,-1,1017,1034,1019,-1,1019,1034,1032,-1,1019,1032,1021,-1,1021,1032,1030,-1,1021,1030,1023,-1,1025,1023,1030,-1,1030,1028,1025,-1,1025,1028,1051,-1,1025,1051,1052,-1,1052,1053,1025,-1,1025,1053,1054,-1,1025,1054,1055,-1,1056,1057,1058,-1,1058,1057,1059,-1,1055,1060,1025,-1,1025,1060,1057,-1,1025,1057,1061,-1,1061,1057,1056,-1,1024,1025,1061,-1,1024,1061,1040,-1,1040,1061,1056,-1,1040,1056,1041,-1,1041,1056,1058,-1,1041,1058,1042,-1,1042,1058,1059,-1,1042,1059,1043,-1,1043,1059,1057,-1,1043,1057,1044,-1,1044,1057,1060,-1,1044,1060,1049,-1,1028,1027,1050,-1,1028,1050,1051,-1,1051,1050,1046,-1,1051,1046,1052,-1,1052,1046,1045,-1,1052,1045,1053,-1,1053,1045,1047,-1,1053,1047,1054,-1,1054,1047,1048,-1,1054,1048,1055,-1,1055,1048,1049,-1,1055,1049,1060,-1,1062,1063,739,-1,739,1063,738,-1,752,733,751,-1,751,733,735,-1,1064,1063,1065,-1,1065,1063,735,-1,1064,1066,1063,-1,1063,1066,1067,-1,1063,1067,1068,-1,1069,1070,751,-1,1070,1071,751,-1,751,1071,1072,-1,751,1072,1073,-1,735,1063,751,-1,751,1063,1062,-1,751,1062,1069,-1,814,781,1074,-1,1075,1076,1077,-1,1077,1076,1078,-1,1077,1078,1079,-1,783,562,781,-1,781,562,563,-1,781,563,1074,-1,1080,1081,1082,-1,1079,1083,1077,-1,1077,1083,814,-1,1077,814,1084,-1,1084,814,1074,-1,1075,1085,1076,-1,1076,1085,1080,-1,1076,1080,1086,-1,1086,1080,1082,-1,1087,1088,1089,-1,1089,1088,1090,-1,1089,1090,783,-1,783,1090,1091,-1,783,1091,562,-1,1083,1092,814,-1,814,1092,1093,-1,814,1093,813,-1,813,1093,1094,-1,813,1094,1095,-1,1095,1094,1096,-1,1097,1098,1094,-1,1094,1098,1099,-1,1094,1099,1096,-1,790,789,1093,-1,1093,789,1094,-1,1100,1101,686,-1,1102,1103,1104,-1,1104,1105,686,-1,686,1105,1106,-1,686,1106,710,-1,710,1106,1107,-1,1107,1108,710,-1,710,1108,1109,-1,710,1109,709,-1,686,1101,1104,-1,1104,1101,1110,-1,1104,1110,1102,-1,1111,1112,1113,-1,1113,1112,1114,-1,1113,1114,1103,-1,1103,1114,1115,-1,1103,1115,1104,-1,1100,686,559,-1,559,686,699,-1,559,699,558,-1,558,699,1116,-1,558,1116,1117,-1,1117,1118,558,-1,558,1118,1119,-1,558,1119,1120,-1,1121,1109,1122,-1,1122,1109,1123,-1,1121,1124,1109,-1,1109,1124,1125,-1,1109,1125,709,-1,69,6,1108,-1,1108,6,1109,-1,1126,1127,1128,-1,1129,1130,1131,-1,1131,1130,1132,-1,1132,1133,1131,-1,1131,1133,1134,-1,1131,1134,1128,-1,1128,1134,1135,-1,1128,1135,1126,-1,1136,1137,1138,-1,1137,1139,1138,-1,1138,1139,1140,-1,1138,1140,1141,-1,1140,1142,1141,-1,1141,1142,1143,-1,1141,1143,1144,-1,1144,1143,1145,-1,1146,1147,1131,-1,1131,1147,1148,-1,1131,1148,1129,-1,1149,1150,1151,-1,1151,1150,1128,-1,1151,1128,1152,-1,1152,1128,1127,-1,1153,1154,1146,-1,1146,1154,1155,-1,1146,1155,1147,-1,1138,1156,1136,-1,1136,1156,1157,-1,1136,1157,1158,-1,1153,1159,1154,-1,1154,1159,1160,-1,1154,1160,1145,-1,1145,1160,1161,-1,1145,1161,1144,-1,1149,1162,1150,-1,1150,1162,1163,-1,1150,1163,1164,-1,1164,1163,1136,-1,1164,1136,1165,-1,1165,1136,1158,-1,1138,1141,1166,-1,1166,1141,1167,-1,1168,1169,1170,-1,1171,1172,1173,-1,1173,1172,1174,-1,1174,1175,1173,-1,1173,1175,1176,-1,1173,1176,1170,-1,1170,1176,1177,-1,1170,1177,1168,-1,1169,1178,1170,-1,1170,1178,1179,-1,1170,1179,1180,-1,1180,1179,1181,-1,1182,1183,1184,-1,1184,1183,1166,-1,1184,1166,1185,-1,1186,1187,1188,-1,1188,1187,1189,-1,1188,1189,1173,-1,1173,1189,1190,-1,1173,1190,1171,-1,1191,1192,1167,-1,1167,1192,1193,-1,1167,1193,1166,-1,1166,1193,1194,-1,1166,1194,1185,-1,1181,1195,1180,-1,1180,1195,1196,-1,1180,1196,1197,-1,1197,1196,1198,-1,1186,1188,1182,-1,1182,1188,1199,-1,1182,1199,1200,-1,1167,1201,1191,-1,1191,1201,1202,-1,1191,1202,1196,-1,1196,1202,1203,-1,1196,1203,1198,-1,1200,1204,1182,-1,1182,1204,1205,-1,1182,1205,1183,-1,1173,1170,1206,-1,1206,1170,1207,-1,1206,1207,1208,-1,1208,1207,1209,-1,1208,1209,1210,-1,1210,1209,1211,-1,1210,1211,1212,-1,1212,1211,1213,-1,1212,1213,1214,-1,1214,1213,1215,-1,1214,1215,801,-1,801,1215,802,-1,1082,1081,1216,-1,1082,1216,1217,-1,1217,1216,1218,-1,1217,1218,1219,-1,1219,1218,1220,-1,1219,1220,1221,-1,1221,1220,1222,-1,1221,1222,1223,-1,1223,1222,1224,-1,1223,1224,1225,-1,1225,1224,1131,-1,1225,1131,1128,-1,803,1086,801,-1,801,1086,1082,-1,801,1082,1214,-1,1214,1082,1217,-1,1214,1217,1212,-1,1212,1217,1219,-1,1212,1219,1210,-1,1210,1219,1221,-1,1210,1221,1208,-1,1208,1221,1223,-1,1208,1223,1206,-1,1206,1223,1225,-1,1206,1225,1173,-1,1173,1225,1128,-1,1173,1128,1188,-1,1188,1128,1150,-1,1180,1146,1170,-1,1170,1146,1131,-1,1170,1131,1207,-1,1207,1131,1224,-1,1207,1224,1209,-1,1209,1224,1222,-1,1209,1222,1211,-1,1211,1222,1220,-1,1211,1220,1213,-1,1213,1220,1218,-1,1213,1218,1215,-1,1215,1218,1216,-1,1215,1216,802,-1,802,1216,1081,-1,802,1081,804,-1,804,1081,1080,-1,1134,1176,1135,-1,1135,1176,1175,-1,1135,1175,1126,-1,1126,1175,1174,-1,1126,1174,1127,-1,1127,1174,1172,-1,1127,1172,1152,-1,1152,1172,1171,-1,1152,1171,1151,-1,1151,1171,1190,-1,1151,1190,1149,-1,1149,1190,1189,-1,1149,1189,1162,-1,1162,1189,1187,-1,1162,1187,1163,-1,1163,1187,1186,-1,1163,1186,1136,-1,1136,1186,1182,-1,1136,1182,1137,-1,1137,1182,1184,-1,1137,1184,1139,-1,1139,1184,1185,-1,1139,1185,1140,-1,1140,1185,1194,-1,1140,1194,1142,-1,1142,1194,1193,-1,1142,1193,1143,-1,1143,1193,1192,-1,1143,1192,1145,-1,1145,1192,1191,-1,1145,1191,1154,-1,1154,1191,1196,-1,1154,1196,1155,-1,1155,1196,1195,-1,1155,1195,1147,-1,1147,1195,1181,-1,1147,1181,1148,-1,1148,1181,1179,-1,1148,1179,1129,-1,1129,1179,1178,-1,1129,1178,1130,-1,1130,1178,1169,-1,1130,1169,1132,-1,1132,1169,1168,-1,1132,1168,1133,-1,1133,1168,1177,-1,1133,1177,1134,-1,1134,1177,1176,-1,1226,1227,1228,-1,1229,1230,1231,-1,1230,1232,1231,-1,1231,1232,1233,-1,1231,1233,1234,-1,1235,1236,1237,-1,1237,1236,1238,-1,1233,1239,1234,-1,1234,1239,1240,-1,1234,1240,1241,-1,1241,1240,1242,-1,1238,1243,1237,-1,1237,1243,1244,-1,1237,1244,1228,-1,1228,1244,1245,-1,1228,1245,1226,-1,1246,1247,1248,-1,1248,1247,1249,-1,1248,1249,1237,-1,1237,1249,1250,-1,1237,1250,1235,-1,1251,1252,1253,-1,1253,1252,1254,-1,1253,1254,1255,-1,1227,1256,1228,-1,1228,1256,1257,-1,1228,1257,1254,-1,1254,1257,1258,-1,1254,1258,1255,-1,1231,1259,1229,-1,1229,1259,1260,-1,1229,1260,1253,-1,1253,1260,1261,-1,1253,1261,1251,-1,1246,1248,1242,-1,1242,1248,1262,-1,1242,1262,1263,-1,1263,1264,1242,-1,1242,1264,1265,-1,1242,1265,1241,-1,1237,1228,1266,-1,1237,1266,1267,-1,1267,1266,1268,-1,1267,1268,1269,-1,1269,1268,1270,-1,1269,1270,1271,-1,1271,1270,1272,-1,1271,1272,1273,-1,1273,1272,1274,-1,1273,1274,1275,-1,1275,1274,1112,-1,1275,1112,1111,-1,511,67,1276,-1,1276,67,1277,-1,1276,1277,1278,-1,1278,1277,1279,-1,1278,1279,1280,-1,1280,1279,1281,-1,1280,1281,1282,-1,1282,1281,1283,-1,1282,1283,1284,-1,1284,1283,1285,-1,1284,1285,1286,-1,1286,1285,1287,-1,1288,1289,1287,-1,1290,1291,1286,-1,1290,1286,1292,-1,1293,1294,1295,-1,1294,1296,1295,-1,1295,1296,1297,-1,1295,1297,1298,-1,1297,1299,1298,-1,1298,1299,1300,-1,1298,1300,1301,-1,1301,1300,1302,-1,1289,1303,1287,-1,1287,1303,1304,-1,1287,1304,1286,-1,1286,1304,1305,-1,1286,1305,1292,-1,1306,1307,1308,-1,1308,1307,1286,-1,1308,1286,1309,-1,1309,1286,1291,-1,1310,1311,1312,-1,1312,1313,1310,-1,1310,1313,1314,-1,1310,1314,1302,-1,1302,1314,1315,-1,1302,1315,1301,-1,1310,1316,1311,-1,1311,1316,1317,-1,1311,1317,1287,-1,1287,1317,1318,-1,1287,1318,1288,-1,1295,1319,1293,-1,1293,1319,1320,-1,1293,1320,1321,-1,1306,1322,1307,-1,1307,1322,1323,-1,1307,1323,1324,-1,1324,1323,1293,-1,1324,1293,1325,-1,1325,1293,1321,-1,1295,1298,1234,-1,1234,1298,1231,-1,1307,1248,1286,-1,1286,1248,1237,-1,1286,1237,1284,-1,1284,1237,1267,-1,1284,1267,1282,-1,1282,1267,1269,-1,1282,1269,1280,-1,1280,1269,1271,-1,1280,1271,1278,-1,1278,1271,1273,-1,1278,1273,1276,-1,1276,1273,1275,-1,1276,1275,511,-1,511,1275,1111,-1,511,1111,259,-1,259,1111,1113,-1,66,1114,67,-1,67,1114,1112,-1,67,1112,1277,-1,1277,1112,1274,-1,1277,1274,1279,-1,1279,1274,1272,-1,1279,1272,1281,-1,1281,1272,1270,-1,1281,1270,1283,-1,1283,1270,1268,-1,1283,1268,1285,-1,1285,1268,1266,-1,1285,1266,1287,-1,1287,1266,1228,-1,1287,1228,1311,-1,1311,1228,1254,-1,1233,1297,1239,-1,1239,1297,1296,-1,1239,1296,1240,-1,1240,1296,1294,-1,1240,1294,1242,-1,1242,1294,1293,-1,1242,1293,1246,-1,1246,1293,1323,-1,1246,1323,1247,-1,1247,1323,1322,-1,1247,1322,1249,-1,1249,1322,1306,-1,1249,1306,1250,-1,1250,1306,1308,-1,1250,1308,1235,-1,1235,1308,1309,-1,1235,1309,1236,-1,1236,1309,1291,-1,1236,1291,1238,-1,1238,1291,1290,-1,1238,1290,1243,-1,1243,1290,1292,-1,1243,1292,1244,-1,1244,1292,1305,-1,1244,1305,1245,-1,1245,1305,1304,-1,1245,1304,1226,-1,1226,1304,1303,-1,1226,1303,1227,-1,1227,1303,1289,-1,1227,1289,1256,-1,1256,1289,1288,-1,1256,1288,1257,-1,1257,1288,1318,-1,1257,1318,1258,-1,1258,1318,1317,-1,1258,1317,1255,-1,1255,1317,1316,-1,1255,1316,1253,-1,1253,1316,1310,-1,1253,1310,1229,-1,1229,1310,1302,-1,1229,1302,1230,-1,1230,1302,1300,-1,1230,1300,1232,-1,1232,1300,1299,-1,1232,1299,1233,-1,1233,1299,1297,-1,579,953,952,-1,579,952,644,-1,644,952,943,-1,644,943,645,-1,645,943,942,-1,645,942,603,-1,603,942,944,-1,603,944,604,-1,648,930,951,-1,648,951,671,-1,671,951,950,-1,671,950,672,-1,672,950,949,-1,672,949,673,-1,673,949,929,-1,673,929,610,-1,668,935,937,-1,668,937,661,-1,661,937,938,-1,661,938,662,-1,662,938,925,-1,662,925,669,-1,669,925,924,-1,669,924,670,-1,663,941,940,-1,663,940,664,-1,664,940,927,-1,664,927,674,-1,674,927,926,-1,674,926,675,-1,675,926,939,-1,675,939,654,-1,772,827,1326,-1,772,1326,774,-1,1327,772,837,-1,837,772,770,-1,1327,1328,772,-1,772,1328,1329,-1,772,1329,827,-1,770,1330,837,-1,837,1330,1331,-1,837,1331,921,-1,1326,818,774,-1,774,818,817,-1,774,817,776,-1,776,817,816,-1,776,816,778,-1,778,816,815,-1,778,815,780,-1,780,815,787,-1,780,787,782,-1,1332,876,880,-1,1332,880,722,-1,722,880,724,-1,724,880,1333,-1,724,1333,764,-1,764,762,724,-1,724,762,760,-1,724,760,726,-1,726,760,758,-1,726,758,728,-1,728,758,756,-1,728,756,730,-1,730,756,754,-1,730,754,732,-1,732,754,743,-1,732,743,734,-1,1334,694,1335,-1,1335,694,1336,-1,1335,1336,874,-1,874,1336,1337,-1,874,1337,680,-1,1334,703,694,-1,694,703,705,-1,694,705,1338,-1,1338,705,685,-1,557,556,715,-1,715,556,555,-1,705,707,685,-1,685,707,708,-1,685,708,700,-1,700,708,713,-1,700,713,701,-1,701,713,715,-1,701,715,702,-1,702,715,555,-1,555,554,702,-1,702,554,553,-1,702,553,552,-1,552,551,702,-1,702,551,550,-1,702,550,549,-1,549,548,702,-1,702,548,547,-1,702,547,546,-1,768,1339,1340,-1,1340,1339,832,-1,832,1339,1341,-1,832,1341,1342,-1,841,641,573,-1,768,1340,573,-1,573,1340,1343,-1,573,1343,841,-1,771,773,835,-1,1342,769,832,-1,832,769,771,-1,832,771,1344,-1,1344,771,835,-1,775,777,820,-1,820,1345,775,-1,775,1345,1346,-1,775,1346,773,-1,773,1346,1347,-1,773,1347,835,-1,779,781,814,-1,814,823,779,-1,779,823,822,-1,779,822,777,-1,777,822,821,-1,777,821,820,-1,718,1348,1349,-1,1349,1348,1350,-1,1351,761,1348,-1,1348,761,763,-1,1348,763,1350,-1,718,1349,569,-1,569,1349,765,-1,569,765,575,-1,1351,721,761,-1,761,721,723,-1,761,723,759,-1,759,723,725,-1,759,725,757,-1,757,725,727,-1,757,727,755,-1,755,727,729,-1,755,729,753,-1,753,729,731,-1,753,731,752,-1,752,731,733,-1,1352,578,1353,-1,1353,578,683,-1,1353,683,1354,-1,1352,1355,578,-1,578,1355,720,-1,578,720,600,-1,1354,1356,1353,-1,1353,1356,1357,-1,1353,1357,1358,-1,1358,1357,677,-1,1358,677,704,-1,704,677,706,-1,677,1359,706,-1,706,1359,697,-1,706,697,711,-1,711,697,1360,-1,1360,693,711,-1,711,693,1361,-1,711,1361,712,-1,1361,689,712,-1,712,689,688,-1,712,688,714,-1,714,688,687,-1,714,687,716,-1,716,687,686,-1,716,686,710,-1,1188,1150,1164,-1,1188,1164,1199,-1,1199,1164,1165,-1,1199,1165,1200,-1,1200,1165,1158,-1,1200,1158,1204,-1,1204,1158,1157,-1,1204,1157,1205,-1,1205,1157,1156,-1,1205,1156,1183,-1,1183,1156,1138,-1,1183,1138,1166,-1,1086,803,1076,-1,1076,803,793,-1,1076,793,1078,-1,1078,793,806,-1,1078,806,1079,-1,1079,806,807,-1,1079,807,1083,-1,1083,807,785,-1,1083,785,1092,-1,1092,785,786,-1,1092,786,1093,-1,1093,786,790,-1,1094,789,800,-1,1094,800,1097,-1,1097,800,799,-1,1097,799,1098,-1,1098,799,797,-1,1098,797,1099,-1,1099,797,796,-1,1099,796,1096,-1,1096,796,798,-1,1096,798,1095,-1,1095,798,788,-1,1095,788,813,-1,560,562,1091,-1,560,1091,808,-1,808,1091,1090,-1,808,1090,809,-1,809,1090,1088,-1,809,1088,810,-1,810,1088,1087,-1,810,1087,811,-1,811,1087,1089,-1,811,1089,812,-1,812,1089,783,-1,812,783,784,-1,804,1080,805,-1,805,1080,1085,-1,805,1085,791,-1,791,1085,1075,-1,791,1075,792,-1,792,1075,1077,-1,792,1077,794,-1,794,1077,1084,-1,794,1084,795,-1,795,1084,1074,-1,795,1074,561,-1,561,1074,563,-1,1146,1180,1197,-1,1146,1197,1153,-1,1153,1197,1198,-1,1153,1198,1159,-1,1159,1198,1203,-1,1159,1203,1160,-1,1160,1203,1202,-1,1160,1202,1161,-1,1161,1202,1201,-1,1161,1201,1144,-1,1144,1201,1167,-1,1144,1167,1141,-1,1062,739,750,-1,1062,750,1069,-1,1069,750,749,-1,1069,749,1070,-1,1070,749,748,-1,1070,748,1071,-1,1071,748,746,-1,1071,746,1072,-1,1072,746,745,-1,1072,745,1073,-1,1073,745,744,-1,1073,744,751,-1,735,736,737,-1,735,737,1065,-1,1065,737,742,-1,1065,742,1064,-1,1064,742,741,-1,1064,741,1066,-1,1066,741,740,-1,1066,740,1067,-1,1067,740,747,-1,1067,747,1068,-1,1068,747,738,-1,1068,738,1063,-1,266,558,1120,-1,266,1120,267,-1,267,1120,1119,-1,267,1119,268,-1,268,1119,1118,-1,268,1118,269,-1,269,1118,1117,-1,269,1117,270,-1,270,1117,1116,-1,270,1116,271,-1,271,1116,699,-1,271,699,9,-1,559,265,1100,-1,1100,265,264,-1,1100,264,1101,-1,1101,264,263,-1,1101,263,1110,-1,1110,263,262,-1,1110,262,1102,-1,1102,262,261,-1,1102,261,1103,-1,1103,261,260,-1,1103,260,1113,-1,1113,260,259,-1,69,1108,73,-1,73,1108,1107,-1,73,1107,74,-1,74,1107,1106,-1,74,1106,61,-1,61,1106,1105,-1,61,1105,62,-1,62,1105,1104,-1,62,1104,64,-1,64,1104,1115,-1,64,1115,66,-1,66,1115,1114,-1,1109,6,274,-1,1109,274,1123,-1,1123,274,273,-1,1123,273,1122,-1,1122,273,272,-1,1122,272,1121,-1,1121,272,277,-1,1121,277,1124,-1,1124,277,276,-1,1124,276,1125,-1,1125,276,275,-1,1125,275,709,-1,1248,1307,1324,-1,1248,1324,1262,-1,1262,1324,1325,-1,1262,1325,1263,-1,1263,1325,1321,-1,1263,1321,1264,-1,1264,1321,1320,-1,1264,1320,1265,-1,1265,1320,1319,-1,1265,1319,1241,-1,1241,1319,1295,-1,1241,1295,1234,-1,1311,1254,1252,-1,1311,1252,1312,-1,1312,1252,1251,-1,1312,1251,1313,-1,1313,1251,1261,-1,1313,1261,1314,-1,1314,1261,1260,-1,1314,1260,1315,-1,1315,1260,1259,-1,1315,1259,1301,-1,1301,1259,1231,-1,1301,1231,1298,-1,704,703,1358,-1,1358,703,1334,-1,1358,1334,1353,-1,1353,1334,1335,-1,1353,1335,1352,-1,1352,1335,874,-1,1352,874,1355,-1,874,873,1355,-1,1355,873,719,-1,1355,719,720,-1,721,1351,722,-1,722,1351,1332,-1,1332,1351,876,-1,876,1351,1348,-1,876,1348,891,-1,891,1348,718,-1,891,718,717,-1,880,1349,1350,-1,880,1350,1333,-1,1333,1350,763,-1,1333,763,764,-1,880,917,1349,-1,1349,917,766,-1,1349,766,765,-1,770,769,1342,-1,770,1342,1330,-1,1330,1342,1341,-1,1330,1341,1331,-1,1331,1341,921,-1,921,1341,1339,-1,921,1339,920,-1,920,1339,768,-1,920,768,767,-1,
        ]
    }
}
Shape{
    appearance Appearance {
        material  Material 	{
            diffuseColor 0.0 0.0 0.0
            specularColor 0.0 0.0 0.0
            ambientIntensity 0.0
            transparency 0.0
            shininess 0.5
        }
    }
    geometry IndexedFaceSet {
        ccw TRUE
        solid FALSE
        coord DEF co Coordinate {
            point [
                3.3272 0.9876 0.8998, 3.3272 0.9876 0.8861, 3.3268 0.9876 0.8998, 3.3268 0.9876 0.8861, 3.3272 0.9398 0.8998, 3.3268 0.9398 0.8998, 3.3272 0.9398 1.0062, 3.3268 0.9398 1.0062, 3.3272 0.9243 1.0062, 3.3268 0.9243 1.0062, 3.3272 0.9243 0.8861, 3.3268 0.9243 0.8861, 3.3272 1.0492 0.8841, 3.3268 1.0492 0.8841, 3.3268 1.0675 0.8859, 3.3272 1.0675 0.8859, 3.3268 1.0804 0.8901, 3.3272 1.0804 0.8901, 3.3268 1.0824 0.8911, 3.3272 1.0824 0.8911, 3.3272 1.0824 0.906, 3.3268 1.0824 0.906, 3.3268 1.0706 0.9007, 3.3272 1.0706 0.9007, 3.3268 1.057 0.8981, 3.3272 1.057 0.8981, 3.3268 1.0514 0.8979, 3.3272 1.0514 0.8979, 3.3268 1.0402 0.8992, 3.3272 1.0402 0.8992, 3.3268 1.0315 0.9023, 3.3272 1.0315 0.9023, 3.3268 1.0235 0.9077, 3.3272 1.0235 0.9077, 3.3268 1.0206 0.9106, 3.3272 1.0206 0.9106, 3.3268 1.0145 0.9192, 3.3272 1.0145 0.9192, 3.3268 1.0107 0.929, 3.3272 1.0107 0.929, 3.3268 1.0088 0.9437, 3.3272 1.0088 0.9437, 3.3268 1.0088 0.9448, 3.3272 1.0088 0.9448, 3.3268 1.0104 0.96, 3.3272 1.0104 0.96, 3.3268 1.0143 0.9707, 3.3272 1.0143 0.9707, 3.3268 1.0199 0.9792, 3.3272 1.0199 0.9792, 3.3268 1.0214 0.9809, 3.3272 1.0214 0.9809, 3.3268 1.0291 0.9874, 3.3272 1.0291 0.9874, 3.3268 1.0384 0.9919, 3.3272 1.0384 0.9919, 3.3268 1.0488 0.994, 3.3272 1.0488 0.994, 3.3268 1.0541 0.9943, 3.3272 1.0541 0.9943, 3.3268 1.0684 0.9926, 3.3272 1.0684 0.9926, 3.3268 1.0807 0.9881, 3.3272 1.0807 0.9881, 3.3268 1.0824 0.9871, 3.3272 1.0824 0.9871, 3.3272 1.0824 1.0033, 3.3268 1.0824 1.0033, 3.3268 1.054 1.0083, 3.3272 1.054 1.0083, 3.3272 1.0551 1.0083, 3.3268 1.0706 1.0069, 3.3272 1.0706 1.0069, 3.3268 1.0663 1.0072, 3.3268 1.0551 1.0083, 3.3272 1.0385 1.0066, 3.3268 1.0445 1.0072, 3.3268 1.0385 1.0066, 3.3268 1.0257 1.0021, 3.3272 1.0257 1.0021, 3.3268 1.0137 0.9942, 3.3272 1.0137 0.9942, 3.3268 1.0099 0.9906, 3.3272 1.0099 0.9906, 3.3268 1.0014 0.9797, 3.3272 1.0014 0.9797, 3.3268 0.9979 0.9716, 3.3272 0.9956 0.9664, 3.3268 0.9956 0.9664, 3.3268 0.9928 0.9509, 3.3272 0.9928 0.9509, 3.3268 0.9925 0.9439, 3.3272 0.9925 0.9439, 3.3268 0.9942 0.9273, 3.3272 0.9942 0.9273, 3.3268 0.9979 0.9163, 3.3272 0.9986 0.9141, 3.3268 0.9986 0.9141, 3.3268 1.0053 0.9035, 3.3272 1.0053 0.9035, 3.3268 1.0079 0.9005, 3.3272 1.0079 0.9005, 3.3268 1.0178 0.8923, 3.3272 1.0178 0.8923, 3.3268 1.0292 0.887, 3.3272 1.0292 0.887, 3.3268 1.0423 0.8844, 3.3272 1.0423 0.8844, 3.3272 1.1711 0.8998, 3.3272 1.1711 0.8861, 3.3268 1.1711 0.8998, 3.3268 1.1711 0.8861, 3.3268 1.122 0.8998, 3.3272 1.122 0.8998, 3.3268 1.1544 0.8998, 3.3272 1.122 0.9402, 3.3268 1.122 0.9402, 3.3268 1.1649 0.9402, 3.3272 1.1649 0.9402, 3.3268 1.1544 0.9402, 3.3272 1.1649 0.954, 3.3268 1.1649 0.954, 3.3268 1.122 0.954, 3.3272 1.122 0.954, 3.3268 1.1544 0.954, 3.3272 1.122 0.9924, 3.3268 1.122 0.9924, 3.3268 1.1683 0.9924, 3.3272 1.1683 0.9924, 3.3268 1.1544 0.9924, 3.3272 1.1683 1.0062, 3.3268 1.1683 1.0062, 3.3268 1.1065 1.0062, 3.3272 1.1065 1.0062, 3.3268 1.1544 1.0062, 3.3272 1.1065 0.8861, 3.3268 1.1065 0.8861, 3.3268 1.1544 0.8861, 3.3272 1.2749 0.9405, 3.3272 1.2911 0.9397, 3.3272 1.2752 0.9473, 3.3272 1.2915 0.9477, 3.3272 1.2736 0.9618, 3.3272 1.2899 0.9628, 3.3272 1.2703 0.9707, 3.3272 1.2857 0.9745, 3.3272 1.2657 0.9775, 3.3272 1.2785 0.9853, 3.3272 1.2621 0.9811, 3.3272 1.2734 0.9903, 3.3272 1.2528 0.9872, 3.3272 1.2617 0.9984, 3.3272 1.2423 0.9908, 3.3272 1.2474 1.004, 3.3272 1.2274 0.9924, 3.3272 1.228 1.0062, 3.3272 1.2093 0.9924, 3.3272 1.1938 1.0062, 3.3272 1.2093 0.8998, 3.3272 1.1938 0.8861, 3.3272 1.2267 0.8998, 3.3272 1.2268 0.8861, 3.3272 1.242 0.9015, 3.3272 1.2468 0.8885, 3.3272 1.2523 0.9051, 3.3272 1.2606 0.8938, 3.3272 1.2602 0.9104, 3.3272 1.2722 0.9018, 3.3272 1.2624 0.9123, 3.3272 1.2734 0.903, 3.3272 1.2687 0.9203, 3.3272 1.2822 0.9133, 3.3272 1.2727 0.9293, 3.3272 1.2882 0.9257, 3.3268 1.2268 0.8861, 3.3268 1.1938 0.8861, 3.3268 1.2468 0.8885, 3.3268 1.2488 0.8893, 3.3268 1.2606 0.8938, 3.3268 1.2722 0.9018, 3.3268 1.2734 0.903, 3.3268 1.2822 0.9133, 3.3268 1.2882 0.9257, 3.3268 1.2911 0.9397, 3.3268 1.2915 0.9477, 3.3268 1.2899 0.9628, 3.3268 1.2857 0.9745, 3.3268 1.2785 0.9853, 3.3268 1.2734 0.9903, 3.3268 1.228 1.0062, 3.3268 1.2617 0.9984, 3.3268 1.2488 1.0034, 3.3268 1.2474 1.004, 3.3268 1.1938 1.0062, 3.3268 1.2274 0.9924, 3.3268 1.2093 0.9924, 3.3268 1.2093 0.8998, 3.3268 1.2267 0.8998, 3.3268 1.2624 0.9123, 3.3268 1.2602 0.9104, 3.3268 1.2523 0.9051, 3.3268 1.242 0.9015, 3.3268 1.2752 0.9473, 3.3268 1.2749 0.9405, 3.3268 1.2727 0.9293, 3.3268 1.2687 0.9203, 3.3268 1.2621 0.9811, 3.3268 1.2657 0.9775, 3.3268 1.2703 0.9707, 3.3268 1.2736 0.9618, 3.3268 1.2423 0.9908, 3.3268 1.2528 0.9872
            ]
        }
        coordIndex [
            0,1,2,-1,2,1,3,-1,4,0,5,-1,5,0,2,-1,6,4,7,-1,7,4,5,-1,8,6,9,-1,9,6,7,-1,10,8,11,-1,11,8,9,-1,1,10,3,-1,3,10,11,-1,6,8,4,-1,4,8,10,-1,4,10,0,-1,0,10,1,-1,12,13,14,-1,12,14,15,-1,15,14,16,-1,15,16,17,-1,17,16,18,-1,17,18,19,-1,20,19,21,-1,21,19,18,-1,20,21,22,-1,20,22,23,-1,23,22,24,-1,23,24,25,-1,25,24,26,-1,25,26,27,-1,27,26,28,-1,27,28,29,-1,29,28,30,-1,29,30,31,-1,31,30,32,-1,31,32,33,-1,33,32,34,-1,33,34,35,-1,35,34,36,-1,35,36,37,-1,37,36,38,-1,37,38,39,-1,39,38,40,-1,39,40,41,-1,41,40,42,-1,41,42,43,-1,43,42,44,-1,43,44,45,-1,45,44,46,-1,45,46,47,-1,47,46,48,-1,47,48,49,-1,49,48,50,-1,49,50,51,-1,51,50,52,-1,51,52,53,-1,53,52,54,-1,53,54,55,-1,55,54,56,-1,55,56,57,-1,57,56,58,-1,57,58,59,-1,59,58,60,-1,59,60,61,-1,61,60,62,-1,61,62,63,-1,63,62,64,-1,63,64,65,-1,66,65,67,-1,67,65,64,-1,68,69,70,-1,66,67,71,-1,66,71,72,-1,72,71,73,-1,72,73,70,-1,70,73,74,-1,70,74,68,-1,75,69,76,-1,76,69,68,-1,76,77,75,-1,75,77,78,-1,75,78,79,-1,79,78,80,-1,79,80,81,-1,81,80,82,-1,81,82,83,-1,83,82,84,-1,83,84,85,-1,85,84,86,-1,85,86,87,-1,86,88,87,-1,87,88,89,-1,87,89,90,-1,90,89,91,-1,90,91,92,-1,92,91,93,-1,92,93,94,-1,94,93,95,-1,94,95,96,-1,95,97,96,-1,96,97,98,-1,96,98,99,-1,99,98,100,-1,99,100,101,-1,101,100,102,-1,101,102,103,-1,103,102,104,-1,103,104,105,-1,105,104,106,-1,105,106,107,-1,107,106,13,-1,107,13,12,-1,63,65,66,-1,37,39,94,-1,45,47,85,-1,94,39,92,-1,85,47,83,-1,63,66,61,-1,61,66,72,-1,61,72,59,-1,59,72,70,-1,59,70,57,-1,57,70,69,-1,57,69,55,-1,55,69,75,-1,55,75,53,-1,75,79,53,-1,53,79,81,-1,53,81,51,-1,51,81,83,-1,51,83,49,-1,49,83,47,-1,94,96,37,-1,37,96,99,-1,37,99,35,-1,35,99,101,-1,35,101,33,-1,33,101,103,-1,33,103,31,-1,31,103,105,-1,31,105,29,-1,29,105,107,-1,29,107,27,-1,27,107,12,-1,27,12,25,-1,25,12,15,-1,25,15,23,-1,23,15,17,-1,23,17,20,-1,20,17,19,-1,39,41,92,-1,92,41,43,-1,92,43,90,-1,90,43,45,-1,90,45,87,-1,87,45,85,-1,108,109,110,-1,110,109,111,-1,112,113,114,-1,114,113,108,-1,114,108,110,-1,115,113,116,-1,116,113,112,-1,117,118,119,-1,119,118,115,-1,119,115,116,-1,120,118,121,-1,121,118,117,-1,122,123,124,-1,124,123,120,-1,124,120,121,-1,125,123,126,-1,126,123,122,-1,127,128,129,-1,129,128,125,-1,129,125,126,-1,130,128,131,-1,131,128,127,-1,132,133,134,-1,134,133,130,-1,134,130,131,-1,135,133,136,-1,136,133,132,-1,111,109,137,-1,137,109,135,-1,137,135,136,-1,135,109,108,-1,108,113,135,-1,135,113,115,-1,135,115,133,-1,128,130,125,-1,125,130,133,-1,125,133,123,-1,123,133,115,-1,123,115,120,-1,120,115,118,-1,138,139,140,-1,140,139,141,-1,140,141,142,-1,142,141,143,-1,142,143,144,-1,144,143,145,-1,144,145,146,-1,146,145,147,-1,146,147,148,-1,148,147,149,-1,148,149,150,-1,150,149,151,-1,150,151,152,-1,152,151,153,-1,152,153,154,-1,154,153,155,-1,154,155,156,-1,156,155,157,-1,156,157,158,-1,158,157,159,-1,158,159,160,-1,160,159,161,-1,160,161,162,-1,162,161,163,-1,162,163,164,-1,164,163,165,-1,164,165,166,-1,166,165,167,-1,166,167,168,-1,168,167,169,-1,168,169,170,-1,170,169,171,-1,170,171,172,-1,172,171,173,-1,172,173,138,-1,138,173,139,-1,161,159,174,-1,174,159,175,-1,161,174,176,-1,161,176,163,-1,163,176,177,-1,163,177,165,-1,177,178,165,-1,165,178,179,-1,165,179,167,-1,167,179,180,-1,167,180,169,-1,169,180,181,-1,169,181,171,-1,171,181,182,-1,171,182,173,-1,173,182,183,-1,173,183,139,-1,139,183,184,-1,139,184,141,-1,141,184,185,-1,141,185,143,-1,143,185,186,-1,143,186,145,-1,145,186,187,-1,145,187,147,-1,147,187,188,-1,147,188,149,-1,189,155,153,-1,149,188,190,-1,149,190,151,-1,151,190,191,-1,151,191,153,-1,153,191,192,-1,153,192,189,-1,157,155,193,-1,193,155,189,-1,159,157,175,-1,175,157,193,-1,154,156,194,-1,194,156,195,-1,156,158,195,-1,195,158,196,-1,158,160,196,-1,196,160,197,-1,168,198,199,-1,168,199,166,-1,166,199,200,-1,166,200,164,-1,164,200,201,-1,164,201,162,-1,162,201,197,-1,162,197,160,-1,140,202,203,-1,140,203,138,-1,138,203,204,-1,138,204,172,-1,172,204,205,-1,172,205,170,-1,170,205,198,-1,170,198,168,-1,148,206,207,-1,148,207,146,-1,146,207,208,-1,146,208,144,-1,144,208,209,-1,144,209,142,-1,142,209,202,-1,142,202,140,-1,154,194,210,-1,154,210,152,-1,152,210,211,-1,152,211,150,-1,150,211,206,-1,150,206,148,-1,
        ]
    }
}
Shape{
    appearance Appearance {
        material  Material 	{
            diffuseColor 0.6470588235294118 0.6196078431372549 0.5882352941176471
            specularColor 0.45098039215686275 0.43529411764705883 0.4117647058823529
            ambientIntensity 0.6242
            transparency 0.0
            shininess 0.5
        }
    }
    geometry IndexedFaceSet {
        ccw TRUE
        solid FALSE
        coord DEF co Coordinate {
            point [
                3.3268 1.2093 0.9924, 3.3268 1.2093 0.8998, 3.3268 1.2274 0.9924, 3.3268 1.2267 0.8998, 3.3268 1.242 0.9015, 3.3268 1.2523 0.9051, 3.3268 1.2602 0.9104, 3.3268 1.2624 0.9123, 3.3268 1.2687 0.9203, 3.3268 1.2727 0.9293, 3.3268 1.2749 0.9405, 3.3268 1.2752 0.9473, 3.3268 1.2736 0.9618, 3.3268 1.2703 0.9707, 3.3268 1.2657 0.9775, 3.3268 1.2621 0.9811, 3.3268 1.2423 0.9908, 3.3268 1.2528 0.9872
            ]
        }
        coordIndex [
            0,1,2,-1,2,1,3,-1,2,3,4,-1,4,5,2,-1,2,5,6,-1,2,6,7,-1,7,8,2,-1,2,8,9,-1,2,9,10,-1,10,11,2,-1,2,11,12,-1,2,12,13,-1,13,14,2,-1,2,14,15,-1,2,15,16,-1,16,15,17,-1,
        ]
    }
}
Shape{
    appearance Appearance {
        material  Material 	{
            diffuseColor 0.0 0.0 0.0
            specularColor 0.0 0.0 0.0
            ambientIntensity 0.0
            transparency 0.0
            shininess 0.5
        }
    }
    geometry IndexedFaceSet {
        ccw TRUE
        solid FALSE
        coord DEF co Coordinate {
            point [
                3.3272 1.3318 0.9326, 3.3272 1.3269 0.919, 3.3272 1.3721 0.9326, 3.3272 1.3769 0.919, 3.3272 1.3497 0.9825, 3.3272 1.3439 1.0062, 3.3272 1.2982 0.8861, 3.3272 1.3153 0.8861, 3.3272 1.3508 0.9861, 3.3272 1.3517 0.9909, 3.3272 1.3605 1.0062, 3.3272 1.3521 0.9909, 3.3272 1.3531 0.9858, 3.3272 1.354 0.9825, 3.3272 1.4063 0.8861, 3.3272 1.3891 0.8861, 3.3268 1.3605 1.0062, 3.3268 1.4063 0.8861, 3.3268 1.3439 1.0062, 3.3268 1.2982 0.8861, 3.3268 1.3328 0.977, 3.3268 1.3153 0.8861, 3.3268 1.3269 0.919, 3.3268 1.3769 0.919, 3.3268 1.3328 0.919, 3.3268 1.3891 0.8861, 3.3268 1.3318 0.9326, 3.3268 1.3721 0.9326, 3.3268 1.354 0.9825, 3.3268 1.3521 0.9909, 3.3268 1.3531 0.9858, 3.3268 1.3517 0.9909, 3.3268 1.3497 0.9825, 3.3268 1.3508 0.9861
            ]
        }
        coordIndex [
            0,1,2,-1,2,1,3,-1,4,5,0,-1,0,5,6,-1,0,6,1,-1,1,6,7,-1,4,8,5,-1,5,8,9,-1,5,9,10,-1,10,9,11,-1,10,11,12,-1,12,13,10,-1,10,13,2,-1,10,2,14,-1,14,2,3,-1,14,3,15,-1,10,14,16,-1,16,14,17,-1,5,10,18,-1,18,10,16,-1,19,6,20,-1,20,6,5,-1,20,5,18,-1,7,6,21,-1,21,6,19,-1,1,7,22,-1,22,7,21,-1,23,3,24,-1,24,3,1,-1,24,1,22,-1,15,3,25,-1,25,3,23,-1,14,15,17,-1,17,15,25,-1,0,2,26,-1,26,2,27,-1,2,13,27,-1,27,13,28,-1,11,29,30,-1,11,30,12,-1,12,30,28,-1,12,28,13,-1,11,9,29,-1,29,9,31,-1,4,32,33,-1,4,33,8,-1,8,33,31,-1,8,31,9,-1,4,0,32,-1,32,0,26,-1,
        ]
    }
}
Shape{
    appearance Appearance {
        material  Material 	{
            diffuseColor 0.6470588235294118 0.6196078431372549 0.5882352941176471
            specularColor 0.45098039215686275 0.43529411764705883 0.4117647058823529
            ambientIntensity 0.6242
            transparency 0.0
            shininess 0.5
        }
    }
    geometry IndexedFaceSet {
        ccw TRUE
        solid FALSE
        coord DEF co Coordinate {
            point [
                3.3268 1.3521 0.9909, 3.3268 1.3517 0.9909, 3.3268 1.3531 0.9858, 3.3268 1.3508 0.9861, 3.3268 1.354 0.9825, 3.3268 1.3497 0.9825, 3.3268 1.3721 0.9326, 3.3268 1.3318 0.9326
            ]
        }
        coordIndex [
            0,1,2,-1,2,1,3,-1,2,3,4,-1,4,3,5,-1,4,5,6,-1,6,5,7,-1,
        ]
    }
}
Shape{
    appearance Appearance {
        material  Material 	{
            diffuseColor 0.0 0.0 0.0
            specularColor 0.0 0.0 0.0
            ambientIntensity 0.0
            transparency 0.0
            shininess 0.5
        }
    }
    geometry IndexedFaceSet {
        ccw TRUE
        solid FALSE
        coord DEF co Coordinate {
            point [
                3.3272 0.9889 0.7093, 3.3272 0.9889 0.6956, 3.3268 0.9889 0.7093, 3.3268 0.9889 0.6956, 3.3272 0.9398 0.7093, 3.3268 0.9398 0.7093, 3.3272 0.9398 0.7497, 3.3268 0.9398 0.7497, 3.3272 0.9827 0.7497, 3.3268 0.9827 0.7497, 3.3272 0.9827 0.7634, 3.3268 0.9827 0.7634, 3.3272 0.9398 0.7634, 3.3268 0.9398 0.7634, 3.3272 0.9398 0.8019, 3.3268 0.9398 0.8019, 3.3272 0.9861 0.8019, 3.3268 0.9861 0.8019, 3.3272 0.9861 0.8157, 3.3268 0.9861 0.8157, 3.3272 0.9243 0.8157, 3.3268 0.9243 0.8157, 3.3272 0.9243 0.6956, 3.3268 0.9243 0.6956, 3.3272 1.0204 0.7438, 3.3272 1.0247 0.7323, 3.3272 1.0285 0.734, 3.3272 1.0567 0.7089, 3.3272 1.0571 0.7089, 3.3272 1.0561 0.7227, 3.3272 1.0571 0.7294, 3.3272 1.0722 0.7508, 3.3272 1.0571 0.7304, 3.3272 1.0571 0.7386, 3.3272 1.0571 0.6956, 3.3272 1.0722 0.6956, 3.3272 1.0317 0.7466, 3.3272 1.0371 0.7359, 3.3272 1.0571 0.7501, 3.3272 1.0566 0.7568, 3.3272 1.071 0.7623, 3.3272 1.0551 0.7621, 3.3272 1.0686 0.7691, 3.3272 1.0533 0.7652, 3.3272 1.0655 0.774, 3.3272 1.051 0.7676, 3.3272 1.0615 0.7778, 3.3272 1.0483 0.7694, 3.3272 1.0565 0.7806, 3.3272 1.0449 0.7706, 3.3272 1.0501 0.7825, 3.3272 1.0398 0.7711, 3.3272 1.0412 0.7833, 3.3272 1.0307 0.7702, 3.3272 1.0267 0.7817, 3.3272 1.0213 0.7669, 3.3272 1.0154 0.7775, 3.3272 1.0116 0.7607, 3.3272 1.0116 0.7754, 3.3272 1.0539 0.7173, 3.3272 1.0507 0.7129, 3.3272 1.0544 0.7053, 3.3272 1.0488 0.7111, 3.3272 1.0496 0.7002, 3.3272 1.0445 0.7082, 3.3272 1.0443 0.6966, 3.3272 1.04 0.7065, 3.3272 1.0382 0.6944, 3.3272 1.0344 0.7059, 3.3272 1.0305 0.6936, 3.3272 1.0293 0.7065, 3.3272 1.0215 0.6946, 3.3272 1.0259 0.7077, 3.3272 1.0157 0.6968, 3.3272 1.0229 0.7098, 3.3272 1.0106 0.7003, 3.3272 1.0216 0.7111, 3.3272 1.0225 0.7307, 3.3272 1.0139 0.7405, 3.3272 1.0207 0.7284, 3.3272 1.0093 0.7365, 3.3272 1.0194 0.7256, 3.3272 1.0063 0.7322, 3.3272 1.0186 0.7222, 3.3272 1.0043 0.7269, 3.3272 1.0033 0.7204, 3.3272 1.0185 0.7198, 3.3272 1.0033 0.7186, 3.3272 1.0189 0.7163, 3.3272 1.004 0.7117, 3.3272 1.0199 0.7136, 3.3272 1.0058 0.7067, 3.3272 1.0089 0.702, 3.3268 1.0412 0.7833, 3.3268 1.0267 0.7817, 3.3268 1.0154 0.7775, 3.3268 1.0116 0.7754, 3.3268 1.0116 0.7607, 3.3268 1.0213 0.7669, 3.3268 1.0307 0.7702, 3.3268 1.0398 0.7711, 3.3268 1.0449 0.7706, 3.3268 1.0483 0.7694, 3.3268 1.051 0.7676, 3.3268 1.0533 0.7652, 3.3268 1.0551 0.7621, 3.3268 1.0566 0.7568, 3.3268 1.0571 0.7501, 3.3268 1.0317 0.7466, 3.3268 1.0204 0.7438, 3.3268 1.0139 0.7405, 3.3268 1.0093 0.7365, 3.3268 1.0063 0.7322, 3.3268 1.0043 0.7269, 3.3268 1.0033 0.7204, 3.3268 1.0033 0.7186, 3.3268 1.004 0.7117, 3.3268 1.0058 0.7067, 3.3268 1.0089 0.702, 3.3268 1.0106 0.7003, 3.3268 1.0305 0.6936, 3.3268 1.0217 0.6946, 3.3268 1.0215 0.6946, 3.3268 1.0157 0.6968, 3.3268 1.0382 0.6944, 3.3268 1.0386 0.6946, 3.3268 1.0443 0.6966, 3.3268 1.0496 0.7002, 3.3268 1.0544 0.7053, 3.3268 1.0567 0.7089, 3.3268 1.0571 0.7089, 3.3268 1.0571 0.6956, 3.3268 1.0722 0.6956, 3.3268 1.0722 0.7508, 3.3268 1.071 0.7623, 3.3268 1.0686 0.7691, 3.3268 1.0655 0.774, 3.3268 1.0615 0.7778, 3.3268 1.0565 0.7806, 3.3268 1.0501 0.7825, 3.3268 1.0225 0.7307, 3.3268 1.0247 0.7323, 3.3268 1.0285 0.734, 3.3268 1.0371 0.7359, 3.3268 1.0185 0.7198, 3.3268 1.0186 0.7222, 3.3268 1.0194 0.7256, 3.3268 1.0207 0.7284, 3.3268 1.0229 0.7098, 3.3268 1.0216 0.7111, 3.3268 1.0199 0.7136, 3.3268 1.0189 0.7163, 3.3268 1.0344 0.7059, 3.3268 1.0293 0.7065, 3.3268 1.0259 0.7077, 3.3268 1.0507 0.7129, 3.3268 1.0488 0.7111, 3.3268 1.0445 0.7082, 3.3268 1.04 0.7065, 3.3268 1.0571 0.7304, 3.3268 1.0571 0.7294, 3.3268 1.0561 0.7227, 3.3268 1.0539 0.7173, 3.3268 1.0571 0.7386
            ]
        }
        coordIndex [
            0,1,2,-1,2,1,3,-1,4,0,5,-1,5,0,2,-1,6,4,7,-1,7,4,5,-1,8,6,9,-1,9,6,7,-1,10,8,11,-1,11,8,9,-1,12,10,13,-1,13,10,11,-1,14,12,15,-1,15,12,13,-1,16,14,17,-1,17,14,15,-1,18,16,19,-1,19,16,17,-1,20,18,21,-1,21,18,19,-1,22,20,23,-1,23,20,21,-1,1,22,3,-1,3,22,23,-1,22,1,0,-1,0,4,22,-1,22,4,6,-1,22,6,20,-1,16,18,14,-1,14,18,20,-1,14,20,12,-1,12,20,6,-1,12,6,10,-1,10,6,8,-1,24,25,26,-1,27,28,29,-1,30,31,32,-1,32,31,33,-1,34,35,28,-1,28,35,31,-1,28,31,29,-1,29,31,30,-1,24,26,36,-1,36,26,37,-1,36,37,38,-1,37,33,38,-1,38,33,31,-1,38,31,39,-1,39,31,40,-1,39,40,41,-1,41,40,42,-1,41,42,43,-1,43,42,44,-1,43,44,45,-1,45,44,46,-1,45,46,47,-1,47,46,48,-1,47,48,49,-1,49,48,50,-1,49,50,51,-1,51,50,52,-1,51,52,53,-1,53,52,54,-1,53,54,55,-1,55,54,56,-1,55,56,57,-1,57,56,58,-1,29,59,27,-1,27,59,60,-1,27,60,61,-1,61,60,62,-1,61,62,63,-1,63,62,64,-1,63,64,65,-1,65,64,66,-1,65,66,67,-1,67,66,68,-1,67,68,69,-1,69,68,70,-1,69,70,71,-1,71,70,72,-1,71,72,73,-1,73,72,74,-1,73,74,75,-1,75,74,76,-1,25,24,77,-1,77,24,78,-1,77,78,79,-1,79,78,80,-1,79,80,81,-1,81,80,82,-1,81,82,83,-1,82,84,83,-1,83,84,85,-1,83,85,86,-1,86,85,87,-1,86,87,88,-1,88,87,89,-1,88,89,90,-1,90,89,91,-1,90,91,76,-1,76,91,92,-1,76,92,75,-1,52,93,94,-1,52,94,54,-1,54,94,95,-1,54,95,56,-1,56,95,96,-1,56,96,58,-1,57,58,97,-1,97,58,96,-1,57,97,98,-1,57,98,55,-1,55,98,99,-1,55,99,53,-1,53,99,100,-1,53,100,51,-1,51,100,101,-1,51,101,49,-1,49,101,102,-1,49,102,47,-1,47,102,103,-1,47,103,45,-1,45,103,104,-1,45,104,43,-1,43,104,105,-1,43,105,41,-1,41,105,106,-1,41,106,39,-1,39,106,107,-1,39,107,38,-1,36,38,108,-1,108,38,107,-1,36,108,109,-1,36,109,24,-1,24,109,110,-1,24,110,78,-1,78,110,111,-1,78,111,80,-1,80,111,112,-1,80,112,82,-1,82,112,113,-1,82,113,84,-1,84,113,114,-1,84,114,85,-1,85,114,115,-1,85,115,87,-1,87,115,116,-1,87,116,89,-1,89,116,117,-1,89,117,91,-1,91,117,118,-1,91,118,92,-1,92,118,119,-1,92,119,75,-1,120,69,121,-1,121,69,71,-1,121,71,122,-1,122,71,73,-1,122,73,123,-1,123,73,75,-1,123,75,119,-1,69,120,124,-1,69,124,67,-1,67,124,125,-1,67,125,65,-1,125,126,65,-1,65,126,127,-1,65,127,63,-1,63,127,128,-1,63,128,61,-1,61,128,129,-1,61,129,27,-1,28,27,130,-1,130,27,129,-1,34,28,131,-1,131,28,130,-1,35,34,132,-1,132,34,131,-1,31,35,133,-1,133,35,132,-1,31,133,134,-1,31,134,40,-1,40,134,135,-1,40,135,42,-1,42,135,136,-1,42,136,44,-1,44,136,137,-1,44,137,46,-1,46,137,138,-1,46,138,48,-1,48,138,139,-1,48,139,50,-1,50,139,93,-1,50,93,52,-1,77,140,141,-1,77,141,25,-1,25,141,142,-1,25,142,26,-1,26,142,143,-1,26,143,37,-1,86,144,145,-1,86,145,83,-1,83,145,146,-1,83,146,81,-1,81,146,147,-1,81,147,79,-1,79,147,140,-1,79,140,77,-1,74,148,149,-1,74,149,76,-1,76,149,150,-1,76,150,90,-1,90,150,151,-1,90,151,88,-1,88,151,144,-1,88,144,86,-1,68,152,153,-1,68,153,70,-1,70,153,154,-1,70,154,72,-1,72,154,148,-1,72,148,74,-1,60,155,156,-1,60,156,62,-1,62,156,157,-1,62,157,64,-1,64,157,158,-1,64,158,66,-1,66,158,152,-1,66,152,68,-1,32,159,160,-1,32,160,30,-1,30,160,161,-1,30,161,29,-1,29,161,162,-1,29,162,59,-1,59,162,155,-1,59,155,60,-1,32,33,159,-1,159,33,163,-1,33,37,163,-1,163,37,143,-1,
        ]
    }
}
Shape{
    appearance Appearance {
        material  Material 	{
            diffuseColor 0.6470588235294118 0.6196078431372549 0.5882352941176471
            specularColor 0.45098039215686275 0.43529411764705883 0.4117647058823529
            ambientIntensity 0.6242
            transparency 0.0
            shininess 0.5
        }
    }
    geometry IndexedFaceSet {
        ccw TRUE
        solid FALSE
        coord DEF co Coordinate {
            point [
                3.3268 1.0571 0.7386, 3.3268 1.0371 0.7359, 3.3268 1.0571 0.7304, 3.3268 1.0285 0.734, 3.3268 1.0247 0.7323, 3.3268 1.0225 0.7307, 3.3268 1.0571 0.7294, 3.3268 1.0561 0.7227, 3.3268 1.0207 0.7284, 3.3268 1.0539 0.7173, 3.3268 1.0216 0.7111, 3.3268 1.0229 0.7098, 3.3268 1.0488 0.7111, 3.3268 1.0199 0.7136, 3.3268 1.0445 0.7082, 3.3268 1.04 0.7065, 3.3268 1.0344 0.7059, 3.3268 1.0194 0.7256, 3.3268 1.0186 0.7222, 3.3268 1.0507 0.7129, 3.3268 1.0185 0.7198, 3.3268 1.0189 0.7163, 3.3268 1.0259 0.7077, 3.3268 1.0293 0.7065
            ]
        }
        coordIndex [
            0,1,2,-1,2,1,3,-1,3,4,2,-1,2,4,5,-1,2,5,6,-1,6,5,7,-1,7,5,8,-1,7,8,9,-1,10,11,12,-1,10,12,13,-1,14,12,15,-1,15,12,16,-1,8,17,9,-1,9,17,18,-1,9,18,19,-1,19,18,20,-1,19,20,12,-1,12,20,21,-1,12,21,13,-1,11,22,12,-1,12,22,23,-1,12,23,16,-1,
        ]
    }
}
Shape{
    appearance Appearance {
        material  Material 	{
            diffuseColor 0.0 0.0 0.0
            specularColor 0.0 0.0 0.0
            ambientIntensity 0.0
            transparency 0.0
            shininess 0.5
        }
    }
    geometry IndexedFaceSet {
        ccw TRUE
        solid FALSE
        coord DEF co Coordinate {
            point [
                3.3272 1.1173 0.7059, 3.3268 1.1173 0.7059, 3.3268 1.1079 0.707, 3.3268 1.0995 0.7101, 3.3272 1.0984 0.7105, 3.3272 1.1079 0.707, 3.3268 1.0984 0.7105, 3.3268 1.0926 0.7141, 3.3272 1.0926 0.7141, 3.3272 1.0926 0.6986, 3.3268 1.0926 0.6986, 3.3272 1.1033 0.6948, 3.3268 1.0995 0.6962, 3.3268 1.1158 0.6936, 3.3272 1.1158 0.6936, 3.3268 1.1059 0.6946, 3.3268 1.1033 0.6948, 3.3272 1.1295 0.6952, 3.3268 1.1243 0.6946, 3.3268 1.1295 0.6952, 3.3268 1.1374 0.6983, 3.3272 1.1374 0.6983, 3.3268 1.1408 0.7004, 3.3272 1.1408 0.7004, 3.3268 1.1451 0.7042, 3.3272 1.1451 0.7042, 3.3268 1.1479 0.7081, 3.3272 1.1479 0.7081, 3.3268 1.1498 0.7129, 3.3272 1.1498 0.7129, 3.3268 1.1505 0.7189, 3.3272 1.1505 0.7189, 3.3268 1.1499 0.7245, 3.3272 1.1499 0.7245, 3.3268 1.1483 0.729, 3.3272 1.1483 0.729, 3.3268 1.1455 0.7331, 3.3272 1.1455 0.7331, 3.3268 1.1419 0.7363, 3.3272 1.1419 0.7363, 3.3268 1.1319 0.7419, 3.3272 1.1319 0.7419, 3.3268 1.1261 0.7442, 3.3272 1.1261 0.7442, 3.3268 1.1167 0.7483, 3.3272 1.1167 0.7483, 3.3268 1.1114 0.7516, 3.3272 1.1114 0.7516, 3.3268 1.11 0.7532, 3.3272 1.11 0.7532, 3.3268 1.1089 0.7552, 3.3272 1.1089 0.7552, 3.3268 1.1083 0.7576, 3.3272 1.1083 0.7576, 3.3268 1.1082 0.7596, 3.3272 1.1082 0.7596, 3.3268 1.1084 0.762, 3.3272 1.1084 0.762, 3.3268 1.1092 0.764, 3.3272 1.1092 0.764, 3.3268 1.1105 0.7659, 3.3272 1.1105 0.7659, 3.3268 1.1127 0.7679, 3.3272 1.1127 0.7679, 3.3268 1.1161 0.7697, 3.3272 1.1161 0.7697, 3.3268 1.1201 0.7708, 3.3272 1.1201 0.7708, 3.3268 1.1246 0.7711, 3.3272 1.1246 0.7711, 3.3268 1.1345 0.77, 3.3272 1.1345 0.77, 3.3268 1.1429 0.7669, 3.3272 1.1429 0.7669, 3.3268 1.1464 0.7649, 3.3272 1.1464 0.7649, 3.3272 1.1464 0.7795, 3.3268 1.1464 0.7795, 3.3268 1.1344 0.7828, 3.3272 1.1344 0.7828, 3.3268 1.1261 0.7833, 3.3272 1.1261 0.7833, 3.3268 1.1149 0.7821, 3.3272 1.1149 0.7821, 3.3268 1.1067 0.7792, 3.3272 1.1067 0.7792, 3.3268 1.1023 0.7765, 3.3272 1.1023 0.7765, 3.3272 1.0978 0.7725, 3.3268 1.0995 0.774, 3.3268 1.0978 0.7725, 3.3268 1.095 0.7685, 3.3272 1.095 0.7685, 3.3268 1.0932 0.7636, 3.3272 1.0932 0.7636, 3.3268 1.0927 0.7582, 3.3272 1.0927 0.7582, 3.3268 1.0933 0.7524, 3.3272 1.0933 0.7524, 3.3268 1.095 0.7478, 3.3272 1.095 0.7478, 3.3268 1.0969 0.7447, 3.3272 1.0969 0.7447, 3.3268 1.1154 0.7333, 3.3272 1.1154 0.7333, 3.3272 1.1065 0.7374, 3.3268 1.0994 0.7421, 3.3272 1.0994 0.7421, 3.3268 1.0995 0.742, 3.3268 1.1065 0.7374, 3.3268 1.1253 0.7292, 3.3272 1.1253 0.7292, 3.3268 1.1312 0.7256, 3.3272 1.1312 0.7256, 3.3268 1.1331 0.7237, 3.3272 1.1331 0.7237, 3.3268 1.1342 0.7217, 3.3272 1.1342 0.7217, 3.3268 1.1349 0.7193, 3.3272 1.1349 0.7193, 3.3268 1.1351 0.7175, 3.3272 1.1351 0.7175, 3.3268 1.1347 0.7146, 3.3272 1.1347 0.7146, 3.3268 1.134 0.7124, 3.3272 1.134 0.7124, 3.3268 1.1327 0.7105, 3.3272 1.1327 0.7105, 3.3268 1.1309 0.709, 3.3272 1.1309 0.709, 3.3268 1.1296 0.7081, 3.3272 1.1296 0.7081, 3.3268 1.1257 0.7067, 3.3272 1.1257 0.7067, 3.3268 1.118 0.7059, 3.3272 1.118 0.7059, 3.3272 1.2251 0.7814, 3.3272 1.2407 0.7814, 3.3268 1.2251 0.7814, 3.3268 1.2407 0.7814, 3.3272 1.2016 0.7168, 3.3268 1.2016 0.7168, 3.3268 1.2005 0.7128, 3.3272 1.2005 0.7128, 3.3268 1.1998 0.7098, 3.3272 1.1998 0.7098, 3.3272 1.1994 0.7098, 3.3268 1.1994 0.7098, 3.3272 1.1976 0.7169, 3.3268 1.1976 0.7169, 3.3268 1.1751 0.7814, 3.3272 1.1751 0.7814, 3.3268 1.1824 0.7605, 3.3272 1.1583 0.7814, 3.3268 1.1583 0.7814, 3.3268 1.192 0.6958, 3.3272 1.192 0.6958, 3.3268 1.1824 0.7201, 3.3268 1.1854 0.6802, 3.3272 1.1854 0.6802, 3.3268 1.1915 0.6946, 3.3268 1.1824 0.6748, 3.3272 1.1824 0.6748, 3.3268 1.1824 0.6748, 3.3272 1.1796 0.6716, 3.3268 1.1796 0.6716, 3.3268 1.1769 0.6697, 3.3272 1.1769 0.6697, 3.3268 1.1736 0.6685, 3.3272 1.1736 0.6685, 3.3268 1.17 0.6681, 3.3272 1.17 0.6681, 3.3268 1.1645 0.6688, 3.3272 1.1645 0.6688, 3.3268 1.1614 0.6698, 3.3272 1.1614 0.6698, 3.3272 1.1614 0.6564, 3.3268 1.1614 0.6564, 3.3268 1.1678 0.6553, 3.3272 1.1678 0.6553, 3.3268 1.1711 0.6552, 3.3272 1.1711 0.6552, 3.3268 1.1772 0.6559, 3.3268 1.1824 0.6579, 3.3272 1.1831 0.6582, 3.3272 1.1772 0.6559, 3.3268 1.1831 0.6582, 3.3268 1.1884 0.6618, 3.3272 1.1884 0.6618, 3.3268 1.1894 0.6628, 3.3272 1.1894 0.6628, 3.3268 1.1949 0.6694, 3.3272 1.1949 0.6694, 3.3268 1.2017 0.6826, 3.3272 1.2017 0.6826, 3.3268 1.2064 0.6946, 3.3272 1.3215 0.7093, 3.3272 1.3215 0.6956, 3.3268 1.3215 0.7093, 3.3268 1.3215 0.6956, 3.3268 1.2724 0.7093, 3.3272 1.2724 0.7093, 3.3268 1.2949 0.7093, 3.3272 1.2724 0.7497, 3.3268 1.2724 0.7497, 3.3268 1.3153 0.7497, 3.3272 1.3153 0.7497, 3.3268 1.2949 0.7497, 3.3272 1.3153 0.7634, 3.3268 1.3153 0.7634, 3.3268 1.2724 0.7634, 3.3272 1.2724 0.7634, 3.3268 1.2949 0.7634, 3.3272 1.2724 0.8019, 3.3268 1.2724 0.8019, 3.3268 1.3187 0.8019, 3.3272 1.3187 0.8019, 3.3268 1.2949 0.8019, 3.3272 1.3187 0.8157, 3.3268 1.3187 0.8157, 3.3268 1.2569 0.8157, 3.3272 1.2569 0.8157, 3.3268 1.2949 0.8157, 3.3272 1.2569 0.6956, 3.3268 1.2569 0.6956, 3.3268 1.2949 0.6956, 3.3272 1.4253 0.7499, 3.3272 1.4416 0.7492, 3.3272 1.4256 0.7568, 3.3272 1.4419 0.7572, 3.3272 1.424 0.7712, 3.3272 1.4403 0.7723, 3.3272 1.4207 0.7802, 3.3272 1.4361 0.784, 3.3272 1.4161 0.787, 3.3272 1.4289 0.7947, 3.3272 1.4125 0.7906, 3.3272 1.4238 0.7998, 3.3272 1.4032 0.7966, 3.3272 1.4122 0.8079, 3.3272 1.3927 0.8003, 3.3272 1.3978 0.8134, 3.3272 1.3778 0.8019, 3.3272 1.3784 0.8157, 3.3272 1.3597 0.8019, 3.3272 1.3442 0.8157, 3.3272 1.3597 0.7093, 3.3272 1.3442 0.6956, 3.3272 1.3771 0.7093, 3.3272 1.3772 0.6956, 3.3272 1.3924 0.7109, 3.3272 1.3973 0.698, 3.3272 1.4027 0.7146, 3.3272 1.411 0.7033, 3.3272 1.4106 0.7198, 3.3272 1.4226 0.7113, 3.3272 1.4128 0.7218, 3.3272 1.4238 0.7124, 3.3272 1.4191 0.7297, 3.3272 1.4326 0.7228, 3.3272 1.4231 0.7387, 3.3272 1.4386 0.7352, 3.3268 1.3772 0.6956, 3.3268 1.3442 0.6956, 3.3268 1.3973 0.698, 3.3268 1.411 0.7033, 3.3268 1.4226 0.7113, 3.3268 1.4238 0.7124, 3.3268 1.4326 0.7228, 3.3268 1.4386 0.7352, 3.3268 1.4416 0.7492, 3.3268 1.4419 0.7572, 3.3268 1.4403 0.7723, 3.3268 1.4361 0.784, 3.3268 1.4289 0.7947, 3.3268 1.4238 0.7998, 3.3268 1.4122 0.8079, 3.3268 1.3978 0.8134, 3.3268 1.3784 0.8157, 3.3268 1.3442 0.8157, 3.3268 1.3778 0.8019, 3.3268 1.3597 0.8019, 3.3268 1.3597 0.7093, 3.3268 1.3771 0.7093, 3.3268 1.4128 0.7218, 3.3268 1.4106 0.7198, 3.3268 1.4027 0.7146, 3.3268 1.3924 0.7109, 3.3268 1.4256 0.7568, 3.3268 1.4253 0.7499, 3.3268 1.4231 0.7387, 3.3268 1.4191 0.7297, 3.3268 1.4125 0.7906, 3.3268 1.4161 0.787, 3.3268 1.4207 0.7802, 3.3268 1.424 0.7712, 3.3268 1.3927 0.8003, 3.3268 1.4032 0.7966
            ]
        }
        coordIndex [
            0,1,2,-1,3,4,2,-1,2,4,5,-1,2,5,0,-1,3,6,4,-1,4,6,7,-1,4,7,8,-1,9,8,10,-1,10,8,7,-1,11,9,12,-1,12,9,10,-1,13,14,15,-1,15,14,11,-1,15,11,16,-1,16,11,12,-1,17,14,18,-1,18,14,13,-1,18,19,17,-1,17,19,20,-1,17,20,21,-1,21,20,22,-1,21,22,23,-1,23,22,24,-1,23,24,25,-1,25,24,26,-1,25,26,27,-1,27,26,28,-1,27,28,29,-1,29,28,30,-1,29,30,31,-1,31,30,32,-1,31,32,33,-1,33,32,34,-1,33,34,35,-1,35,34,36,-1,35,36,37,-1,37,36,38,-1,37,38,39,-1,39,38,40,-1,39,40,41,-1,41,40,42,-1,41,42,43,-1,43,42,44,-1,43,44,45,-1,45,44,46,-1,45,46,47,-1,47,46,48,-1,47,48,49,-1,49,48,50,-1,49,50,51,-1,51,50,52,-1,51,52,53,-1,53,52,54,-1,53,54,55,-1,55,54,56,-1,55,56,57,-1,57,56,58,-1,57,58,59,-1,59,58,60,-1,59,60,61,-1,61,60,62,-1,61,62,63,-1,63,62,64,-1,63,64,65,-1,65,64,66,-1,65,66,67,-1,67,66,68,-1,67,68,69,-1,69,68,70,-1,69,70,71,-1,71,70,72,-1,71,72,73,-1,73,72,74,-1,73,74,75,-1,76,75,77,-1,77,75,74,-1,76,77,78,-1,76,78,79,-1,79,78,80,-1,79,80,81,-1,81,80,82,-1,81,82,83,-1,83,82,84,-1,83,84,85,-1,85,84,86,-1,85,86,87,-1,88,87,89,-1,89,87,86,-1,89,90,88,-1,88,90,91,-1,88,91,92,-1,92,91,93,-1,92,93,94,-1,94,93,95,-1,94,95,96,-1,96,95,97,-1,96,97,98,-1,98,97,99,-1,98,99,100,-1,100,99,101,-1,100,101,102,-1,103,104,105,-1,102,101,106,-1,102,106,107,-1,107,106,108,-1,107,108,105,-1,105,108,109,-1,105,109,103,-1,104,103,110,-1,104,110,111,-1,111,110,112,-1,111,112,113,-1,113,112,114,-1,113,114,115,-1,115,114,116,-1,115,116,117,-1,117,116,118,-1,117,118,119,-1,119,118,120,-1,119,120,121,-1,121,120,122,-1,121,122,123,-1,123,122,124,-1,123,124,125,-1,125,124,126,-1,125,126,127,-1,127,126,128,-1,127,128,129,-1,129,128,130,-1,129,130,131,-1,131,130,132,-1,131,132,133,-1,133,132,134,-1,133,134,135,-1,135,134,1,-1,135,1,0,-1,61,63,85,-1,85,63,83,-1,111,43,104,-1,104,43,45,-1,21,23,127,-1,127,23,25,-1,127,25,125,-1,125,25,27,-1,125,27,123,-1,123,27,29,-1,123,29,121,-1,121,29,31,-1,121,31,119,-1,119,31,33,-1,119,33,117,-1,117,33,35,-1,117,35,115,-1,115,35,37,-1,115,37,113,-1,113,37,39,-1,113,39,111,-1,111,39,41,-1,111,41,43,-1,14,0,11,-1,11,0,5,-1,11,5,9,-1,9,5,4,-1,9,4,8,-1,63,65,83,-1,83,65,67,-1,83,67,81,-1,81,67,69,-1,81,69,79,-1,79,69,71,-1,79,71,76,-1,76,71,73,-1,76,73,75,-1,127,129,21,-1,21,129,131,-1,21,131,17,-1,17,131,133,-1,17,133,14,-1,14,133,135,-1,14,135,0,-1,85,87,61,-1,61,87,88,-1,61,88,59,-1,59,88,92,-1,59,92,57,-1,57,92,94,-1,57,94,55,-1,55,94,96,-1,55,96,53,-1,53,96,98,-1,53,98,51,-1,51,98,100,-1,51,100,49,-1,49,100,102,-1,49,102,47,-1,47,102,107,-1,47,107,45,-1,45,107,105,-1,45,105,104,-1,136,137,138,-1,138,137,139,-1,140,136,141,-1,141,136,138,-1,140,141,142,-1,140,142,143,-1,143,142,144,-1,143,144,145,-1,146,145,147,-1,147,145,144,-1,148,146,149,-1,149,146,147,-1,150,151,152,-1,152,151,148,-1,152,148,149,-1,153,151,154,-1,154,151,150,-1,155,156,157,-1,157,156,153,-1,157,153,154,-1,158,159,160,-1,160,159,156,-1,160,156,155,-1,159,158,161,-1,159,161,162,-1,162,161,163,-1,162,163,164,-1,163,165,164,-1,164,165,166,-1,164,166,167,-1,167,166,168,-1,167,168,169,-1,169,168,170,-1,169,170,171,-1,171,170,172,-1,171,172,173,-1,173,172,174,-1,173,174,175,-1,176,175,177,-1,177,175,174,-1,176,177,178,-1,176,178,179,-1,179,178,180,-1,179,180,181,-1,181,180,182,-1,183,184,182,-1,182,184,185,-1,182,185,181,-1,183,186,184,-1,184,186,187,-1,184,187,188,-1,188,187,189,-1,188,189,190,-1,190,189,191,-1,190,191,192,-1,192,191,193,-1,192,193,194,-1,139,137,195,-1,195,137,194,-1,195,194,193,-1,143,145,194,-1,137,136,194,-1,194,136,140,-1,194,140,143,-1,151,153,148,-1,148,153,156,-1,148,156,146,-1,192,162,190,-1,190,162,164,-1,175,176,173,-1,173,176,179,-1,173,179,171,-1,171,179,181,-1,171,181,169,-1,169,181,185,-1,169,185,167,-1,167,185,184,-1,167,184,164,-1,164,184,188,-1,164,188,190,-1,145,146,194,-1,194,146,156,-1,194,156,192,-1,192,156,159,-1,192,159,162,-1,196,197,198,-1,198,197,199,-1,200,201,202,-1,202,201,196,-1,202,196,198,-1,203,201,204,-1,204,201,200,-1,205,206,207,-1,207,206,203,-1,207,203,204,-1,208,206,209,-1,209,206,205,-1,210,211,212,-1,212,211,208,-1,212,208,209,-1,213,211,214,-1,214,211,210,-1,215,216,217,-1,217,216,213,-1,217,213,214,-1,218,216,219,-1,219,216,215,-1,220,221,222,-1,222,221,218,-1,222,218,219,-1,223,221,224,-1,224,221,220,-1,199,197,225,-1,225,197,223,-1,225,223,224,-1,223,197,196,-1,196,201,223,-1,223,201,203,-1,223,203,221,-1,216,218,213,-1,213,218,221,-1,213,221,211,-1,211,221,203,-1,211,203,208,-1,208,203,206,-1,226,227,228,-1,228,227,229,-1,228,229,230,-1,230,229,231,-1,230,231,232,-1,232,231,233,-1,232,233,234,-1,234,233,235,-1,234,235,236,-1,236,235,237,-1,236,237,238,-1,238,237,239,-1,238,239,240,-1,240,239,241,-1,240,241,242,-1,242,241,243,-1,242,243,244,-1,244,243,245,-1,244,245,246,-1,246,245,247,-1,246,247,248,-1,248,247,249,-1,248,249,250,-1,250,249,251,-1,250,251,252,-1,252,251,253,-1,252,253,254,-1,254,253,255,-1,254,255,256,-1,256,255,257,-1,256,257,258,-1,258,257,259,-1,258,259,260,-1,260,259,261,-1,260,261,226,-1,226,261,227,-1,249,247,262,-1,262,247,263,-1,249,262,264,-1,249,264,251,-1,251,264,265,-1,251,265,253,-1,253,265,266,-1,253,266,255,-1,255,266,267,-1,255,267,257,-1,257,267,268,-1,257,268,259,-1,259,268,269,-1,259,269,261,-1,261,269,270,-1,261,270,227,-1,227,270,271,-1,227,271,229,-1,229,271,272,-1,229,272,231,-1,231,272,273,-1,231,273,233,-1,233,273,274,-1,233,274,235,-1,235,274,275,-1,235,275,237,-1,237,275,276,-1,237,276,239,-1,239,276,277,-1,239,277,241,-1,241,277,278,-1,241,278,243,-1,245,243,279,-1,279,243,278,-1,247,245,263,-1,263,245,279,-1,242,244,280,-1,280,244,281,-1,244,246,281,-1,281,246,282,-1,246,248,282,-1,282,248,283,-1,256,284,285,-1,256,285,254,-1,254,285,286,-1,254,286,252,-1,252,286,287,-1,252,287,250,-1,250,287,283,-1,250,283,248,-1,228,288,289,-1,228,289,226,-1,226,289,290,-1,226,290,260,-1,260,290,291,-1,260,291,258,-1,258,291,284,-1,258,284,256,-1,236,292,293,-1,236,293,234,-1,234,293,294,-1,234,294,232,-1,232,294,295,-1,232,295,230,-1,230,295,288,-1,230,288,228,-1,242,280,296,-1,242,296,240,-1,240,296,297,-1,240,297,238,-1,238,297,292,-1,238,292,236,-1,
        ]
    }
}
Shape{
    appearance Appearance {
        material  Material 	{
            diffuseColor 0.6470588235294118 0.6196078431372549 0.5882352941176471
            specularColor 0.45098039215686275 0.43529411764705883 0.4117647058823529
            ambientIntensity 0.6242
            transparency 0.0
            shininess 0.5
        }
    }
    geometry IndexedFaceSet {
        ccw TRUE
        solid FALSE
        coord DEF co Coordinate {
            point [
                3.3268 1.3597 0.8019, 3.3268 1.3597 0.7093, 3.3268 1.3778 0.8019, 3.3268 1.3771 0.7093, 3.3268 1.3924 0.7109, 3.3268 1.4027 0.7146, 3.3268 1.4106 0.7198, 3.3268 1.4128 0.7218, 3.3268 1.4191 0.7297, 3.3268 1.4231 0.7387, 3.3268 1.4253 0.7499, 3.3268 1.4256 0.7568, 3.3268 1.424 0.7712, 3.3268 1.4207 0.7802, 3.3268 1.4161 0.787, 3.3268 1.4125 0.7906, 3.3268 1.3927 0.8003, 3.3268 1.4032 0.7966
            ]
        }
        coordIndex [
            0,1,2,-1,2,1,3,-1,2,3,4,-1,4,5,2,-1,2,5,6,-1,2,6,7,-1,7,8,2,-1,2,8,9,-1,2,9,10,-1,10,11,2,-1,2,11,12,-1,2,12,13,-1,13,14,2,-1,2,14,15,-1,2,15,16,-1,16,15,17,-1,
        ]
    }
}
Shape{
    appearance Appearance {
        material  Material 	{
            diffuseColor 0.0 0.0 0.0
            specularColor 0.0 0.0 0.0
            ambientIntensity 0.0
            transparency 0.0
            shininess 0.5
        }
    }
    geometry IndexedFaceSet {
        ccw TRUE
        solid FALSE
        coord DEF co Coordinate {
            point [
                3.3272 1.4822 0.742, 3.3272 1.4773 0.7284, 3.3272 1.5225 0.742, 3.3272 1.5273 0.7284, 3.3272 1.5002 0.7919, 3.3272 1.4944 0.8157, 3.3272 1.4486 0.6956, 3.3272 1.4657 0.6956, 3.3272 1.5012 0.7955, 3.3272 1.5021 0.8004, 3.3272 1.5109 0.8157, 3.3272 1.5025 0.8004, 3.3272 1.5035 0.7953, 3.3272 1.5044 0.7919, 3.3272 1.5567 0.6956, 3.3272 1.5395 0.6956, 3.3268 1.5109 0.8157, 3.3268 1.5567 0.6956, 3.3268 1.4944 0.8157, 3.3268 1.4486 0.6956, 3.3268 1.4657 0.6956, 3.3268 1.4773 0.7284, 3.3268 1.5273 0.7284, 3.3268 1.5395 0.6956, 3.3268 1.4822 0.742, 3.3268 1.5225 0.742, 3.3268 1.5044 0.7919, 3.3268 1.5025 0.8004, 3.3268 1.5035 0.7953, 3.3268 1.5021 0.8004, 3.3268 1.5002 0.7919, 3.3268 1.5012 0.7955
            ]
        }
        coordIndex [
            0,1,2,-1,2,1,3,-1,4,5,0,-1,0,5,6,-1,0,6,1,-1,1,6,7,-1,4,8,5,-1,5,8,9,-1,5,9,10,-1,10,9,11,-1,10,11,12,-1,12,13,10,-1,10,13,2,-1,10,2,14,-1,14,2,3,-1,14,3,15,-1,10,14,16,-1,16,14,17,-1,5,10,18,-1,18,10,16,-1,6,5,19,-1,19,5,18,-1,7,6,20,-1,20,6,19,-1,1,7,21,-1,21,7,20,-1,3,1,22,-1,22,1,21,-1,15,3,23,-1,23,3,22,-1,14,15,17,-1,17,15,23,-1,0,2,24,-1,24,2,25,-1,2,13,25,-1,25,13,26,-1,11,27,28,-1,11,28,12,-1,12,28,26,-1,12,26,13,-1,11,9,27,-1,27,9,29,-1,4,30,31,-1,4,31,8,-1,8,31,29,-1,8,29,9,-1,4,0,30,-1,30,0,24,-1,
        ]
    }
}
Shape{
    appearance Appearance {
        material  Material 	{
            diffuseColor 0.6470588235294118 0.6196078431372549 0.5882352941176471
            specularColor 0.45098039215686275 0.43529411764705883 0.4117647058823529
            ambientIntensity 0.6242
            transparency 0.0
            shininess 0.5
        }
    }
    geometry IndexedFaceSet {
        ccw TRUE
        solid FALSE
        coord DEF co Coordinate {
            point [
                3.3268 1.5025 0.8004, 3.3268 1.5021 0.8004, 3.3268 1.5035 0.7953, 3.3268 1.5012 0.7955, 3.3268 1.5044 0.7919, 3.3268 1.5002 0.7919, 3.3268 1.5225 0.742, 3.3268 1.4822 0.742
            ]
        }
        coordIndex [
            0,1,2,-1,2,1,3,-1,2,3,4,-1,4,3,5,-1,4,5,6,-1,6,5,7,-1,
        ]
    }
}
Shape{
    appearance Appearance {
        material  Material 	{
            diffuseColor 0.0 0.0 0.0
            specularColor 0.0 0.0 0.0
            ambientIntensity 0.0
            transparency 0.0
            shininess 0.5
        }
    }
    geometry IndexedFaceSet {
        ccw TRUE
        solid FALSE
        coord DEF co Coordinate {
            point [
                3.3272 0.3711 0.9024, 3.3272 0.3901 0.9125, 3.3272 0.3857 0.9651, 3.3272 0.5361 0.675, 3.3272 0.5462 0.694, 3.3272 0.5513 0.7151, 3.3272 0.4391 0.9676, 3.3272 0.4655 0.9052, 3.3272 0.4786 0.9323, 3.3272 0.4339 0.7129, 3.3272 0.4323 0.7209, 3.3272 0.3861 0.7541, 3.3272 0.3853 0.6969, 3.3272 0.3744 0.7001, 3.3272 0.3675 0.7656, 3.3272 0.4194 0.9693, 3.3272 0.6713 0.7959, 3.3272 0.6449 0.8412, 3.3272 0.5518 0.7328, 3.3272 0.5304 0.7814, 3.3272 0.5518 0.7242, 3.3272 0.5062 0.6487, 3.3272 0.5232 0.6606, 3.3272 0.4373 0.7057, 3.3272 0.4066 0.6628, 3.3272 0.3939 0.6785, 3.3272 0.4566 0.988, 3.3272 0.4978 0.9552, 3.3272 0.4766 1.0052, 3.3272 0.5206 0.9718, 3.3272 0.4975 1.0181, 3.3272 0.4112 0.9176, 3.3272 0.4203 0.9181, 3.3272 0.4292 0.9688, 3.3272 0.4406 0.9155, 3.3272 0.4597 0.9084, 3.3272 0.4926 0.704, 3.3272 0.488 0.6988, 3.3272 0.4815 0.6941, 3.3272 0.4871 0.6414, 3.3272 0.4741 0.6912, 3.3272 0.4664 0.6388, 3.3272 0.4655 0.6901, 3.3272 0.4632 0.6389, 3.3272 0.4641 0.6901, 3.3272 0.443 0.642, 3.3272 0.4564 0.6913, 3.3272 0.4233 0.6503, 3.3272 0.4487 0.6947, 3.3272 0.4422 0.6997, 3.3272 0.4967 0.7353, 3.3272 0.4986 0.7273, 3.3272 0.4986 0.7195, 3.3272 0.4966 0.7113, 3.3272 0.7711 0.714, 3.3272 0.7364 0.7541, 3.3272 0.745 0.7012, 3.3272 0.7207 0.7486, 3.3272 0.7166 0.6952, 3.3272 0.7115 0.7473, 3.3272 0.6662 0.6952, 3.3272 0.673 0.7473, 3.3272 0.6614 0.696, 3.3272 0.4327 0.7292, 3.3272 0.4353 0.7373, 3.3272 0.3955 0.7724, 3.3272 0.4397 0.7443, 3.3272 0.4096 0.7885, 3.3272 0.443 0.7479, 3.3272 0.4271 0.8007, 3.3272 0.4497 0.7526, 3.3272 0.4459 0.8079, 3.3272 0.4572 0.7556, 3.3272 0.4664 0.8105, 3.3272 0.4655 0.7567, 3.3272 0.4767 0.8099, 3.3272 0.4726 0.7559, 3.3272 0.4973 0.8048, 3.3272 0.4806 0.7531, 3.3272 0.5155 0.7951, 3.3272 0.4874 0.7484, 3.3272 0.4929 0.7423, 3.3272 0.6995 0.8805, 3.3272 0.7063 0.8805, 3.3272 0.7414 0.9266, 3.3272 0.7208 0.8789, 3.3272 0.7454 0.9252, 3.3272 0.7358 0.8736, 3.3272 0.7709 0.9126, 3.3272 0.7493 0.8647, 3.3272 0.794 0.8931, 3.3272 0.7605 0.8526, 3.3272 0.8115 0.8688, 3.3272 0.7685 0.8378, 3.3272 0.822 0.8427, 3.3272 0.7725 0.8214, 3.3272 0.8259 0.8147, 3.3272 0.7729 0.8139, 3.3272 0.822 0.7843, 3.3272 0.7714 0.7992, 3.3272 0.8113 0.7573, 3.3272 0.7659 0.7838, 3.3272 0.7943 0.7336, 3.3272 0.757 0.7703, 3.3272 0.75 0.7632, 3.3272 0.6952 0.9941, 3.3272 0.6617 0.955, 3.3272 0.7235 0.9613, 3.3272 0.681 0.932, 3.3272 0.6942 0.9045, 3.3272 0.3374 0.8534, 3.3272 0.2813 0.8391, 3.3272 0.3349 0.8327, 3.3272 0.2811 0.831, 3.3272 0.3359 0.8193, 3.3272 0.2852 0.7974, 3.3272 0.3421 0.7984, 3.3272 0.2975 0.7656, 3.3272 0.3522 0.7813, 3.3272 0.317 0.7379, 3.3272 0.3436 0.7152, 3.3272 0.3541 0.9528, 3.3272 0.327 0.9337, 3.3272 0.3566 0.8894, 3.3272 0.3212 0.9283, 3.3272 0.3448 0.8724, 3.3272 0.3007 0.9019, 3.3272 0.287 0.8712, 3.3272 0.5369 1.0333, 3.3272 0.5485 0.9832, 3.3272 0.5791 1.0385, 3.3272 0.58 0.9872, 3.3272 0.6143 1.0348, 3.3272 0.609 0.9836, 3.3272 0.6572 1.0197, 3.3272 0.6358 0.9734, 3.3272 0.6597 0.9567, 3.3272 0.6687 0.7481, 3.3272 0.6482 0.7041, 3.3272 0.6502 0.7021, 3.3272 0.6713 0.7475, 3.3272 0.6557 0.6982, 3.3272 0.6414 0.7217, 3.3272 0.6423 0.7153, 3.3272 0.6445 0.7095, 3.3272 0.6613 0.7473, 3.3272 0.6554 0.745, 3.3272 0.6417 0.725, 3.3272 0.6502 0.7412, 3.3272 0.6467 0.7373, 3.3272 0.6434 0.7315, 3.3272 0.6679 0.7481, 3.3268 0.8259 0.8147, 3.3268 0.822 0.8427, 3.3268 0.8191 0.8499, 3.3268 0.8115 0.8688, 3.3268 0.794 0.8931, 3.3268 0.7709 0.9126, 3.3268 0.7454 0.9252, 3.3268 0.7414 0.9266, 3.3268 0.7235 0.9613, 3.3268 0.6952 0.9941, 3.3268 0.6756 1.0072, 3.3268 0.6572 1.0197, 3.3268 0.6143 1.0348, 3.3268 0.5791 1.0385, 3.3268 0.4766 1.0052, 3.3268 0.48 1.0072, 3.3268 0.4975 1.0181, 3.3268 0.5369 1.0333, 3.3268 0.4566 0.988, 3.3268 0.4391 0.9676, 3.3268 0.4292 0.9688, 3.3268 0.4194 0.9693, 3.3268 0.3857 0.9651, 3.3268 0.3541 0.9528, 3.3268 0.327 0.9337, 3.3268 0.3212 0.9283, 3.3268 0.2811 0.831, 3.3268 0.3007 0.9019, 3.3268 0.287 0.8712, 3.3268 0.2833 0.8499, 3.3268 0.2813 0.8391, 3.3268 0.2852 0.7974, 3.3268 0.2975 0.7656, 3.3268 0.317 0.7379, 3.3268 0.3436 0.7152, 3.3268 0.3744 0.7001, 3.3268 0.3853 0.6969, 3.3268 0.3863 0.6946, 3.3268 0.3939 0.6785, 3.3268 0.4066 0.6628, 3.3268 0.4233 0.6503, 3.3268 0.4311 0.647, 3.3268 0.443 0.642, 3.3268 0.4632 0.6389, 3.3268 0.4664 0.6388, 3.3268 0.5518 0.7242, 3.3268 0.4871 0.6414, 3.3268 0.5017 0.647, 3.3268 0.5062 0.6487, 3.3268 0.5232 0.6606, 3.3268 0.5361 0.675, 3.3268 0.5462 0.694, 3.3268 0.5464 0.6946, 3.3268 0.5513 0.7151, 3.3268 0.5518 0.7328, 3.3268 0.6713 0.7959, 3.3268 0.6449 0.8412, 3.3268 0.5304 0.7814, 3.3268 0.5155 0.7951, 3.3268 0.4973 0.8048, 3.3268 0.4767 0.8099, 3.3268 0.4664 0.8105, 3.3268 0.4459 0.8079, 3.3268 0.4271 0.8007, 3.3268 0.4096 0.7885, 3.3268 0.3955 0.7724, 3.3268 0.3861 0.7541, 3.3268 0.3675 0.7656, 3.3268 0.3522 0.7813, 3.3268 0.3421 0.7984, 3.3268 0.3359 0.8193, 3.3268 0.3349 0.8327, 3.3268 0.337 0.8499, 3.3268 0.3374 0.8534, 3.3268 0.3448 0.8724, 3.3268 0.3566 0.8894, 3.3268 0.3711 0.9024, 3.3268 0.3901 0.9125, 3.3268 0.4112 0.9176, 3.3268 0.4203 0.9181, 3.3268 0.4406 0.9155, 3.3268 0.4597 0.9084, 3.3268 0.4655 0.9052, 3.3268 0.4786 0.9323, 3.3268 0.4978 0.9552, 3.3268 0.5206 0.9718, 3.3268 0.5485 0.9832, 3.3268 0.58 0.9872, 3.3268 0.609 0.9836, 3.3268 0.6358 0.9734, 3.3268 0.6597 0.9567, 3.3268 0.6617 0.955, 3.3268 0.681 0.932, 3.3268 0.6942 0.9045, 3.3268 0.6995 0.8805, 3.3268 0.7063 0.8805, 3.3268 0.7208 0.8789, 3.3268 0.7358 0.8736, 3.3268 0.7493 0.8647, 3.3268 0.7605 0.8526, 3.3268 0.762 0.8499, 3.3268 0.7685 0.8378, 3.3268 0.7725 0.8214, 3.3268 0.7729 0.8139, 3.3268 0.7714 0.7992, 3.3268 0.7659 0.7838, 3.3268 0.757 0.7703, 3.3268 0.75 0.7632, 3.3268 0.7364 0.7541, 3.3268 0.7207 0.7486, 3.3268 0.7115 0.7473, 3.3268 0.673 0.7473, 3.3268 0.6713 0.7475, 3.3268 0.6687 0.7481, 3.3268 0.6679 0.7481, 3.3268 0.6613 0.7473, 3.3268 0.6554 0.745, 3.3268 0.6502 0.7412, 3.3268 0.6467 0.7373, 3.3268 0.6434 0.7315, 3.3268 0.6417 0.725, 3.3268 0.6414 0.7217, 3.3268 0.6423 0.7153, 3.3268 0.6445 0.7095, 3.3268 0.6482 0.7041, 3.3268 0.6502 0.7021, 3.3268 0.6557 0.6982, 3.3268 0.6614 0.696, 3.3268 0.6662 0.6952, 3.3268 0.7166 0.6952, 3.3268 0.745 0.7012, 3.3268 0.7711 0.714, 3.3268 0.7943 0.7336, 3.3268 0.8113 0.7573, 3.3268 0.822 0.7843, 3.3268 0.4655 0.7567, 3.3268 0.4726 0.7559, 3.3268 0.4806 0.7531, 3.3268 0.4874 0.7484, 3.3268 0.4929 0.7423, 3.3268 0.4967 0.7353, 3.3268 0.4986 0.7273, 3.3268 0.4986 0.7195, 3.3268 0.4966 0.7113, 3.3268 0.4926 0.704, 3.3268 0.488 0.6988, 3.3268 0.4815 0.6941, 3.3268 0.4741 0.6912, 3.3268 0.4655 0.6901, 3.3268 0.4641 0.6901, 3.3268 0.4564 0.6913, 3.3268 0.4487 0.6947, 3.3268 0.4422 0.6997, 3.3268 0.4373 0.7057, 3.3268 0.4339 0.7129, 3.3268 0.4323 0.7209, 3.3268 0.4327 0.7292, 3.3268 0.4353 0.7373, 3.3268 0.4397 0.7443, 3.3268 0.443 0.7479, 3.3268 0.4497 0.7526, 3.3268 0.4572 0.7556
            ]
        }
        coordIndex [
            0,1,2,-1,3,4,5,-1,6,7,8,-1,9,10,11,-1,12,11,13,-1,13,11,14,-1,2,1,15,-1,16,17,18,-1,18,17,19,-1,18,19,20,-1,20,19,21,-1,20,21,5,-1,5,21,22,-1,5,22,3,-1,23,9,24,-1,24,9,11,-1,24,11,25,-1,25,11,12,-1,6,8,26,-1,26,8,27,-1,26,27,28,-1,28,27,29,-1,28,29,30,-1,1,31,15,-1,15,31,32,-1,15,32,33,-1,33,32,34,-1,33,34,6,-1,6,34,35,-1,6,35,7,-1,36,37,21,-1,21,37,38,-1,21,38,39,-1,39,38,40,-1,39,40,41,-1,41,40,42,-1,41,42,43,-1,43,42,44,-1,43,44,45,-1,45,44,46,-1,45,46,47,-1,47,46,48,-1,47,48,24,-1,24,48,49,-1,24,49,23,-1,50,51,19,-1,19,51,52,-1,19,52,21,-1,21,52,53,-1,21,53,36,-1,54,55,56,-1,56,55,57,-1,56,57,58,-1,58,57,59,-1,58,59,60,-1,60,59,61,-1,60,61,62,-1,10,63,11,-1,11,63,64,-1,11,64,65,-1,65,64,66,-1,65,66,67,-1,67,66,68,-1,67,68,69,-1,69,68,70,-1,69,70,71,-1,71,70,72,-1,71,72,73,-1,73,72,74,-1,73,74,75,-1,75,74,76,-1,75,76,77,-1,77,76,78,-1,77,78,79,-1,79,78,80,-1,79,80,19,-1,19,80,81,-1,19,81,50,-1,82,83,84,-1,84,83,85,-1,84,85,86,-1,86,85,87,-1,86,87,88,-1,88,87,89,-1,88,89,90,-1,90,89,91,-1,90,91,92,-1,92,91,93,-1,92,93,94,-1,94,93,95,-1,94,95,96,-1,96,95,97,-1,96,97,98,-1,98,97,99,-1,98,99,100,-1,100,99,101,-1,100,101,102,-1,102,101,103,-1,102,103,54,-1,54,103,104,-1,54,104,55,-1,105,106,107,-1,107,106,108,-1,107,108,84,-1,84,108,109,-1,84,109,82,-1,110,111,112,-1,112,111,113,-1,112,113,114,-1,114,113,115,-1,114,115,116,-1,116,115,117,-1,116,117,118,-1,118,117,119,-1,118,119,14,-1,14,119,120,-1,14,120,13,-1,2,121,0,-1,0,121,122,-1,0,122,123,-1,123,122,124,-1,123,124,125,-1,125,124,126,-1,125,126,110,-1,110,126,127,-1,110,127,111,-1,30,29,128,-1,128,29,129,-1,128,129,130,-1,130,129,131,-1,130,131,132,-1,132,131,133,-1,132,133,134,-1,134,133,135,-1,134,135,105,-1,105,135,136,-1,105,136,106,-1,137,138,139,-1,61,140,62,-1,62,140,137,-1,62,137,141,-1,141,137,139,-1,142,143,137,-1,137,143,144,-1,137,144,138,-1,145,146,147,-1,146,148,147,-1,147,148,149,-1,147,149,150,-1,142,137,147,-1,147,137,151,-1,147,151,145,-1,96,152,153,-1,96,153,94,-1,94,153,154,-1,94,154,92,-1,154,155,92,-1,92,155,156,-1,92,156,90,-1,90,156,157,-1,90,157,88,-1,88,157,158,-1,88,158,86,-1,86,158,159,-1,86,159,84,-1,84,159,160,-1,84,160,107,-1,107,160,161,-1,107,161,105,-1,134,105,162,-1,162,105,161,-1,162,163,134,-1,134,163,164,-1,134,164,132,-1,132,164,165,-1,132,165,130,-1,166,28,167,-1,167,28,30,-1,167,30,168,-1,168,30,128,-1,168,128,169,-1,169,128,130,-1,169,130,165,-1,28,166,170,-1,28,170,26,-1,26,170,171,-1,26,171,6,-1,6,171,172,-1,6,172,33,-1,33,172,173,-1,33,173,15,-1,15,173,174,-1,15,174,2,-1,2,174,175,-1,2,175,121,-1,121,175,176,-1,121,176,122,-1,122,176,177,-1,122,177,124,-1,178,113,111,-1,124,177,179,-1,124,179,126,-1,126,179,180,-1,126,180,127,-1,127,180,181,-1,127,181,111,-1,111,181,182,-1,111,182,178,-1,113,178,183,-1,113,183,115,-1,115,183,184,-1,115,184,117,-1,117,184,185,-1,117,185,119,-1,119,185,186,-1,119,186,120,-1,120,186,187,-1,120,187,13,-1,13,187,188,-1,13,188,12,-1,12,188,189,-1,12,189,25,-1,189,190,25,-1,25,190,191,-1,25,191,24,-1,24,191,192,-1,24,192,47,-1,47,192,193,-1,47,193,45,-1,193,194,45,-1,45,194,195,-1,45,195,43,-1,43,195,196,-1,43,196,41,-1,197,20,5,-1,41,196,198,-1,41,198,39,-1,39,198,199,-1,39,199,21,-1,199,200,21,-1,21,200,201,-1,21,201,22,-1,22,201,202,-1,22,202,3,-1,3,202,203,-1,3,203,4,-1,4,203,204,-1,4,204,5,-1,5,204,205,-1,5,205,197,-1,18,20,206,-1,206,20,197,-1,16,18,207,-1,207,18,206,-1,17,16,208,-1,208,16,207,-1,19,17,209,-1,209,17,208,-1,19,209,210,-1,19,210,79,-1,79,210,211,-1,79,211,77,-1,77,211,212,-1,77,212,75,-1,75,212,213,-1,75,213,73,-1,73,213,214,-1,73,214,71,-1,71,214,215,-1,71,215,69,-1,69,215,216,-1,69,216,67,-1,67,216,217,-1,67,217,65,-1,65,217,218,-1,65,218,11,-1,11,218,219,-1,11,219,14,-1,14,219,220,-1,14,220,118,-1,118,220,221,-1,118,221,116,-1,116,221,222,-1,116,222,114,-1,114,222,223,-1,114,223,112,-1,110,112,224,-1,224,112,223,-1,224,225,110,-1,110,225,226,-1,110,226,125,-1,125,226,227,-1,125,227,123,-1,123,227,228,-1,123,228,0,-1,0,228,229,-1,0,229,1,-1,1,229,230,-1,1,230,31,-1,31,230,231,-1,31,231,32,-1,32,231,232,-1,32,232,34,-1,34,232,233,-1,34,233,35,-1,35,233,234,-1,35,234,7,-1,7,234,235,-1,7,235,8,-1,8,235,236,-1,8,236,27,-1,27,236,237,-1,27,237,29,-1,29,237,238,-1,29,238,129,-1,129,238,239,-1,129,239,131,-1,131,239,240,-1,131,240,133,-1,133,240,241,-1,133,241,135,-1,135,241,242,-1,135,242,136,-1,136,242,243,-1,136,243,106,-1,106,243,244,-1,106,244,108,-1,108,244,245,-1,108,245,109,-1,109,245,246,-1,109,246,82,-1,83,82,247,-1,247,82,246,-1,83,247,248,-1,83,248,85,-1,85,248,249,-1,85,249,87,-1,87,249,250,-1,87,250,89,-1,89,250,251,-1,89,251,91,-1,91,251,252,-1,91,252,93,-1,252,253,93,-1,93,253,254,-1,93,254,95,-1,95,254,255,-1,95,255,97,-1,97,255,256,-1,97,256,99,-1,99,256,257,-1,99,257,101,-1,101,257,258,-1,101,258,103,-1,103,258,259,-1,103,259,104,-1,104,259,260,-1,104,260,55,-1,55,260,261,-1,55,261,57,-1,57,261,262,-1,57,262,59,-1,61,59,263,-1,263,59,262,-1,61,263,264,-1,61,264,140,-1,140,264,265,-1,140,265,137,-1,137,265,266,-1,137,266,151,-1,151,266,267,-1,151,267,145,-1,145,267,268,-1,145,268,146,-1,146,268,269,-1,146,269,148,-1,148,269,270,-1,148,270,149,-1,149,270,271,-1,149,271,150,-1,150,271,272,-1,150,272,147,-1,147,272,273,-1,147,273,142,-1,142,273,274,-1,142,274,143,-1,143,274,275,-1,143,275,144,-1,144,275,276,-1,144,276,138,-1,138,276,277,-1,138,277,139,-1,139,277,278,-1,139,278,141,-1,141,278,279,-1,141,279,62,-1,62,279,280,-1,62,280,60,-1,58,60,281,-1,281,60,280,-1,58,281,282,-1,58,282,56,-1,56,282,283,-1,56,283,54,-1,54,283,284,-1,54,284,102,-1,102,284,285,-1,102,285,100,-1,100,285,286,-1,100,286,98,-1,98,286,152,-1,98,152,96,-1,74,287,288,-1,74,288,76,-1,76,288,289,-1,76,289,78,-1,78,289,290,-1,78,290,80,-1,80,290,291,-1,80,291,81,-1,81,291,292,-1,81,292,50,-1,50,292,293,-1,50,293,51,-1,51,293,294,-1,51,294,52,-1,52,294,295,-1,52,295,53,-1,53,295,296,-1,53,296,36,-1,36,296,297,-1,36,297,37,-1,37,297,298,-1,37,298,38,-1,38,298,299,-1,38,299,40,-1,40,299,300,-1,40,300,42,-1,42,300,301,-1,42,301,44,-1,44,301,302,-1,44,302,46,-1,46,302,303,-1,46,303,48,-1,48,303,304,-1,48,304,49,-1,49,304,305,-1,49,305,23,-1,23,305,306,-1,23,306,9,-1,9,306,307,-1,9,307,10,-1,10,307,308,-1,10,308,63,-1,63,308,309,-1,63,309,64,-1,64,309,310,-1,64,310,66,-1,66,310,311,-1,66,311,68,-1,68,311,312,-1,68,312,70,-1,70,312,313,-1,70,313,72,-1,72,313,287,-1,72,287,74,-1,
        ]
    }
}
Shape{
    appearance Appearance {
        material  Material 	{
            diffuseColor 0.6470588235294118 0.6196078431372549 0.5882352941176471
            specularColor 0.45098039215686275 0.43529411764705883 0.4117647058823529
            ambientIntensity 0.6242
            transparency 0.0
            shininess 0.5
        }
    }
    geometry IndexedFaceSet {
        ccw TRUE
        solid FALSE
        coord DEF co Coordinate {
            point [
                3.3268 0.4641 0.6901, 3.3268 0.443 0.7479, 3.3268 0.4397 0.7443, 3.3268 0.4741 0.6912, 3.3268 0.4815 0.6941, 3.3268 0.4726 0.7559, 3.3268 0.4655 0.7567, 3.3268 0.4572 0.7556, 3.3268 0.4497 0.7526, 3.3268 0.4339 0.7129, 3.3268 0.4373 0.7057, 3.3268 0.4422 0.6997, 3.3268 0.4655 0.6901, 3.3268 0.4353 0.7373, 3.3268 0.4327 0.7292, 3.3268 0.4323 0.7209, 3.3268 0.4487 0.6947, 3.3268 0.4564 0.6913, 3.3268 0.488 0.6988, 3.3268 0.4926 0.704, 3.3268 0.4966 0.7113, 3.3268 0.4986 0.7195, 3.3268 0.4986 0.7273, 3.3268 0.4967 0.7353, 3.3268 0.4929 0.7423, 3.3268 0.4874 0.7484, 3.3268 0.4806 0.7531
            ]
        }
        coordIndex [
            0,1,2,-1,3,4,5,-1,6,7,0,-1,0,7,8,-1,0,8,1,-1,9,10,2,-1,2,10,11,-1,6,0,5,-1,5,0,12,-1,5,12,3,-1,13,14,2,-1,2,14,15,-1,2,15,9,-1,11,16,2,-1,2,16,17,-1,2,17,0,-1,4,18,5,-1,5,18,19,-1,5,19,20,-1,20,21,5,-1,5,21,22,-1,5,22,23,-1,23,24,5,-1,5,24,25,-1,5,25,26,-1,
        ]
    }
}