ISO-10303-21;
HEADER;
/* Generated by software containing ST-Developer
 * from STEP Tools, Inc. (www.steptools.com) 
 */

FILE_DESCRIPTION(
/* description */ (''),
/* implementation_level */ '2;1');

FILE_NAME(
/* name */ 'Low Profile Keycap 1.25U.step',
/* time_stamp */ '2026-01-27T13:49:07+09:00',
/* author */ (''),
/* organization */ (''),
/* preprocessor_version */ 'ST-DEVELOPER v20.1',
/* originating_system */ 'Autodesk Translation Framework v14.24.0.0',
/* authorisation */ '');

FILE_SCHEMA (('AUTOMOTIVE_DESIGN { 1 0 10303 214 3 1 1 }'));
ENDSEC;

DATA;
#10=MECHANICAL_DESIGN_GEOMETRIC_PRESENTATION_REPRESENTATION('',(#13),#1695);
#11=SHAPE_REPRESENTATION_RELATIONSHIP('SRR','None',#1702,#12);
#12=ADVANCED_BREP_SHAPE_REPRESENTATION('',(#14),#1694);
#13=STYLED_ITEM('',(#1712),#14);
#14=MANIFOLD_SOLID_BREP('\X2\30DC30C730A3\X0\1',#643);
#15=FACE_BOUND('',#225,.T.);
#16=FACE_BOUND('',#231,.T.);
#17=B_SPLINE_SURFACE_WITH_KNOTS('',5,5,((#1023,#1024,#1025,#1026,#1027,
#1028),(#1029,#1030,#1031,#1032,#1033,#1034),(#1035,#1036,#1037,#1038,#1039,
#1040),(#1041,#1042,#1043,#1044,#1045,#1046),(#1047,#1048,#1049,#1050,#1051,
#1052),(#1053,#1054,#1055,#1056,#1057,#1058)),.UNSPECIFIED.,.F.,.F.,.F.,
(6,6),(6,6),(0.,5.4014592483),(4.72531374026E-15,6.59734457254),
 .UNSPECIFIED.);
#18=B_SPLINE_SURFACE_WITH_KNOTS('',5,5,((#1077,#1078,#1079,#1080,#1081,
#1082),(#1083,#1084,#1085,#1086,#1087,#1088),(#1089,#1090,#1091,#1092,#1093,
#1094),(#1095,#1096,#1097,#1098,#1099,#1100),(#1101,#1102,#1103,#1104,#1105,
#1106),(#1107,#1108,#1109,#1110,#1111,#1112)),.UNSPECIFIED.,.F.,.F.,.F.,
(6,6),(6,6),(0.,5.4014592483),(19.7920337176,26.3893782902),
 .UNSPECIFIED.);
#19=B_SPLINE_SURFACE_WITH_KNOTS('',5,5,((#1129,#1130,#1131,#1132,#1133,
#1134),(#1135,#1136,#1137,#1138,#1139,#1140),(#1141,#1142,#1143,#1144,#1145,
#1146),(#1147,#1148,#1149,#1150,#1151,#1152),(#1153,#1154,#1155,#1156,#1157,
#1158),(#1159,#1160,#1161,#1162,#1163,#1164)),.UNSPECIFIED.,.F.,.F.,.F.,
(6,6),(6,6),(0.,5.4014592483),(13.1946891451,19.7920337176),
 .UNSPECIFIED.);
#20=B_SPLINE_SURFACE_WITH_KNOTS('',5,5,((#1181,#1182,#1183,#1184,#1185,
#1186),(#1187,#1188,#1189,#1190,#1191,#1192),(#1193,#1194,#1195,#1196,#1197,
#1198),(#1199,#1200,#1201,#1202,#1203,#1204),(#1205,#1206,#1207,#1208,#1209,
#1210),(#1211,#1212,#1213,#1214,#1215,#1216)),.UNSPECIFIED.,.F.,.F.,.F.,
(6,6),(6,6),(0.,5.4014592483),(6.59734457254,13.1946891451),
 .UNSPECIFIED.);
#21=B_SPLINE_SURFACE_WITH_KNOTS('',1,5,((#1294,#1295,#1296,#1297,#1298,
#1299,#1300,#1301,#1302),(#1303,#1304,#1305,#1306,#1307,#1308,#1309,#1310,
#1311)),.UNSPECIFIED.,.F.,.F.,.F.,(2,2),(6,3,6),(0.992024362137,4.33615620368),
(4.72531374026E-15,3.29867228627,6.59734457254),.UNSPECIFIED.);
#22=B_SPLINE_SURFACE_WITH_KNOTS('',1,5,((#1379,#1380,#1381,#1382,#1383,
#1384,#1385,#1386,#1387),(#1388,#1389,#1390,#1391,#1392,#1393,#1394,#1395,
#1396)),.UNSPECIFIED.,.F.,.F.,.F.,(2,2),(6,3,6),(1.00615131403,4.33615620351),
(6.59734457254,9.89601685881,13.1946891451),.UNSPECIFIED.);
#23=B_SPLINE_SURFACE_WITH_KNOTS('',1,5,((#1595,#1596,#1597,#1598,#1599,
#1600,#1601,#1602,#1603),(#1604,#1605,#1606,#1607,#1608,#1609,#1610,#1611,
#1612)),.UNSPECIFIED.,.F.,.F.,.F.,(2,2),(6,3,6),(1.00615131408,4.33615620394),
(19.7920337176,23.0907060039,26.3893782902),.UNSPECIFIED.);
#24=B_SPLINE_SURFACE_WITH_KNOTS('',1,5,((#1644,#1645,#1646,#1647,#1648,
#1649,#1650,#1651,#1652),(#1653,#1654,#1655,#1656,#1657,#1658,#1659,#1660,
#1661)),.UNSPECIFIED.,.F.,.F.,.F.,(2,2),(6,3,6),(0.992024362103,4.33615620336),
(13.1946891451,16.4933614313,19.7920337176),.UNSPECIFIED.);
#25=(
BOUNDED_SURFACE()
B_SPLINE_SURFACE(3,2,((#875,#876,#877,#878,#879,#880,#881,#882,#883),(#884,
#885,#886,#887,#888,#889,#890,#891,#892),(#893,#894,#895,#896,#897,#898,
#899,#900,#901),(#902,#903,#904,#905,#906,#907,#908,#909,#910)),
 .UNSPECIFIED.,.F.,.T.,.F.)
B_SPLINE_SURFACE_WITH_KNOTS((4,4),(3,2,2,2,3),(586.803875307,609.213490649),
(0.,1.5707963267949,3.14159265358979,4.71238898038469,6.28318530717959),
 .UNSPECIFIED.)
GEOMETRIC_REPRESENTATION_ITEM()
RATIONAL_B_SPLINE_SURFACE(((1.,0.707106781186548,1.,0.707106781186548,1.,
0.707106781186548,1.,0.707106781186548,1.),(1.,0.707106781186548,1.,0.707106781186548,
1.,0.707106781186548,1.,0.707106781186548,1.),(1.,0.707106781186548,1.,
0.707106781186548,1.,0.707106781186548,1.,0.707106781186548,1.),(1.,0.707106781186548,
1.,0.707106781186548,1.,0.707106781186548,1.,0.707106781186548,1.)))
REPRESENTATION_ITEM('')
SURFACE()
);
#26=(
BOUNDED_SURFACE()
B_SPLINE_SURFACE(3,2,((#1455,#1456,#1457,#1458,#1459,#1460,#1461,#1462,
#1463),(#1464,#1465,#1466,#1467,#1468,#1469,#1470,#1471,#1472),(#1473,#1474,
#1475,#1476,#1477,#1478,#1479,#1480,#1481),(#1482,#1483,#1484,#1485,#1486,
#1487,#1488,#1489,#1490)),.UNSPECIFIED.,.F.,.T.,.F.)
B_SPLINE_SURFACE_WITH_KNOTS((4,4),(3,2,2,2,3),(586.840934729,609.176431227),
(0.,1.5707963267949,3.14159265358979,4.71238898038469,6.28318530717959),
 .UNSPECIFIED.)
GEOMETRIC_REPRESENTATION_ITEM()
RATIONAL_B_SPLINE_SURFACE(((1.,0.707106781186548,1.,0.707106781186548,1.,
0.707106781186548,1.,0.707106781186548,1.),(1.,0.707106781186548,1.,0.707106781186548,
1.,0.707106781186548,1.,0.707106781186548,1.),(1.,0.707106781186548,1.,
0.707106781186548,1.,0.707106781186548,1.,0.707106781186548,1.),(1.,0.707106781186548,
1.,0.707106781186548,1.,0.707106781186548,1.,0.707106781186548,1.)))
REPRESENTATION_ITEM('')
SURFACE()
);
#27=LINE('',#874,#76);
#28=LINE('',#1060,#77);
#29=LINE('',#1072,#78);
#30=LINE('',#1075,#79);
#31=LINE('',#1076,#80);
#32=LINE('',#1114,#81);
#33=LINE('',#1127,#82);
#34=LINE('',#1128,#83);
#35=LINE('',#1166,#84);
#36=LINE('',#1179,#85);
#37=LINE('',#1180,#86);
#38=LINE('',#1218,#87);
#39=LINE('',#1230,#88);
#40=LINE('',#1235,#89);
#41=LINE('',#1236,#90);
#42=LINE('',#1239,#91);
#43=LINE('',#1240,#92);
#44=LINE('',#1244,#93);
#45=LINE('',#1247,#94);
#46=LINE('',#1248,#95);
#47=LINE('',#1252,#96);
#48=LINE('',#1255,#97);
#49=LINE('',#1256,#98);
#50=LINE('',#1260,#99);
#51=LINE('',#1262,#100);
#52=LINE('',#1266,#101);
#53=LINE('',#1270,#102);
#54=LINE('',#1274,#103);
#55=LINE('',#1278,#104);
#56=LINE('',#1290,#105);
#57=LINE('',#1292,#106);
#58=LINE('',#1293,#107);
#59=LINE('',#1340,#108);
#60=LINE('',#1377,#109);
#61=LINE('',#1378,#110);
#62=LINE('',#1444,#111);
#63=LINE('',#1559,#112);
#64=LINE('',#1560,#113);
#65=LINE('',#1562,#114);
#66=LINE('',#1564,#115);
#67=LINE('',#1577,#116);
#68=LINE('',#1580,#117);
#69=LINE('',#1582,#118);
#70=LINE('',#1594,#119);
#71=LINE('',#1639,#120);
#72=LINE('',#1642,#121);
#73=LINE('',#1643,#122);
#74=LINE('',#1688,#123);
#75=LINE('',#1690,#124);
#76=VECTOR('',#701,2.8);
#77=VECTOR('',#702,10.);
#78=VECTOR('',#703,10.);
#79=VECTOR('',#706,1.00000000000001);
#80=VECTOR('',#707,1.);
#81=VECTOR('',#708,10.);
#82=VECTOR('',#711,1.00000000000009);
#83=VECTOR('',#712,1.);
#84=VECTOR('',#713,10.);
#85=VECTOR('',#716,0.999999999999362);
#86=VECTOR('',#717,1.);
#87=VECTOR('',#718,10.);
#88=VECTOR('',#721,1.);
#89=VECTOR('',#726,1.);
#90=VECTOR('',#727,1.);
#91=VECTOR('',#730,1.);
#92=VECTOR('',#731,1.);
#93=VECTOR('',#736,1.);
#94=VECTOR('',#739,1.);
#95=VECTOR('',#740,1.);
#96=VECTOR('',#745,1.);
#97=VECTOR('',#748,1.);
#98=VECTOR('',#749,1.);
#99=VECTOR('',#754,1.);
#100=VECTOR('',#757,1.);
#101=VECTOR('',#760,1.);
#102=VECTOR('',#763,1.);
#103=VECTOR('',#766,1.);
#104=VECTOR('',#769,1.);
#105=VECTOR('',#774,10.);
#106=VECTOR('',#775,10.);
#107=VECTOR('',#776,1.00000000000009);
#108=VECTOR('',#777,10.);
#109=VECTOR('',#780,1.);
#110=VECTOR('',#781,1.);
#111=VECTOR('',#782,10.);
#112=VECTOR('',#785,10.);
#113=VECTOR('',#786,10.);
#114=VECTOR('',#789,1.);
#115=VECTOR('',#790,1.);
#116=VECTOR('',#795,1.);
#117=VECTOR('',#798,1.);
#118=VECTOR('',#799,1.);
#119=VECTOR('',#802,10.);
#120=VECTOR('',#803,10.);
#121=VECTOR('',#806,10.);
#122=VECTOR('',#807,1.00000000000009);
#123=VECTOR('',#810,1.);
#124=VECTOR('',#813,1.);
#125=B_SPLINE_CURVE_WITH_KNOTS('',3,(#823,#824,#825,#826,#827,#828),
 .UNSPECIFIED.,.F.,.F.,(4,2,4),(-1.17328876456118,-1.14707235452396,-1.06620151254989),
 .UNSPECIFIED.);
#126=B_SPLINE_CURVE_WITH_KNOTS('',3,(#829,#830,#831,#832,#833,#834,#835,
#836,#837,#838,#839,#840,#841,#842,#843,#844,#845,#846,#847,#848,#849,#850,
#851,#852,#853,#854,#855,#856,#857,#858,#859,#860,#861,#862,#863,#864,#865,
#866,#867,#868,#869,#870,#871,#872,#873),.UNSPECIFIED.,.F.,.F.,(4,2,2,2,
2,2,2,2,2,2,2,2,3,2,2,2,2,2,2,2,2,4),(-1.06620151254989,-1.03704819820596,
-0.930035851014532,-0.818094907398192,-0.717402499516897,-0.628899928140547,
-0.54099713603037,-0.443311220864494,-0.437540118100826,-0.326395488079441,
-0.214533191517018,-0.105967263118478,0.,0.0536838205329582,0.156062493480765,
0.24519181033576,0.332674625429384,0.430060831559815,0.441633962035575,
0.455109853841485,0.505637514519623,0.590617125278795),.UNSPECIFIED.);
#127=B_SPLINE_CURVE_WITH_KNOTS('',3,(#913,#914,#915,#916,#917,#918),
 .UNSPECIFIED.,.F.,.F.,(4,2,4),(-1.21851767125048,-0.609331882025458,-5.79481981083865E-5),
 .UNSPECIFIED.);
#128=B_SPLINE_CURVE_WITH_KNOTS('',3,(#920,#921,#922,#923,#924,#925,#926,
#927,#928,#929,#930,#931,#932,#933,#934,#935,#936,#937,#938,#939,#940,#941,
#942,#943,#944,#945,#946,#947),.UNSPECIFIED.,.F.,.F.,(4,2,2,2,2,2,2,2,2,
2,2,2,2,4),(4.21796588660591E-8,0.0778598425892551,0.177688931443566,0.21778252552812,
0.243868864978351,0.252068727807066,0.257246368706688,0.262038428616788,
0.268216520075783,0.27838914029583,0.333384792453337,0.435055574715073,
0.556108959015249,0.644134157105172),.UNSPECIFIED.);
#129=B_SPLINE_CURVE_WITH_KNOTS('',3,(#949,#950,#951,#952,#953,#954),
 .UNSPECIFIED.,.F.,.F.,(4,2,4),(6.48393159615922E-6,0.366705032253058,0.733380455697038),
 .UNSPECIFIED.);
#130=B_SPLINE_CURVE_WITH_KNOTS('',3,(#956,#957,#958,#959,#960,#961,#962,
#963,#964,#965,#966,#967),.UNSPECIFIED.,.F.,.F.,(4,2,2,2,2,4),(-0.644456701498774,
-0.5441619025504,-0.460404358096193,-0.310947313232762,-0.163488522441881,
-1.67620855343862E-6),.UNSPECIFIED.);
#131=B_SPLINE_CURVE_WITH_KNOTS('',3,(#969,#970,#971,#972,#973,#974),
 .UNSPECIFIED.,.F.,.F.,(4,2,4),(-1.21851767217931,-0.609331882252326,-5.79490702227941E-5),
 .UNSPECIFIED.);
#132=B_SPLINE_CURVE_WITH_KNOTS('',3,(#976,#977,#978,#979,#980,#981,#982,
#983,#984,#985,#986,#987,#988,#989,#990,#991,#992,#993,#994,#995,#996,#997,
#998,#999,#1000,#1001,#1002,#1003),.UNSPECIFIED.,.F.,.F.,(4,2,2,2,2,2,2,
2,2,2,2,2,2,4),(4.2178391681643E-8,0.0778598426252149,0.17768893147565,
0.217782525540344,0.243868864980627,0.252068727808348,0.257246368706587,
0.262038428612528,0.268216520066101,0.27838914028377,0.333384792459599,
0.43505557470786,0.556108958923573,0.644134156964464),.UNSPECIFIED.);
#133=B_SPLINE_CURVE_WITH_KNOTS('',3,(#1005,#1006,#1007,#1008,#1009,#1010),
 .UNSPECIFIED.,.F.,.F.,(4,2,4),(6.48401454567239E-6,0.366705032301497,0.733380455783938),
 .UNSPECIFIED.);
#134=B_SPLINE_CURVE_WITH_KNOTS('',3,(#1011,#1012,#1013,#1014,#1015,#1016,
#1017,#1018,#1019,#1020,#1021,#1022),.UNSPECIFIED.,.F.,.F.,(4,2,2,2,2,4),
(-0.644456701589939,-0.544161898541673,-0.46040435099019,-0.310947300279562,
-0.163488515762734,-1.67620818278287E-6),.UNSPECIFIED.);
#135=B_SPLINE_CURVE_WITH_KNOTS('',3,(#1062,#1063,#1064,#1065,#1066,#1067,
#1068,#1069,#1070,#1071),.UNSPECIFIED.,.F.,.F.,(4,2,2,2,4),(6.09362152790176E-6,
0.0516303711081519,0.102421792676282,0.153213214243467,0.204837491732784),
 .UNSPECIFIED.);
#136=B_SPLINE_CURVE_WITH_KNOTS('',3,(#1115,#1116,#1117,#1118,#1119,#1120,
#1121,#1122,#1123,#1124),.UNSPECIFIED.,.F.,.F.,(4,2,2,2,4),(4.54809762344783E-6,
0.0516288107864234,0.102420233210901,0.153211655636326,0.204835617289099),
 .UNSPECIFIED.);
#137=B_SPLINE_CURVE_WITH_KNOTS('',3,(#1167,#1168,#1169,#1170,#1171,#1172,
#1173,#1174,#1175,#1176),.UNSPECIFIED.,.F.,.F.,(4,2,2,2,4),(4.5481016048169E-6,
0.0516288107875355,0.102420233212782,0.153211655637096,0.204835617288686),
 .UNSPECIFIED.);
#138=B_SPLINE_CURVE_WITH_KNOTS('',3,(#1219,#1220,#1221,#1222,#1223,#1224,
#1225,#1226,#1227,#1228),.UNSPECIFIED.,.F.,.F.,(4,2,2,2,4),(4.54809761824658E-6,
0.0516288107864056,0.102420233210882,0.153211655636287,0.204835617288967),
 .UNSPECIFIED.);
#139=B_SPLINE_CURVE_WITH_KNOTS('',3,(#1283,#1284,#1285,#1286,#1287,#1288),
 .UNSPECIFIED.,.F.,.F.,(4,2,4),(-1.39891911586112,-0.699548300332257,-6.05167886600675E-5),
 .UNSPECIFIED.);
#140=B_SPLINE_CURVE_WITH_KNOTS('',3,(#1314,#1315,#1316,#1317,#1318,#1319,
#1320,#1321,#1322,#1323,#1324,#1325,#1326,#1327),.UNSPECIFIED.,.F.,.F.,
(4,2,2,2,2,2,4),(1.09941460157995E-5,0.00834776195337649,0.0172337828300708,
0.0258303536936705,0.0344277695303607,0.043313920616541,0.0516440732203258),
 .UNSPECIFIED.);
#141=B_SPLINE_CURVE_WITH_KNOTS('',3,(#1329,#1330,#1331,#1332,#1333,#1334,
#1335,#1336,#1337,#1338),.UNSPECIFIED.,.F.,.F.,(4,2,2,2,4),(1.39142031145563E-11,
0.0149530420226378,0.0363464745789498,0.0874560067572387,0.184085242767431),
 .UNSPECIFIED.);
#142=B_SPLINE_CURVE_WITH_KNOTS('',3,(#1341,#1342,#1343,#1344,#1345,#1346,
#1347,#1348,#1349,#1350,#1351,#1352,#1353,#1354),.UNSPECIFIED.,.F.,.F.,
(4,2,2,2,2,2,4),(-0.466974513595861,-0.395873225031303,-0.336238788729898,
-0.228869347685697,-0.11983550669663,-0.0627244468821212,-1.71038166739874E-6),
 .UNSPECIFIED.);
#143=B_SPLINE_CURVE_WITH_KNOTS('',3,(#1355,#1356,#1357,#1358,#1359,#1360,
#1361,#1362,#1363,#1364),.UNSPECIFIED.,.F.,.F.,(4,2,2,2,4),(6.78841783050322E-6,
0.0988260148966146,0.151094393073144,0.172973194166797,0.188265693941293),
 .UNSPECIFIED.);
#144=B_SPLINE_CURVE_WITH_KNOTS('',3,(#1367,#1368,#1369,#1370,#1371,#1372,
#1373,#1374,#1375,#1376),.UNSPECIFIED.,.F.,.F.,(4,2,2,2,4),(2.0450306278764E-13,
0.0149663455168246,0.0364065150494078,0.0874594089441153,0.184091350978017),
 .UNSPECIFIED.);
#145=B_SPLINE_CURVE_WITH_KNOTS('',3,(#1398,#1399,#1400,#1401,#1402,#1403,
#1404,#1405,#1406,#1407,#1408,#1409,#1410,#1411),.UNSPECIFIED.,.F.,.F.,
(4,2,2,2,2,2,4),(1.09941471829219E-5,0.00835177754643043,0.0172344605912292,
0.0258303279748465,0.0344270348536662,0.0433111518637393,0.051654732172963),
 .UNSPECIFIED.);
#146=B_SPLINE_CURVE_WITH_KNOTS('',3,(#1413,#1414,#1415,#1416,#1417,#1418,
#1419,#1420,#1421,#1422,#1423,#1424,#1425,#1426,#1427,#1428,#1429,#1430,
#1431,#1432,#1433,#1434,#1435,#1436,#1437,#1438,#1439,#1440,#1441,#1442),
 .UNSPECIFIED.,.F.,.F.,(4,2,2,2,2,2,2,2,2,2,2,2,2,2,4),(-0.46657846616189,
-0.403212039471565,-0.313997764662841,-0.238162311198863,-0.225449742909804,
-0.214992358280414,-0.20912587913596,-0.193910921026081,-0.188038134666519,
-0.184524856206464,-0.180812469671913,-0.175930243996561,-0.165461519630119,
-0.0682402296429629,-1.48621119300252E-8),.UNSPECIFIED.);
#147=B_SPLINE_CURVE_WITH_KNOTS('',3,(#1445,#1446,#1447,#1448,#1449,#1450,
#1451,#1452,#1453,#1454),.UNSPECIFIED.,.F.,.F.,(4,2,2,2,4),(1.99566763381553E-5,
0.0988283799214209,0.151037388012862,0.172963383084003,0.18826906741741),
 .UNSPECIFIED.);
#148=B_SPLINE_CURVE_WITH_KNOTS('',3,(#1492,#1493,#1494,#1495,#1496,#1497),
 .UNSPECIFIED.,.F.,.F.,(4,2,4),(-0.918051760732794,-0.458970979710417,-3.53716115787771E-6),
 .UNSPECIFIED.);
#149=B_SPLINE_CURVE_WITH_KNOTS('',3,(#1499,#1500,#1501,#1502,#1503,#1504,
#1505,#1506,#1507,#1508,#1509,#1510,#1511,#1512,#1513,#1514,#1515,#1516,
#1517,#1518,#1519,#1520,#1521,#1522,#1523,#1524,#1525,#1526,#1527,#1528),
 .UNSPECIFIED.,.F.,.F.,(4,2,2,2,2,2,2,2,2,2,2,2,2,2,4),(-0.466578466245722,
-0.40321204031169,-0.313997767229384,-0.23816231207105,-0.225449744318094,
-0.214992357539718,-0.209125879229143,-0.193910921093028,-0.188038134726532,
-0.184524856265049,-0.180812469724985,-0.17593024404535,-0.165461519679872,
-0.0682402296499097,-1.48546924205739E-8),.UNSPECIFIED.);
#150=B_SPLINE_CURVE_WITH_KNOTS('',3,(#1530,#1531,#1532,#1533,#1534,#1535),
 .UNSPECIFIED.,.F.,.F.,(4,2,4),(-1.39891911580468,-0.699548300323295,-6.05167862434637E-5),
 .UNSPECIFIED.);
#151=B_SPLINE_CURVE_WITH_KNOTS('',3,(#1537,#1538,#1539,#1540,#1541,#1542,
#1543,#1544,#1545,#1546,#1547,#1548,#1549,#1550),.UNSPECIFIED.,.F.,.F.,
(4,2,2,2,2,2,4),(-0.466974513650853,-0.395873225552946,-0.336238789607945,
-0.228869349247466,-0.119835507493125,-0.062724447305649,-1.71037636559524E-6),
 .UNSPECIFIED.);
#152=B_SPLINE_CURVE_WITH_KNOTS('',3,(#1551,#1552,#1553,#1554,#1555,#1556),
 .UNSPECIFIED.,.F.,.F.,(4,2,4),(-0.918051760738367,-0.458970979710823,-3.53712837603523E-6),
 .UNSPECIFIED.);
#153=B_SPLINE_CURVE_WITH_KNOTS('',3,(#1565,#1566,#1567,#1568,#1569,#1570,
#1571,#1572,#1573,#1574),.UNSPECIFIED.,.F.,.F.,(4,2,2,2,4),(-0.18826670195111,
-0.172961507586211,-0.151036591199507,-0.0988310681367508,-6.78841974301105E-6),
 .UNSPECIFIED.);
#154=B_SPLINE_CURVE_WITH_KNOTS('',3,(#1583,#1584,#1585,#1586,#1587,#1588,
#1589,#1590,#1591,#1592),.UNSPECIFIED.,.F.,.F.,(4,2,2,2,4),(5.79125636293936E-12,
0.014953041892325,0.0363464742216839,0.0874560056340547,0.184085242702038),
 .UNSPECIFIED.);
#155=B_SPLINE_CURVE_WITH_KNOTS('',3,(#1614,#1615,#1616,#1617,#1618,#1619,
#1620,#1621,#1622,#1623,#1624,#1625,#1626,#1627),.UNSPECIFIED.,.F.,.F.,
(4,2,2,2,2,2,4),(1.17271290073372E-5,0.0083594358273969,0.017250815458448,
0.0258467570398064,0.0344435381220355,0.0433264253787697,0.0516606736633721),
 .UNSPECIFIED.);
#156=B_SPLINE_CURVE_WITH_KNOTS('',3,(#1629,#1630,#1631,#1632,#1633,#1634,
#1635,#1636,#1637,#1638),.UNSPECIFIED.,.F.,.F.,(4,2,2,2,4),(2.53852491756507E-12,
0.0149663456057851,0.0364065153359368,0.0874594100159164,0.184075407858572),
 .UNSPECIFIED.);
#157=B_SPLINE_CURVE_WITH_KNOTS('',3,(#1663,#1664,#1665,#1666,#1667,#1668,
#1669,#1670,#1671,#1672,#1673,#1674,#1675,#1676),.UNSPECIFIED.,.F.,.F.,
(4,2,2,2,2,2,4),(1.09941530494072E-5,0.00834776194992381,0.0172337828238315,
0.0258303536884165,0.034427769524435,0.0433152282340151,0.0516547836124257),
 .UNSPECIFIED.);
#158=B_SPLINE_CURVE_WITH_KNOTS('',3,(#1677,#1678,#1679,#1680,#1681,#1682,
#1683,#1684,#1685,#1686),.UNSPECIFIED.,.F.,.F.,(4,2,2,2,4),(-0.188268121377538,
-0.172976102691182,-0.151098365288298,-0.0988334319108743,-1.99566807646731E-5),
 .UNSPECIFIED.);
#159=CYLINDRICAL_SURFACE('',#659,2.8);
#160=CYLINDRICAL_SURFACE('',#664,1.30015820542);
#161=CYLINDRICAL_SURFACE('',#667,1.30015820542);
#162=CYLINDRICAL_SURFACE('',#670,1.30015820542);
#163=CYLINDRICAL_SURFACE('',#673,1.30015820542);
#164=CYLINDRICAL_SURFACE('',#685,0.300158205423);
#165=CYLINDRICAL_SURFACE('',#686,0.300158205423);
#166=CYLINDRICAL_SURFACE('',#690,0.300158205423);
#167=CYLINDRICAL_SURFACE('',#691,0.300158205423);
#168=FACE_OUTER_BOUND('',#205,.T.);
#169=FACE_OUTER_BOUND('',#206,.T.);
#170=FACE_OUTER_BOUND('',#207,.T.);
#171=FACE_OUTER_BOUND('',#208,.T.);
#172=FACE_OUTER_BOUND('',#209,.T.);
#173=FACE_OUTER_BOUND('',#210,.T.);
#174=FACE_OUTER_BOUND('',#211,.T.);
#175=FACE_OUTER_BOUND('',#212,.T.);
#176=FACE_OUTER_BOUND('',#213,.T.);
#177=FACE_OUTER_BOUND('',#214,.T.);
#178=FACE_OUTER_BOUND('',#215,.T.);
#179=FACE_OUTER_BOUND('',#216,.T.);
#180=FACE_OUTER_BOUND('',#217,.T.);
#181=FACE_OUTER_BOUND('',#218,.T.);
#182=FACE_OUTER_BOUND('',#219,.T.);
#183=FACE_OUTER_BOUND('',#220,.T.);
#184=FACE_OUTER_BOUND('',#221,.T.);
#185=FACE_OUTER_BOUND('',#222,.T.);
#186=FACE_OUTER_BOUND('',#223,.T.);
#187=FACE_OUTER_BOUND('',#224,.T.);
#188=FACE_OUTER_BOUND('',#226,.T.);
#189=FACE_OUTER_BOUND('',#227,.T.);
#190=FACE_OUTER_BOUND('',#228,.T.);
#191=FACE_OUTER_BOUND('',#229,.T.);
#192=FACE_OUTER_BOUND('',#230,.T.);
#193=FACE_OUTER_BOUND('',#232,.T.);
#194=FACE_OUTER_BOUND('',#233,.T.);
#195=FACE_OUTER_BOUND('',#234,.T.);
#196=FACE_OUTER_BOUND('',#235,.T.);
#197=FACE_OUTER_BOUND('',#236,.T.);
#198=FACE_OUTER_BOUND('',#237,.T.);
#199=FACE_OUTER_BOUND('',#238,.T.);
#200=FACE_OUTER_BOUND('',#239,.T.);
#201=FACE_OUTER_BOUND('',#240,.T.);
#202=FACE_OUTER_BOUND('',#241,.T.);
#203=FACE_OUTER_BOUND('',#242,.T.);
#204=FACE_OUTER_BOUND('',#243,.T.);
#205=EDGE_LOOP('',(#404));
#206=EDGE_LOOP('',(#405,#406,#407,#408,#409));
#207=EDGE_LOOP('',(#410,#411,#412,#413,#414,#415,#416,#417));
#208=EDGE_LOOP('',(#418,#419,#420,#421));
#209=EDGE_LOOP('',(#422,#423,#424,#425));
#210=EDGE_LOOP('',(#426,#427,#428,#429));
#211=EDGE_LOOP('',(#430,#431,#432,#433));
#212=EDGE_LOOP('',(#434,#435,#436,#437));
#213=EDGE_LOOP('',(#438,#439,#440,#441));
#214=EDGE_LOOP('',(#442,#443,#444,#445));
#215=EDGE_LOOP('',(#446,#447,#448,#449));
#216=EDGE_LOOP('',(#450,#451,#452,#453));
#217=EDGE_LOOP('',(#454,#455,#456,#457));
#218=EDGE_LOOP('',(#458,#459,#460,#461));
#219=EDGE_LOOP('',(#462,#463,#464,#465));
#220=EDGE_LOOP('',(#466,#467,#468,#469));
#221=EDGE_LOOP('',(#470,#471,#472,#473));
#222=EDGE_LOOP('',(#474,#475,#476,#477));
#223=EDGE_LOOP('',(#478,#479,#480,#481));
#224=EDGE_LOOP('',(#482,#483,#484,#485,#486,#487,#488,#489));
#225=EDGE_LOOP('',(#490,#491,#492,#493,#494,#495,#496,#497));
#226=EDGE_LOOP('',(#498,#499,#500,#501));
#227=EDGE_LOOP('',(#502,#503,#504,#505,#506,#507));
#228=EDGE_LOOP('',(#508,#509,#510,#511,#512,#513));
#229=EDGE_LOOP('',(#514,#515,#516,#517,#518,#519));
#230=EDGE_LOOP('',(#520,#521,#522,#523,#524,#525,#526,#527));
#231=EDGE_LOOP('',(#528,#529));
#232=EDGE_LOOP('',(#530,#531,#532,#533));
#233=EDGE_LOOP('',(#534,#535,#536,#537,#538,#539));
#234=EDGE_LOOP('',(#540,#541,#542,#543));
#235=EDGE_LOOP('',(#544,#545,#546,#547));
#236=EDGE_LOOP('',(#548,#549,#550,#551,#552,#553));
#237=EDGE_LOOP('',(#554,#555,#556,#557));
#238=EDGE_LOOP('',(#558,#559,#560,#561,#562,#563));
#239=EDGE_LOOP('',(#564,#565,#566,#567));
#240=EDGE_LOOP('',(#568,#569,#570,#571,#572,#573));
#241=EDGE_LOOP('',(#574,#575,#576,#577));
#242=EDGE_LOOP('',(#578,#579,#580,#581));
#243=EDGE_LOOP('',(#582,#583,#584,#585,#586,#587));
#244=CIRCLE('',#658,2.8);
#245=CIRCLE('',#665,1.30015820542);
#246=CIRCLE('',#668,1.30015820542);
#247=CIRCLE('',#671,1.30015820542);
#248=CIRCLE('',#674,1.30015820542);
#249=CIRCLE('',#677,0.300158205423);
#250=CIRCLE('',#678,0.300158205423);
#251=CIRCLE('',#679,0.300158205423);
#252=CIRCLE('',#680,0.300158205423);
#253=VERTEX_POINT('',#818);
#254=VERTEX_POINT('',#821);
#255=VERTEX_POINT('',#822);
#256=VERTEX_POINT('',#911);
#257=VERTEX_POINT('',#912);
#258=VERTEX_POINT('',#919);
#259=VERTEX_POINT('',#948);
#260=VERTEX_POINT('',#955);
#261=VERTEX_POINT('',#968);
#262=VERTEX_POINT('',#975);
#263=VERTEX_POINT('',#1004);
#264=VERTEX_POINT('',#1059);
#265=VERTEX_POINT('',#1061);
#266=VERTEX_POINT('',#1074);
#267=VERTEX_POINT('',#1113);
#268=VERTEX_POINT('',#1126);
#269=VERTEX_POINT('',#1165);
#270=VERTEX_POINT('',#1178);
#271=VERTEX_POINT('',#1217);
#272=VERTEX_POINT('',#1232);
#273=VERTEX_POINT('',#1233);
#274=VERTEX_POINT('',#1238);
#275=VERTEX_POINT('',#1242);
#276=VERTEX_POINT('',#1246);
#277=VERTEX_POINT('',#1250);
#278=VERTEX_POINT('',#1254);
#279=VERTEX_POINT('',#1258);
#280=VERTEX_POINT('',#1264);
#281=VERTEX_POINT('',#1265);
#282=VERTEX_POINT('',#1267);
#283=VERTEX_POINT('',#1269);
#284=VERTEX_POINT('',#1271);
#285=VERTEX_POINT('',#1273);
#286=VERTEX_POINT('',#1275);
#287=VERTEX_POINT('',#1277);
#288=VERTEX_POINT('',#1281);
#289=VERTEX_POINT('',#1282);
#290=VERTEX_POINT('',#1289);
#291=VERTEX_POINT('',#1291);
#292=VERTEX_POINT('',#1312);
#293=VERTEX_POINT('',#1313);
#294=VERTEX_POINT('',#1328);
#295=VERTEX_POINT('',#1339);
#296=VERTEX_POINT('',#1366);
#297=VERTEX_POINT('',#1397);
#298=VERTEX_POINT('',#1412);
#299=VERTEX_POINT('',#1443);
#300=VERTEX_POINT('',#1491);
#301=VERTEX_POINT('',#1498);
#302=VERTEX_POINT('',#1529);
#303=VERTEX_POINT('',#1536);
#304=VERTEX_POINT('',#1558);
#305=VERTEX_POINT('',#1563);
#306=VERTEX_POINT('',#1579);
#307=VERTEX_POINT('',#1581);
#308=VERTEX_POINT('',#1613);
#309=VERTEX_POINT('',#1628);
#310=VERTEX_POINT('',#1641);
#311=VERTEX_POINT('',#1662);
#312=EDGE_CURVE('',#253,#253,#244,.T.);
#313=EDGE_CURVE('',#254,#255,#125,.T.);
#314=EDGE_CURVE('',#255,#254,#126,.T.);
#315=EDGE_CURVE('',#255,#253,#27,.T.);
#316=EDGE_CURVE('',#256,#257,#127,.T.);
#317=EDGE_CURVE('',#256,#258,#128,.T.);
#318=EDGE_CURVE('',#258,#259,#129,.T.);
#319=EDGE_CURVE('',#260,#259,#130,.T.);
#320=EDGE_CURVE('',#261,#260,#131,.T.);
#321=EDGE_CURVE('',#261,#262,#132,.T.);
#322=EDGE_CURVE('',#262,#263,#133,.T.);
#323=EDGE_CURVE('',#257,#263,#134,.T.);
#324=EDGE_CURVE('',#263,#264,#28,.T.);
#325=EDGE_CURVE('',#264,#265,#135,.T.);
#326=EDGE_CURVE('',#257,#265,#29,.T.);
#327=EDGE_CURVE('',#262,#266,#30,.T.);
#328=EDGE_CURVE('',#264,#266,#31,.T.);
#329=EDGE_CURVE('',#261,#267,#32,.T.);
#330=EDGE_CURVE('',#267,#266,#136,.T.);
#331=EDGE_CURVE('',#260,#268,#33,.T.);
#332=EDGE_CURVE('',#267,#268,#34,.T.);
#333=EDGE_CURVE('',#259,#269,#35,.T.);
#334=EDGE_CURVE('',#269,#268,#137,.T.);
#335=EDGE_CURVE('',#258,#270,#36,.T.);
#336=EDGE_CURVE('',#269,#270,#37,.T.);
#337=EDGE_CURVE('',#256,#271,#38,.T.);
#338=EDGE_CURVE('',#271,#270,#138,.T.);
#339=EDGE_CURVE('',#271,#265,#39,.T.);
#340=EDGE_CURVE('',#272,#273,#245,.T.);
#341=EDGE_CURVE('',#265,#273,#40,.F.);
#342=EDGE_CURVE('',#264,#272,#41,.F.);
#343=EDGE_CURVE('',#272,#274,#42,.T.);
#344=EDGE_CURVE('',#266,#274,#43,.T.);
#345=EDGE_CURVE('',#275,#274,#246,.T.);
#346=EDGE_CURVE('',#267,#275,#44,.F.);
#347=EDGE_CURVE('',#275,#276,#45,.T.);
#348=EDGE_CURVE('',#268,#276,#46,.T.);
#349=EDGE_CURVE('',#277,#276,#247,.T.);
#350=EDGE_CURVE('',#269,#277,#47,.F.);
#351=EDGE_CURVE('',#277,#278,#48,.T.);
#352=EDGE_CURVE('',#270,#278,#49,.T.);
#353=EDGE_CURVE('',#279,#278,#248,.T.);
#354=EDGE_CURVE('',#271,#279,#50,.F.);
#355=EDGE_CURVE('',#279,#273,#51,.T.);
#356=EDGE_CURVE('',#280,#281,#52,.T.);
#357=EDGE_CURVE('',#282,#281,#249,.F.);
#358=EDGE_CURVE('',#283,#282,#53,.T.);
#359=EDGE_CURVE('',#284,#283,#250,.F.);
#360=EDGE_CURVE('',#285,#284,#54,.T.);
#361=EDGE_CURVE('',#286,#285,#251,.F.);
#362=EDGE_CURVE('',#287,#286,#55,.T.);
#363=EDGE_CURVE('',#287,#280,#252,.T.);
#364=EDGE_CURVE('',#288,#289,#139,.T.);
#365=EDGE_CURVE('',#288,#290,#56,.T.);
#366=EDGE_CURVE('',#291,#290,#57,.T.);
#367=EDGE_CURVE('',#289,#291,#58,.T.);
#368=EDGE_CURVE('',#292,#293,#140,.T.);
#369=EDGE_CURVE('',#294,#292,#141,.T.);
#370=EDGE_CURVE('',#295,#294,#59,.T.);
#371=EDGE_CURVE('',#289,#295,#142,.T.);
#372=EDGE_CURVE('',#293,#291,#143,.T.);
#373=EDGE_CURVE('',#290,#296,#144,.T.);
#374=EDGE_CURVE('',#296,#281,#60,.T.);
#375=EDGE_CURVE('',#293,#280,#61,.T.);
#376=EDGE_CURVE('',#296,#297,#145,.T.);
#377=EDGE_CURVE('',#298,#288,#146,.T.);
#378=EDGE_CURVE('',#298,#299,#62,.T.);
#379=EDGE_CURVE('',#297,#299,#147,.T.);
#380=EDGE_CURVE('',#295,#300,#148,.T.);
#381=EDGE_CURVE('',#300,#301,#149,.T.);
#382=EDGE_CURVE('',#301,#302,#150,.T.);
#383=EDGE_CURVE('',#302,#303,#151,.T.);
#384=EDGE_CURVE('',#303,#298,#152,.T.);
#385=EDGE_CURVE('',#304,#294,#63,.T.);
#386=EDGE_CURVE('',#300,#304,#64,.T.);
#387=EDGE_CURVE('',#292,#287,#65,.T.);
#388=EDGE_CURVE('',#305,#286,#66,.T.);
#389=EDGE_CURVE('',#304,#305,#153,.T.);
#390=EDGE_CURVE('',#297,#282,#67,.F.);
#391=EDGE_CURVE('',#306,#283,#68,.T.);
#392=EDGE_CURVE('',#299,#307,#69,.T.);
#393=EDGE_CURVE('',#307,#306,#154,.T.);
#394=EDGE_CURVE('',#303,#307,#70,.T.);
#395=EDGE_CURVE('',#308,#305,#155,.T.);
#396=EDGE_CURVE('',#309,#308,#156,.T.);
#397=EDGE_CURVE('',#301,#309,#71,.T.);
#398=EDGE_CURVE('',#310,#309,#72,.T.);
#399=EDGE_CURVE('',#302,#310,#73,.T.);
#400=EDGE_CURVE('',#306,#311,#157,.T.);
#401=EDGE_CURVE('',#310,#311,#158,.T.);
#402=EDGE_CURVE('',#308,#285,#74,.F.);
#403=EDGE_CURVE('',#311,#284,#75,.F.);
#404=ORIENTED_EDGE('',*,*,#312,.T.);
#405=ORIENTED_EDGE('',*,*,#313,.F.);
#406=ORIENTED_EDGE('',*,*,#314,.F.);
#407=ORIENTED_EDGE('',*,*,#315,.T.);
#408=ORIENTED_EDGE('',*,*,#312,.F.);
#409=ORIENTED_EDGE('',*,*,#315,.F.);
#410=ORIENTED_EDGE('',*,*,#316,.F.);
#411=ORIENTED_EDGE('',*,*,#317,.T.);
#412=ORIENTED_EDGE('',*,*,#318,.T.);
#413=ORIENTED_EDGE('',*,*,#319,.F.);
#414=ORIENTED_EDGE('',*,*,#320,.F.);
#415=ORIENTED_EDGE('',*,*,#321,.T.);
#416=ORIENTED_EDGE('',*,*,#322,.T.);
#417=ORIENTED_EDGE('',*,*,#323,.F.);
#418=ORIENTED_EDGE('',*,*,#324,.T.);
#419=ORIENTED_EDGE('',*,*,#325,.T.);
#420=ORIENTED_EDGE('',*,*,#326,.F.);
#421=ORIENTED_EDGE('',*,*,#323,.T.);
#422=ORIENTED_EDGE('',*,*,#327,.T.);
#423=ORIENTED_EDGE('',*,*,#328,.F.);
#424=ORIENTED_EDGE('',*,*,#324,.F.);
#425=ORIENTED_EDGE('',*,*,#322,.F.);
#426=ORIENTED_EDGE('',*,*,#329,.T.);
#427=ORIENTED_EDGE('',*,*,#330,.T.);
#428=ORIENTED_EDGE('',*,*,#327,.F.);
#429=ORIENTED_EDGE('',*,*,#321,.F.);
#430=ORIENTED_EDGE('',*,*,#331,.T.);
#431=ORIENTED_EDGE('',*,*,#332,.F.);
#432=ORIENTED_EDGE('',*,*,#329,.F.);
#433=ORIENTED_EDGE('',*,*,#320,.T.);
#434=ORIENTED_EDGE('',*,*,#333,.T.);
#435=ORIENTED_EDGE('',*,*,#334,.T.);
#436=ORIENTED_EDGE('',*,*,#331,.F.);
#437=ORIENTED_EDGE('',*,*,#319,.T.);
#438=ORIENTED_EDGE('',*,*,#335,.T.);
#439=ORIENTED_EDGE('',*,*,#336,.F.);
#440=ORIENTED_EDGE('',*,*,#333,.F.);
#441=ORIENTED_EDGE('',*,*,#318,.F.);
#442=ORIENTED_EDGE('',*,*,#337,.T.);
#443=ORIENTED_EDGE('',*,*,#338,.T.);
#444=ORIENTED_EDGE('',*,*,#335,.F.);
#445=ORIENTED_EDGE('',*,*,#317,.F.);
#446=ORIENTED_EDGE('',*,*,#326,.T.);
#447=ORIENTED_EDGE('',*,*,#339,.F.);
#448=ORIENTED_EDGE('',*,*,#337,.F.);
#449=ORIENTED_EDGE('',*,*,#316,.T.);
#450=ORIENTED_EDGE('',*,*,#340,.T.);
#451=ORIENTED_EDGE('',*,*,#341,.F.);
#452=ORIENTED_EDGE('',*,*,#325,.F.);
#453=ORIENTED_EDGE('',*,*,#342,.T.);
#454=ORIENTED_EDGE('',*,*,#343,.F.);
#455=ORIENTED_EDGE('',*,*,#342,.F.);
#456=ORIENTED_EDGE('',*,*,#328,.T.);
#457=ORIENTED_EDGE('',*,*,#344,.T.);
#458=ORIENTED_EDGE('',*,*,#345,.T.);
#459=ORIENTED_EDGE('',*,*,#344,.F.);
#460=ORIENTED_EDGE('',*,*,#330,.F.);
#461=ORIENTED_EDGE('',*,*,#346,.T.);
#462=ORIENTED_EDGE('',*,*,#347,.F.);
#463=ORIENTED_EDGE('',*,*,#346,.F.);
#464=ORIENTED_EDGE('',*,*,#332,.T.);
#465=ORIENTED_EDGE('',*,*,#348,.T.);
#466=ORIENTED_EDGE('',*,*,#349,.T.);
#467=ORIENTED_EDGE('',*,*,#348,.F.);
#468=ORIENTED_EDGE('',*,*,#334,.F.);
#469=ORIENTED_EDGE('',*,*,#350,.T.);
#470=ORIENTED_EDGE('',*,*,#351,.F.);
#471=ORIENTED_EDGE('',*,*,#350,.F.);
#472=ORIENTED_EDGE('',*,*,#336,.T.);
#473=ORIENTED_EDGE('',*,*,#352,.T.);
#474=ORIENTED_EDGE('',*,*,#353,.T.);
#475=ORIENTED_EDGE('',*,*,#352,.F.);
#476=ORIENTED_EDGE('',*,*,#338,.F.);
#477=ORIENTED_EDGE('',*,*,#354,.T.);
#478=ORIENTED_EDGE('',*,*,#355,.F.);
#479=ORIENTED_EDGE('',*,*,#354,.F.);
#480=ORIENTED_EDGE('',*,*,#339,.T.);
#481=ORIENTED_EDGE('',*,*,#341,.T.);
#482=ORIENTED_EDGE('',*,*,#343,.T.);
#483=ORIENTED_EDGE('',*,*,#345,.F.);
#484=ORIENTED_EDGE('',*,*,#347,.T.);
#485=ORIENTED_EDGE('',*,*,#349,.F.);
#486=ORIENTED_EDGE('',*,*,#351,.T.);
#487=ORIENTED_EDGE('',*,*,#353,.F.);
#488=ORIENTED_EDGE('',*,*,#355,.T.);
#489=ORIENTED_EDGE('',*,*,#340,.F.);
#490=ORIENTED_EDGE('',*,*,#356,.T.);
#491=ORIENTED_EDGE('',*,*,#357,.F.);
#492=ORIENTED_EDGE('',*,*,#358,.F.);
#493=ORIENTED_EDGE('',*,*,#359,.F.);
#494=ORIENTED_EDGE('',*,*,#360,.F.);
#495=ORIENTED_EDGE('',*,*,#361,.F.);
#496=ORIENTED_EDGE('',*,*,#362,.F.);
#497=ORIENTED_EDGE('',*,*,#363,.T.);
#498=ORIENTED_EDGE('',*,*,#364,.F.);
#499=ORIENTED_EDGE('',*,*,#365,.T.);
#500=ORIENTED_EDGE('',*,*,#366,.F.);
#501=ORIENTED_EDGE('',*,*,#367,.F.);
#502=ORIENTED_EDGE('',*,*,#368,.F.);
#503=ORIENTED_EDGE('',*,*,#369,.F.);
#504=ORIENTED_EDGE('',*,*,#370,.F.);
#505=ORIENTED_EDGE('',*,*,#371,.F.);
#506=ORIENTED_EDGE('',*,*,#367,.T.);
#507=ORIENTED_EDGE('',*,*,#372,.F.);
#508=ORIENTED_EDGE('',*,*,#372,.T.);
#509=ORIENTED_EDGE('',*,*,#366,.T.);
#510=ORIENTED_EDGE('',*,*,#373,.T.);
#511=ORIENTED_EDGE('',*,*,#374,.T.);
#512=ORIENTED_EDGE('',*,*,#356,.F.);
#513=ORIENTED_EDGE('',*,*,#375,.F.);
#514=ORIENTED_EDGE('',*,*,#376,.F.);
#515=ORIENTED_EDGE('',*,*,#373,.F.);
#516=ORIENTED_EDGE('',*,*,#365,.F.);
#517=ORIENTED_EDGE('',*,*,#377,.F.);
#518=ORIENTED_EDGE('',*,*,#378,.T.);
#519=ORIENTED_EDGE('',*,*,#379,.F.);
#520=ORIENTED_EDGE('',*,*,#364,.T.);
#521=ORIENTED_EDGE('',*,*,#371,.T.);
#522=ORIENTED_EDGE('',*,*,#380,.T.);
#523=ORIENTED_EDGE('',*,*,#381,.T.);
#524=ORIENTED_EDGE('',*,*,#382,.T.);
#525=ORIENTED_EDGE('',*,*,#383,.T.);
#526=ORIENTED_EDGE('',*,*,#384,.T.);
#527=ORIENTED_EDGE('',*,*,#377,.T.);
#528=ORIENTED_EDGE('',*,*,#313,.T.);
#529=ORIENTED_EDGE('',*,*,#314,.T.);
#530=ORIENTED_EDGE('',*,*,#370,.T.);
#531=ORIENTED_EDGE('',*,*,#385,.F.);
#532=ORIENTED_EDGE('',*,*,#386,.F.);
#533=ORIENTED_EDGE('',*,*,#380,.F.);
#534=ORIENTED_EDGE('',*,*,#387,.T.);
#535=ORIENTED_EDGE('',*,*,#362,.T.);
#536=ORIENTED_EDGE('',*,*,#388,.F.);
#537=ORIENTED_EDGE('',*,*,#389,.F.);
#538=ORIENTED_EDGE('',*,*,#385,.T.);
#539=ORIENTED_EDGE('',*,*,#369,.T.);
#540=ORIENTED_EDGE('',*,*,#375,.T.);
#541=ORIENTED_EDGE('',*,*,#363,.F.);
#542=ORIENTED_EDGE('',*,*,#387,.F.);
#543=ORIENTED_EDGE('',*,*,#368,.T.);
#544=ORIENTED_EDGE('',*,*,#376,.T.);
#545=ORIENTED_EDGE('',*,*,#390,.T.);
#546=ORIENTED_EDGE('',*,*,#357,.T.);
#547=ORIENTED_EDGE('',*,*,#374,.F.);
#548=ORIENTED_EDGE('',*,*,#391,.T.);
#549=ORIENTED_EDGE('',*,*,#358,.T.);
#550=ORIENTED_EDGE('',*,*,#390,.F.);
#551=ORIENTED_EDGE('',*,*,#379,.T.);
#552=ORIENTED_EDGE('',*,*,#392,.T.);
#553=ORIENTED_EDGE('',*,*,#393,.T.);
#554=ORIENTED_EDGE('',*,*,#384,.F.);
#555=ORIENTED_EDGE('',*,*,#394,.T.);
#556=ORIENTED_EDGE('',*,*,#392,.F.);
#557=ORIENTED_EDGE('',*,*,#378,.F.);
#558=ORIENTED_EDGE('',*,*,#395,.F.);
#559=ORIENTED_EDGE('',*,*,#396,.F.);
#560=ORIENTED_EDGE('',*,*,#397,.F.);
#561=ORIENTED_EDGE('',*,*,#381,.F.);
#562=ORIENTED_EDGE('',*,*,#386,.T.);
#563=ORIENTED_EDGE('',*,*,#389,.T.);
#564=ORIENTED_EDGE('',*,*,#397,.T.);
#565=ORIENTED_EDGE('',*,*,#398,.F.);
#566=ORIENTED_EDGE('',*,*,#399,.F.);
#567=ORIENTED_EDGE('',*,*,#382,.F.);
#568=ORIENTED_EDGE('',*,*,#400,.F.);
#569=ORIENTED_EDGE('',*,*,#393,.F.);
#570=ORIENTED_EDGE('',*,*,#394,.F.);
#571=ORIENTED_EDGE('',*,*,#383,.F.);
#572=ORIENTED_EDGE('',*,*,#399,.T.);
#573=ORIENTED_EDGE('',*,*,#401,.T.);
#574=ORIENTED_EDGE('',*,*,#395,.T.);
#575=ORIENTED_EDGE('',*,*,#388,.T.);
#576=ORIENTED_EDGE('',*,*,#361,.T.);
#577=ORIENTED_EDGE('',*,*,#402,.F.);
#578=ORIENTED_EDGE('',*,*,#400,.T.);
#579=ORIENTED_EDGE('',*,*,#403,.T.);
#580=ORIENTED_EDGE('',*,*,#359,.T.);
#581=ORIENTED_EDGE('',*,*,#391,.F.);
#582=ORIENTED_EDGE('',*,*,#402,.T.);
#583=ORIENTED_EDGE('',*,*,#360,.T.);
#584=ORIENTED_EDGE('',*,*,#403,.F.);
#585=ORIENTED_EDGE('',*,*,#401,.F.);
#586=ORIENTED_EDGE('',*,*,#398,.T.);
#587=ORIENTED_EDGE('',*,*,#396,.T.);
#588=PLANE('',#657);
#589=PLANE('',#660);
#590=PLANE('',#661);
#591=PLANE('',#662);
#592=PLANE('',#663);
#593=PLANE('',#666);
#594=PLANE('',#669);
#595=PLANE('',#672);
#596=PLANE('',#675);
#597=PLANE('',#676);
#598=PLANE('',#681);
#599=PLANE('',#682);
#600=PLANE('',#683);
#601=PLANE('',#684);
#602=PLANE('',#687);
#603=PLANE('',#688);
#604=PLANE('',#689);
#605=PLANE('',#692);
#606=ADVANCED_FACE('',(#168),#588,.F.);
#607=ADVANCED_FACE('',(#169),#159,.T.);
#608=ADVANCED_FACE('',(#170),#25,.T.);
#609=ADVANCED_FACE('',(#171),#17,.T.);
#610=ADVANCED_FACE('',(#172),#589,.T.);
#611=ADVANCED_FACE('',(#173),#18,.T.);
#612=ADVANCED_FACE('',(#174),#590,.T.);
#613=ADVANCED_FACE('',(#175),#19,.T.);
#614=ADVANCED_FACE('',(#176),#591,.T.);
#615=ADVANCED_FACE('',(#177),#20,.T.);
#616=ADVANCED_FACE('',(#178),#592,.T.);
#617=ADVANCED_FACE('',(#179),#160,.T.);
#618=ADVANCED_FACE('',(#180),#593,.T.);
#619=ADVANCED_FACE('',(#181),#161,.T.);
#620=ADVANCED_FACE('',(#182),#594,.T.);
#621=ADVANCED_FACE('',(#183),#162,.T.);
#622=ADVANCED_FACE('',(#184),#595,.T.);
#623=ADVANCED_FACE('',(#185),#163,.T.);
#624=ADVANCED_FACE('',(#186),#596,.T.);
#625=ADVANCED_FACE('',(#187,#15),#597,.F.);
#626=ADVANCED_FACE('',(#188),#598,.F.);
#627=ADVANCED_FACE('',(#189),#21,.F.);
#628=ADVANCED_FACE('',(#190),#599,.F.);
#629=ADVANCED_FACE('',(#191),#22,.F.);
#630=ADVANCED_FACE('',(#192,#16),#26,.F.);
#631=ADVANCED_FACE('',(#193),#600,.F.);
#632=ADVANCED_FACE('',(#194),#601,.F.);
#633=ADVANCED_FACE('',(#195),#164,.F.);
#634=ADVANCED_FACE('',(#196),#165,.F.);
#635=ADVANCED_FACE('',(#197),#602,.F.);
#636=ADVANCED_FACE('',(#198),#603,.F.);
#637=ADVANCED_FACE('',(#199),#23,.F.);
#638=ADVANCED_FACE('',(#200),#604,.F.);
#639=ADVANCED_FACE('',(#201),#24,.F.);
#640=ADVANCED_FACE('',(#202),#166,.F.);
#641=ADVANCED_FACE('',(#203),#167,.F.);
#642=ADVANCED_FACE('',(#204),#605,.F.);
#643=CLOSED_SHELL('',(#606,#607,#608,#609,#610,#611,#612,#613,#614,#615,
#616,#617,#618,#619,#620,#621,#622,#623,#624,#625,#626,#627,#628,#629,#630,
#631,#632,#633,#634,#635,#636,#637,#638,#639,#640,#641,#642));
#644=DERIVED_UNIT_ELEMENT(#646,1.);
#645=DERIVED_UNIT_ELEMENT(#1697,-3.);
#646=(
MASS_UNIT()
NAMED_UNIT(*)
SI_UNIT(.KILO.,.GRAM.)
);
#647=DERIVED_UNIT((#644,#645));
#648=MEASURE_REPRESENTATION_ITEM('density measure',
POSITIVE_RATIO_MEASURE(7850.),#647);
#649=PROPERTY_DEFINITION_REPRESENTATION(#654,#651);
#650=PROPERTY_DEFINITION_REPRESENTATION(#655,#652);
#651=REPRESENTATION('material name',(#653),#1694);
#652=REPRESENTATION('density',(#648),#1694);
#653=DESCRIPTIVE_REPRESENTATION_ITEM('\X2\92FC\X0\','\X2\92FC\X0\');
#654=PROPERTY_DEFINITION('material property','material name',#1704);
#655=PROPERTY_DEFINITION('material property','density of part',#1704);
#656=AXIS2_PLACEMENT_3D('',#816,#693,#694);
#657=AXIS2_PLACEMENT_3D('',#817,#695,#696);
#658=AXIS2_PLACEMENT_3D('',#819,#697,#698);
#659=AXIS2_PLACEMENT_3D('',#820,#699,#700);
#660=AXIS2_PLACEMENT_3D('',#1073,#704,#705);
#661=AXIS2_PLACEMENT_3D('',#1125,#709,#710);
#662=AXIS2_PLACEMENT_3D('',#1177,#714,#715);
#663=AXIS2_PLACEMENT_3D('',#1229,#719,#720);
#664=AXIS2_PLACEMENT_3D('',#1231,#722,#723);
#665=AXIS2_PLACEMENT_3D('',#1234,#724,#725);
#666=AXIS2_PLACEMENT_3D('',#1237,#728,#729);
#667=AXIS2_PLACEMENT_3D('',#1241,#732,#733);
#668=AXIS2_PLACEMENT_3D('',#1243,#734,#735);
#669=AXIS2_PLACEMENT_3D('',#1245,#737,#738);
#670=AXIS2_PLACEMENT_3D('',#1249,#741,#742);
#671=AXIS2_PLACEMENT_3D('',#1251,#743,#744);
#672=AXIS2_PLACEMENT_3D('',#1253,#746,#747);
#673=AXIS2_PLACEMENT_3D('',#1257,#750,#751);
#674=AXIS2_PLACEMENT_3D('',#1259,#752,#753);
#675=AXIS2_PLACEMENT_3D('',#1261,#755,#756);
#676=AXIS2_PLACEMENT_3D('',#1263,#758,#759);
#677=AXIS2_PLACEMENT_3D('',#1268,#761,#762);
#678=AXIS2_PLACEMENT_3D('',#1272,#764,#765);
#679=AXIS2_PLACEMENT_3D('',#1276,#767,#768);
#680=AXIS2_PLACEMENT_3D('',#1279,#770,#771);
#681=AXIS2_PLACEMENT_3D('',#1280,#772,#773);
#682=AXIS2_PLACEMENT_3D('',#1365,#778,#779);
#683=AXIS2_PLACEMENT_3D('',#1557,#783,#784);
#684=AXIS2_PLACEMENT_3D('',#1561,#787,#788);
#685=AXIS2_PLACEMENT_3D('',#1575,#791,#792);
#686=AXIS2_PLACEMENT_3D('',#1576,#793,#794);
#687=AXIS2_PLACEMENT_3D('',#1578,#796,#797);
#688=AXIS2_PLACEMENT_3D('',#1593,#800,#801);
#689=AXIS2_PLACEMENT_3D('',#1640,#804,#805);
#690=AXIS2_PLACEMENT_3D('',#1687,#808,#809);
#691=AXIS2_PLACEMENT_3D('',#1689,#811,#812);
#692=AXIS2_PLACEMENT_3D('',#1691,#814,#815);
#693=DIRECTION('axis',(0.,0.,1.));
#694=DIRECTION('refdir',(1.,0.,0.));
#695=DIRECTION('center_axis',(0.,0.,1.));
#696=DIRECTION('ref_axis',(1.,0.,0.));
#697=DIRECTION('center_axis',(0.,0.,-1.));
#698=DIRECTION('ref_axis',(1.,0.,0.));
#699=DIRECTION('center_axis',(0.,0.,1.));
#700=DIRECTION('ref_axis',(1.,0.,0.));
#701=DIRECTION('',(0.,0.,-1.));
#702=DIRECTION('',(0.226747562084255,0.726799219909137,-0.648342839112392));
#703=DIRECTION('',(0.726799219908858,0.226747562084043,-0.648342839112779));
#704=DIRECTION('center_axis',(0.943936607320459,-2.77555756156135E-17,0.330126765592161));
#705=DIRECTION('ref_axis',(0.226747562068735,-0.726799219950905,-0.648342839070997));
#706=DIRECTION('',(0.226747562082998,-0.726799219908993,-0.648342839112994));
#707=DIRECTION('',(1.13650469571E-16,-1.,-4.83014495678E-16));
#708=DIRECTION('',(0.72679921991073,-0.226747562075191,-0.648342839113776));
#709=DIRECTION('center_axis',(0.,-0.943936607320459,0.330126765592161));
#710=DIRECTION('ref_axis',(-0.726799219909936,-0.226747562083047,-0.648342839111919));
#711=DIRECTION('',(-0.726799219909936,-0.22674756208298,-0.648342839111943));
#712=DIRECTION('',(-1.,1.74872695353E-16,3.93463564545E-16));
#713=DIRECTION('',(-0.226747562084697,-0.726799219908797,-0.648342839112618));
#714=DIRECTION('center_axis',(-0.943936607320459,-2.77555756156135E-17,
0.330126765592161));
#715=DIRECTION('ref_axis',(-0.226747562054366,0.726799219992039,-0.648342839029911));
#716=DIRECTION('',(-0.226747562083145,0.726799219909464,-0.648342839112414));
#717=DIRECTION('',(0.,1.,-1.42063086964E-16));
#718=DIRECTION('',(-0.726799219907786,0.226747562092139,-0.648342839111149));
#719=DIRECTION('center_axis',(2.77555756156135E-17,0.943936607320459,0.330126765592161));
#720=DIRECTION('ref_axis',(0.726799219909936,0.226747562083047,-0.648342839111919));
#721=DIRECTION('',(1.,0.,1.09295434596E-16));
#722=DIRECTION('center_axis',(0.,0.,1.));
#723=DIRECTION('ref_axis',(0.999999981064159,0.000194606478698031,0.));
#724=DIRECTION('center_axis',(0.,0.,1.));
#725=DIRECTION('ref_axis',(-1.,0.,0.));
#726=DIRECTION('',(0.,0.,1.));
#727=DIRECTION('',(0.,0.,1.));
#728=DIRECTION('center_axis',(1.,0.,0.));
#729=DIRECTION('ref_axis',(0.,0.,-1.));
#730=DIRECTION('',(0.,-1.,0.));
#731=DIRECTION('',(0.,0.,-1.));
#732=DIRECTION('center_axis',(-1.64958776494E-15,1.64958776494E-15,1.));
#733=DIRECTION('ref_axis',(0.000194606478699031,-0.999999981064159,1.64990875416991E-15));
#734=DIRECTION('center_axis',(-1.64958776494E-15,1.64958776494E-15,1.));
#735=DIRECTION('ref_axis',(-1.,0.,-1.64958776494E-15));
#736=DIRECTION('',(0.,1.7763568394E-15,1.));
#737=DIRECTION('center_axis',(0.,-1.,0.));
#738=DIRECTION('ref_axis',(0.,0.,-1.));
#739=DIRECTION('',(-1.,0.,0.));
#740=DIRECTION('',(0.,0.,-1.));
#741=DIRECTION('center_axis',(0.,0.,1.));
#742=DIRECTION('ref_axis',(-0.999999981064159,-0.000194606478693031,0.));
#743=DIRECTION('center_axis',(0.,0.,1.));
#744=DIRECTION('ref_axis',(-1.,0.,0.));
#745=DIRECTION('',(0.,0.,1.));
#746=DIRECTION('center_axis',(-1.,0.,0.));
#747=DIRECTION('ref_axis',(0.,0.,-1.));
#748=DIRECTION('',(0.,1.,0.));
#749=DIRECTION('',(0.,0.,-1.));
#750=DIRECTION('center_axis',(9.89752658963E-15,-9.89752658963E-15,1.));
#751=DIRECTION('ref_axis',(-0.000194606478723031,0.999999981064159,9.89945252500968E-15));
#752=DIRECTION('center_axis',(9.89752658963E-15,-9.89752658963E-15,1.));
#753=DIRECTION('ref_axis',(-1.,0.,9.89752658963E-15));
#754=DIRECTION('',(1.06581410364E-14,-1.06581410364E-14,1.));
#755=DIRECTION('center_axis',(0.,1.,0.));
#756=DIRECTION('ref_axis',(0.,0.,-1.));
#757=DIRECTION('',(1.,0.,0.));
#758=DIRECTION('center_axis',(0.,0.,1.));
#759=DIRECTION('ref_axis',(1.,0.,0.));
#760=DIRECTION('',(-1.,0.,0.));
#761=DIRECTION('center_axis',(0.,0.,1.));
#762=DIRECTION('ref_axis',(-1.,0.,0.));
#763=DIRECTION('',(0.,1.,0.));
#764=DIRECTION('center_axis',(0.,0.,1.));
#765=DIRECTION('ref_axis',(-1.,0.,0.));
#766=DIRECTION('',(-1.,0.,0.));
#767=DIRECTION('center_axis',(0.,0.,1.));
#768=DIRECTION('ref_axis',(-1.,0.,0.));
#769=DIRECTION('',(0.,-1.,0.));
#770=DIRECTION('center_axis',(0.,0.,1.));
#771=DIRECTION('ref_axis',(-1.,0.,0.));
#772=DIRECTION('center_axis',(5.5511151231327E-17,0.943936607320459,0.330126765592161));
#773=DIRECTION('ref_axis',(0.726799219909936,0.226747562083047,-0.648342839111919));
#774=DIRECTION('',(-0.726799219832453,0.226747562298959,-0.648342839123266));
#775=DIRECTION('',(-1.,0.,0.));
#776=DIRECTION('',(0.726799219909936,0.22674756208298,-0.648342839111943));
#777=DIRECTION('',(0.22674756227332,0.726799219825985,-0.648342839139484));
#778=DIRECTION('center_axis',(0.,1.,0.));
#779=DIRECTION('ref_axis',(0.,0.,-1.));
#780=DIRECTION('',(0.,0.,-1.));
#781=DIRECTION('',(0.,0.,-1.));
#782=DIRECTION('',(-0.226747562369171,0.726799219764539,-0.648342839174843));
#783=DIRECTION('center_axis',(0.943936607320459,-2.77555756156135E-17,0.330126765592161));
#784=DIRECTION('ref_axis',(0.226747562068735,-0.726799219950905,-0.648342839070997));
#785=DIRECTION('',(0.,1.,0.));
#786=DIRECTION('',(0.226747562081919,-0.72679921990909,-0.648342839113262));
#787=DIRECTION('center_axis',(1.,0.,0.));
#788=DIRECTION('ref_axis',(0.,0.,-1.));
#789=DIRECTION('',(0.,0.,-1.));
#790=DIRECTION('',(0.,0.,-1.));
#791=DIRECTION('center_axis',(0.,0.,1.));
#792=DIRECTION('ref_axis',(0.707141244998195,0.70707231569508,0.));
#793=DIRECTION('center_axis',(9.89752658963E-15,-9.89752658963E-15,1.));
#794=DIRECTION('ref_axis',(-0.707290629807934,0.706922884751863,1.39972158637697E-14));
#795=DIRECTION('',(9.84753561353E-15,-1.02262869833E-14,1.));
#796=DIRECTION('center_axis',(-1.,0.,0.));
#797=DIRECTION('ref_axis',(0.,0.,-1.));
#798=DIRECTION('',(0.,0.,-1.));
#799=DIRECTION('',(0.,-1.,0.));
#800=DIRECTION('center_axis',(-0.943936607320459,-2.77555756156135E-17,
0.330126765592161));
#801=DIRECTION('ref_axis',(-0.226747562054366,0.726799219992039,-0.648342839029911));
#802=DIRECTION('',(-0.226747562060929,-0.726799219913418,-0.648342839115751));
#803=DIRECTION('',(0.726799219970109,-0.226747561875715,-0.648342839116975));
#804=DIRECTION('center_axis',(2.77555756156135E-17,-0.943936607320459,0.330126765592161));
#805=DIRECTION('ref_axis',(-0.726799219909936,-0.226747562083047,-0.648342839111919));
#806=DIRECTION('',(1.,0.,0.));
#807=DIRECTION('',(-0.726799219909936,-0.22674756208298,-0.648342839111943));
#808=DIRECTION('center_axis',(-1.64958776494E-15,1.64958776494E-15,1.));
#809=DIRECTION('ref_axis',(0.706888365160746,-0.707325129767328,2.33286927824639E-15));
#810=DIRECTION('',(-1.51500547901E-15,1.51500547901E-15,1.));
#811=DIRECTION('center_axis',(0.,0.,1.));
#812=DIRECTION('ref_axis',(-0.706922884878996,-0.707290629680868,0.));
#813=DIRECTION('',(0.,0.,1.));
#814=DIRECTION('center_axis',(0.,-1.,0.));
#815=DIRECTION('ref_axis',(0.,0.,-1.));
#816=CARTESIAN_POINT('',(0.,0.,0.));
#817=CARTESIAN_POINT('Origin',(0.,0.,-1.));
#818=CARTESIAN_POINT('',(-2.8,-3.42901103761259E-16,-1.));
#819=CARTESIAN_POINT('Origin',(0.,0.,-1.));
#820=CARTESIAN_POINT('Origin',(0.,0.,0.));
#821=CARTESIAN_POINT('',(-2.5989689115051,1.04180641053412,3.27093645585574));
#822=CARTESIAN_POINT('',(-2.8,-5.5664405621685E-15,3.27095153524345));
#823=CARTESIAN_POINT('Ctrl Pts',(-2.5989689115046,1.04180641053527,3.27093645585575));
#824=CARTESIAN_POINT('Ctrl Pts',(-2.63136953999838,0.960977356963529,3.27093755439613));
#825=CARTESIAN_POINT('Ctrl Pts',(-2.66003845379439,0.878539750259656,3.27093871390524));
#826=CARTESIAN_POINT('Ctrl Pts',(-2.76135648014617,0.536263079638665,3.27094362778408));
#827=CARTESIAN_POINT('Ctrl Pts',(-2.79999999999999,0.268568740613576,3.2709477023161));
#828=CARTESIAN_POINT('Ctrl Pts',(-2.79999999999999,-7.69523333943312E-14,
3.27095153524345));
#829=CARTESIAN_POINT('Ctrl Pts',(-2.80000000000001,-8.10462807976364E-14,
3.27095153524346));
#830=CARTESIAN_POINT('Ctrl Pts',(-2.80000000000001,-0.0968169580895598,
3.27095291698419));
#831=CARTESIAN_POINT('Ctrl Pts',(-2.79497860366168,-0.193747548762132,3.27095426691964));
#832=CARTESIAN_POINT('Ctrl Pts',(-2.74790399607557,-0.64518532143826,3.27096028953264));
#833=CARTESIAN_POINT('Ctrl Pts',(-2.64344973033942,-0.989653472162004,3.27096406932533));
#834=CARTESIAN_POINT('Ctrl Pts',(-2.30322916463507,-1.6353489679725,3.27096775977257));
#835=CARTESIAN_POINT('Ctrl Pts',(-2.06504346916801,-1.92738846691006,3.27096741216394));
#836=CARTESIAN_POINT('Ctrl Pts',(-1.51722168306093,-2.37711873638623,3.27096270561068));
#837=CARTESIAN_POINT('Ctrl Pts',(-1.22160845613199,-2.54171751031444,3.27095883020212));
#838=CARTESIAN_POINT('Ctrl Pts',(-0.624726584614391,-2.74531359804892,3.27095020651147));
#839=CARTESIAN_POINT('Ctrl Pts',(-0.33220875709944,-2.79583035945592,3.27094570297942));
#840=CARTESIAN_POINT('Ctrl Pts',(0.255757150140986,-2.80364811169218,3.27093739441787));
#841=CARTESIAN_POINT('Ctrl Pts',(0.547544529025855,-2.7615302719083,3.27093365098684));
#842=CARTESIAN_POINT('Ctrl Pts',(1.13854271838114,-2.57871066205241,3.27092789389972));
#843=CARTESIAN_POINT('Ctrl Pts',(1.43046180502107,-2.42895187779726,3.27092617857141));
#844=CARTESIAN_POINT('Ctrl Pts',(1.70541218464942,-2.22079700625094,3.27092610499213));
#845=CARTESIAN_POINT('Ctrl Pts',(1.72062956597594,-2.20902783124459,3.27092610649315));
#846=CARTESIAN_POINT('Ctrl Pts',(2.02643418669361,-1.96744033543848,3.27092625043999));
#847=CARTESIAN_POINT('Ctrl Pts',(2.26869228210911,-1.68234726367156,3.27092853141166));
#848=CARTESIAN_POINT('Ctrl Pts',(2.62932198049441,-1.03232804031182,3.27093628256948));
#849=CARTESIAN_POINT('Ctrl Pts',(2.74327714812406,-0.673398654897602,3.27094167111895));
#850=CARTESIAN_POINT('Ctrl Pts',(2.82271260477892,0.0570555651615758,3.27095243257057));
#851=CARTESIAN_POINT('Ctrl Pts',(2.79172100341169,0.421017370034808,3.27095764574751));
#852=CARTESIAN_POINT('Ctrl Pts',(2.59532394777299,1.10863021288405,3.27096499556965));
#853=CARTESIAN_POINT('Ctrl Pts',(2.43491576573395,1.42686809361952,3.27096709381852));
#854=CARTESIAN_POINT('Ctrl Pts',(2.21959118785018,1.70687285959378,3.27096709381848));
#855=CARTESIAN_POINT('Ctrl Pts',(2.11050612086565,1.84872540124269,3.27096709381846));
#856=CARTESIAN_POINT('Ctrl Pts',(1.98807327109555,1.97979452576557,3.27096656914404));
#857=CARTESIAN_POINT('Ctrl Pts',(1.59823646369759,2.32424183873101,3.27096363193166));
#858=CARTESIAN_POINT('Ctrl Pts',(1.30333067142045,2.50155733086904,3.27095993416143));
#859=CARTESIAN_POINT('Ctrl Pts',(0.705673977524597,2.72585606634519,3.27095142743744));
#860=CARTESIAN_POINT('Ctrl Pts',(0.412669484816002,2.7853134389648,3.27094690881155));
#861=CARTESIAN_POINT('Ctrl Pts',(-0.175533713301318,2.80966616311909,3.27093847680736));
#862=CARTESIAN_POINT('Ctrl Pts',(-0.466997601215081,2.77613927487459,3.27093462066246));
#863=CARTESIAN_POINT('Ctrl Pts',(-1.06083145088865,2.61151588617927,3.27092849382708));
#864=CARTESIAN_POINT('Ctrl Pts',(-1.35620337492763,2.4710505855696,3.27092651468148));
#865=CARTESIAN_POINT('Ctrl Pts',(-1.65235614403664,2.2607979489624,3.27092612291589));
#866=CARTESIAN_POINT('Ctrl Pts',(-1.6833471710027,2.23781824432764,3.27092610380032));
#867=CARTESIAN_POINT('Ctrl Pts',(-1.74937536693907,2.18671068034814,3.27092611123415));
#868=CARTESIAN_POINT('Ctrl Pts',(-1.78423048317333,2.15836497305639,3.27092614581103));
#869=CARTESIAN_POINT('Ctrl Pts',(-1.94646372102926,2.0198133933074,3.27092645462952));
#870=CARTESIAN_POINT('Ctrl Pts',(-2.06440898776433,1.89910049557722,3.27092712854315));
#871=CARTESIAN_POINT('Ctrl Pts',(-2.34970393811745,1.54891273887487,3.27092999251605));
#872=CARTESIAN_POINT('Ctrl Pts',(-2.49394336476333,1.30381106719139,3.27093289497408));
#873=CARTESIAN_POINT('Ctrl Pts',(-2.59896891150463,1.0418064105353,3.27093645585574));
#874=CARTESIAN_POINT('',(-2.8,-3.42901103761259E-16,0.));
#875=CARTESIAN_POINT('Ctrl Pts',(-0.0247182904026,-13.6642596791,4.97768809310601));
#876=CARTESIAN_POINT('Ctrl Pts',(-100.051939758928,-90.5855184244484,13.3269803665899));
#877=CARTESIAN_POINT('Ctrl Pts',(-93.4333627537378,-85.495811174083,139.510676150484));
#878=CARTESIAN_POINT('Ctrl Pts',(-86.8147857485474,-80.4061039237176,265.694371934378));
#879=CARTESIAN_POINT('Ctrl Pts',(13.2124357199782,-3.48484517836911,257.345079660894));
#880=CARTESIAN_POINT('Ctrl Pts',(113.239657188504,73.4364135669793,248.99578738741));
#881=CARTESIAN_POINT('Ctrl Pts',(106.621080183313,68.3467063166139,122.812091603516));
#882=CARTESIAN_POINT('Ctrl Pts',(100.002503178123,63.2569990662484,-3.37160418037784));
#883=CARTESIAN_POINT('Ctrl Pts',(-0.0247182904026,-13.6642596791,4.97768809310601));
#884=CARTESIAN_POINT('Ctrl Pts',(-5.96437648982,-9.15869417096,4.49095009953401));
#885=CARTESIAN_POINT('Ctrl Pts',(-106.377440588629,-86.3766671543259,14.8020943728094));
#886=CARTESIAN_POINT('Ctrl Pts',(-98.2036816460854,-80.0910199343903,141.472528150275));
#887=CARTESIAN_POINT('Ctrl Pts',(-90.0299227035415,-73.8053727144547,268.142961927741));
#888=CARTESIAN_POINT('Ctrl Pts',(10.3831413952677,3.41260026891121,257.831817654466));
#889=CARTESIAN_POINT('Ctrl Pts',(110.796205494077,80.6305732522771,247.520673381191));
#890=CARTESIAN_POINT('Ctrl Pts',(102.622446551533,74.3449260323415,120.850239603725));
#891=CARTESIAN_POINT('Ctrl Pts',(94.4486876089892,68.0592788124059,-5.82019417374133));
#892=CARTESIAN_POINT('Ctrl Pts',(-5.96437648982,-9.15869417096,4.49095009953401));
#893=CARTESIAN_POINT('Ctrl Pts',(-11.9038097607,-4.58199918938,4.66174413122901));
#894=CARTESIAN_POINT('Ctrl Pts',(-112.181483527757,-81.6958565671397,16.8912017555553));
#895=CARTESIAN_POINT('Ctrl Pts',(-102.487056219784,-74.2408104267322,143.390841501326));
#896=CARTESIAN_POINT('Ctrl Pts',(-92.7926289118099,-66.7857642863246,269.890481247097));
#897=CARTESIAN_POINT('Ctrl Pts',(7.48504485524749,10.3280930914351,257.661023622771));
#898=CARTESIAN_POINT('Ctrl Pts',(107.762718622305,87.4419504691947,245.431565998445));
#899=CARTESIAN_POINT('Ctrl Pts',(98.0682913143311,79.9869043287872,118.931926252674));
#900=CARTESIAN_POINT('Ctrl Pts',(88.3738640063574,72.5318581883797,-7.56771349309724));
#901=CARTESIAN_POINT('Ctrl Pts',(-11.9038097607,-4.58199918938,4.66174413122901));
#902=CARTESIAN_POINT('Ctrl Pts',(-17.7508407124,-0.00520302644377968,5.487419539978));
#903=CARTESIAN_POINT('Ctrl Pts',(-117.373992384039,-76.6157307833559,19.5618804875847));
#904=CARTESIAN_POINT('Ctrl Pts',(-106.217010386401,-68.0359753282114,145.235844824607));
#905=CARTESIAN_POINT('Ctrl Pts',(-95.060028388763,-59.4562198730669,270.909809161629));
#906=CARTESIAN_POINT('Ctrl Pts',(4.56312328287648,17.1543078838452,256.835348214022));
#907=CARTESIAN_POINT('Ctrl Pts',(104.186274954516,93.7648356407573,242.760887266415));
#908=CARTESIAN_POINT('Ctrl Pts',(93.0292929568777,85.1850801856128,117.086922929393));
#909=CARTESIAN_POINT('Ctrl Pts',(81.8723109592395,76.6053247304683,-8.58704140762863));
#910=CARTESIAN_POINT('Ctrl Pts',(-17.7508407124,-0.00520302644377968,5.487419539978));
#911=CARTESIAN_POINT('',(-6.08964025469838,7.84574886972712,4.6291895434951));
#912=CARTESIAN_POINT('',(6.08936281750276,7.84565855992299,4.6294477677812));
#913=CARTESIAN_POINT('Ctrl Pts',(-6.08964024964363,7.84574883631181,4.62918963913869));
#914=CARTESIAN_POINT('Ctrl Pts',(-4.06154031511452,7.87915356490512,4.53367497791372));
#915=CARTESIAN_POINT('Ctrl Pts',(-2.03120032507021,7.89584958926309,4.48593577519183));
#916=CARTESIAN_POINT('Ctrl Pts',(2.03033547430267,7.89581712185509,4.48602860975768));
#917=CARTESIAN_POINT('Ctrl Pts',(4.06097518931217,7.87908377931434,4.53387451694138));
#918=CARTESIAN_POINT('Ctrl Pts',(6.08936263412852,7.84565734721609,4.62945123533636));
#919=CARTESIAN_POINT('',(-10.1637152494491,3.66640043897367,4.70076856431198));
#920=CARTESIAN_POINT('Ctrl Pts',(-6.08964024964294,7.84574883626185,4.62918963913556));
#921=CARTESIAN_POINT('Ctrl Pts',(-6.34885057980776,7.84147936758685,4.64139731333793));
#922=CARTESIAN_POINT('Ctrl Pts',(-6.60694043722839,7.81036431771025,4.65268576645416));
#923=CARTESIAN_POINT('Ctrl Pts',(-7.18476170578203,7.68187950313721,4.6761432213459));
#924=CARTESIAN_POINT('Ctrl Pts',(-7.49923790515254,7.56877541097075,4.68757854659283));
#925=CARTESIAN_POINT('Ctrl Pts',(-7.91615452290531,7.35963851111156,4.70101176316283));
#926=CARTESIAN_POINT('Ctrl Pts',(-8.03269715336752,7.29397625765117,4.70455646934993));
#927=CARTESIAN_POINT('Ctrl Pts',(-8.21959162927141,7.17670493637965,4.70989738694236));
#928=CARTESIAN_POINT('Ctrl Pts',(-8.29183072412264,7.12821663447746,4.71187106613186));
#929=CARTESIAN_POINT('Ctrl Pts',(-8.38476241522313,7.06164353661496,4.71429078729019));
#930=CARTESIAN_POINT('Ctrl Pts',(-8.40683529866487,7.04550903380469,4.7148563479978));
#931=CARTESIAN_POINT('Ctrl Pts',(-8.44259162980817,7.01884446613961,4.71575753470477));
#932=CARTESIAN_POINT('Ctrl Pts',(-8.45636854238379,7.00844066879042,4.71610107562944));
#933=CARTESIAN_POINT('Ctrl Pts',(-8.4827750334765,6.98824855991927,4.71675243957246));
#934=CARTESIAN_POINT('Ctrl Pts',(-8.49541354707712,6.9784721893194,4.71706101475668));
#935=CARTESIAN_POINT('Ctrl Pts',(-8.52422084239087,6.95593118474294,4.7177570750378));
#936=CARTESIAN_POINT('Ctrl Pts',(-8.54035321880981,6.94312024487203,4.71814156478309));
#937=CARTESIAN_POINT('Ctrl Pts',(-8.58280400573849,6.90891065886843,4.71913922419923));
#938=CARTESIAN_POINT('Ctrl Pts',(-8.60896356319744,6.88731563830945,4.71973949943335));
#939=CARTESIAN_POINT('Ctrl Pts',(-8.7749016252419,6.74701631881311,4.72345382223547));
#940=CARTESIAN_POINT('Ctrl Pts',(-8.90734577273292,6.61975958534258,4.72598832713827));
#941=CARTESIAN_POINT('Ctrl Pts',(-9.26055138985462,6.23478991465271,4.73147403657882));
#942=CARTESIAN_POINT('Ctrl Pts',(-9.46031252473016,5.95862711898471,4.73294697415449));
#943=CARTESIAN_POINT('Ctrl Pts',(-9.82251553032655,5.31015023592863,4.73148153012865));
#944=CARTESIAN_POINT('Ctrl Pts',(-9.96962294819326,4.93125950008221,4.72765329679953));
#945=CARTESIAN_POINT('Ctrl Pts',(-10.1255496445157,4.25195073530755,4.71568790811591));
#946=CARTESIAN_POINT('Ctrl Pts',(-10.1608247418883,3.95969015988327,4.7090330655197));
#947=CARTESIAN_POINT('Ctrl Pts',(-10.163715113858,3.66640042671701,4.70076895187348));
#948=CARTESIAN_POINT('',(-10.1636377649658,-3.66616391853641,4.70099011682828));
#949=CARTESIAN_POINT('Ctrl Pts',(-10.1637151139046,3.66640042671734,4.70076895187723));
#950=CARTESIAN_POINT('Ctrl Pts',(-10.1757552775516,2.44461616332436,4.66634232426312));
#951=CARTESIAN_POINT('Ctrl Pts',(-10.1817659848597,1.22232986305348,4.64915581515838));
#952=CARTESIAN_POINT('Ctrl Pts',(-10.1817357592156,-1.22224934585066,4.6492422398135));
#953=CARTESIAN_POINT('Ctrl Pts',(-10.1756955850079,-2.44445907312228,4.66651300408374));
#954=CARTESIAN_POINT('Ctrl Pts',(-10.163636457356,-3.666163800103,4.70099385577282));
#955=CARTESIAN_POINT('',(-6.08936281808706,-7.84565855996105,4.62944776767563));
#956=CARTESIAN_POINT('Ctrl Pts',(-6.08936263470148,-7.84565734717702,4.62945123535976));
#957=CARTESIAN_POINT('Ctrl Pts',(-6.42330657129146,-7.84015283439949,4.64518644237666));
#958=CARTESIAN_POINT('Ctrl Pts',(-6.7550687352366,-7.79010765338375,4.65938002690843));
#959=CARTESIAN_POINT('Ctrl Pts',(-7.34535485150946,-7.62338284288465,4.68226596152649));
#960=CARTESIAN_POINT('Ctrl Pts',(-7.60548695218963,-7.5194665149222,4.69142413913098));
#961=CARTESIAN_POINT('Ctrl Pts',(-8.29511561467631,-7.16023605188886,4.71326413624333));
#962=CARTESIAN_POINT('Ctrl Pts',(-8.69396379349215,-6.85196180099492,4.7229791099132));
#963=CARTESIAN_POINT('Ctrl Pts',(-9.36381431629237,-6.12188770427138,4.73337885485167));
#964=CARTESIAN_POINT('Ctrl Pts',(-9.63405836836904,-5.70427257039402,4.73414527646326));
#965=CARTESIAN_POINT('Ctrl Pts',(-10.041303486096,-4.75001164030306,4.72614140943262));
#966=CARTESIAN_POINT('Ctrl Pts',(-10.1582574741594,-4.21087640969717,4.71636740037453));
#967=CARTESIAN_POINT('Ctrl Pts',(-10.1636364572978,-3.66616380009838,4.70099385576801));
#968=CARTESIAN_POINT('',(6.08964025468763,-7.84574886979451,4.62918954349427));
#969=CARTESIAN_POINT('Ctrl Pts',(6.08964024963222,-7.84574883631499,4.62918963912959));
#970=CARTESIAN_POINT('Ctrl Pts',(4.06154031276407,-7.87915356494623,4.53367497779615));
#971=CARTESIAN_POINT('Ctrl Pts',(2.0312003203759,-7.8958495893036,4.48593577507583));
#972=CARTESIAN_POINT('Ctrl Pts',(-2.03033547918381,-7.89581712181764,4.48602860986458));
#973=CARTESIAN_POINT('Ctrl Pts',(-4.06097519203897,-7.87908377927349,4.53387451705817));
#974=CARTESIAN_POINT('Ctrl Pts',(-6.08936263470588,-7.84565734720717,4.62945123536184));
#975=CARTESIAN_POINT('',(10.1637152494625,-3.66640043902758,4.70076856429691));
#976=CARTESIAN_POINT('Ctrl Pts',(6.08964024963284,-7.84574883636421,4.62918963913267));
#977=CARTESIAN_POINT('Ctrl Pts',(6.34885057992261,-7.84147936765794,4.6413973133389));
#978=CARTESIAN_POINT('Ctrl Pts',(6.60694043747567,-7.81036431773473,4.65268576645919));
#979=CARTESIAN_POINT('Ctrl Pts',(7.18476170612069,-7.68187950305646,4.6761432213508));
#980=CARTESIAN_POINT('Ctrl Pts',(7.49923790546453,-7.56877541086311,4.68757854659537));
#981=CARTESIAN_POINT('Ctrl Pts',(7.9161545231284,-7.35963851100287,4.70101176316086));
#982=CARTESIAN_POINT('Ctrl Pts',(8.03269715352878,-7.29397625756813,4.70455646934573));
#983=CARTESIAN_POINT('Ctrl Pts',(8.21959162934226,-7.17670493634481,4.70989738693525));
#984=CARTESIAN_POINT('Ctrl Pts',(8.29183072416407,-7.12821663446041,4.71187106612386));
#985=CARTESIAN_POINT('Ctrl Pts',(8.3847624152341,-7.06164353661885,4.71429078728135));
#986=CARTESIAN_POINT('Ctrl Pts',(8.406835298673,-7.04550903381049,4.71485634798888));
#987=CARTESIAN_POINT('Ctrl Pts',(8.4425916298094,-7.01884446615038,4.71575753469566));
#988=CARTESIAN_POINT('Ctrl Pts',(8.45636854238121,-7.00844066880418,4.71610107562025));
#989=CARTESIAN_POINT('Ctrl Pts',(8.4827750334791,-6.98824855992895,4.71675243956339));
#990=CARTESIAN_POINT('Ctrl Pts',(8.49541354707831,-6.97847218933022,4.71706101474757));
#991=CARTESIAN_POINT('Ctrl Pts',(8.52422084240321,-6.9559311847449,4.71775707502895));
#992=CARTESIAN_POINT('Ctrl Pts',(8.54035321882823,-6.94312024486884,4.71814156477441));
#993=CARTESIAN_POINT('Ctrl Pts',(8.58280400575998,-6.90891065886244,4.71913922419061));
#994=CARTESIAN_POINT('Ctrl Pts',(8.60896356322704,-6.88731563829625,4.71973949942485));
#995=CARTESIAN_POINT('Ctrl Pts',(8.77490162536521,-6.74701631871785,4.72345382222899));
#996=CARTESIAN_POINT('Ctrl Pts',(8.90734577293776,-6.61975958515646,4.72598832713304));
#997=CARTESIAN_POINT('Ctrl Pts',(9.26055139015758,-6.23478991428819,4.73147403657322));
#998=CARTESIAN_POINT('Ctrl Pts',(9.46031252504329,-5.95862711853832,4.73294697414722));
#999=CARTESIAN_POINT('Ctrl Pts',(9.82251553051356,-5.31015023549312,4.73148153011626));
#1000=CARTESIAN_POINT('Ctrl Pts',(9.96962294829167,-4.93125949977027,4.72765329678679));
#1001=CARTESIAN_POINT('Ctrl Pts',(10.1255496445436,-4.25195073518938,4.71568790810607));
#1002=CARTESIAN_POINT('Ctrl Pts',(10.1608247419019,-3.9596901598753,4.70903306551268));
#1003=CARTESIAN_POINT('Ctrl Pts',(10.1637151138829,-3.66640042677072,4.70076895186929));
#1004=CARTESIAN_POINT('',(10.1636377649672,3.66616391853512,4.70099011682613));
#1005=CARTESIAN_POINT('Ctrl Pts',(10.1637151139067,-3.66640042677094,4.70076895187121));
#1006=CARTESIAN_POINT('Ctrl Pts',(10.1757552775523,-2.44461616349294,4.66634232426093));
#1007=CARTESIAN_POINT('Ctrl Pts',(10.1817659848602,-1.22232986333715,4.64915581515659));
#1008=CARTESIAN_POINT('Ctrl Pts',(10.1817357592182,1.2222493455872,4.649242239806));
#1009=CARTESIAN_POINT('Ctrl Pts',(10.1756955850102,2.44445907299058,4.66651300407704));
#1010=CARTESIAN_POINT('Ctrl Pts',(10.1636364573568,3.66616380010167,4.70099385577051));
#1011=CARTESIAN_POINT('Ctrl Pts',(6.0893626341241,7.84565734718571,4.62945123533427));
#1012=CARTESIAN_POINT('Ctrl Pts',(6.42330658431683,7.84015283423527,4.64518644299362));
#1013=CARTESIAN_POINT('Ctrl Pts',(6.75506876163465,7.79010764941984,4.65938002803982));
#1014=CARTESIAN_POINT('Ctrl Pts',(7.34535489925743,7.62338282648032,4.68226596328983));
#1015=CARTESIAN_POINT('Ctrl Pts',(7.6054870081834,7.51946649110549,4.69142414106114));
#1016=CARTESIAN_POINT('Ctrl Pts',(8.29511569096273,7.16023600260112,4.71326413838123));
#1017=CARTESIAN_POINT('Ctrl Pts',(8.69396387854987,6.85196173012558,4.7229791118448));
#1018=CARTESIAN_POINT('Ctrl Pts',(9.36381437873591,6.12188761467042,4.7333788552178));
#1019=CARTESIAN_POINT('Ctrl Pts',(9.63405840969967,5.70427249296616,4.73414527619862));
#1020=CARTESIAN_POINT('Ctrl Pts',(10.0413034956372,4.75001159642173,4.72614140863539));
#1021=CARTESIAN_POINT('Ctrl Pts',(10.1582574743804,4.21087638744324,4.71636739974453));
#1022=CARTESIAN_POINT('Ctrl Pts',(10.1636364572986,3.66616380009708,4.7009938557657));
#1023=CARTESIAN_POINT('Ctrl Pts',(10.143,3.6,4.76));
#1024=CARTESIAN_POINT('Ctrl Pts',(10.143,4.91946891451,4.76));
#1025=CARTESIAN_POINT('Ctrl Pts',(9.62633698301,6.24016890212,4.76));
#1026=CARTESIAN_POINT('Ctrl Pts',(8.58316890212,7.28333698301,4.76));
#1027=CARTESIAN_POINT('Ctrl Pts',(7.26246891451,7.8,4.76));
#1028=CARTESIAN_POINT('Ctrl Pts',(5.943,7.8,4.76));
#1029=CARTESIAN_POINT('Ctrl Pts',(10.4059999997,4.44300000003,4.007999999978));
#1030=CARTESIAN_POINT('Ctrl Pts',(10.4059999997,5.58025654047,4.007999999978));
#1031=CARTESIAN_POINT('Ctrl Pts',(9.96068568566,6.71857414899,4.007999999978));
#1032=CARTESIAN_POINT('Ctrl Pts',(9.06157414928,7.61768568522,4.007999999978));
#1033=CARTESIAN_POINT('Ctrl Pts',(7.92325654047,8.06300000001,4.007999999978));
#1034=CARTESIAN_POINT('Ctrl Pts',(6.78600000003,8.06300000001,4.007999999978));
#1035=CARTESIAN_POINT('Ctrl Pts',(10.6689999994,5.28600000005,3.25599999996));
#1036=CARTESIAN_POINT('Ctrl Pts',(10.6689999994,6.24104416644,3.25599999996));
#1037=CARTESIAN_POINT('Ctrl Pts',(10.2950343883,7.19697939585,3.25599999996));
#1038=CARTESIAN_POINT('Ctrl Pts',(9.53997939644,7.95203438743,3.25599999996));
#1039=CARTESIAN_POINT('Ctrl Pts',(8.58404416644,8.32600000001,3.25599999996));
#1040=CARTESIAN_POINT('Ctrl Pts',(7.62900000005,8.32600000001,3.25599999996));
#1041=CARTESIAN_POINT('Ctrl Pts',(10.9320000006,6.12899999992,2.50399999992));
#1042=CARTESIAN_POINT('Ctrl Pts',(10.9320000006,6.90183179273,2.50399999992));
#1043=CARTESIAN_POINT('Ctrl Pts',(10.6293830894,7.67538464262,2.50399999992));
#1044=CARTESIAN_POINT('Ctrl Pts',(10.0183846426,8.28638308825,2.50399999992));
#1045=CARTESIAN_POINT('Ctrl Pts',(9.2448317933,8.58899999939,2.50399999992));
#1046=CARTESIAN_POINT('Ctrl Pts',(8.47199999991,8.58899999999,2.50399999992));
#1047=CARTESIAN_POINT('Ctrl Pts',(11.1950000003,6.97199999996,1.75199999996));
#1048=CARTESIAN_POINT('Ctrl Pts',(11.1950000003,7.56261941885,1.75199999996));
#1049=CARTESIAN_POINT('Ctrl Pts',(10.9637317921,8.15378988949,1.75199999996));
#1050=CARTESIAN_POINT('Ctrl Pts',(10.4967898895,8.62073179149,1.75199999996));
#1051=CARTESIAN_POINT('Ctrl Pts',(9.90561941914,8.85199999969,1.75199999996));
#1052=CARTESIAN_POINT('Ctrl Pts',(9.31499999995,8.85199999999,1.75199999996));
#1053=CARTESIAN_POINT('Ctrl Pts',(11.458,7.815,1.));
#1054=CARTESIAN_POINT('Ctrl Pts',(11.458,8.22340704497,1.));
#1055=CARTESIAN_POINT('Ctrl Pts',(11.2980804947,8.63219513637,1.));
#1056=CARTESIAN_POINT('Ctrl Pts',(10.9751951364,8.95508049474,1.));
#1057=CARTESIAN_POINT('Ctrl Pts',(10.566407045,9.115,1.));
#1058=CARTESIAN_POINT('Ctrl Pts',(10.158,9.115,1.));
#1059=CARTESIAN_POINT('',(11.4578910859528,7.8149939160782,1.00009138507959));
#1060=CARTESIAN_POINT('',(10.1637242065,3.66642777979,4.7007429532602));
#1061=CARTESIAN_POINT('',(10.1579939160427,9.11489108598617,1.00009138505016));
#1062=CARTESIAN_POINT('Ctrl Pts',(11.4579051489561,7.81496785144968,1.00027112807867));
#1063=CARTESIAN_POINT('Ctrl Pts',(11.4578759135022,7.98704837245955,1.00025217791012));
#1064=CARTESIAN_POINT('Ctrl Pts',(11.4236837679349,8.15742717229738,1.00033458521904));
#1065=CARTESIAN_POINT('Ctrl Pts',(11.2920102034031,8.47241313236756,1.00026032662243));
#1066=CARTESIAN_POINT('Ctrl Pts',(11.1968193428009,8.61437594916193,1.00019906057059));
#1067=CARTESIAN_POINT('Ctrl Pts',(10.9573759491581,8.85381934281025,1.00019906057375));
#1068=CARTESIAN_POINT('Ctrl Pts',(10.815413132369,8.94901020341436,1.00026032662847));
#1069=CARTESIAN_POINT('Ctrl Pts',(10.5004271722974,9.08068376795802,1.00033458520395));
#1070=CARTESIAN_POINT('Ctrl Pts',(10.330048372451,9.11487591353064,1.00025217787171));
#1071=CARTESIAN_POINT('Ctrl Pts',(10.1579678514312,9.11490514898613,1.00027112799265));
#1072=CARTESIAN_POINT('',(6.0896481202,7.84575143014,4.629182222554));
#1073=CARTESIAN_POINT('Origin',(10.8005,-1.55431223448E-14,2.88));
#1074=CARTESIAN_POINT('',(11.4579679263203,-7.81499489233036,1.00009168074405));
#1075=CARTESIAN_POINT('',(10.8108621033,-5.74071388989,2.85037147663));
#1076=CARTESIAN_POINT('',(11.458,-1.42108547152E-14,1.));
#1077=CARTESIAN_POINT('Ctrl Pts',(5.943,-7.8,4.76));
#1078=CARTESIAN_POINT('Ctrl Pts',(7.26246891451,-7.8,4.76));
#1079=CARTESIAN_POINT('Ctrl Pts',(8.58316890212,-7.28333698301,4.76));
#1080=CARTESIAN_POINT('Ctrl Pts',(9.62633698301,-6.24016890212,4.76));
#1081=CARTESIAN_POINT('Ctrl Pts',(10.143,-4.91946891451,4.76));
#1082=CARTESIAN_POINT('Ctrl Pts',(10.143,-3.6,4.76));
#1083=CARTESIAN_POINT('Ctrl Pts',(6.78600000003,-8.0630000003,4.007999999978));
#1084=CARTESIAN_POINT('Ctrl Pts',(7.92325654047,-8.06300000001,4.007999999978));
#1085=CARTESIAN_POINT('Ctrl Pts',(9.06157414928,-7.61768568522,4.007999999978));
#1086=CARTESIAN_POINT('Ctrl Pts',(9.96068568566,-6.71857414899,4.007999999978));
#1087=CARTESIAN_POINT('Ctrl Pts',(10.4059999997,-5.58025654047,4.007999999978));
#1088=CARTESIAN_POINT('Ctrl Pts',(10.4059999997,-4.44300000003,4.007999999978));
#1089=CARTESIAN_POINT('Ctrl Pts',(7.62900000005,-8.3260000006,3.25599999996));
#1090=CARTESIAN_POINT('Ctrl Pts',(8.58404416644,-8.32600000001,3.25599999996));
#1091=CARTESIAN_POINT('Ctrl Pts',(9.53997939644,-7.95203438743,3.25599999996));
#1092=CARTESIAN_POINT('Ctrl Pts',(10.2950343883,-7.19697939585,3.25599999996));
#1093=CARTESIAN_POINT('Ctrl Pts',(10.6689999994,-6.24104416644,3.25599999996));
#1094=CARTESIAN_POINT('Ctrl Pts',(10.6689999994,-5.28600000005,3.25599999996));
#1095=CARTESIAN_POINT('Ctrl Pts',(8.47199999991,-8.58899999939,2.50399999992));
#1096=CARTESIAN_POINT('Ctrl Pts',(9.24483179273,-8.58899999939,2.50399999992));
#1097=CARTESIAN_POINT('Ctrl Pts',(10.0183846426,-8.28638308825,2.50399999992));
#1098=CARTESIAN_POINT('Ctrl Pts',(10.6293830894,-7.67538464144,2.50399999992));
#1099=CARTESIAN_POINT('Ctrl Pts',(10.9320000006,-6.90183179273,2.50399999992));
#1100=CARTESIAN_POINT('Ctrl Pts',(10.9320000006,-6.12899999992,2.50399999992));
#1101=CARTESIAN_POINT('Ctrl Pts',(9.31499999995,-8.85199999969,1.75199999996));
#1102=CARTESIAN_POINT('Ctrl Pts',(9.90561941885,-8.85199999969,1.75199999996));
#1103=CARTESIAN_POINT('Ctrl Pts',(10.4967898895,-8.62073179149,1.75199999996));
#1104=CARTESIAN_POINT('Ctrl Pts',(10.9637317921,-8.15378988891,1.75199999996));
#1105=CARTESIAN_POINT('Ctrl Pts',(11.1950000003,-7.56261941885,1.75199999996));
#1106=CARTESIAN_POINT('Ctrl Pts',(11.1950000003,-6.97199999996,1.75199999996));
#1107=CARTESIAN_POINT('Ctrl Pts',(10.158,-9.115,1.));
#1108=CARTESIAN_POINT('Ctrl Pts',(10.566407045,-9.115,1.));
#1109=CARTESIAN_POINT('Ctrl Pts',(10.9751951364,-8.95508049474,1.));
#1110=CARTESIAN_POINT('Ctrl Pts',(11.2980804947,-8.63219513637,1.));
#1111=CARTESIAN_POINT('Ctrl Pts',(11.458,-8.22340704497,1.));
#1112=CARTESIAN_POINT('Ctrl Pts',(11.458,-7.815,1.));
#1113=CARTESIAN_POINT('',(10.1579939165489,-9.11489108578419,1.00009138497184));
#1114=CARTESIAN_POINT('',(6.0896481208,-7.84575143038,4.629182222015));
#1115=CARTESIAN_POINT('Ctrl Pts',(10.1579678537008,-9.11490514898574,1.00027112799209));
#1116=CARTESIAN_POINT('Ctrl Pts',(10.3300484269419,-9.11487591322099,1.00025217786839));
#1117=CARTESIAN_POINT('Ctrl Pts',(10.5004272204973,-9.08068374780905,1.00033458519248));
#1118=CARTESIAN_POINT('Ctrl Pts',(10.815413132369,-8.94901020341436,1.00026032662841));
#1119=CARTESIAN_POINT('Ctrl Pts',(10.9573759491581,-8.85381934281025,1.00019906057369));
#1120=CARTESIAN_POINT('Ctrl Pts',(11.1968193428009,-8.61437594916192,1.00019906057054));
#1121=CARTESIAN_POINT('Ctrl Pts',(11.2920102034031,-8.47241313236756,1.00026032662238));
#1122=CARTESIAN_POINT('Ctrl Pts',(11.4236833607542,-8.15742814634425,1.00033458498939));
#1123=CARTESIAN_POINT('Ctrl Pts',(11.4578754939763,-7.98705046294294,1.00025218146108));
#1124=CARTESIAN_POINT('Ctrl Pts',(11.4579051484142,-7.81497101849402,1.00027112772994));
#1125=CARTESIAN_POINT('Origin',(-3.10862446895E-15,-8.4575,2.88));
#1126=CARTESIAN_POINT('',(-10.1579948923337,-9.11496792633067,1.00009168071451));
#1127=CARTESIAN_POINT('',(-8.1238240601,-8.48037571507,2.81459111128));
#1128=CARTESIAN_POINT('',(-5.3290705182E-15,-9.115,1.));
#1129=CARTESIAN_POINT('Ctrl Pts',(-10.143,-3.6,4.76));
#1130=CARTESIAN_POINT('Ctrl Pts',(-10.143,-4.91946891451,4.76));
#1131=CARTESIAN_POINT('Ctrl Pts',(-9.62633698301,-6.24016890212,4.76));
#1132=CARTESIAN_POINT('Ctrl Pts',(-8.58316890212,-7.28333698301,4.76));
#1133=CARTESIAN_POINT('Ctrl Pts',(-7.26246891451,-7.8,4.76));
#1134=CARTESIAN_POINT('Ctrl Pts',(-5.943,-7.8,4.76));
#1135=CARTESIAN_POINT('Ctrl Pts',(-10.4059999997,-4.44300000003,4.007999999978));
#1136=CARTESIAN_POINT('Ctrl Pts',(-10.4059999997,-5.58025654047,4.007999999978));
#1137=CARTESIAN_POINT('Ctrl Pts',(-9.96068568566,-6.71857414899,4.007999999978));
#1138=CARTESIAN_POINT('Ctrl Pts',(-9.06157414928,-7.61768568522,4.007999999978));
#1139=CARTESIAN_POINT('Ctrl Pts',(-7.92325654047,-8.06300000001,4.007999999978));
#1140=CARTESIAN_POINT('Ctrl Pts',(-6.78600000003,-8.06300000001,4.007999999978));
#1141=CARTESIAN_POINT('Ctrl Pts',(-10.6689999994,-5.28600000005,3.25599999996));
#1142=CARTESIAN_POINT('Ctrl Pts',(-10.6689999994,-6.24104416644,3.25599999996));
#1143=CARTESIAN_POINT('Ctrl Pts',(-10.2950343883,-7.19697939585,3.25599999996));
#1144=CARTESIAN_POINT('Ctrl Pts',(-9.53997939644,-7.95203438743,3.25599999996));
#1145=CARTESIAN_POINT('Ctrl Pts',(-8.58404416644,-8.32600000001,3.25599999996));
#1146=CARTESIAN_POINT('Ctrl Pts',(-7.62900000005,-8.32600000001,3.25599999996));
#1147=CARTESIAN_POINT('Ctrl Pts',(-10.9320000006,-6.12899999992,2.50399999992));
#1148=CARTESIAN_POINT('Ctrl Pts',(-10.9320000006,-6.90183179273,2.50399999992));
#1149=CARTESIAN_POINT('Ctrl Pts',(-10.6293830894,-7.67538464262,2.50399999992));
#1150=CARTESIAN_POINT('Ctrl Pts',(-10.0183846426,-8.2863830906,2.50399999992));
#1151=CARTESIAN_POINT('Ctrl Pts',(-9.24483179273,-8.58900000056,2.50399999992));
#1152=CARTESIAN_POINT('Ctrl Pts',(-8.47199999991,-8.58900000056,2.50399999992));
#1153=CARTESIAN_POINT('Ctrl Pts',(-11.1950000003,-6.97199999996,1.75199999996));
#1154=CARTESIAN_POINT('Ctrl Pts',(-11.1950000003,-7.56261941885,1.75199999996));
#1155=CARTESIAN_POINT('Ctrl Pts',(-10.9637317921,-8.15378988949,1.75199999996));
#1156=CARTESIAN_POINT('Ctrl Pts',(-10.4967898895,-8.62073179267,1.75199999996));
#1157=CARTESIAN_POINT('Ctrl Pts',(-9.90561941885,-8.85200000028,1.75199999996));
#1158=CARTESIAN_POINT('Ctrl Pts',(-9.31499999995,-8.85200000028,1.75199999996));
#1159=CARTESIAN_POINT('Ctrl Pts',(-11.458,-7.815,1.));
#1160=CARTESIAN_POINT('Ctrl Pts',(-11.458,-8.22340704497,1.));
#1161=CARTESIAN_POINT('Ctrl Pts',(-11.2980804947,-8.63219513637,1.));
#1162=CARTESIAN_POINT('Ctrl Pts',(-10.9751951364,-8.95508049474,1.));
#1163=CARTESIAN_POINT('Ctrl Pts',(-10.566407045,-9.115,1.));
#1164=CARTESIAN_POINT('Ctrl Pts',(-10.158,-9.115,1.));
#1165=CARTESIAN_POINT('',(-11.4578910857508,-7.81499391658442,1.00009138500141));
#1166=CARTESIAN_POINT('',(-10.1637242065,-3.6664277798,4.7007429532543));
#1167=CARTESIAN_POINT('Ctrl Pts',(-11.4579051489557,-7.81496785371926,1.00027112807842));
#1168=CARTESIAN_POINT('Ctrl Pts',(-11.4578759131925,-7.98704842695054,1.00025217790683));
#1169=CARTESIAN_POINT('Ctrl Pts',(-11.423683747786,-8.15742722049723,1.00033458520769));
#1170=CARTESIAN_POINT('Ctrl Pts',(-11.292010203403,-8.47241313236758,1.00026032662248));
#1171=CARTESIAN_POINT('Ctrl Pts',(-11.1968193428009,-8.61437594916193,1.00019906057065));
#1172=CARTESIAN_POINT('Ctrl Pts',(-10.9573759491581,-8.85381934281028,1.00019906057389));
#1173=CARTESIAN_POINT('Ctrl Pts',(-10.8154131323689,-8.9490102034144,1.0002603266287));
#1174=CARTESIAN_POINT('Ctrl Pts',(-10.5004281463556,-9.08068336077254,1.00033458497468));
#1175=CARTESIAN_POINT('Ctrl Pts',(-10.3300504629587,-9.11487549399986,1.00025218142299));
#1176=CARTESIAN_POINT('Ctrl Pts',(-10.1579710185125,-9.1149051484442,1.00027112764421));
#1177=CARTESIAN_POINT('Origin',(-10.8005,1.99840144433E-15,2.88));
#1178=CARTESIAN_POINT('',(-11.4579679263203,7.81499489233051,1.00009168074401));
#1179=CARTESIAN_POINT('',(-10.8108621033,5.74071388989,2.85037147663));
#1180=CARTESIAN_POINT('',(-11.458,7.9936057773E-15,1.));
#1181=CARTESIAN_POINT('Ctrl Pts',(-5.943,7.8,4.76));
#1182=CARTESIAN_POINT('Ctrl Pts',(-7.26246891451,7.8,4.76));
#1183=CARTESIAN_POINT('Ctrl Pts',(-8.58316890212,7.28333698301,4.76));
#1184=CARTESIAN_POINT('Ctrl Pts',(-9.62633698301,6.24016890212,4.76));
#1185=CARTESIAN_POINT('Ctrl Pts',(-10.143,4.91946891451,4.76));
#1186=CARTESIAN_POINT('Ctrl Pts',(-10.143,3.6,4.76));
#1187=CARTESIAN_POINT('Ctrl Pts',(-6.78600000003,8.06299999971,4.007999999978));
#1188=CARTESIAN_POINT('Ctrl Pts',(-7.92325654047,8.06300000001,4.007999999978));
#1189=CARTESIAN_POINT('Ctrl Pts',(-9.06157414928,7.61768568522,4.007999999978));
#1190=CARTESIAN_POINT('Ctrl Pts',(-9.96068568566,6.71857414899,4.007999999978));
#1191=CARTESIAN_POINT('Ctrl Pts',(-10.4059999997,5.58025654047,4.007999999978));
#1192=CARTESIAN_POINT('Ctrl Pts',(-10.4059999994,4.44300000003,4.007999999978));
#1193=CARTESIAN_POINT('Ctrl Pts',(-7.62900000005,8.32599999943,3.25599999996));
#1194=CARTESIAN_POINT('Ctrl Pts',(-8.58404416644,8.32600000001,3.25599999996));
#1195=CARTESIAN_POINT('Ctrl Pts',(-9.53997939644,7.95203438743,3.25599999996));
#1196=CARTESIAN_POINT('Ctrl Pts',(-10.2950343883,7.19697939585,3.25599999996));
#1197=CARTESIAN_POINT('Ctrl Pts',(-10.6689999994,6.24104416644,3.25599999996));
#1198=CARTESIAN_POINT('Ctrl Pts',(-10.6689999989,5.28600000005,3.25599999996));
#1199=CARTESIAN_POINT('Ctrl Pts',(-8.47199999991,8.58900000056,2.50399999992));
#1200=CARTESIAN_POINT('Ctrl Pts',(-9.24483179273,8.58900000056,2.50399999992));
#1201=CARTESIAN_POINT('Ctrl Pts',(-10.0183846426,8.28638308942,2.50399999992));
#1202=CARTESIAN_POINT('Ctrl Pts',(-10.6293830894,7.67538464262,2.50399999992));
#1203=CARTESIAN_POINT('Ctrl Pts',(-10.9320000006,6.90183179273,2.50399999992));
#1204=CARTESIAN_POINT('Ctrl Pts',(-10.9320000006,6.12899999992,2.50399999992));
#1205=CARTESIAN_POINT('Ctrl Pts',(-9.31499999995,8.85200000028,1.75199999996));
#1206=CARTESIAN_POINT('Ctrl Pts',(-9.90561941885,8.85200000028,1.75199999996));
#1207=CARTESIAN_POINT('Ctrl Pts',(-10.4967898895,8.62073179208,1.75199999996));
#1208=CARTESIAN_POINT('Ctrl Pts',(-10.9637317921,8.15378988949,1.75199999996));
#1209=CARTESIAN_POINT('Ctrl Pts',(-11.1950000003,7.56261941885,1.75199999996));
#1210=CARTESIAN_POINT('Ctrl Pts',(-11.1950000003,6.97199999996,1.75199999996));
#1211=CARTESIAN_POINT('Ctrl Pts',(-10.158,9.115,1.));
#1212=CARTESIAN_POINT('Ctrl Pts',(-10.566407045,9.115,1.));
#1213=CARTESIAN_POINT('Ctrl Pts',(-10.9751951364,8.95508049474,1.));
#1214=CARTESIAN_POINT('Ctrl Pts',(-11.2980804947,8.63219513637,1.));
#1215=CARTESIAN_POINT('Ctrl Pts',(-11.458,8.22340704497,1.));
#1216=CARTESIAN_POINT('Ctrl Pts',(-11.458,7.815,1.));
#1217=CARTESIAN_POINT('',(-10.1579939165489,9.11489108578422,1.00009138497213));
#1218=CARTESIAN_POINT('',(-6.0896481208,7.84575143028,4.629182222015));
#1219=CARTESIAN_POINT('Ctrl Pts',(-10.1579678537008,9.11490514898574,1.00027112799271));
#1220=CARTESIAN_POINT('Ctrl Pts',(-10.3300484269418,9.114875913221,1.00025217786871));
#1221=CARTESIAN_POINT('Ctrl Pts',(-10.5004272204972,9.08068374780907,1.00033458519289));
#1222=CARTESIAN_POINT('Ctrl Pts',(-10.8154131323689,8.9490102034144,1.00026032662862));
#1223=CARTESIAN_POINT('Ctrl Pts',(-10.9573759491581,8.85381934281028,1.00019906057384));
#1224=CARTESIAN_POINT('Ctrl Pts',(-11.1968193428009,8.61437594916193,1.00019906057063));
#1225=CARTESIAN_POINT('Ctrl Pts',(-11.292010203403,8.47241313236758,1.00026032662246));
#1226=CARTESIAN_POINT('Ctrl Pts',(-11.4236833607541,8.15742814634451,1.00033458498942));
#1227=CARTESIAN_POINT('Ctrl Pts',(-11.4578754939762,7.98705046294348,1.0002521814611));
#1228=CARTESIAN_POINT('Ctrl Pts',(-11.4579051484142,7.81497101849483,1.00027112772995));
#1229=CARTESIAN_POINT('Origin',(9.7699626167E-15,8.4575,2.88));
#1230=CARTESIAN_POINT('',(1.7763568394E-14,9.115,1.));
#1231=CARTESIAN_POINT('Origin',(10.1577469623,7.81474696233,0.5));
#1232=CARTESIAN_POINT('',(11.4579051431121,7.81500000076693,0.));
#1233=CARTESIAN_POINT('',(10.1580000007269,9.11490514314207,0.));
#1234=CARTESIAN_POINT('Origin',(10.1577469623,7.81474696233,0.));
#1235=CARTESIAN_POINT('',(10.1579999815,9.11490514313,0.5));
#1236=CARTESIAN_POINT('',(11.4579051431,7.81499998154,0.5));
#1237=CARTESIAN_POINT('Origin',(11.458,-1.13242748512E-14,0.5));
#1238=CARTESIAN_POINT('',(11.4579999999758,-7.8150000238427,0.));
#1239=CARTESIAN_POINT('',(11.458,-8.881784197E-15,0.));
#1240=CARTESIAN_POINT('',(11.458,-7.815,0.5));
#1241=CARTESIAN_POINT('Origin',(10.1577469623,-7.81474696233,0.5));
#1242=CARTESIAN_POINT('',(10.1579999960926,-9.11490514313637,-1.11022302462516E-15));
#1243=CARTESIAN_POINT('Origin',(10.1577469623,-7.81474696233,0.));
#1244=CARTESIAN_POINT('',(10.1579999815,-9.11490514313,0.5));
#1245=CARTESIAN_POINT('Origin',(6.2172489379E-15,-9.115,0.5));
#1246=CARTESIAN_POINT('',(-10.1580000238627,-9.11499999997577,0.));
#1247=CARTESIAN_POINT('',(1.06581410364E-14,-9.115,0.));
#1248=CARTESIAN_POINT('',(-10.158,-9.115,0.5));
#1249=CARTESIAN_POINT('Origin',(-10.1577469623,-7.81474696233,0.5));
#1250=CARTESIAN_POINT('',(-11.4579051431064,-7.81499999615257,0.));
#1251=CARTESIAN_POINT('Origin',(-10.1577469623,-7.81474696233,0.));
#1252=CARTESIAN_POINT('',(-11.4579051431,-7.81499998154,0.5));
#1253=CARTESIAN_POINT('Origin',(-11.458,-4.4408920985E-16,0.5));
#1254=CARTESIAN_POINT('',(-11.4579999999758,7.8150000238427,0.));
#1255=CARTESIAN_POINT('',(-11.458,0.,0.));
#1256=CARTESIAN_POINT('',(-11.458,7.815,0.5));
#1257=CARTESIAN_POINT('Origin',(-10.1577469623,7.81474696233,0.5));
#1258=CARTESIAN_POINT('',(-10.1579999960926,9.11490514313637,-6.66133814775094E-15));
#1259=CARTESIAN_POINT('Origin',(-10.1577469623,7.81474696233,0.));
#1260=CARTESIAN_POINT('',(-10.1579999815,9.11490514313,0.5));
#1261=CARTESIAN_POINT('Origin',(-4.88498130835E-15,9.115,0.5));
#1262=CARTESIAN_POINT('',(-1.06581410364E-14,9.115,0.));
#1263=CARTESIAN_POINT('Origin',(2.57571741713E-15,-4.17443857259E-15,0.));
#1264=CARTESIAN_POINT('',(10.1580000833276,8.11499999970325,0.));
#1265=CARTESIAN_POINT('',(-10.1579985916165,8.11499653005573,0.));
#1266=CARTESIAN_POINT('',(4.86562346129E-5,8.115,0.));
#1267=CARTESIAN_POINT('',(-10.457906468573,7.81480000622297,0.));
#1268=CARTESIAN_POINT('Origin',(-10.1577469623,7.81474696233,0.));
#1269=CARTESIAN_POINT('',(-10.4579965300553,-7.81499859161647,0.));
#1270=CARTESIAN_POINT('',(-10.458,4.86562346111E-5,0.));
#1271=CARTESIAN_POINT('',(-10.1578000062704,-8.11490646854051,0.));
#1272=CARTESIAN_POINT('Origin',(-10.1577469623,-7.81474696233,0.));
#1273=CARTESIAN_POINT('',(10.1578053943165,-8.11490516208206,0.));
#1274=CARTESIAN_POINT('',(-4.86562346165E-5,-8.115,0.));
#1275=CARTESIAN_POINT('',(10.4579999997033,-7.81500008332763,0.));
#1276=CARTESIAN_POINT('Origin',(10.1577469623,-7.81474696233,0.));
#1277=CARTESIAN_POINT('',(10.4579965300553,7.81499859161647,0.));
#1278=CARTESIAN_POINT('',(10.458,-4.86562346316E-5,0.));
#1279=CARTESIAN_POINT('Origin',(10.1577469623,7.81474696233,0.));
#1280=CARTESIAN_POINT('Origin',(9.75608482889E-15,7.98553169634,2.7149366172));
#1281=CARTESIAN_POINT('',(-6.9902719433558,7.65476062746365,3.66071549031884));
#1282=CARTESIAN_POINT('',(6.98997623109115,7.65466456683314,3.66099015853516));
#1283=CARTESIAN_POINT('Ctrl Pts',(-6.99027194131728,7.65476061582752,3.66071552421656));
#1284=CARTESIAN_POINT('Ctrl Pts',(-4.66279231417049,7.69846549333638,3.53574948662471));
#1285=CARTESIAN_POINT('Ctrl Pts',(-2.33197303474524,7.72031350931978,3.47327911393254));
#1286=CARTESIAN_POINT('Ctrl Pts',(2.33089475603365,7.7202785768229,3.47337899696543));
#1287=CARTESIAN_POINT('Ctrl Pts',(4.66211509207068,7.69838828382579,3.53597025298194));
#1288=CARTESIAN_POINT('Ctrl Pts',(6.98997602388036,7.65466336458442,3.66099359621198));
#1289=CARTESIAN_POINT('',(-8.46548775625,8.115,2.34474587822));
#1290=CARTESIAN_POINT('',(-6.99027488249001,7.65476158217583,3.66071276018222));
#1291=CARTESIAN_POINT('',(8.4654877566,8.115,2.34474587822));
#1292=CARTESIAN_POINT('',(8.4654877566,8.115,2.34474587822));
#1293=CARTESIAN_POINT('',(3.99370300266,6.7198880305,6.3338112815));
#1294=CARTESIAN_POINT('Ctrl Pts',(9.91254273518,4.37412093554,3.904380337686));
#1295=CARTESIAN_POINT('Ctrl Pts',(9.93836618953,4.87626997852,3.830542932154));
#1296=CARTESIAN_POINT('Ctrl Pts',(9.8719394384,5.38893881692,3.786747698228));
#1297=CARTESIAN_POINT('Ctrl Pts',(9.68684451582,5.88654927699,3.765619911405));
#1298=CARTESIAN_POINT('Ctrl Pts',(9.1140004448,6.77100044446,3.74193051804));
#1299=CARTESIAN_POINT('Ctrl Pts',(8.22954927714,7.34384451569,3.765619911485));
#1300=CARTESIAN_POINT('Ctrl Pts',(7.73193881688,7.52893943856,3.786747698331));
#1301=CARTESIAN_POINT('Ctrl Pts',(7.21926997834,7.59536618989,3.83054293215));
#1302=CARTESIAN_POINT('Ctrl Pts',(6.71712093557,7.56954273553,3.904380337844));
#1303=CARTESIAN_POINT('Ctrl Pts',(10.7266807623,6.98369643425,1.5765027871));
#1304=CARTESIAN_POINT('Ctrl Pts',(10.7525042167,7.20381881833,1.50266538123));
#1305=CARTESIAN_POINT('Ctrl Pts',(10.7412939024,7.43432943177,1.45887014753));
#1306=CARTESIAN_POINT('Ctrl Pts',(10.6671577694,7.66454597834,1.43774236076));
#1307=CARTESIAN_POINT('Ctrl Pts',(10.4149378604,8.07193785978,1.41405296746));
#1308=CARTESIAN_POINT('Ctrl Pts',(10.0075459787,8.3241577686,1.4377423608));
#1309=CARTESIAN_POINT('Ctrl Pts',(9.77732943195,8.39829390165,1.45887014757));
#1310=CARTESIAN_POINT('Ctrl Pts',(9.54681881837,8.4095042162,1.50266538127));
#1311=CARTESIAN_POINT('Ctrl Pts',(9.32669643396,8.38368076194,1.57650278697));
#1312=CARTESIAN_POINT('',(10.4579806277115,7.81501582638364,1.52651232471404));
#1313=CARTESIAN_POINT('',(10.158017655585,8.11498559796708,1.52660078100615));
#1314=CARTESIAN_POINT('Ctrl Pts',(10.4579049855916,7.81507762296528,1.52659446685805));
#1315=CARTESIAN_POINT('Ctrl Pts',(10.4578805549304,7.83725461711527,1.50984863575405));
#1316=CARTESIAN_POINT('Ctrl Pts',(10.4554017811674,7.8605034180815,1.4945097488526));
#1317=CARTESIAN_POINT('Ctrl Pts',(10.4437085694905,7.90961145850533,1.46733194670417));
#1318=CARTESIAN_POINT('Ctrl Pts',(10.434116062263,7.93526816587086,1.45594048634854));
#1319=CARTESIAN_POINT('Ctrl Pts',(10.4069828206306,7.98426037862091,1.44056113005073));
#1320=CARTESIAN_POINT('Ctrl Pts',(10.3901120590859,8.00688060320667,1.43658055351213));
#1321=CARTESIAN_POINT('Ctrl Pts',(10.3497524768517,8.04721828729688,1.43659579690387));
#1322=CARTESIAN_POINT('Ctrl Pts',(10.3271220029288,8.06407677462797,1.44059204676996));
#1323=CARTESIAN_POINT('Ctrl Pts',(10.2781185788464,8.09118090217964,1.4560004623054));
#1324=CARTESIAN_POINT('Ctrl Pts',(10.2524606268467,8.10075812678167,1.46740443641587));
#1325=CARTESIAN_POINT('Ctrl Pts',(10.2033748388595,8.11241953049621,1.49459126826497));
#1326=CARTESIAN_POINT('Ctrl Pts',(10.1801474956893,8.1148870739876,1.50992377143465));
#1327=CARTESIAN_POINT('Ctrl Pts',(10.1579907379077,8.11490506876094,1.52666008468937));
#1328=CARTESIAN_POINT('',(10.4579999998,6.12248775611,2.34474587866));
#1329=CARTESIAN_POINT('Ctrl Pts',(10.458,6.12248775611,2.3447458785633));
#1330=CARTESIAN_POINT('Ctrl Pts',(10.458,6.17233122947618,2.34474587851966));
#1331=CARTESIAN_POINT('Ctrl Pts',(10.4580000000001,6.22552331334172,2.33757560551573));
#1332=CARTESIAN_POINT('Ctrl Pts',(10.4580000000001,6.34464609575961,2.31437348912615));
#1333=CARTESIAN_POINT('Ctrl Pts',(10.458,6.416938973277,2.29377965639358));
#1334=CARTESIAN_POINT('Ctrl Pts',(10.458,6.64709811495241,2.2170406149638));
#1335=CARTESIAN_POINT('Ctrl Pts',(10.458000000046,6.81535806353183,2.14112789643899));
#1336=CARTESIAN_POINT('Ctrl Pts',(10.458000000046,7.25923979950504,1.91305024533448));
#1337=CARTESIAN_POINT('Ctrl Pts',(10.458,7.55227086801782,1.72521905202292));
#1338=CARTESIAN_POINT('Ctrl Pts',(10.458,7.81503215180307,1.52653416371064));
#1339=CARTESIAN_POINT('',(9.97956667003475,4.58896791988572,3.71273775631718));
#1340=CARTESIAN_POINT('',(9.97966022105,4.5892541695,3.71247026429));
#1341=CARTESIAN_POINT('Ctrl Pts',(6.98997602387292,7.6546633645324,3.66099359620845));
#1342=CARTESIAN_POINT('Ctrl Pts',(7.22687496805573,7.65021204979043,3.6737167268122));
#1343=CARTESIAN_POINT('Ctrl Pts',(7.46432062370744,7.60860419635191,3.68491019366956));
#1344=CARTESIAN_POINT('Ctrl Pts',(7.88243099034433,7.48092149024988,3.70259313517724));
#1345=CARTESIAN_POINT('Ctrl Pts',(8.06749210485745,7.40269621658292,3.70960682810886));
#1346=CARTESIAN_POINT('Ctrl Pts',(8.56003862132362,7.13791346472693,3.72628617107552));
#1347=CARTESIAN_POINT('Ctrl Pts',(8.84794860188232,6.91427285341064,3.73362122311228));
#1348=CARTESIAN_POINT('Ctrl Pts',(9.34506941799704,6.3861143576908,3.74152723636273));
#1349=CARTESIAN_POINT('Ctrl Pts',(9.55277729980044,6.08062390162275,3.74198522007153));
#1350=CARTESIAN_POINT('Ctrl Pts',(9.7847969632337,5.57621318839182,3.73688879396878));
#1351=CARTESIAN_POINT('Ctrl Pts',(9.84945281372118,5.39542242909466,3.73408380583124));
#1352=CARTESIAN_POINT('Ctrl Pts',(9.94722515849947,5.00749662835353,3.72580734139856));
#1353=CARTESIAN_POINT('Ctrl Pts',(9.97700153836616,4.79789947649276,3.72006793670641));
#1354=CARTESIAN_POINT('Ctrl Pts',(9.97956532740789,4.58896776880785,3.71274159489704));
#1355=CARTESIAN_POINT('Ctrl Pts',(10.1579452733443,8.115,1.52659985467061));
#1356=CARTESIAN_POINT('Ctrl Pts',(9.89519847893476,8.115,1.72526634983515));
#1357=CARTESIAN_POINT('Ctrl Pts',(9.6021856632904,8.11500000000378,1.91308125564779));
#1358=CARTESIAN_POINT('Ctrl Pts',(9.15832876811631,8.11500000000378,2.14114125881131));
#1359=CARTESIAN_POINT('Ctrl Pts',(8.99007759498124,8.115,2.21704845895251));
#1360=CARTESIAN_POINT('Ctrl Pts',(8.75992935154789,8.115,2.29378244414409));
#1361=CARTESIAN_POINT('Ctrl Pts',(8.68763936293446,8.11500000000009,2.31437504949675));
#1362=CARTESIAN_POINT('Ctrl Pts',(8.56852052960872,8.11500000000009,2.33757597293261));
#1363=CARTESIAN_POINT('Ctrl Pts',(8.5153299479112,8.115,2.34474587807224));
#1364=CARTESIAN_POINT('Ctrl Pts',(8.4654877566,8.115,2.34474587816897));
#1365=CARTESIAN_POINT('Origin',(-4.88498130835E-15,8.115,0.5));
#1366=CARTESIAN_POINT('',(-10.1580158263906,8.11498062771048,1.52651232483331));
#1367=CARTESIAN_POINT('Ctrl Pts',(-8.46548775625,8.115,2.3447458785083));
#1368=CARTESIAN_POINT('Ctrl Pts',(-8.51537557463879,8.115,2.34474587854005));
#1369=CARTESIAN_POINT('Ctrl Pts',(-8.56861961316046,8.1150000000001,2.33756287546615));
#1370=CARTESIAN_POINT('Ctrl Pts',(-8.68793693943618,8.1150000000001,2.3143081858203));
#1371=CARTESIAN_POINT('Ctrl Pts',(-8.76039285560935,8.115,2.2936488396854));
#1372=CARTESIAN_POINT('Ctrl Pts',(-8.99050330592101,8.115,2.21685636067125));
#1373=CARTESIAN_POINT('Ctrl Pts',(-9.15853251676383,8.11500000004595,2.14103825752147));
#1374=CARTESIAN_POINT('Ctrl Pts',(-9.60223979265526,8.11500000004595,1.91305024975836));
#1375=CARTESIAN_POINT('Ctrl Pts',(-9.89527086504384,8.115,1.72521905432081));
#1376=CARTESIAN_POINT('Ctrl Pts',(-10.1580321518232,8.115,1.52653416384718));
#1377=CARTESIAN_POINT('',(-10.158,8.115,1.1790966685));
#1378=CARTESIAN_POINT('',(10.158,8.115,1.1790966685));
#1379=CARTESIAN_POINT('Ctrl Pts',(-6.72814482752,7.57298198012,3.894546451013));
#1380=CARTESIAN_POINT('Ctrl Pts',(-7.22910247668,7.59880543474,3.820709045148));
#1381=CARTESIAN_POINT('Ctrl Pts',(-7.74057936587,7.53261193992,3.776913811344));
#1382=CARTESIAN_POINT('Ctrl Pts',(-8.23706024718,7.34798575142,3.75578602453));
#1383=CARTESIAN_POINT('Ctrl Pts',(-9.11949612537,6.77649612504,3.73209663113));
#1384=CARTESIAN_POINT('Ctrl Pts',(-9.69098575146,5.89406024699,3.75578602454));
#1385=CARTESIAN_POINT('Ctrl Pts',(-9.87561193961,5.39757936589,3.776913811376));
#1386=CARTESIAN_POINT('Ctrl Pts',(-9.94180543425,4.88610247687,3.820709045345));
#1387=CARTESIAN_POINT('Ctrl Pts',(-9.9159819797,4.38514482752,3.894546451018));
#1388=CARTESIAN_POINT('Ctrl Pts',(-9.32669643417,8.38368076221,1.57650278728));
#1389=CARTESIAN_POINT('Ctrl Pts',(-9.54681881817,8.40950421669,1.50266538139));
#1390=CARTESIAN_POINT('Ctrl Pts',(-9.77732943163,8.39829390235,1.45887014764));
#1391=CARTESIAN_POINT('Ctrl Pts',(-10.0075459784,8.32415776929,1.43774236089));
#1392=CARTESIAN_POINT('Ctrl Pts',(-10.4149378602,8.07193786021,1.41405296758));
#1393=CARTESIAN_POINT('Ctrl Pts',(-10.6671577693,7.6645459784,1.4377423609));
#1394=CARTESIAN_POINT('Ctrl Pts',(-10.7412939023,7.43432943169,1.45887014765));
#1395=CARTESIAN_POINT('Ctrl Pts',(-10.7525042167,7.20381881825,1.50266538132));
#1396=CARTESIAN_POINT('Ctrl Pts',(-10.7266807622,6.98369643417,1.57650278714));
#1397=CARTESIAN_POINT('',(-10.457898502143,7.81482693663867,1.52662142495353));
#1398=CARTESIAN_POINT('Ctrl Pts',(-10.158077622971,8.11490498562152,1.52659446697564));
#1399=CARTESIAN_POINT('Ctrl Pts',(-10.1802652991116,8.11488054319016,1.50984056992055));
#1400=CARTESIAN_POINT('Ctrl Pts',(-10.203525794163,8.1123993968875,1.49449499556089));
#1401=CARTESIAN_POINT('Ctrl Pts',(-10.252636592314,8.10069944551372,1.46732056447572));
#1402=CARTESIAN_POINT('Ctrl Pts',(-10.2782834559251,8.09110830953603,1.45593516962858));
#1403=CARTESIAN_POINT('Ctrl Pts',(-10.3272640260374,8.06398010822342,1.44056048588864));
#1404=CARTESIAN_POINT('Ctrl Pts',(-10.3498822434039,8.04711041800441,1.43658055439801));
#1405=CARTESIAN_POINT('Ctrl Pts',(-10.3902166342553,8.00675413078439,1.43659579659729));
#1406=CARTESIAN_POINT('Ctrl Pts',(-10.407074043202,7.98412568021907,1.4405913951833));
#1407=CARTESIAN_POINT('Ctrl Pts',(-10.4341751599622,7.93513026344207,1.45599626756266));
#1408=CARTESIAN_POINT('Ctrl Pts',(-10.4437517971252,7.90947831870993,1.46739635037712));
#1409=CARTESIAN_POINT('Ctrl Pts',(-10.4554251761572,7.86035947335355,1.49459817237901));
#1410=CARTESIAN_POINT('Ctrl Pts',(-10.4578934217864,7.83709504200598,1.50995772727821));
#1411=CARTESIAN_POINT('Ctrl Pts',(-10.4579051259691,7.81490528338416,1.52672464495492));
#1412=CARTESIAN_POINT('',(-9.97965607898131,4.58924149660567,3.71248210730926));
#1413=CARTESIAN_POINT('Ctrl Pts',(-9.97965601925896,4.58924148991805,3.7124822773205));
#1414=CARTESIAN_POINT('Ctrl Pts',(-9.97706737488971,4.80051836157148,3.71988383429513));
#1415=CARTESIAN_POINT('Ctrl Pts',(-9.94665320481136,5.01247998373145,3.72566392018128));
#1416=CARTESIAN_POINT('Ctrl Pts',(-9.82085103921605,5.5066129539026,3.73612400476847));
#1417=CARTESIAN_POINT('Ctrl Pts',(-9.7033151164746,5.78555401608696,3.73947614820017));
#1418=CARTESIAN_POINT('Ctrl Pts',(-9.42302403918632,6.26243959606402,3.74108143430865));
#1419=CARTESIAN_POINT('Ctrl Pts',(-9.26942867214261,6.46677856173408,3.74002137806637));
#1420=CARTESIAN_POINT('Ctrl Pts',(-9.06588248390711,6.68309631290114,3.73678552395346));
#1421=CARTESIAN_POINT('Ctrl Pts',(-9.03606891676692,6.71362541823911,3.73627269434144));
#1422=CARTESIAN_POINT('Ctrl Pts',(-8.98075397308665,6.76820238886846,3.73525164380797));
#1423=CARTESIAN_POINT('Ctrl Pts',(-8.95541309909922,6.79245169152121,3.7347584875887));
#1424=CARTESIAN_POINT('Ctrl Pts',(-8.9152827351909,6.82968862453421,3.73393814258602));
#1425=CARTESIAN_POINT('Ctrl Pts',(-8.90074551222486,6.84294622503836,3.7336331482506));
#1426=CARTESIAN_POINT('Ctrl Pts',(-8.84809706670366,6.89013258751113,3.7325005410906));
#1427=CARTESIAN_POINT('Ctrl Pts',(-8.80933827944387,6.92333288501424,3.73161467878743));
#1428=CARTESIAN_POINT('Ctrl Pts',(-8.75460413682676,6.96811039975863,3.73029196933167));
#1429=CARTESIAN_POINT('Ctrl Pts',(-8.73925234063083,6.98044726549196,3.72991340981889));
#1430=CARTESIAN_POINT('Ctrl Pts',(-8.71454577202294,6.99994764666539,3.72929209187942));
#1431=CARTESIAN_POINT('Ctrl Pts',(-8.7052596830428,7.00719822589302,3.72905588023098));
#1432=CARTESIAN_POINT('Ctrl Pts',(-8.68608345102338,7.02200938361392,3.72856256911839));
#1433=CARTESIAN_POINT('Ctrl Pts',(-8.67618892019115,7.02956422727796,3.72830504507813));
#1434=CARTESIAN_POINT('Ctrl Pts',(-8.65318533438275,7.04692632857463,3.72769942122032));
#1435=CARTESIAN_POINT('Ctrl Pts',(-8.6400458692417,7.05669315339693,3.7273483519656));
#1436=CARTESIAN_POINT('Ctrl Pts',(-8.59850890060877,7.08709685715266,3.72622236886524));
#1437=CARTESIAN_POINT('Ctrl Pts',(-8.56985600143773,7.10738400593142,3.72542212979784));
#1438=CARTESIAN_POINT('Ctrl Pts',(-8.27187378562759,7.31133228477801,3.7168574907347));
#1439=CARTESIAN_POINT('Ctrl Pts',(-7.97498298989218,7.45621180785438,3.70633075176961));
#1440=CARTESIAN_POINT('Ctrl Pts',(-7.44496369130551,7.61207003296432,3.68369506395781));
#1441=CARTESIAN_POINT('Ctrl Pts',(-7.21737228547976,7.65049616268339,3.6729088975584));
#1442=CARTESIAN_POINT('Ctrl Pts',(-6.99027194131228,7.65476061550578,3.66071552419697));
#1443=CARTESIAN_POINT('',(-10.458,6.12248775668,2.34474587805));
#1444=CARTESIAN_POINT('',(-9.97966022072,4.58925416984,3.71247026429));
#1445=CARTESIAN_POINT('Ctrl Pts',(-10.458,7.81485982638383,1.52666446154817));
#1446=CARTESIAN_POINT('Ctrl Pts',(-10.458,7.55213449817955,1.72530741257176));
#1447=CARTESIAN_POINT('Ctrl Pts',(-10.4580000000038,7.25915382352367,1.91309761595171));
#1448=CARTESIAN_POINT('Ctrl Pts',(-10.4580000000038,6.81550323630028,2.1410516150531));
#1449=CARTESIAN_POINT('Ctrl Pts',(-10.458,6.64748280589341,2.21686420021772));
#1450=CARTESIAN_POINT('Ctrl Pts',(-10.458,6.41738325622678,2.29365162355312));
#1451=CARTESIAN_POINT('Ctrl Pts',(-10.4580000000001,6.34493022685592,2.31430974252415));
#1452=CARTESIAN_POINT('Ctrl Pts',(-10.4580000000001,6.2256168416572,2.33756324155896));
#1453=CARTESIAN_POINT('Ctrl Pts',(-10.458,6.17237429870485,2.34474587804192));
#1454=CARTESIAN_POINT('Ctrl Pts',(-10.458,6.12248775671555,2.34474587799924));
#1455=CARTESIAN_POINT('Ctrl Pts',(-0.0546129632432002,-13.7493892673,3.98107185817));
#1456=CARTESIAN_POINT('Ctrl Pts',(-100.871863224568,-91.2781827246498,12.4059567514652));
#1457=CARTESIAN_POINT('Ctrl Pts',(-94.1933631074708,-86.1423944062698,139.586268770295));
#1458=CARTESIAN_POINT('Ctrl Pts',(-87.5148629903738,-81.0066060878898,266.766580789125));
#1459=CARTESIAN_POINT('Ctrl Pts',(13.3023872709508,-3.47781263054006,258.34169589583));
#1460=CARTESIAN_POINT('Ctrl Pts',(114.119637532275,74.0509808268097,249.916811002535));
#1461=CARTESIAN_POINT('Ctrl Pts',(107.441137415178,68.9151925084297,122.736498983705));
#1462=CARTESIAN_POINT('Ctrl Pts',(100.762637298081,63.7794041900498,-4.44381303512512));
#1463=CARTESIAN_POINT('Ctrl Pts',(-0.0546129632432002,-13.7493892673,3.98107185817));
#1464=CARTESIAN_POINT('Ctrl Pts',(-6.02126846496,-9.22310850204,3.49430045107));
#1465=CARTESIAN_POINT('Ctrl Pts',(-107.224387843844,-87.0486365662086,13.8898104386232));
#1466=CARTESIAN_POINT('Ctrl Pts',(-98.9837512596685,-80.7115602222733,141.556893864553));
#1467=CARTESIAN_POINT('Ctrl Pts',(-90.7431146754928,-74.3744838783381,269.223977290483));
#1468=CARTESIAN_POINT('Ctrl Pts',(10.4600047033914,3.45104418583046,258.82846730293));
#1469=CARTESIAN_POINT('Ctrl Pts',(111.663124082276,81.276572249999,248.432957315377));
#1470=CARTESIAN_POINT('Ctrl Pts',(103.4224874981,74.9394959060638,120.765873889447));
#1471=CARTESIAN_POINT('Ctrl Pts',(95.1818509139242,68.6024195621285,-6.90120953648317));
#1472=CARTESIAN_POINT('Ctrl Pts',(-6.02126846496,-9.22310850204,3.49430045107));
#1473=CARTESIAN_POINT('Ctrl Pts',(-11.987545979,-4.62572839657,3.66586641441001));
#1474=CARTESIAN_POINT('Ctrl Pts',(-113.054663107317,-82.3466702875726,15.9883598849357));
#1475=CARTESIAN_POINT('Ctrl Pts',(-103.286485247543,-74.8349097328849,143.483877347526));
#1476=CARTESIAN_POINT('Ctrl Pts',(-93.5183073877685,-67.3231491781971,270.979394810116));
#1477=CARTESIAN_POINT('Ctrl Pts',(7.54880974054865,10.3977927128055,258.65690133959));
#1478=CARTESIAN_POINT('Ctrl Pts',(108.615926868866,88.1187346038081,246.334407869064));
#1479=CARTESIAN_POINT('Ctrl Pts',(98.8477490090915,80.6069740491204,118.838890406474));
#1480=CARTESIAN_POINT('Ctrl Pts',(89.0795711493172,73.0952134944326,-8.65662705611563));
#1481=CARTESIAN_POINT('Ctrl Pts',(-11.987545979,-4.62572839657,3.66586641441001));
#1482=CARTESIAN_POINT('Ctrl Pts',(-17.8614601643,-0.0281292572128999,4.493124622557));
#1483=CARTESIAN_POINT('Ctrl Pts',(-118.272800494482,-77.2447766568965,18.669250613839));
#1484=CARTESIAN_POINT('Ctrl Pts',(-107.035227484066,-68.6030464507249,145.337509868282));
#1485=CARTESIAN_POINT('Ctrl Pts',(-95.7976544736496,-59.9613162445531,272.005769122725));
#1486=CARTESIAN_POINT('Ctrl Pts',(4.61368585653276,17.2553311551305,257.829643131443));
#1487=CARTESIAN_POINT('Ctrl Pts',(105.025026186715,94.4719785548141,243.653517140161));
#1488=CARTESIAN_POINT('Ctrl Pts',(93.7874531762988,85.8302483486424,116.985257885718));
#1489=CARTESIAN_POINT('Ctrl Pts',(82.5498801658824,77.1885181424707,-9.68300136872489));
#1490=CARTESIAN_POINT('Ctrl Pts',(-17.8614601643,-0.0281292572128999,4.493124622557));
#1491=CARTESIAN_POINT('',(9.97965607931027,-4.5892414961737,3.71248210735497));
#1492=CARTESIAN_POINT('Ctrl Pts',(9.97956532776049,4.58896776881855,3.71274159492504));
#1493=CARTESIAN_POINT('Ctrl Pts',(9.99831939624372,3.05975501849841,3.65911779454714));
#1494=CARTESIAN_POINT('Ctrl Pts',(10.007710433555,1.52956554647425,3.63226585516776));
#1495=CARTESIAN_POINT('Ctrl Pts',(10.0077421465931,-1.53059351796883,3.6321751775837));
#1496=CARTESIAN_POINT('Ctrl Pts',(9.99838745598835,-3.06040255771534,3.6589231902583));
#1497=CARTESIAN_POINT('Ctrl Pts',(9.97965601994102,-4.58924148949068,3.71248227735939));
#1498=CARTESIAN_POINT('',(6.99027194281355,-7.654760627879,3.66071549033695));
#1499=CARTESIAN_POINT('Ctrl Pts',(9.97965601964388,-4.58924148948779,3.71248227733602));
#1500=CARTESIAN_POINT('Ctrl Pts',(9.9770673752403,-4.80051835869861,3.71988383421937));
#1501=CARTESIAN_POINT('Ctrl Pts',(9.94665320580252,-5.01247997840437,3.72566392005423));
#1502=CARTESIAN_POINT('Ctrl Pts',(9.82085104342315,-5.50661294097708,3.73612400454862));
#1503=CARTESIAN_POINT('Ctrl Pts',(9.7033151243873,-5.78555399831375,3.7394761480104));
#1504=CARTESIAN_POINT('Ctrl Pts',(9.42302405063921,-6.26243958034445,3.74108143437283));
#1505=CARTESIAN_POINT('Ctrl Pts',(9.26942868105669,-6.46677855140521,3.74002137818037));
#1506=CARTESIAN_POINT('Ctrl Pts',(9.06588249060886,-6.68309630591309,3.73678552406557));
#1507=CARTESIAN_POINT('Ctrl Pts',(9.03606892482856,-6.71362541004517,3.73627269448324));
#1508=CARTESIAN_POINT('Ctrl Pts',(8.980753977522,-6.7682023846751,3.73525164389709));
#1509=CARTESIAN_POINT('Ctrl Pts',(8.95541309834822,-6.79245169232718,3.73475848757814));
#1510=CARTESIAN_POINT('Ctrl Pts',(8.9152827311233,-6.82968862823772,3.73393814250161));
#1511=CARTESIAN_POINT('Ctrl Pts',(8.90074551021373,-6.84294622683487,3.73363314820828));
#1512=CARTESIAN_POINT('Ctrl Pts',(8.8480970667327,-6.89013258748435,3.7325005410924));
#1513=CARTESIAN_POINT('Ctrl Pts',(8.80933827942293,-6.92333288503255,3.7316146787882));
#1514=CARTESIAN_POINT('Ctrl Pts',(8.75460413674259,-6.96811039983002,3.73029196933104));
#1515=CARTESIAN_POINT('Ctrl Pts',(8.73925234053326,-6.98044726557444,3.72991340981795));
#1516=CARTESIAN_POINT('Ctrl Pts',(8.71454577191088,-6.99994764675964,3.72929209187817));
#1517=CARTESIAN_POINT('Ctrl Pts',(8.70525968292304,-7.00719822599349,3.72905588022957));
#1518=CARTESIAN_POINT('Ctrl Pts',(8.68608345087701,-7.02200938373514,3.72856256911634));
#1519=CARTESIAN_POINT('Ctrl Pts',(8.6761889200478,-7.02956422739665,3.72830504507616));
#1520=CARTESIAN_POINT('Ctrl Pts',(8.65318533425467,-7.04692632868208,3.72769942121881));
#1521=CARTESIAN_POINT('Ctrl Pts',(8.64004586910381,-7.05669315351229,3.72734835196387));
#1522=CARTESIAN_POINT('Ctrl Pts',(8.5985089004669,-7.0870968572717,3.72622236886352));
#1523=CARTESIAN_POINT('Ctrl Pts',(8.56985600130131,-7.10738400604762,3.72542212979642));
#1524=CARTESIAN_POINT('Ctrl Pts',(8.27187378540665,-7.31133228496733,3.71685749073218));
#1525=CARTESIAN_POINT('Ctrl Pts',(7.9749829895872,-7.45621180810628,3.70633075176616));
#1526=CARTESIAN_POINT('Ctrl Pts',(7.44496369088354,-7.61207003337118,3.68369506395854));
#1527=CARTESIAN_POINT('Ctrl Pts',(7.21737228498246,-7.65049616317966,3.67290889756106));
#1528=CARTESIAN_POINT('Ctrl Pts',(6.99027194077478,-7.65476061615278,3.6607155242074));
#1529=CARTESIAN_POINT('',(-6.9899762310971,-7.65466456685345,3.66099015853459));
#1530=CARTESIAN_POINT('Ctrl Pts',(6.99027194076985,-7.65476061583743,3.66071552418821));
#1531=CARTESIAN_POINT('Ctrl Pts',(4.6627923137818,-7.69846549334003,3.53574948661426));
#1532=CARTESIAN_POINT('Ctrl Pts',(2.33197303451603,-7.72031350932012,3.47327911393159));
#1533=CARTESIAN_POINT('Ctrl Pts',(-2.33089475608277,-7.72027857682246,3.47337899696671));
#1534=CARTESIAN_POINT('Ctrl Pts',(-4.66211509209796,-7.69838828382533,3.53597025298329));
#1535=CARTESIAN_POINT('Ctrl Pts',(-6.98997602388584,-7.65466336458434,3.66099359621226));
#1536=CARTESIAN_POINT('',(-9.9795666701277,-4.58896791983792,3.71273775634777));
#1537=CARTESIAN_POINT('Ctrl Pts',(-6.98997602387935,-7.65466336459138,3.66099359621233));
#1538=CARTESIAN_POINT('Ctrl Pts',(-7.22687496645782,-7.65021204989431,3.67371672673081));
#1539=CARTESIAN_POINT('Ctrl Pts',(-7.46432062048973,-7.60860419698764,3.6849101935221));
#1540=CARTESIAN_POINT('Ctrl Pts',(-7.88243098458261,-7.48092149243218,3.7025931349509));
#1541=CARTESIAN_POINT('Ctrl Pts',(-8.06749209809757,-7.40269621966595,3.70960682786194));
#1542=CARTESIAN_POINT('Ctrl Pts',(-8.5600386120513,-7.13791347086243,3.72628617080306));
#1543=CARTESIAN_POINT('Ctrl Pts',(-8.84794859140664,-6.91427286217132,3.73362122286659));
#1544=CARTESIAN_POINT('Ctrl Pts',(-9.34506941017722,-6.3861143684617,3.74152723632167));
#1545=CARTESIAN_POINT('Ctrl Pts',(-9.55277729453038,-6.0806239109298,3.74198522011334));
#1546=CARTESIAN_POINT('Ctrl Pts',(-9.78479696081989,-5.57621319477914,3.7368887940612));
#1547=CARTESIAN_POINT('Ctrl Pts',(-9.8494528120969,-5.39542243440697,3.73408380592886));
#1548=CARTESIAN_POINT('Ctrl Pts',(-9.94722515810031,-5.00749663118805,3.72580734147649));
#1549=CARTESIAN_POINT('Ctrl Pts',(-9.97700153835537,-4.79789947787331,3.72006793675525));
#1550=CARTESIAN_POINT('Ctrl Pts',(-9.97956532740489,-4.58896776876001,3.7127415948951));
#1551=CARTESIAN_POINT('Ctrl Pts',(-9.97956532776107,-4.58896776877077,3.71274159492337));
#1552=CARTESIAN_POINT('Ctrl Pts',(-9.99831939624434,-3.059755018432,3.65911779454537));
#1553=CARTESIAN_POINT('Ctrl Pts',(-10.0077104335554,-1.52956554639017,3.63226585516652));
#1554=CARTESIAN_POINT('Ctrl Pts',(-10.0077421465927,1.53059351818159,3.63217517758457));
#1555=CARTESIAN_POINT('Ctrl Pts',(-9.99838745598636,3.06040255803869,3.65892319026405));
#1556=CARTESIAN_POINT('Ctrl Pts',(-9.97965601993602,4.58924148992441,3.71248227737374));
#1557=CARTESIAN_POINT('Origin',(10.3285316963,-1.55292445569E-14,2.7149366172));
#1558=CARTESIAN_POINT('',(10.458,-6.1224877566,2.34474587822));
#1559=CARTESIAN_POINT('',(10.458,-6.1224877566,2.34474587822));
#1560=CARTESIAN_POINT('',(9.97966022134,-4.58925416948,3.71247026436));
#1561=CARTESIAN_POINT('Origin',(10.458,-1.13242748512E-14,0.5));
#1562=CARTESIAN_POINT('',(10.458,7.815,1.1790966685));
#1563=CARTESIAN_POINT('',(10.4579855979608,-7.8150176555859,1.52660078101561));
#1564=CARTESIAN_POINT('',(10.458,-7.815,1.1790966685));
#1565=CARTESIAN_POINT('Ctrl Pts',(10.458,-6.1224877566,2.3447458784429));
#1566=CARTESIAN_POINT('Ctrl Pts',(10.458,-6.17237268055477,2.34474587840762));
#1567=CARTESIAN_POINT('Ctrl Pts',(10.4580000000001,-6.22561332714212,2.33756370663473));
#1568=CARTESIAN_POINT('Ctrl Pts',(10.4580000000001,-6.34492171653672,2.31431171675246));
#1569=CARTESIAN_POINT('Ctrl Pts',(10.458,-6.41737108659052,2.29365515327247));
#1570=CARTESIAN_POINT('Ctrl Pts',(10.458,-6.6474568210538,2.21687413746702));
#1571=CARTESIAN_POINT('Ctrl Pts',(10.4580000000461,-6.81546612486607,2.14106854457673));
#1572=CARTESIAN_POINT('Ctrl Pts',(10.4580000000461,-7.25915471768232,1.9131012041144));
#1573=CARTESIAN_POINT('Ctrl Pts',(10.458,-7.55218504303559,1.72527650918062));
#1574=CARTESIAN_POINT('Ctrl Pts',(10.458,-7.81494527334488,1.52659985470489));
#1575=CARTESIAN_POINT('Origin',(10.1577469623,7.81474696233,0.5));
#1576=CARTESIAN_POINT('Origin',(-10.1577469623,7.81474696233,0.5));
#1577=CARTESIAN_POINT('',(-10.4579051621,7.81480537506,1.1725085249));
#1578=CARTESIAN_POINT('Origin',(-10.458,-4.4408920985E-16,0.5));
#1579=CARTESIAN_POINT('',(-10.4579806276998,-7.81501582640322,1.52651232494005));
#1580=CARTESIAN_POINT('',(-10.458,-7.815,1.1790966685));
#1581=CARTESIAN_POINT('',(-10.458,-6.12248775608,2.34474587849));
#1582=CARTESIAN_POINT('',(-10.458,8.881784197E-16,2.34474587822));
#1583=CARTESIAN_POINT('Ctrl Pts',(-10.458,-6.12248775608,2.34474587851728));
#1584=CARTESIAN_POINT('Ctrl Pts',(-10.458,-6.17233122903668,2.34474587852482));
#1585=CARTESIAN_POINT('Ctrl Pts',(-10.4580000000001,-6.2255233125483,2.33757560563099));
#1586=CARTESIAN_POINT('Ctrl Pts',(-10.4580000000001,-6.34464609384404,2.31437348960252));
#1587=CARTESIAN_POINT('Ctrl Pts',(-10.458,-6.41693897060421,2.29377965719772));
#1588=CARTESIAN_POINT('Ctrl Pts',(-10.458,-6.64709810922984,2.21704061717646));
#1589=CARTESIAN_POINT('Ctrl Pts',(-10.4580000000459,-6.81535805535493,2.14112790019407));
#1590=CARTESIAN_POINT('Ctrl Pts',(-10.4580000000459,-7.25923979264891,1.91305024981408));
#1591=CARTESIAN_POINT('Ctrl Pts',(-10.458,-7.55227086506342,1.72521905439709));
#1592=CARTESIAN_POINT('Ctrl Pts',(-10.458,-7.81503215185254,1.52653416397614));
#1593=CARTESIAN_POINT('Origin',(-10.3285316963,2.01227923213E-15,2.7149366172));
#1594=CARTESIAN_POINT('',(-9.97966022134,-4.58925416948,3.71247026436));
#1595=CARTESIAN_POINT('Ctrl Pts',(6.72814482717,-7.57298198098,3.894546450874));
#1596=CARTESIAN_POINT('Ctrl Pts',(7.22910247651,-7.59880543516,3.820709045249));
#1597=CARTESIAN_POINT('Ctrl Pts',(7.74057936579,-7.53261194002,3.776913811477));
#1598=CARTESIAN_POINT('Ctrl Pts',(8.2370602471,-7.34798575142,3.75578602464));
#1599=CARTESIAN_POINT('Ctrl Pts',(9.11949612532,-6.77649612496,3.7320966312));
#1600=CARTESIAN_POINT('Ctrl Pts',(9.6909857515,-5.89406024697,3.75578602455));
#1601=CARTESIAN_POINT('Ctrl Pts',(9.87561193975,-5.39757936588,3.776913811349));
#1602=CARTESIAN_POINT('Ctrl Pts',(9.94180543455,-4.88610247681,3.820709045262));
#1603=CARTESIAN_POINT('Ctrl Pts',(9.9159819802,-4.38514482736,3.894546450794));
#1604=CARTESIAN_POINT('Ctrl Pts',(9.32669643438,-8.38368076147,1.57650278716));
#1605=CARTESIAN_POINT('Ctrl Pts',(9.5468188184,-8.40950421594,1.50266538116));
#1606=CARTESIAN_POINT('Ctrl Pts',(9.77732943186,-8.39829390163,1.45887014737));
#1607=CARTESIAN_POINT('Ctrl Pts',(10.0075459786,-8.32415776855,1.43774236063));
#1608=CARTESIAN_POINT('Ctrl Pts',(10.4149378605,-8.07193785957,1.41405296728));
#1609=CARTESIAN_POINT('Ctrl Pts',(10.6671577695,-7.66454597811,1.43774236058));
#1610=CARTESIAN_POINT('Ctrl Pts',(10.7412939025,-7.43432943163,1.45887014728));
#1611=CARTESIAN_POINT('Ctrl Pts',(10.7525042168,-7.20381881851,1.50266538105));
#1612=CARTESIAN_POINT('Ctrl Pts',(10.7266807623,-6.98369643445,1.57650278692));
#1613=CARTESIAN_POINT('',(10.1578511413635,-8.11490514181917,1.52655169820934));
#1614=CARTESIAN_POINT('Ctrl Pts',(10.1579541766288,-8.11490509622774,1.52668770329943));
#1615=CARTESIAN_POINT('Ctrl Pts',(10.1801563358951,-8.11488976895518,1.50991466549841));
#1616=CARTESIAN_POINT('Ctrl Pts',(10.2034338555224,-8.11241498353445,1.49455095246094));
#1617=CARTESIAN_POINT('Ctrl Pts',(10.2525870758833,-8.10071794987611,1.46734256231987));
#1618=CARTESIAN_POINT('Ctrl Pts',(10.2782593003267,-8.09112168826735,1.45594275125129));
#1619=CARTESIAN_POINT('Ctrl Pts',(10.3272640260355,-8.06398010822542,1.44056048526559));
#1620=CARTESIAN_POINT('Ctrl Pts',(10.3498822434049,-8.0471104180038,1.43658055379751));
#1621=CARTESIAN_POINT('Ctrl Pts',(10.3902166342539,-8.00675413078551,1.43659579604428));
#1622=CARTESIAN_POINT('Ctrl Pts',(10.4070740431967,-7.98412568022549,1.44059139465285));
#1623=CARTESIAN_POINT('Ctrl Pts',(10.4341731345536,-7.93513392512995,1.4559951157887));
#1624=CARTESIAN_POINT('Ctrl Pts',(10.443748996522,-7.90948582376525,1.46739301256079));
#1625=CARTESIAN_POINT('Ctrl Pts',(10.4554171502914,-7.86039725742727,1.49457647929004));
#1626=CARTESIAN_POINT('Ctrl Pts',(10.4578870652668,-7.83715819801282,1.50991568737752));
#1627=CARTESIAN_POINT('Ctrl Pts',(10.457905068731,-7.81499073792255,1.52666008474255));
#1628=CARTESIAN_POINT('',(8.46548775697,-8.115,2.34474587822));
#1629=CARTESIAN_POINT('Ctrl Pts',(8.46548775697,-8.115,2.34474587778232));
#1630=CARTESIAN_POINT('Ctrl Pts',(8.51537557564818,-8.115,2.34474587775013));
#1631=CARTESIAN_POINT('Ctrl Pts',(8.56861961447204,-8.1150000000001,2.3375628745536));
#1632=CARTESIAN_POINT('Ctrl Pts',(8.68793694164982,-8.1150000000001,2.31430818455306));
#1633=CARTESIAN_POINT('Ctrl Pts',(8.76039285848831,-8.115,2.29364883809774));
#1634=CARTESIAN_POINT('Ctrl Pts',(8.99050331180826,-8.115,2.21685635764816));
#1635=CARTESIAN_POINT('Ctrl Pts',(9.15853252520551,-8.11500000004595,2.14103825288301));
#1636=CARTESIAN_POINT('Ctrl Pts',(9.60219189997923,-8.11500000004595,1.91307485649867));
#1637=CARTESIAN_POINT('Ctrl Pts',(9.89517610456225,-8.115,1.72528013860119));
#1638=CARTESIAN_POINT('Ctrl Pts',(10.1579087246471,-8.115,1.52662748913662));
#1639=CARTESIAN_POINT('',(6.99027488196,-7.65476158277,3.66071276024));
#1640=CARTESIAN_POINT('Origin',(-3.10862446895E-15,-7.98553169634,2.7149366172));
#1641=CARTESIAN_POINT('',(-8.4654877566,-8.115,2.34474587822));
#1642=CARTESIAN_POINT('',(-8.4654877566,-8.115,2.34474587822));
#1643=CARTESIAN_POINT('',(-3.99370300266,-6.7198880305,6.3338112815));
#1644=CARTESIAN_POINT('Ctrl Pts',(-9.91254273517,-4.37412093552,3.904380337709));
#1645=CARTESIAN_POINT('Ctrl Pts',(-9.93836618952,-4.8762699785,3.830542932178));
#1646=CARTESIAN_POINT('Ctrl Pts',(-9.87193943839,-5.3889388169,3.786747698252));
#1647=CARTESIAN_POINT('Ctrl Pts',(-9.68684451582,-5.88654927697,3.765619911413));
#1648=CARTESIAN_POINT('Ctrl Pts',(-9.11400044485,-6.77100044451,3.74193051799));
#1649=CARTESIAN_POINT('Ctrl Pts',(-8.22954927718,-7.34384451584,3.765619911352));
#1650=CARTESIAN_POINT('Ctrl Pts',(-7.73193881687,-7.52893943876,3.786747698149));
#1651=CARTESIAN_POINT('Ctrl Pts',(-7.21926997828,-7.59536619003,3.830542931956));
#1652=CARTESIAN_POINT('Ctrl Pts',(-6.71712093552,-7.5695427356,3.904380337698));
#1653=CARTESIAN_POINT('Ctrl Pts',(-10.7266807622,-6.983696434,1.57650278732));
#1654=CARTESIAN_POINT('Ctrl Pts',(-10.7525042167,-7.20381881811,1.50266538146));
#1655=CARTESIAN_POINT('Ctrl Pts',(-10.7412939023,-7.43432943158,1.45887014777));
#1656=CARTESIAN_POINT('Ctrl Pts',(-10.6671577692,-7.66454597847,1.43774236103));
#1657=CARTESIAN_POINT('Ctrl Pts',(-10.4149378601,-8.07193786052,1.41405296767));
#1658=CARTESIAN_POINT('Ctrl Pts',(-10.0075459783,-8.32415776955,1.437742361));
#1659=CARTESIAN_POINT('Ctrl Pts',(-9.77732943163,-8.39829390239,1.45887014776));
#1660=CARTESIAN_POINT('Ctrl Pts',(-9.54681881825,-8.40950421658,1.50266538174));
#1661=CARTESIAN_POINT('Ctrl Pts',(-9.32669643399,-8.38368076218,1.57650278747));
#1662=CARTESIAN_POINT('',(-10.1578269366774,-8.11489850212842,1.52662142513188));
#1663=CARTESIAN_POINT('Ctrl Pts',(-10.4579049855915,-7.81507762301475,1.52659446712368));
#1664=CARTESIAN_POINT('Ctrl Pts',(-10.4578805549267,-7.83725461714522,1.50984863605181));
#1665=CARTESIAN_POINT('Ctrl Pts',(-10.4554017811643,-7.8605034180899,1.49450974918295));
#1666=CARTESIAN_POINT('Ctrl Pts',(-10.4437085694948,-7.90961145849245,1.46733194708628));
#1667=CARTESIAN_POINT('Ctrl Pts',(-10.4341160622687,-7.93526816585739,1.45594048675525));
#1668=CARTESIAN_POINT('Ctrl Pts',(-10.4069828206352,-7.98426037861577,1.4405611305079));
#1669=CARTESIAN_POINT('Ctrl Pts',(-10.3901120590863,-8.00688060320653,1.43658055399805));
#1670=CARTESIAN_POINT('Ctrl Pts',(-10.3497524768515,-8.04721828729673,1.4365957974492));
#1671=CARTESIAN_POINT('Ctrl Pts',(-10.3271220029328,-8.06407677462425,1.44059204734328));
#1672=CARTESIAN_POINT('Ctrl Pts',(-10.2781149138219,-8.09118292933112,1.45600161534341));
#1673=CARTESIAN_POINT('Ctrl Pts',(-10.2524531149358,-8.10076092926823,1.46740777796274));
#1674=CARTESIAN_POINT('Ctrl Pts',(-10.2033370489344,-8.11242755277079,1.49461296890208));
#1675=CARTESIAN_POINT('Ctrl Pts',(-10.180084337852,-8.11489342745625,1.50996581574181));
#1676=CARTESIAN_POINT('Ctrl Pts',(-10.1579052834375,-8.11490512599904,1.52672464515251));
#1677=CARTESIAN_POINT('Ctrl Pts',(-8.4654877566,-8.115,2.34474587898159));
#1678=CARTESIAN_POINT('Ctrl Pts',(-8.51532832374129,-8.115,2.34474587888534));
#1679=CARTESIAN_POINT('Ctrl Pts',(-8.56851700218196,-8.11500000000009,2.33757643986357));
#1680=CARTESIAN_POINT('Ctrl Pts',(-8.68763083256442,-8.11500000000009,2.31437702784552));
#1681=CARTESIAN_POINT('Ctrl Pts',(-8.75991716132791,-8.115,2.29378597745113));
#1682=CARTESIAN_POINT('Ctrl Pts',(-8.99005159922671,-8.115,2.21705839751203));
#1683=CARTESIAN_POINT('Ctrl Pts',(-9.15829165697293,-8.11500000004612,2.14115818707851));
#1684=CARTESIAN_POINT('Ctrl Pts',(-9.60212288498273,-8.11500000004612,1.91311755924812));
#1685=CARTESIAN_POINT('Ctrl Pts',(-9.89512106481039,-8.115,1.72531756964162));
#1686=CARTESIAN_POINT('Ctrl Pts',(-10.1578598264515,-8.115,1.52666446176477));
#1687=CARTESIAN_POINT('Origin',(10.1577469623,-7.81474696233,0.5));
#1688=CARTESIAN_POINT('',(10.1578053751,-8.11490516207,1.1725085249));
#1689=CARTESIAN_POINT('Origin',(-10.1577469623,-7.81474696233,0.5));
#1690=CARTESIAN_POINT('',(-10.1578053751,-8.11490516207,1.17237293911));
#1691=CARTESIAN_POINT('Origin',(6.2172489379E-15,-8.115,0.5));
#1692=UNCERTAINTY_MEASURE_WITH_UNIT(LENGTH_MEASURE(0.01),#1696,
'DISTANCE_ACCURACY_VALUE',
'Maximum model space distance between geometric entities at asserted c
onnectivities');
#1693=UNCERTAINTY_MEASURE_WITH_UNIT(LENGTH_MEASURE(0.01),#1696,
'DISTANCE_ACCURACY_VALUE',
'Maximum model space distance between geometric entities at asserted c
onnectivities');
#1694=(
GEOMETRIC_REPRESENTATION_CONTEXT(3)
GLOBAL_UNCERTAINTY_ASSIGNED_CONTEXT((#1692))
GLOBAL_UNIT_ASSIGNED_CONTEXT((#1696,#1698,#1699))
REPRESENTATION_CONTEXT('','3D')
);
#1695=(
GEOMETRIC_REPRESENTATION_CONTEXT(3)
GLOBAL_UNCERTAINTY_ASSIGNED_CONTEXT((#1693))
GLOBAL_UNIT_ASSIGNED_CONTEXT((#1696,#1698,#1699))
REPRESENTATION_CONTEXT('','3D')
);
#1696=(
LENGTH_UNIT()
NAMED_UNIT(*)
SI_UNIT(.MILLI.,.METRE.)
);
#1697=(
LENGTH_UNIT()
NAMED_UNIT(*)
SI_UNIT($,.METRE.)
);
#1698=(
NAMED_UNIT(*)
PLANE_ANGLE_UNIT()
SI_UNIT($,.RADIAN.)
);
#1699=(
NAMED_UNIT(*)
SI_UNIT($,.STERADIAN.)
SOLID_ANGLE_UNIT()
);
#1700=SHAPE_DEFINITION_REPRESENTATION(#1701,#1702);
#1701=PRODUCT_DEFINITION_SHAPE('',$,#1704);
#1702=SHAPE_REPRESENTATION('',(#656),#1694);
#1703=PRODUCT_DEFINITION_CONTEXT('part definition',#1708,'design');
#1704=PRODUCT_DEFINITION('Low Profile Keycap 1.25U',
'Low Profile Keycap 1.25U v3',#1705,#1703);
#1705=PRODUCT_DEFINITION_FORMATION('',$,#1710);
#1706=PRODUCT_RELATED_PRODUCT_CATEGORY('Low Profile Keycap 1.25U v3',
'Low Profile Keycap 1.25U v3',(#1710));
#1707=APPLICATION_PROTOCOL_DEFINITION('international standard',
'automotive_design',2009,#1708);
#1708=APPLICATION_CONTEXT(
'Core Data for Automotive Mechanical Design Process');
#1709=PRODUCT_CONTEXT('part definition',#1708,'mechanical');
#1710=PRODUCT('Low Profile Keycap 1.25U','Low Profile Keycap 1.25U v3',
$,(#1709));
#1711=PRESENTATION_STYLE_ASSIGNMENT((#1713));
#1712=PRESENTATION_STYLE_ASSIGNMENT((#1714));
#1713=SURFACE_STYLE_USAGE(.BOTH.,#1715);
#1714=SURFACE_STYLE_USAGE(.BOTH.,#1716);
#1715=SURFACE_SIDE_STYLE('',(#1717));
#1716=SURFACE_SIDE_STYLE('',(#1718));
#1717=SURFACE_STYLE_FILL_AREA(#1719);
#1718=SURFACE_STYLE_FILL_AREA(#1720);
#1719=FILL_AREA_STYLE('\X2\92FC\X0\ - \X2\30B530C630F3\X0\',(#1721));
#1720=FILL_AREA_STYLE('\X2\30D730E930B930C130C330AF\X0\ - \X2\30DE30C330C8\X0\(
\X2\9ED2\X0\)',(#1722));
#1721=FILL_AREA_STYLE_COLOUR('\X2\92FC\X0\ - \X2\30B530C630F3\X0\',#1723);
#1722=FILL_AREA_STYLE_COLOUR('\X2\30D730E930B930C130C330AF\X0\ - \X2\30DE30C330C8\X0\(
\X2\9ED2\X0\)',#1724);
#1723=COLOUR_RGB('\X2\92FC\X0\ - \X2\30B530C630F3\X0\',0.627450980392157,
0.627450980392157,0.627450980392157);
#1724=COLOUR_RGB('\X2\30D730E930B930C130C330AF\X0\ - \X2\30DE30C330C8\X0\(
\X2\9ED2\X0\)',0.0980392156862745,0.0980392156862745,0.0980392156862745);
ENDSEC;
END-ISO-10303-21;
