ISO-10303-21;
HEADER;
/* Generated by software containing ST-Developer
 * from STEP Tools, Inc. (www.steptools.com) 
 */

FILE_DESCRIPTION(
/* description */ (''),
/* implementation_level */ '2;1');

FILE_NAME(
/* name */ 'Low Profile Keycap 1.75U.step',
/* time_stamp */ '2026-01-27T13:47:13+09:00',
/* author */ (''),
/* organization */ (''),
/* preprocessor_version */ 'ST-DEVELOPER v20.1',
/* originating_system */ 'Autodesk Translation Framework v14.24.0.0',
/* authorisation */ '');

FILE_SCHEMA (('AUTOMOTIVE_DESIGN { 1 0 10303 214 3 1 1 }'));
ENDSEC;

DATA;
#10=MECHANICAL_DESIGN_GEOMETRIC_PRESENTATION_REPRESENTATION('',(#13),#1686);
#11=SHAPE_REPRESENTATION_RELATIONSHIP('SRR','None',#1693,#12);
#12=ADVANCED_BREP_SHAPE_REPRESENTATION('',(#14),#1685);
#13=STYLED_ITEM('',(#1703),#14);
#14=MANIFOLD_SOLID_BREP('\X2\30DC30C730A3\X0\1',#643);
#15=FACE_BOUND('',#224,.T.);
#16=FACE_BOUND('',#233,.T.);
#17=(
BOUNDED_SURFACE()
B_SPLINE_SURFACE(3,2,((#1222,#1223,#1224,#1225,#1226,#1227,#1228,#1229,
#1230),(#1231,#1232,#1233,#1234,#1235,#1236,#1237,#1238,#1239),(#1240,#1241,
#1242,#1243,#1244,#1245,#1246,#1247,#1248),(#1249,#1250,#1251,#1252,#1253,
#1254,#1255,#1256,#1257)),.UNSPECIFIED.,.F.,.T.,.F.)
B_SPLINE_SURFACE_WITH_KNOTS((4,4),(3,2,2,2,3),(1059.91110037,1089.99688071),
(0.,1.5707963267949,3.14159265358979,4.71238898038469,6.28318530717959),
 .UNSPECIFIED.)
GEOMETRIC_REPRESENTATION_ITEM()
RATIONAL_B_SPLINE_SURFACE(((1.,0.707106781186548,1.,0.707106781186548,1.,
0.707106781186548,1.,0.707106781186548,1.),(1.,0.707106781186548,1.,0.707106781186548,
1.,0.707106781186548,1.,0.707106781186548,1.),(1.,0.707106781186548,1.,
0.707106781186548,1.,0.707106781186548,1.,0.707106781186548,1.),(1.,0.707106781186548,
1.,0.707106781186548,1.,0.707106781186548,1.,0.707106781186548,1.)))
REPRESENTATION_ITEM('')
SURFACE()
);
#18=(
BOUNDED_SURFACE()
B_SPLINE_SURFACE(3,2,((#1459,#1460,#1461,#1462,#1463,#1464,#1465,#1466,
#1467,#1468,#1469),(#1470,#1471,#1472,#1473,#1474,#1475,#1476,#1477,#1478,
#1479,#1480),(#1481,#1482,#1483,#1484,#1485,#1486,#1487,#1488,#1489,#1490,
#1491),(#1492,#1493,#1494,#1495,#1496,#1497,#1498,#1499,#1500,#1501,#1502)),
 .UNSPECIFIED.,.F.,.T.,.F.)
B_SPLINE_SURFACE_WITH_KNOTS((4,4),(3,2,2,2,2,3),(1059.81154063,1090.09644044),
(6.13979014441805,6.28318530717959,7.85398163397448,9.42477796076938,10.9955742875643,
12.4229754515976),.UNSPECIFIED.)
GEOMETRIC_REPRESENTATION_ITEM()
RATIONAL_B_SPLINE_SURFACE(((0.951406284548917,0.973262306470245,1.,0.707106781186548,
1.,0.707106781186548,1.,0.707106781186548,1.,0.733844474716302,0.951406284548917),
(0.951406284548917,0.973262306470245,1.,0.707106781186548,1.,0.707106781186548,
1.,0.707106781186548,1.,0.733844474716302,0.951406284548917),(0.951406284548917,
0.973262306470245,1.,0.707106781186548,1.,0.707106781186548,1.,0.707106781186548,
1.,0.733844474716302,0.951406284548917),(0.951406284548917,0.973262306470245,
1.,0.707106781186548,1.,0.707106781186548,1.,0.707106781186548,1.,0.733844474716302,
0.951406284548917)))
REPRESENTATION_ITEM('')
SURFACE()
);
#19=B_SPLINE_SURFACE_WITH_KNOTS('',5,5,((#958,#959,#960,#961,#962,#963),
(#964,#965,#966,#967,#968,#969),(#970,#971,#972,#973,#974,#975),(#976,#977,
#978,#979,#980,#981),(#982,#983,#984,#985,#986,#987),(#988,#989,#990,#991,
#992,#993)),.UNSPECIFIED.,.F.,.F.,.F.,(6,6),(6,6),(0.,5.4014592483),(4.72531374026E-15,
6.59734457254),.UNSPECIFIED.);
#20=B_SPLINE_SURFACE_WITH_KNOTS('',5,5,((#1019,#1020,#1021,#1022,#1023,
#1024),(#1025,#1026,#1027,#1028,#1029,#1030),(#1031,#1032,#1033,#1034,#1035,
#1036),(#1037,#1038,#1039,#1040,#1041,#1042),(#1043,#1044,#1045,#1046,#1047,
#1048),(#1049,#1050,#1051,#1052,#1053,#1054)),.UNSPECIFIED.,.F.,.F.,.F.,
(6,6),(6,6),(0.,5.4014592483),(6.59734457254,13.1946891451),
 .UNSPECIFIED.);
#21=B_SPLINE_SURFACE_WITH_KNOTS('',5,5,((#1092,#1093,#1094,#1095,#1096,
#1097),(#1098,#1099,#1100,#1101,#1102,#1103),(#1104,#1105,#1106,#1107,#1108,
#1109),(#1110,#1111,#1112,#1113,#1114,#1115),(#1116,#1117,#1118,#1119,#1120,
#1121),(#1122,#1123,#1124,#1125,#1126,#1127)),.UNSPECIFIED.,.F.,.F.,.F.,
(6,6),(6,6),(0.,5.4014592483),(13.1946891451,19.7920337176),
 .UNSPECIFIED.);
#22=B_SPLINE_SURFACE_WITH_KNOTS('',5,5,((#1151,#1152,#1153,#1154,#1155,
#1156),(#1157,#1158,#1159,#1160,#1161,#1162),(#1163,#1164,#1165,#1166,#1167,
#1168),(#1169,#1170,#1171,#1172,#1173,#1174),(#1175,#1176,#1177,#1178,#1179,
#1180),(#1181,#1182,#1183,#1184,#1185,#1186)),.UNSPECIFIED.,.F.,.F.,.F.,
(6,6),(6,6),(0.,5.4014592483),(19.7920337176,26.3893782902),
 .UNSPECIFIED.);
#23=B_SPLINE_SURFACE_WITH_KNOTS('',1,5,((#1303,#1304,#1305,#1306,#1307,
#1308,#1309,#1310,#1311),(#1312,#1313,#1314,#1315,#1316,#1317,#1318,#1319,
#1320)),.UNSPECIFIED.,.F.,.F.,.F.,(2,2),(6,3,6),(0.994917780156119,4.33614939258),
(19.7920337176,23.0907060039,26.3893782902),.UNSPECIFIED.);
#24=B_SPLINE_SURFACE_WITH_KNOTS('',1,5,((#1386,#1387,#1388,#1389,#1390,
#1391,#1392,#1393,#1394),(#1395,#1396,#1397,#1398,#1399,#1400,#1401,#1402,
#1403)),.UNSPECIFIED.,.F.,.F.,.F.,(2,2),(6,3,6),(0.98871729445,4.33614939292),
(13.1946891451,16.4933614313,19.7920337176),.UNSPECIFIED.);
#25=B_SPLINE_SURFACE_WITH_KNOTS('',1,5,((#1586,#1587,#1588,#1589,#1590,
#1591,#1592,#1593,#1594),(#1595,#1596,#1597,#1598,#1599,#1600,#1601,#1602,
#1603)),.UNSPECIFIED.,.F.,.F.,.F.,(2,2),(6,3,6),(0.994125771272981,4.33614939251),
(4.72531374026E-15,3.29867228627,6.59734457254),.UNSPECIFIED.);
#26=B_SPLINE_SURFACE_WITH_KNOTS('',1,5,((#1631,#1632,#1633,#1634,#1635,
#1636,#1637,#1638,#1639),(#1640,#1641,#1642,#1643,#1644,#1645,#1646,#1647,
#1648)),.UNSPECIFIED.,.F.,.F.,.F.,(2,2),(6,3,6),(0.994917779815867,4.33614939295),
(6.59734457254,9.89601685881,13.1946891451),.UNSPECIFIED.);
#27=LINE('',#882,#76);
#28=LINE('',#888,#77);
#29=LINE('',#891,#78);
#30=LINE('',#894,#79);
#31=LINE('',#896,#80);
#32=LINE('',#897,#81);
#33=LINE('',#902,#82);
#34=LINE('',#915,#83);
#35=LINE('',#917,#84);
#36=LINE('',#918,#85);
#37=LINE('',#923,#86);
#38=LINE('',#936,#87);
#39=LINE('',#938,#88);
#40=LINE('',#939,#89);
#41=LINE('',#944,#90);
#42=LINE('',#956,#91);
#43=LINE('',#957,#92);
#44=LINE('',#995,#93);
#45=LINE('',#997,#94);
#46=LINE('',#1012,#95);
#47=LINE('',#1056,#96);
#48=LINE('',#1085,#97);
#49=LINE('',#1129,#98);
#50=LINE('',#1144,#99);
#51=LINE('',#1188,#100);
#52=LINE('',#1263,#101);
#53=LINE('',#1267,#102);
#54=LINE('',#1271,#103);
#55=LINE('',#1274,#104);
#56=LINE('',#1277,#105);
#57=LINE('',#1279,#106);
#58=LINE('',#1292,#107);
#59=LINE('',#1348,#108);
#60=LINE('',#1376,#109);
#61=LINE('',#1385,#110);
#62=LINE('',#1431,#111);
#63=LINE('',#1445,#112);
#64=LINE('',#1447,#113);
#65=LINE('',#1451,#114);
#66=LINE('',#1452,#115);
#67=LINE('',#1568,#116);
#68=LINE('',#1571,#117);
#69=LINE('',#1572,#118);
#70=LINE('',#1575,#119);
#71=LINE('',#1605,#120);
#72=LINE('',#1675,#121);
#73=LINE('',#1677,#122);
#74=LINE('',#1679,#123);
#75=LINE('',#1681,#124);
#76=VECTOR('',#702,2.8);
#77=VECTOR('',#707,1.);
#78=VECTOR('',#710,1.);
#79=VECTOR('',#713,1.);
#80=VECTOR('',#714,1.);
#81=VECTOR('',#715,1.);
#82=VECTOR('',#720,1.);
#83=VECTOR('',#723,1.);
#84=VECTOR('',#724,1.);
#85=VECTOR('',#725,1.);
#86=VECTOR('',#730,1.);
#87=VECTOR('',#733,1.);
#88=VECTOR('',#734,1.);
#89=VECTOR('',#735,1.);
#90=VECTOR('',#740,1.);
#91=VECTOR('',#743,1.);
#92=VECTOR('',#744,1.);
#93=VECTOR('',#745,10.);
#94=VECTOR('',#746,10.);
#95=VECTOR('',#749,0.999999999999362);
#96=VECTOR('',#750,10.);
#97=VECTOR('',#753,1.00000000000001);
#98=VECTOR('',#754,10.);
#99=VECTOR('',#757,0.999999999999362);
#100=VECTOR('',#758,10.);
#101=VECTOR('',#765,1.);
#102=VECTOR('',#768,1.);
#103=VECTOR('',#771,1.);
#104=VECTOR('',#774,1.);
#105=VECTOR('',#777,1.);
#106=VECTOR('',#778,1.);
#107=VECTOR('',#779,1.);
#108=VECTOR('',#780,10.);
#109=VECTOR('',#781,10.);
#110=VECTOR('',#784,10.);
#111=VECTOR('',#785,10.);
#112=VECTOR('',#788,1.);
#113=VECTOR('',#791,1.);
#114=VECTOR('',#794,10.);
#115=VECTOR('',#795,10.);
#116=VECTOR('',#798,1.);
#117=VECTOR('',#801,10.);
#118=VECTOR('',#802,10.);
#119=VECTOR('',#805,1.);
#120=VECTOR('',#806,10.);
#121=VECTOR('',#807,10.);
#122=VECTOR('',#810,10.);
#123=VECTOR('',#813,1.);
#124=VECTOR('',#816,1.);
#125=B_SPLINE_CURVE_WITH_KNOTS('',3,(#826,#827,#828,#829),.UNSPECIFIED.,
 .F.,.F.,(4,4),(-0.104371039125703,0.),.UNSPECIFIED.);
#126=B_SPLINE_CURVE_WITH_KNOTS('',3,(#830,#831,#832,#833,#834,#835,#836,
#837,#838,#839,#840,#841,#842,#843,#844,#845,#846,#847,#848,#849,#850,#851,
#852,#853,#854,#855,#856,#857,#858,#859,#860,#861,#862,#863,#864,#865,#866,
#867,#868,#869,#870,#871,#872,#873,#874,#875,#876,#877,#878,#879,#880,#881),
 .UNSPECIFIED.,.F.,.F.,(4,2,2,2,2,2,2,2,2,2,2,2,2,2,2,2,2,2,2,2,2,2,2,2,
2,4),(0.,0.0887854088410727,0.184203049817873,0.295666792428695,0.375319207119893,
0.437122401530568,0.497990268843309,0.574069563159566,0.57973302494041,
0.591909986879873,0.636286863997221,0.746641172649465,0.857802689498505,
0.964873733559765,1.06699468541643,1.17845036565319,1.2577772437503,1.31948994638786,
1.38042824449569,1.45679672580005,1.45958579124369,1.46535979872479,1.49278571609142,
1.54102212118053,1.65160424065715,1.65889680694819),.UNSPECIFIED.);
#127=B_SPLINE_CURVE_WITH_KNOTS('',3,(#903,#904,#905,#906,#907,#908,#909,
#910,#911,#912),.UNSPECIFIED.,.F.,.F.,(4,2,2,2,4),(6.41032677322451E-6,
0.0516303711065106,0.102421792673876,0.15321321424216,0.204837476057089),
 .UNSPECIFIED.);
#128=B_SPLINE_CURVE_WITH_KNOTS('',3,(#924,#925,#926,#927,#928,#929,#930,
#931,#932,#933),.UNSPECIFIED.,.F.,.F.,(4,2,2,2,4),(6.4103276851617E-6,0.05163037111017,
0.102421792678284,0.153213214245487,0.204837476060944),.UNSPECIFIED.);
#129=B_SPLINE_CURVE_WITH_KNOTS('',3,(#945,#946,#947,#948,#949,#950,#951,
#952,#953,#954),.UNSPECIFIED.,.F.,.F.,(4,2,2,2,4),(6.41032513385648E-6,
0.0516303711065119,0.10242179267387,0.153213214242148,0.204837476057059),
 .UNSPECIFIED.);
#130=B_SPLINE_CURVE_WITH_KNOTS('',3,(#998,#999,#1000,#1001,#1002,#1003,
#1004,#1005,#1006,#1007,#1008,#1009),.UNSPECIFIED.,.F.,.F.,(4,2,2,2,2,4),
(-0.648238365681167,-0.532563073708574,-0.443976972456272,-0.293154397846212,
-0.150002535004139,-1.06762371967812E-6),.UNSPECIFIED.);
#131=B_SPLINE_CURVE_WITH_KNOTS('',3,(#1013,#1014,#1015,#1016,#1017,#1018),
 .UNSPECIFIED.,.F.,.F.,(4,2,4),(-2.15820882290834,-1.07916507823018,-3.51565951371718E-5),
 .UNSPECIFIED.);
#132=B_SPLINE_CURVE_WITH_KNOTS('',3,(#1057,#1058,#1059,#1060,#1061,#1062,
#1063,#1064,#1065,#1066,#1067,#1068,#1069,#1070,#1071,#1072,#1073,#1074,
#1075,#1076,#1077,#1078,#1079,#1080,#1081,#1082),.UNSPECIFIED.,.F.,.F.,
(4,2,2,2,2,2,2,2,2,2,2,2,4),(4.32162696739964E-9,0.0459833697253789,0.168416953992334,
0.177150311503679,0.181087501610596,0.184027310771345,0.186770809796287,
0.190536290601647,0.200014026620686,0.299129964957641,0.35474111804874,
0.482783602359563,0.647816098415417),.UNSPECIFIED.);
#133=B_SPLINE_CURVE_WITH_KNOTS('',3,(#1086,#1087,#1088,#1089,#1090,#1091),
 .UNSPECIFIED.,.F.,.F.,(4,2,4),(-0.722969136142308,-0.361493519454471,-5.07567567376244E-6),
 .UNSPECIFIED.);
#134=B_SPLINE_CURVE_WITH_KNOTS('',3,(#1130,#1131,#1132,#1133,#1134,#1135,
#1136,#1137,#1138,#1139,#1140,#1141),.UNSPECIFIED.,.F.,.F.,(4,2,2,2,2,4),
(-0.648238365686024,-0.53256307371331,-0.443976972460638,-0.293154397849917,
-0.150002535006215,-1.06765760134393E-6),.UNSPECIFIED.);
#135=B_SPLINE_CURVE_WITH_KNOTS('',3,(#1145,#1146,#1147,#1148,#1149,#1150),
 .UNSPECIFIED.,.F.,.F.,(4,2,4),(3.51563911198572E-5,1.07916507811643,2.15820882269306),
 .UNSPECIFIED.);
#136=B_SPLINE_CURVE_WITH_KNOTS('',3,(#1189,#1190,#1191,#1192,#1193,#1194,
#1195,#1196,#1197,#1198,#1199,#1200,#1201,#1202,#1203,#1204,#1205,#1206,
#1207,#1208,#1209,#1210,#1211,#1212,#1213,#1214),.UNSPECIFIED.,.F.,.F.,
(4,2,2,2,2,2,2,2,2,2,2,2,4),(4.31639891165671E-9,0.0459833697210972,0.168416953988387,
0.177150311499495,0.181087501605415,0.184027310761625,0.186770809787198,
0.190536290607158,0.200014026651628,0.29912996531172,0.354741118533338,
0.482783603188569,0.647816099613522),.UNSPECIFIED.);
#137=B_SPLINE_CURVE_WITH_KNOTS('',3,(#1216,#1217,#1218,#1219,#1220,#1221),
 .UNSPECIFIED.,.F.,.F.,(4,2,4),(-0.722969136107893,-0.361493519451416,-5.07567474085259E-6),
 .UNSPECIFIED.);
#138=B_SPLINE_CURVE_WITH_KNOTS('',3,(#1281,#1282,#1283,#1284,#1285,#1286,
#1287,#1288,#1289,#1290),.UNSPECIFIED.,.F.,.F.,(4,2,2,2,4),(-0.188265599834806,
-0.172978362285133,-0.151115327871677,-0.0988482949324963,-6.78841786650633E-6),
 .UNSPECIFIED.);
#139=B_SPLINE_CURVE_WITH_KNOTS('',3,(#1293,#1294,#1295,#1296,#1297,#1298,
#1299,#1300,#1301,#1302),.UNSPECIFIED.,.F.,.F.,(4,2,2,2,4),(-0.184087100803458,
-0.0874619670396601,-0.0363651308990928,-0.0149573360089297,-8.36752889199488E-12),
 .UNSPECIFIED.);
#140=B_SPLINE_CURVE_WITH_KNOTS('',3,(#1323,#1324,#1325,#1326,#1327,#1328,
#1329,#1330,#1331,#1332),.UNSPECIFIED.,.F.,.F.,(4,2,2,2,4),(-0.188251629286178,
-0.172958217938879,-0.151072271549653,-0.0988410661433795,-1.10880280303235E-5),
 .UNSPECIFIED.);
#141=B_SPLINE_CURVE_WITH_KNOTS('',3,(#1333,#1334,#1335,#1336,#1337,#1338,
#1339,#1340,#1341,#1342,#1343,#1344,#1345,#1346),.UNSPECIFIED.,.F.,.F.,
(4,2,2,2,2,2,4),(-0.0516632410181647,-0.0433195682950113,-0.0344290332469615,
-0.0258317466944758,-0.0172354430604772,-0.00834954293598853,-1.09941425855138E-5),
 .UNSPECIFIED.);
#142=B_SPLINE_CURVE_WITH_KNOTS('',3,(#1350,#1351,#1352,#1353,#1354,#1355,
#1356,#1357,#1358,#1359,#1360,#1361,#1362,#1363,#1364,#1365,#1366,#1367,
#1368,#1369,#1370,#1371,#1372,#1373,#1374,#1375),.UNSPECIFIED.,.F.,.F.,
(4,2,2,2,2,2,2,2,2,2,2,2,4),(2.32991450877019E-9,0.0409528713267882,0.116015244328793,
0.122298168667726,0.125231512096243,0.127464218348583,0.129579236518994,
0.133120484457422,0.142336987101607,0.250517776243504,0.349016254368359,
0.415533822438294,0.471447839832167),.UNSPECIFIED.);
#143=B_SPLINE_CURVE_WITH_KNOTS('',3,(#1379,#1380,#1381,#1382,#1383,#1384),
 .UNSPECIFIED.,.F.,.F.,(4,2,4),(3.70519112406235E-5,1.16888803302826,2.33763980982801),
 .UNSPECIFIED.);
#144=B_SPLINE_CURVE_WITH_KNOTS('',3,(#1405,#1406,#1407,#1408,#1409,#1410,
#1411,#1412,#1413,#1414,#1415,#1416,#1417,#1418),.UNSPECIFIED.,.F.,.F.,
(4,2,2,2,2,2,4),(-0.051670699043723,-0.0433351332593668,-0.0344400706028118,
-0.0258431057500215,-0.0172455931390876,-0.00835285321400827,-1.10859428237596E-5),
 .UNSPECIFIED.);
#145=B_SPLINE_CURVE_WITH_KNOTS('',3,(#1420,#1421,#1422,#1423,#1424,#1425,
#1426,#1427,#1428,#1429),.UNSPECIFIED.,.F.,.F.,(4,2,2,2,4),(0.,0.0149485491736506,
0.0363281010549469,0.0874414341147793,0.184059360943904),.UNSPECIFIED.);
#146=B_SPLINE_CURVE_WITH_KNOTS('',3,(#1432,#1433,#1434,#1435,#1436,#1437,
#1438,#1439,#1440,#1441,#1442,#1443),.UNSPECIFIED.,.F.,.F.,(4,2,2,2,2,4),
(1.15601383771805E-6,0.105946341158367,0.202355112891729,0.297877655921783,
0.353376393368049,0.425146465259616),.UNSPECIFIED.);
#147=B_SPLINE_CURVE_WITH_KNOTS('',3,(#1453,#1454,#1455,#1456,#1457,#1458),
 .UNSPECIFIED.,.F.,.F.,(4,2,4),(3.3369631167066E-6,0.454797982410617,0.909577158447595),
 .UNSPECIFIED.);
#148=B_SPLINE_CURVE_WITH_KNOTS('',3,(#1504,#1505,#1506,#1507,#1508,#1509),
 .UNSPECIFIED.,.F.,.F.,(4,2,4),(3.33693752237243E-6,0.454797982393918,0.909577158461559),
 .UNSPECIFIED.);
#149=B_SPLINE_CURVE_WITH_KNOTS('',3,(#1511,#1512,#1513,#1514,#1515,#1516,
#1517,#1518,#1519,#1520,#1521,#1522,#1523,#1524,#1525,#1526,#1527,#1528,
#1529,#1530,#1531,#1532,#1533,#1534,#1535,#1536),.UNSPECIFIED.,.F.,.F.,
(4,2,2,2,2,2,2,2,2,2,2,2,4),(2.33075444473097E-9,0.0409528592023632,0.11601524402535,
0.122298168529651,0.125231511988411,0.127464218241075,0.12957923639633,
0.133120484266613,0.142336986535664,0.250517767718984,0.349016243978984,
0.415533817225481,0.471447838048322),.UNSPECIFIED.);
#150=B_SPLINE_CURVE_WITH_KNOTS('',3,(#1538,#1539,#1540,#1541,#1542,#1543),
 .UNSPECIFIED.,.F.,.F.,(4,2,4),(3.70519875517277E-5,1.1688880330161,2.33763980983101),
 .UNSPECIFIED.);
#151=B_SPLINE_CURVE_WITH_KNOTS('',3,(#1544,#1545,#1546,#1547,#1548,#1549,
#1550,#1551,#1552,#1553,#1554,#1555),.UNSPECIFIED.,.F.,.F.,(4,2,2,2,2,4),
(-0.425147195021981,-0.353374811331193,-0.29787443381222,-0.202348943292015,
-0.105943190866183,-1.15599648494369E-6),.UNSPECIFIED.);
#152=B_SPLINE_CURVE_WITH_KNOTS('',3,(#1558,#1559,#1560,#1561,#1562,#1563,
#1564,#1565,#1566,#1567),.UNSPECIFIED.,.F.,.F.,(4,2,2,2,4),(2.78784771657666E-11,
0.0149560405922094,0.0363609972222961,0.0874487639906325,0.184082674239561),
 .UNSPECIFIED.);
#153=B_SPLINE_CURVE_WITH_KNOTS('',3,(#1576,#1577,#1578,#1579,#1580,#1581,
#1582,#1583,#1584,#1585),.UNSPECIFIED.,.F.,.F.,(4,2,2,2,4),(-0.188266110962771,
-0.172971983222469,-0.151084483050802,-0.0988482948567114,-6.78841943705832E-6),
 .UNSPECIFIED.);
#154=B_SPLINE_CURVE_WITH_KNOTS('',3,(#1607,#1608,#1609,#1610,#1611,#1612,
#1613,#1614,#1615,#1616),.UNSPECIFIED.,.F.,.F.,(4,2,2,2,4),(-0.188251629029792,
-0.172958222247967,-0.151072292221922,-0.098841066147031,-1.10880310934872E-5),
 .UNSPECIFIED.);
#155=B_SPLINE_CURVE_WITH_KNOTS('',3,(#1617,#1618,#1619,#1620,#1621,#1622,
#1623,#1624,#1625,#1626,#1627,#1628,#1629,#1630),.UNSPECIFIED.,.F.,.F.,
(4,2,2,2,2,2,4),(-0.051687684835373,-0.0433411837939116,-0.0344470347913224,
-0.0258499617315132,-0.0172532668752291,-0.00835806858252578,-3.02642239828322E-5),
 .UNSPECIFIED.);
#156=B_SPLINE_CURVE_WITH_KNOTS('',3,(#1650,#1651,#1652,#1653,#1654,#1655,
#1656,#1657,#1658,#1659,#1660,#1661,#1662,#1663),.UNSPECIFIED.,.F.,.F.,
(4,2,2,2,2,2,4),(-0.0516706723695167,-0.04333303144242,-0.0344396944952294,
-0.025843092418134,-0.0172459444107898,-0.00835492996404043,-1.10859473240454E-5),
 .UNSPECIFIED.);
#157=B_SPLINE_CURVE_WITH_KNOTS('',3,(#1665,#1666,#1667,#1668,#1669,#1670,
#1671,#1672,#1673,#1674),.UNSPECIFIED.,.F.,.F.,(4,2,2,2,4),(-0.18406265912692,
-0.0874481992680451,-0.0363608418558601,-0.014955989867819,-2.86550783101802E-11),
 .UNSPECIFIED.);
#158=CYLINDRICAL_SURFACE('',#659,2.8);
#159=CYLINDRICAL_SURFACE('',#660,1.30015820542);
#160=CYLINDRICAL_SURFACE('',#664,1.30015820542);
#161=CYLINDRICAL_SURFACE('',#667,1.30015820542);
#162=CYLINDRICAL_SURFACE('',#670,1.30015820542);
#163=CYLINDRICAL_SURFACE('',#684,0.300158205423);
#164=CYLINDRICAL_SURFACE('',#685,0.300158205423);
#165=CYLINDRICAL_SURFACE('',#691,0.300158205423);
#166=CYLINDRICAL_SURFACE('',#692,0.300158205423);
#167=FACE_OUTER_BOUND('',#204,.T.);
#168=FACE_OUTER_BOUND('',#205,.T.);
#169=FACE_OUTER_BOUND('',#206,.T.);
#170=FACE_OUTER_BOUND('',#207,.T.);
#171=FACE_OUTER_BOUND('',#208,.T.);
#172=FACE_OUTER_BOUND('',#209,.T.);
#173=FACE_OUTER_BOUND('',#210,.T.);
#174=FACE_OUTER_BOUND('',#211,.T.);
#175=FACE_OUTER_BOUND('',#212,.T.);
#176=FACE_OUTER_BOUND('',#213,.T.);
#177=FACE_OUTER_BOUND('',#214,.T.);
#178=FACE_OUTER_BOUND('',#215,.T.);
#179=FACE_OUTER_BOUND('',#216,.T.);
#180=FACE_OUTER_BOUND('',#217,.T.);
#181=FACE_OUTER_BOUND('',#218,.T.);
#182=FACE_OUTER_BOUND('',#219,.T.);
#183=FACE_OUTER_BOUND('',#220,.T.);
#184=FACE_OUTER_BOUND('',#221,.T.);
#185=FACE_OUTER_BOUND('',#222,.T.);
#186=FACE_OUTER_BOUND('',#223,.T.);
#187=FACE_OUTER_BOUND('',#225,.T.);
#188=FACE_OUTER_BOUND('',#226,.T.);
#189=FACE_OUTER_BOUND('',#227,.T.);
#190=FACE_OUTER_BOUND('',#228,.T.);
#191=FACE_OUTER_BOUND('',#229,.T.);
#192=FACE_OUTER_BOUND('',#230,.T.);
#193=FACE_OUTER_BOUND('',#231,.T.);
#194=FACE_OUTER_BOUND('',#232,.T.);
#195=FACE_OUTER_BOUND('',#234,.T.);
#196=FACE_OUTER_BOUND('',#235,.T.);
#197=FACE_OUTER_BOUND('',#236,.T.);
#198=FACE_OUTER_BOUND('',#237,.T.);
#199=FACE_OUTER_BOUND('',#238,.T.);
#200=FACE_OUTER_BOUND('',#239,.T.);
#201=FACE_OUTER_BOUND('',#240,.T.);
#202=FACE_OUTER_BOUND('',#241,.T.);
#203=FACE_OUTER_BOUND('',#242,.T.);
#204=EDGE_LOOP('',(#404));
#205=EDGE_LOOP('',(#405,#406,#407,#408,#409));
#206=EDGE_LOOP('',(#410,#411,#412,#413));
#207=EDGE_LOOP('',(#414,#415,#416,#417));
#208=EDGE_LOOP('',(#418,#419,#420,#421));
#209=EDGE_LOOP('',(#422,#423,#424,#425));
#210=EDGE_LOOP('',(#426,#427,#428,#429));
#211=EDGE_LOOP('',(#430,#431,#432,#433));
#212=EDGE_LOOP('',(#434,#435,#436,#437));
#213=EDGE_LOOP('',(#438,#439,#440,#441));
#214=EDGE_LOOP('',(#442,#443,#444,#445));
#215=EDGE_LOOP('',(#446,#447,#448,#449));
#216=EDGE_LOOP('',(#450,#451,#452,#453));
#217=EDGE_LOOP('',(#454,#455,#456,#457));
#218=EDGE_LOOP('',(#458,#459,#460,#461));
#219=EDGE_LOOP('',(#462,#463,#464,#465));
#220=EDGE_LOOP('',(#466,#467,#468,#469));
#221=EDGE_LOOP('',(#470,#471,#472,#473));
#222=EDGE_LOOP('',(#474,#475,#476,#477,#478,#479,#480,#481));
#223=EDGE_LOOP('',(#482,#483,#484,#485,#486,#487,#488,#489));
#224=EDGE_LOOP('',(#490,#491,#492,#493,#494,#495,#496,#497));
#225=EDGE_LOOP('',(#498,#499,#500,#501,#502,#503));
#226=EDGE_LOOP('',(#504,#505,#506,#507,#508,#509));
#227=EDGE_LOOP('',(#510,#511,#512,#513));
#228=EDGE_LOOP('',(#514,#515,#516,#517,#518,#519));
#229=EDGE_LOOP('',(#520,#521,#522,#523));
#230=EDGE_LOOP('',(#524,#525,#526,#527));
#231=EDGE_LOOP('',(#528,#529,#530,#531));
#232=EDGE_LOOP('',(#532,#533,#534,#535,#536,#537,#538,#539));
#233=EDGE_LOOP('',(#540,#541));
#234=EDGE_LOOP('',(#542,#543,#544,#545,#546,#547));
#235=EDGE_LOOP('',(#548,#549,#550,#551));
#236=EDGE_LOOP('',(#552,#553,#554,#555,#556,#557));
#237=EDGE_LOOP('',(#558,#559,#560,#561,#562,#563));
#238=EDGE_LOOP('',(#564,#565,#566,#567,#568,#569));
#239=EDGE_LOOP('',(#570,#571,#572,#573));
#240=EDGE_LOOP('',(#574,#575,#576,#577));
#241=EDGE_LOOP('',(#578,#579,#580,#581));
#242=EDGE_LOOP('',(#582,#583,#584,#585,#586,#587));
#243=CIRCLE('',#658,2.8);
#244=CIRCLE('',#661,1.30015820542);
#245=CIRCLE('',#662,1.30015820542);
#246=CIRCLE('',#665,1.30015820542);
#247=CIRCLE('',#668,1.30015820542);
#248=CIRCLE('',#671,1.30015820542);
#249=CIRCLE('',#678,0.300158205423);
#250=CIRCLE('',#679,0.300158205423);
#251=CIRCLE('',#680,0.300158205423);
#252=CIRCLE('',#681,0.300158205423);
#253=VERTEX_POINT('',#821);
#254=VERTEX_POINT('',#824);
#255=VERTEX_POINT('',#825);
#256=VERTEX_POINT('',#884);
#257=VERTEX_POINT('',#885);
#258=VERTEX_POINT('',#887);
#259=VERTEX_POINT('',#889);
#260=VERTEX_POINT('',#893);
#261=VERTEX_POINT('',#895);
#262=VERTEX_POINT('',#899);
#263=VERTEX_POINT('',#901);
#264=VERTEX_POINT('',#914);
#265=VERTEX_POINT('',#916);
#266=VERTEX_POINT('',#920);
#267=VERTEX_POINT('',#922);
#268=VERTEX_POINT('',#935);
#269=VERTEX_POINT('',#937);
#270=VERTEX_POINT('',#941);
#271=VERTEX_POINT('',#943);
#272=VERTEX_POINT('',#994);
#273=VERTEX_POINT('',#996);
#274=VERTEX_POINT('',#1011);
#275=VERTEX_POINT('',#1055);
#276=VERTEX_POINT('',#1084);
#277=VERTEX_POINT('',#1128);
#278=VERTEX_POINT('',#1143);
#279=VERTEX_POINT('',#1187);
#280=VERTEX_POINT('',#1259);
#281=VERTEX_POINT('',#1260);
#282=VERTEX_POINT('',#1262);
#283=VERTEX_POINT('',#1264);
#284=VERTEX_POINT('',#1266);
#285=VERTEX_POINT('',#1268);
#286=VERTEX_POINT('',#1270);
#287=VERTEX_POINT('',#1272);
#288=VERTEX_POINT('',#1276);
#289=VERTEX_POINT('',#1278);
#290=VERTEX_POINT('',#1280);
#291=VERTEX_POINT('',#1291);
#292=VERTEX_POINT('',#1321);
#293=VERTEX_POINT('',#1322);
#294=VERTEX_POINT('',#1347);
#295=VERTEX_POINT('',#1349);
#296=VERTEX_POINT('',#1378);
#297=VERTEX_POINT('',#1404);
#298=VERTEX_POINT('',#1419);
#299=VERTEX_POINT('',#1430);
#300=VERTEX_POINT('',#1449);
#301=VERTEX_POINT('',#1450);
#302=VERTEX_POINT('',#1503);
#303=VERTEX_POINT('',#1510);
#304=VERTEX_POINT('',#1537);
#305=VERTEX_POINT('',#1557);
#306=VERTEX_POINT('',#1570);
#307=VERTEX_POINT('',#1574);
#308=VERTEX_POINT('',#1604);
#309=VERTEX_POINT('',#1606);
#310=VERTEX_POINT('',#1649);
#311=VERTEX_POINT('',#1664);
#312=EDGE_CURVE('',#253,#253,#243,.T.);
#313=EDGE_CURVE('',#254,#255,#125,.T.);
#314=EDGE_CURVE('',#255,#254,#126,.T.);
#315=EDGE_CURVE('',#255,#253,#27,.T.);
#316=EDGE_CURVE('',#256,#257,#244,.T.);
#317=EDGE_CURVE('',#258,#257,#28,.F.);
#318=EDGE_CURVE('',#259,#258,#245,.T.);
#319=EDGE_CURVE('',#259,#256,#29,.F.);
#320=EDGE_CURVE('',#260,#257,#30,.T.);
#321=EDGE_CURVE('',#261,#260,#31,.T.);
#322=EDGE_CURVE('',#261,#258,#32,.T.);
#323=EDGE_CURVE('',#260,#262,#246,.T.);
#324=EDGE_CURVE('',#263,#262,#33,.F.);
#325=EDGE_CURVE('',#261,#263,#127,.T.);
#326=EDGE_CURVE('',#264,#262,#34,.T.);
#327=EDGE_CURVE('',#265,#264,#35,.T.);
#328=EDGE_CURVE('',#265,#263,#36,.T.);
#329=EDGE_CURVE('',#264,#266,#247,.T.);
#330=EDGE_CURVE('',#267,#266,#37,.F.);
#331=EDGE_CURVE('',#265,#267,#128,.T.);
#332=EDGE_CURVE('',#268,#266,#38,.T.);
#333=EDGE_CURVE('',#269,#268,#39,.T.);
#334=EDGE_CURVE('',#269,#267,#40,.T.);
#335=EDGE_CURVE('',#268,#270,#248,.T.);
#336=EDGE_CURVE('',#271,#270,#41,.F.);
#337=EDGE_CURVE('',#269,#271,#129,.T.);
#338=EDGE_CURVE('',#256,#270,#42,.T.);
#339=EDGE_CURVE('',#259,#271,#43,.T.);
#340=EDGE_CURVE('',#272,#259,#44,.T.);
#341=EDGE_CURVE('',#273,#258,#45,.T.);
#342=EDGE_CURVE('',#273,#272,#130,.T.);
#343=EDGE_CURVE('',#274,#261,#46,.T.);
#344=EDGE_CURVE('',#274,#273,#131,.T.);
#345=EDGE_CURVE('',#275,#263,#47,.T.);
#346=EDGE_CURVE('',#274,#275,#132,.T.);
#347=EDGE_CURVE('',#276,#265,#48,.T.);
#348=EDGE_CURVE('',#276,#275,#133,.T.);
#349=EDGE_CURVE('',#277,#267,#49,.T.);
#350=EDGE_CURVE('',#277,#276,#134,.T.);
#351=EDGE_CURVE('',#278,#269,#50,.T.);
#352=EDGE_CURVE('',#277,#278,#135,.T.);
#353=EDGE_CURVE('',#279,#271,#51,.T.);
#354=EDGE_CURVE('',#278,#279,#136,.T.);
#355=EDGE_CURVE('',#272,#279,#137,.T.);
#356=EDGE_CURVE('',#280,#281,#249,.T.);
#357=EDGE_CURVE('',#282,#281,#52,.T.);
#358=EDGE_CURVE('',#282,#283,#250,.T.);
#359=EDGE_CURVE('',#283,#284,#53,.T.);
#360=EDGE_CURVE('',#284,#285,#251,.T.);
#361=EDGE_CURVE('',#285,#286,#54,.T.);
#362=EDGE_CURVE('',#286,#287,#252,.T.);
#363=EDGE_CURVE('',#287,#280,#55,.T.);
#364=EDGE_CURVE('',#288,#280,#56,.T.);
#365=EDGE_CURVE('',#289,#287,#57,.T.);
#366=EDGE_CURVE('',#290,#289,#138,.T.);
#367=EDGE_CURVE('',#291,#290,#58,.F.);
#368=EDGE_CURVE('',#288,#291,#139,.T.);
#369=EDGE_CURVE('',#292,#293,#140,.T.);
#370=EDGE_CURVE('',#293,#288,#141,.T.);
#371=EDGE_CURVE('',#294,#291,#59,.T.);
#372=EDGE_CURVE('',#294,#295,#142,.T.);
#373=EDGE_CURVE('',#295,#292,#60,.T.);
#374=EDGE_CURVE('',#296,#294,#143,.T.);
#375=EDGE_CURVE('',#296,#290,#61,.T.);
#376=EDGE_CURVE('',#289,#297,#144,.T.);
#377=EDGE_CURVE('',#298,#297,#145,.T.);
#378=EDGE_CURVE('',#299,#298,#62,.T.);
#379=EDGE_CURVE('',#299,#296,#146,.T.);
#380=EDGE_CURVE('',#297,#286,#63,.F.);
#381=EDGE_CURVE('',#293,#281,#64,.F.);
#382=EDGE_CURVE('',#300,#301,#65,.T.);
#383=EDGE_CURVE('',#301,#292,#66,.T.);
#384=EDGE_CURVE('',#295,#300,#147,.T.);
#385=EDGE_CURVE('',#302,#299,#148,.T.);
#386=EDGE_CURVE('',#303,#302,#149,.T.);
#387=EDGE_CURVE('',#304,#303,#150,.T.);
#388=EDGE_CURVE('',#304,#300,#151,.T.);
#389=EDGE_CURVE('',#301,#305,#152,.T.);
#390=EDGE_CURVE('',#305,#282,#67,.T.);
#391=EDGE_CURVE('',#298,#306,#68,.T.);
#392=EDGE_CURVE('',#302,#306,#69,.T.);
#393=EDGE_CURVE('',#307,#285,#70,.T.);
#394=EDGE_CURVE('',#306,#307,#153,.T.);
#395=EDGE_CURVE('',#304,#308,#71,.T.);
#396=EDGE_CURVE('',#308,#309,#154,.T.);
#397=EDGE_CURVE('',#309,#305,#155,.T.);
#398=EDGE_CURVE('',#307,#310,#156,.T.);
#399=EDGE_CURVE('',#310,#311,#157,.T.);
#400=EDGE_CURVE('',#303,#311,#72,.T.);
#401=EDGE_CURVE('',#311,#308,#73,.T.);
#402=EDGE_CURVE('',#309,#283,#74,.F.);
#403=EDGE_CURVE('',#310,#284,#75,.F.);
#404=ORIENTED_EDGE('',*,*,#312,.T.);
#405=ORIENTED_EDGE('',*,*,#313,.F.);
#406=ORIENTED_EDGE('',*,*,#314,.F.);
#407=ORIENTED_EDGE('',*,*,#315,.T.);
#408=ORIENTED_EDGE('',*,*,#312,.F.);
#409=ORIENTED_EDGE('',*,*,#315,.F.);
#410=ORIENTED_EDGE('',*,*,#316,.T.);
#411=ORIENTED_EDGE('',*,*,#317,.F.);
#412=ORIENTED_EDGE('',*,*,#318,.F.);
#413=ORIENTED_EDGE('',*,*,#319,.T.);
#414=ORIENTED_EDGE('',*,*,#320,.F.);
#415=ORIENTED_EDGE('',*,*,#321,.F.);
#416=ORIENTED_EDGE('',*,*,#322,.T.);
#417=ORIENTED_EDGE('',*,*,#317,.T.);
#418=ORIENTED_EDGE('',*,*,#323,.T.);
#419=ORIENTED_EDGE('',*,*,#324,.F.);
#420=ORIENTED_EDGE('',*,*,#325,.F.);
#421=ORIENTED_EDGE('',*,*,#321,.T.);
#422=ORIENTED_EDGE('',*,*,#326,.F.);
#423=ORIENTED_EDGE('',*,*,#327,.F.);
#424=ORIENTED_EDGE('',*,*,#328,.T.);
#425=ORIENTED_EDGE('',*,*,#324,.T.);
#426=ORIENTED_EDGE('',*,*,#329,.T.);
#427=ORIENTED_EDGE('',*,*,#330,.F.);
#428=ORIENTED_EDGE('',*,*,#331,.F.);
#429=ORIENTED_EDGE('',*,*,#327,.T.);
#430=ORIENTED_EDGE('',*,*,#332,.F.);
#431=ORIENTED_EDGE('',*,*,#333,.F.);
#432=ORIENTED_EDGE('',*,*,#334,.T.);
#433=ORIENTED_EDGE('',*,*,#330,.T.);
#434=ORIENTED_EDGE('',*,*,#335,.T.);
#435=ORIENTED_EDGE('',*,*,#336,.F.);
#436=ORIENTED_EDGE('',*,*,#337,.F.);
#437=ORIENTED_EDGE('',*,*,#333,.T.);
#438=ORIENTED_EDGE('',*,*,#338,.F.);
#439=ORIENTED_EDGE('',*,*,#319,.F.);
#440=ORIENTED_EDGE('',*,*,#339,.T.);
#441=ORIENTED_EDGE('',*,*,#336,.T.);
#442=ORIENTED_EDGE('',*,*,#340,.T.);
#443=ORIENTED_EDGE('',*,*,#318,.T.);
#444=ORIENTED_EDGE('',*,*,#341,.F.);
#445=ORIENTED_EDGE('',*,*,#342,.T.);
#446=ORIENTED_EDGE('',*,*,#341,.T.);
#447=ORIENTED_EDGE('',*,*,#322,.F.);
#448=ORIENTED_EDGE('',*,*,#343,.F.);
#449=ORIENTED_EDGE('',*,*,#344,.T.);
#450=ORIENTED_EDGE('',*,*,#343,.T.);
#451=ORIENTED_EDGE('',*,*,#325,.T.);
#452=ORIENTED_EDGE('',*,*,#345,.F.);
#453=ORIENTED_EDGE('',*,*,#346,.F.);
#454=ORIENTED_EDGE('',*,*,#345,.T.);
#455=ORIENTED_EDGE('',*,*,#328,.F.);
#456=ORIENTED_EDGE('',*,*,#347,.F.);
#457=ORIENTED_EDGE('',*,*,#348,.T.);
#458=ORIENTED_EDGE('',*,*,#347,.T.);
#459=ORIENTED_EDGE('',*,*,#331,.T.);
#460=ORIENTED_EDGE('',*,*,#349,.F.);
#461=ORIENTED_EDGE('',*,*,#350,.T.);
#462=ORIENTED_EDGE('',*,*,#349,.T.);
#463=ORIENTED_EDGE('',*,*,#334,.F.);
#464=ORIENTED_EDGE('',*,*,#351,.F.);
#465=ORIENTED_EDGE('',*,*,#352,.F.);
#466=ORIENTED_EDGE('',*,*,#351,.T.);
#467=ORIENTED_EDGE('',*,*,#337,.T.);
#468=ORIENTED_EDGE('',*,*,#353,.F.);
#469=ORIENTED_EDGE('',*,*,#354,.F.);
#470=ORIENTED_EDGE('',*,*,#353,.T.);
#471=ORIENTED_EDGE('',*,*,#339,.F.);
#472=ORIENTED_EDGE('',*,*,#340,.F.);
#473=ORIENTED_EDGE('',*,*,#355,.T.);
#474=ORIENTED_EDGE('',*,*,#344,.F.);
#475=ORIENTED_EDGE('',*,*,#346,.T.);
#476=ORIENTED_EDGE('',*,*,#348,.F.);
#477=ORIENTED_EDGE('',*,*,#350,.F.);
#478=ORIENTED_EDGE('',*,*,#352,.T.);
#479=ORIENTED_EDGE('',*,*,#354,.T.);
#480=ORIENTED_EDGE('',*,*,#355,.F.);
#481=ORIENTED_EDGE('',*,*,#342,.F.);
#482=ORIENTED_EDGE('',*,*,#338,.T.);
#483=ORIENTED_EDGE('',*,*,#335,.F.);
#484=ORIENTED_EDGE('',*,*,#332,.T.);
#485=ORIENTED_EDGE('',*,*,#329,.F.);
#486=ORIENTED_EDGE('',*,*,#326,.T.);
#487=ORIENTED_EDGE('',*,*,#323,.F.);
#488=ORIENTED_EDGE('',*,*,#320,.T.);
#489=ORIENTED_EDGE('',*,*,#316,.F.);
#490=ORIENTED_EDGE('',*,*,#356,.T.);
#491=ORIENTED_EDGE('',*,*,#357,.F.);
#492=ORIENTED_EDGE('',*,*,#358,.T.);
#493=ORIENTED_EDGE('',*,*,#359,.T.);
#494=ORIENTED_EDGE('',*,*,#360,.T.);
#495=ORIENTED_EDGE('',*,*,#361,.T.);
#496=ORIENTED_EDGE('',*,*,#362,.T.);
#497=ORIENTED_EDGE('',*,*,#363,.T.);
#498=ORIENTED_EDGE('',*,*,#364,.T.);
#499=ORIENTED_EDGE('',*,*,#363,.F.);
#500=ORIENTED_EDGE('',*,*,#365,.F.);
#501=ORIENTED_EDGE('',*,*,#366,.F.);
#502=ORIENTED_EDGE('',*,*,#367,.F.);
#503=ORIENTED_EDGE('',*,*,#368,.F.);
#504=ORIENTED_EDGE('',*,*,#369,.T.);
#505=ORIENTED_EDGE('',*,*,#370,.T.);
#506=ORIENTED_EDGE('',*,*,#368,.T.);
#507=ORIENTED_EDGE('',*,*,#371,.F.);
#508=ORIENTED_EDGE('',*,*,#372,.T.);
#509=ORIENTED_EDGE('',*,*,#373,.T.);
#510=ORIENTED_EDGE('',*,*,#374,.T.);
#511=ORIENTED_EDGE('',*,*,#371,.T.);
#512=ORIENTED_EDGE('',*,*,#367,.T.);
#513=ORIENTED_EDGE('',*,*,#375,.F.);
#514=ORIENTED_EDGE('',*,*,#375,.T.);
#515=ORIENTED_EDGE('',*,*,#366,.T.);
#516=ORIENTED_EDGE('',*,*,#376,.T.);
#517=ORIENTED_EDGE('',*,*,#377,.F.);
#518=ORIENTED_EDGE('',*,*,#378,.F.);
#519=ORIENTED_EDGE('',*,*,#379,.T.);
#520=ORIENTED_EDGE('',*,*,#362,.F.);
#521=ORIENTED_EDGE('',*,*,#380,.F.);
#522=ORIENTED_EDGE('',*,*,#376,.F.);
#523=ORIENTED_EDGE('',*,*,#365,.T.);
#524=ORIENTED_EDGE('',*,*,#356,.F.);
#525=ORIENTED_EDGE('',*,*,#364,.F.);
#526=ORIENTED_EDGE('',*,*,#370,.F.);
#527=ORIENTED_EDGE('',*,*,#381,.T.);
#528=ORIENTED_EDGE('',*,*,#382,.T.);
#529=ORIENTED_EDGE('',*,*,#383,.T.);
#530=ORIENTED_EDGE('',*,*,#373,.F.);
#531=ORIENTED_EDGE('',*,*,#384,.T.);
#532=ORIENTED_EDGE('',*,*,#372,.F.);
#533=ORIENTED_EDGE('',*,*,#374,.F.);
#534=ORIENTED_EDGE('',*,*,#379,.F.);
#535=ORIENTED_EDGE('',*,*,#385,.F.);
#536=ORIENTED_EDGE('',*,*,#386,.F.);
#537=ORIENTED_EDGE('',*,*,#387,.F.);
#538=ORIENTED_EDGE('',*,*,#388,.T.);
#539=ORIENTED_EDGE('',*,*,#384,.F.);
#540=ORIENTED_EDGE('',*,*,#313,.T.);
#541=ORIENTED_EDGE('',*,*,#314,.T.);
#542=ORIENTED_EDGE('',*,*,#369,.F.);
#543=ORIENTED_EDGE('',*,*,#383,.F.);
#544=ORIENTED_EDGE('',*,*,#389,.T.);
#545=ORIENTED_EDGE('',*,*,#390,.T.);
#546=ORIENTED_EDGE('',*,*,#357,.T.);
#547=ORIENTED_EDGE('',*,*,#381,.F.);
#548=ORIENTED_EDGE('',*,*,#385,.T.);
#549=ORIENTED_EDGE('',*,*,#378,.T.);
#550=ORIENTED_EDGE('',*,*,#391,.T.);
#551=ORIENTED_EDGE('',*,*,#392,.F.);
#552=ORIENTED_EDGE('',*,*,#380,.T.);
#553=ORIENTED_EDGE('',*,*,#361,.F.);
#554=ORIENTED_EDGE('',*,*,#393,.F.);
#555=ORIENTED_EDGE('',*,*,#394,.F.);
#556=ORIENTED_EDGE('',*,*,#391,.F.);
#557=ORIENTED_EDGE('',*,*,#377,.T.);
#558=ORIENTED_EDGE('',*,*,#395,.T.);
#559=ORIENTED_EDGE('',*,*,#396,.T.);
#560=ORIENTED_EDGE('',*,*,#397,.T.);
#561=ORIENTED_EDGE('',*,*,#389,.F.);
#562=ORIENTED_EDGE('',*,*,#382,.F.);
#563=ORIENTED_EDGE('',*,*,#388,.F.);
#564=ORIENTED_EDGE('',*,*,#394,.T.);
#565=ORIENTED_EDGE('',*,*,#398,.T.);
#566=ORIENTED_EDGE('',*,*,#399,.T.);
#567=ORIENTED_EDGE('',*,*,#400,.F.);
#568=ORIENTED_EDGE('',*,*,#386,.T.);
#569=ORIENTED_EDGE('',*,*,#392,.T.);
#570=ORIENTED_EDGE('',*,*,#387,.T.);
#571=ORIENTED_EDGE('',*,*,#400,.T.);
#572=ORIENTED_EDGE('',*,*,#401,.T.);
#573=ORIENTED_EDGE('',*,*,#395,.F.);
#574=ORIENTED_EDGE('',*,*,#358,.F.);
#575=ORIENTED_EDGE('',*,*,#390,.F.);
#576=ORIENTED_EDGE('',*,*,#397,.F.);
#577=ORIENTED_EDGE('',*,*,#402,.T.);
#578=ORIENTED_EDGE('',*,*,#360,.F.);
#579=ORIENTED_EDGE('',*,*,#403,.F.);
#580=ORIENTED_EDGE('',*,*,#398,.F.);
#581=ORIENTED_EDGE('',*,*,#393,.T.);
#582=ORIENTED_EDGE('',*,*,#403,.T.);
#583=ORIENTED_EDGE('',*,*,#359,.F.);
#584=ORIENTED_EDGE('',*,*,#402,.F.);
#585=ORIENTED_EDGE('',*,*,#396,.F.);
#586=ORIENTED_EDGE('',*,*,#401,.F.);
#587=ORIENTED_EDGE('',*,*,#399,.F.);
#588=PLANE('',#657);
#589=PLANE('',#663);
#590=PLANE('',#666);
#591=PLANE('',#669);
#592=PLANE('',#672);
#593=PLANE('',#673);
#594=PLANE('',#674);
#595=PLANE('',#675);
#596=PLANE('',#676);
#597=PLANE('',#677);
#598=PLANE('',#682);
#599=PLANE('',#683);
#600=PLANE('',#686);
#601=PLANE('',#687);
#602=PLANE('',#688);
#603=PLANE('',#689);
#604=PLANE('',#690);
#605=PLANE('',#693);
#606=ADVANCED_FACE('',(#167),#588,.F.);
#607=ADVANCED_FACE('',(#168),#158,.T.);
#608=ADVANCED_FACE('',(#169),#159,.T.);
#609=ADVANCED_FACE('',(#170),#589,.T.);
#610=ADVANCED_FACE('',(#171),#160,.T.);
#611=ADVANCED_FACE('',(#172),#590,.T.);
#612=ADVANCED_FACE('',(#173),#161,.T.);
#613=ADVANCED_FACE('',(#174),#591,.T.);
#614=ADVANCED_FACE('',(#175),#162,.T.);
#615=ADVANCED_FACE('',(#176),#592,.T.);
#616=ADVANCED_FACE('',(#177),#19,.T.);
#617=ADVANCED_FACE('',(#178),#593,.T.);
#618=ADVANCED_FACE('',(#179),#20,.T.);
#619=ADVANCED_FACE('',(#180),#594,.T.);
#620=ADVANCED_FACE('',(#181),#21,.T.);
#621=ADVANCED_FACE('',(#182),#595,.T.);
#622=ADVANCED_FACE('',(#183),#22,.T.);
#623=ADVANCED_FACE('',(#184),#596,.T.);
#624=ADVANCED_FACE('',(#185),#17,.T.);
#625=ADVANCED_FACE('',(#186,#15),#597,.F.);
#626=ADVANCED_FACE('',(#187),#598,.F.);
#627=ADVANCED_FACE('',(#188),#23,.F.);
#628=ADVANCED_FACE('',(#189),#599,.F.);
#629=ADVANCED_FACE('',(#190),#24,.F.);
#630=ADVANCED_FACE('',(#191),#163,.F.);
#631=ADVANCED_FACE('',(#192),#164,.F.);
#632=ADVANCED_FACE('',(#193),#600,.F.);
#633=ADVANCED_FACE('',(#194,#16),#18,.F.);
#634=ADVANCED_FACE('',(#195),#601,.F.);
#635=ADVANCED_FACE('',(#196),#602,.F.);
#636=ADVANCED_FACE('',(#197),#603,.F.);
#637=ADVANCED_FACE('',(#198),#25,.F.);
#638=ADVANCED_FACE('',(#199),#26,.F.);
#639=ADVANCED_FACE('',(#200),#604,.F.);
#640=ADVANCED_FACE('',(#201),#165,.F.);
#641=ADVANCED_FACE('',(#202),#166,.F.);
#642=ADVANCED_FACE('',(#203),#605,.F.);
#643=CLOSED_SHELL('',(#606,#607,#608,#609,#610,#611,#612,#613,#614,#615,
#616,#617,#618,#619,#620,#621,#622,#623,#624,#625,#626,#627,#628,#629,#630,
#631,#632,#633,#634,#635,#636,#637,#638,#639,#640,#641,#642));
#644=DERIVED_UNIT_ELEMENT(#646,1.);
#645=DERIVED_UNIT_ELEMENT(#1688,-3.);
#646=(
MASS_UNIT()
NAMED_UNIT(*)
SI_UNIT(.KILO.,.GRAM.)
);
#647=DERIVED_UNIT((#644,#645));
#648=MEASURE_REPRESENTATION_ITEM('density measure',
POSITIVE_RATIO_MEASURE(7850.),#647);
#649=PROPERTY_DEFINITION_REPRESENTATION(#654,#651);
#650=PROPERTY_DEFINITION_REPRESENTATION(#655,#652);
#651=REPRESENTATION('material name',(#653),#1685);
#652=REPRESENTATION('density',(#648),#1685);
#653=DESCRIPTIVE_REPRESENTATION_ITEM('\X2\92FC\X0\','\X2\92FC\X0\');
#654=PROPERTY_DEFINITION('material property','material name',#1695);
#655=PROPERTY_DEFINITION('material property','density of part',#1695);
#656=AXIS2_PLACEMENT_3D('',#819,#694,#695);
#657=AXIS2_PLACEMENT_3D('',#820,#696,#697);
#658=AXIS2_PLACEMENT_3D('',#822,#698,#699);
#659=AXIS2_PLACEMENT_3D('',#823,#700,#701);
#660=AXIS2_PLACEMENT_3D('',#883,#703,#704);
#661=AXIS2_PLACEMENT_3D('',#886,#705,#706);
#662=AXIS2_PLACEMENT_3D('',#890,#708,#709);
#663=AXIS2_PLACEMENT_3D('',#892,#711,#712);
#664=AXIS2_PLACEMENT_3D('',#898,#716,#717);
#665=AXIS2_PLACEMENT_3D('',#900,#718,#719);
#666=AXIS2_PLACEMENT_3D('',#913,#721,#722);
#667=AXIS2_PLACEMENT_3D('',#919,#726,#727);
#668=AXIS2_PLACEMENT_3D('',#921,#728,#729);
#669=AXIS2_PLACEMENT_3D('',#934,#731,#732);
#670=AXIS2_PLACEMENT_3D('',#940,#736,#737);
#671=AXIS2_PLACEMENT_3D('',#942,#738,#739);
#672=AXIS2_PLACEMENT_3D('',#955,#741,#742);
#673=AXIS2_PLACEMENT_3D('',#1010,#747,#748);
#674=AXIS2_PLACEMENT_3D('',#1083,#751,#752);
#675=AXIS2_PLACEMENT_3D('',#1142,#755,#756);
#676=AXIS2_PLACEMENT_3D('',#1215,#759,#760);
#677=AXIS2_PLACEMENT_3D('',#1258,#761,#762);
#678=AXIS2_PLACEMENT_3D('',#1261,#763,#764);
#679=AXIS2_PLACEMENT_3D('',#1265,#766,#767);
#680=AXIS2_PLACEMENT_3D('',#1269,#769,#770);
#681=AXIS2_PLACEMENT_3D('',#1273,#772,#773);
#682=AXIS2_PLACEMENT_3D('',#1275,#775,#776);
#683=AXIS2_PLACEMENT_3D('',#1377,#782,#783);
#684=AXIS2_PLACEMENT_3D('',#1444,#786,#787);
#685=AXIS2_PLACEMENT_3D('',#1446,#789,#790);
#686=AXIS2_PLACEMENT_3D('',#1448,#792,#793);
#687=AXIS2_PLACEMENT_3D('',#1556,#796,#797);
#688=AXIS2_PLACEMENT_3D('',#1569,#799,#800);
#689=AXIS2_PLACEMENT_3D('',#1573,#803,#804);
#690=AXIS2_PLACEMENT_3D('',#1676,#808,#809);
#691=AXIS2_PLACEMENT_3D('',#1678,#811,#812);
#692=AXIS2_PLACEMENT_3D('',#1680,#814,#815);
#693=AXIS2_PLACEMENT_3D('',#1682,#817,#818);
#694=DIRECTION('axis',(0.,0.,1.));
#695=DIRECTION('refdir',(1.,0.,0.));
#696=DIRECTION('center_axis',(0.,0.,1.));
#697=DIRECTION('ref_axis',(1.,0.,0.));
#698=DIRECTION('center_axis',(0.,0.,-1.));
#699=DIRECTION('ref_axis',(1.,0.,0.));
#700=DIRECTION('center_axis',(0.,0.,1.));
#701=DIRECTION('ref_axis',(1.,0.,0.));
#702=DIRECTION('',(0.,0.,-1.));
#703=DIRECTION('center_axis',(0.,0.,1.));
#704=DIRECTION('ref_axis',(0.999999981064159,0.000194606478708031,0.));
#705=DIRECTION('center_axis',(0.,0.,1.));
#706=DIRECTION('ref_axis',(-1.,0.,0.));
#707=DIRECTION('',(0.,0.,1.));
#708=DIRECTION('center_axis',(0.,0.,1.));
#709=DIRECTION('ref_axis',(-1.,0.,0.));
#710=DIRECTION('',(0.,0.,1.));
#711=DIRECTION('center_axis',(0.,1.,0.));
#712=DIRECTION('ref_axis',(0.,0.,-1.));
#713=DIRECTION('',(1.,0.,0.));
#714=DIRECTION('',(0.,0.,-1.));
#715=DIRECTION('',(1.,0.,0.));
#716=DIRECTION('center_axis',(9.89752658963E-15,-9.89752658963E-15,1.));
#717=DIRECTION('ref_axis',(-0.000194606478715031,0.999999981064159,9.89945252500961E-15));
#718=DIRECTION('center_axis',(9.89752658963E-15,-9.89752658963E-15,1.));
#719=DIRECTION('ref_axis',(-1.,0.,9.89752658963E-15));
#720=DIRECTION('',(1.06581410364E-14,-1.06581410364E-14,1.));
#721=DIRECTION('center_axis',(-1.,0.,0.));
#722=DIRECTION('ref_axis',(0.,0.,-1.));
#723=DIRECTION('',(0.,1.,0.));
#724=DIRECTION('',(0.,0.,-1.));
#725=DIRECTION('',(0.,1.,0.));
#726=DIRECTION('center_axis',(0.,0.,1.));
#727=DIRECTION('ref_axis',(-0.999999981064159,-0.000194606478695031,0.));
#728=DIRECTION('center_axis',(0.,0.,1.));
#729=DIRECTION('ref_axis',(-1.,0.,0.));
#730=DIRECTION('',(0.,0.,1.));
#731=DIRECTION('center_axis',(0.,-1.,0.));
#732=DIRECTION('ref_axis',(0.,0.,-1.));
#733=DIRECTION('',(-1.,0.,0.));
#734=DIRECTION('',(0.,0.,-1.));
#735=DIRECTION('',(-1.,0.,0.));
#736=DIRECTION('center_axis',(-1.64958776494E-15,1.64958776494E-15,1.));
#737=DIRECTION('ref_axis',(0.000194606478706031,-0.999999981064159,1.64990875416992E-15));
#738=DIRECTION('center_axis',(-1.64958776494E-15,1.64958776494E-15,1.));
#739=DIRECTION('ref_axis',(-1.,0.,-1.64958776494E-15));
#740=DIRECTION('',(0.,1.7763568394E-15,1.));
#741=DIRECTION('center_axis',(1.,0.,0.));
#742=DIRECTION('ref_axis',(0.,0.,-1.));
#743=DIRECTION('',(0.,-1.,0.));
#744=DIRECTION('',(0.,-1.,0.));
#745=DIRECTION('',(0.226747562083031,0.726799219909334,-0.648342839112599));
#746=DIRECTION('',(0.726799219915412,0.226747562081415,-0.648342839106351));
#747=DIRECTION('center_axis',(2.77555756156135E-17,0.943936607320459,0.330126765592161));
#748=DIRECTION('ref_axis',(0.726799219667727,0.226747562167657,-0.648342839353847));
#749=DIRECTION('',(-0.726799219909464,0.226747562083145,-0.648342839112414));
#750=DIRECTION('',(-0.22674756208302,0.726799219909301,-0.64834283911264));
#751=DIRECTION('center_axis',(-0.943936607320459,-2.77555756156135E-17,
0.330126765592161));
#752=DIRECTION('ref_axis',(-0.226747562082718,0.726799219910879,-0.648342839110977));
#753=DIRECTION('',(-0.226747562082998,-0.726799219908993,-0.648342839112994));
#754=DIRECTION('',(-0.726799219914643,-0.226747562081464,-0.648342839107196));
#755=DIRECTION('center_axis',(0.,-0.943936607320459,0.330126765592161));
#756=DIRECTION('ref_axis',(-0.726799219789857,-0.226747562124994,-0.648342839231859));
#757=DIRECTION('',(0.726799219909464,-0.226747562083145,-0.648342839112414));
#758=DIRECTION('',(0.226747562083029,-0.726799219909325,-0.648342839112609));
#759=DIRECTION('center_axis',(0.943936607320459,-2.77555756156135E-17,0.330126765592161));
#760=DIRECTION('ref_axis',(0.226747562079193,-0.726799219920968,-0.6483428391009));
#761=DIRECTION('center_axis',(0.,0.,1.));
#762=DIRECTION('ref_axis',(1.,0.,0.));
#763=DIRECTION('center_axis',(0.,0.,1.));
#764=DIRECTION('ref_axis',(-1.,0.,0.));
#765=DIRECTION('',(0.,-1.,0.));
#766=DIRECTION('center_axis',(0.,0.,1.));
#767=DIRECTION('ref_axis',(-1.,0.,0.));
#768=DIRECTION('',(-1.,0.,0.));
#769=DIRECTION('center_axis',(0.,0.,1.));
#770=DIRECTION('ref_axis',(-1.,0.,0.));
#771=DIRECTION('',(0.,-1.,0.));
#772=DIRECTION('center_axis',(0.,0.,1.));
#773=DIRECTION('ref_axis',(-1.,0.,0.));
#774=DIRECTION('',(1.,0.,0.));
#775=DIRECTION('center_axis',(0.,-1.,0.));
#776=DIRECTION('ref_axis',(0.,0.,-1.));
#777=DIRECTION('',(0.,0.,-1.));
#778=DIRECTION('',(0.,0.,-1.));
#779=DIRECTION('',(1.,0.,0.));
#780=DIRECTION('',(0.726799219905602,-0.226747562186468,-0.648342839080607));
#781=DIRECTION('',(0.226747562171584,-0.72679921984579,-0.648342839152863));
#782=DIRECTION('center_axis',(0.,-0.943936607320459,0.330126765592161));
#783=DIRECTION('ref_axis',(-0.726799219789857,-0.226747562124994,-0.648342839231859));
#784=DIRECTION('',(-0.726799219907039,-0.226747562082505,-0.648342839115356));
#785=DIRECTION('',(-0.226747562266681,-0.726799219632734,-0.648342839358442));
#786=DIRECTION('center_axis',(0.,0.,1.));
#787=DIRECTION('ref_axis',(-0.70732512987321,-0.706888365054799,0.));
#788=DIRECTION('',(0.,0.,1.));
#789=DIRECTION('center_axis',(-1.64958776494E-15,1.64958776494E-15,1.));
#790=DIRECTION('ref_axis',(0.707290629807948,-0.706922884751849,2.33286931063064E-15));
#791=DIRECTION('',(-1.51500547901E-15,1.51500547901E-15,1.));
#792=DIRECTION('center_axis',(0.943936607320459,-2.77555756156135E-17,0.330126765592161));
#793=DIRECTION('ref_axis',(0.226747562079193,-0.726799219920968,-0.6483428391009));
#794=DIRECTION('',(0.226747562093199,0.726799219908854,-0.648342839109581));
#795=DIRECTION('',(0.,-1.,0.));
#796=DIRECTION('center_axis',(1.,0.,0.));
#797=DIRECTION('ref_axis',(0.,0.,-1.));
#798=DIRECTION('',(0.,0.,-1.));
#799=DIRECTION('center_axis',(-0.943936607320459,-2.77555756156135E-17,
0.330126765592161));
#800=DIRECTION('ref_axis',(-0.226747562082718,0.726799219910879,-0.648342839110977));
#801=DIRECTION('',(0.,1.,0.));
#802=DIRECTION('',(-0.226747562090379,0.726799219913261,-0.648342839105627));
#803=DIRECTION('center_axis',(-1.,0.,0.));
#804=DIRECTION('ref_axis',(0.,0.,-1.));
#805=DIRECTION('',(0.,0.,-1.));
#806=DIRECTION('',(0.726799219938673,0.226747562179853,-0.648342839045848));
#807=DIRECTION('',(-0.726799219905602,0.226747562186468,-0.648342839080607));
#808=DIRECTION('center_axis',(5.5511151231327E-17,0.943936607320459,0.330126765592161));
#809=DIRECTION('ref_axis',(0.726799219667727,0.226747562167657,-0.648342839353847));
#810=DIRECTION('',(1.,0.,0.));
#811=DIRECTION('center_axis',(0.,0.,1.));
#812=DIRECTION('ref_axis',(0.706922884878996,0.707290629680868,0.));
#813=DIRECTION('',(0.,0.,1.));
#814=DIRECTION('center_axis',(9.89752658963E-15,-9.89752658963E-15,1.));
#815=DIRECTION('ref_axis',(-0.706888365197145,0.707325129730952,1.39972156694644E-14));
#816=DIRECTION('',(9.84753561353E-15,-9.84753561353E-15,1.));
#817=DIRECTION('center_axis',(0.,1.,0.));
#818=DIRECTION('ref_axis',(0.,0.,-1.));
#819=CARTESIAN_POINT('',(0.,0.,0.));
#820=CARTESIAN_POINT('Origin',(0.,0.,-1.));
#821=CARTESIAN_POINT('',(-2.8,-3.42901103761259E-16,-1.));
#822=CARTESIAN_POINT('Origin',(0.,0.,-1.));
#823=CARTESIAN_POINT('Origin',(0.,0.,0.));
#824=CARTESIAN_POINT('',(-2.6090293564636,1.01634925941398,3.25228322245243));
#825=CARTESIAN_POINT('',(-2.8,-3.42901103761259E-16,3.25229383551563));
#826=CARTESIAN_POINT('Ctrl Pts',(-2.60902935646367,1.01634925941381,3.25228322245242));
#827=CARTESIAN_POINT('Ctrl Pts',(-2.73515910941154,0.692566637331412,3.25228543376512));
#828=CARTESIAN_POINT('Ctrl Pts',(-2.80000000000199,0.347903463731628,3.25228776287729));
#829=CARTESIAN_POINT('Ctrl Pts',(-2.80000000000004,-1.56603202627892E-11,
3.2522896383296));
#830=CARTESIAN_POINT('Ctrl Pts',(-2.80000000000003,-1.56566426490201E-11,
3.2522896383296));
#831=CARTESIAN_POINT('Ctrl Pts',(-2.79999999999837,-0.295951362814932,3.25229123372236));
#832=CARTESIAN_POINT('Ctrl Pts',(-2.75307828081312,-0.590039989204523,3.252292469632));
#833=CARTESIAN_POINT('Ctrl Pts',(-2.5620119410482,-1.17356559946821,3.25229380412638));
#834=CARTESIAN_POINT('Ctrl Pts',(-2.41225577065948,-1.45677160161546,3.25229379369736));
#835=CARTESIAN_POINT('Ctrl Pts',(-1.99141535793722,-2.00307542548202,3.25229225463143));
#836=CARTESIAN_POINT('Ctrl Pts',(-1.70834015111473,-2.24935995700205,3.25229048727991));
#837=CARTESIAN_POINT('Ctrl Pts',(-1.15473936817786,-2.56458018313262,3.25228671671981));
#838=CARTESIAN_POINT('Ctrl Pts',(-0.90649447673739,-2.66247296470311,3.25228495641001));
#839=CARTESIAN_POINT('Ctrl Pts',(-0.447784588465107,-2.77162936726307,3.25228195337617));
#840=CARTESIAN_POINT('Ctrl Pts',(-0.24271758864826,-2.79705712478636,3.25228069366297));
#841=CARTESIAN_POINT('Ctrl Pts',(0.166150777685675,-2.80242028331974,3.25227851326345));
#842=CARTESIAN_POINT('Ctrl Pts',(0.368715821943769,-2.78302248786118,3.25227759492888));
#843=CARTESIAN_POINT('Ctrl Pts',(0.815735445390937,-2.69051806352449,3.25227606480517));
#844=CARTESIAN_POINT('Ctrl Pts',(1.05594285386559,-2.60562784303609,3.25227559720356));
#845=CARTESIAN_POINT('Ctrl Pts',(1.29820974468765,-2.48092882716487,3.25227556737697));
#846=CARTESIAN_POINT('Ctrl Pts',(1.31490714937831,-2.47211965227707,3.25227556771028));
#847=CARTESIAN_POINT('Ctrl Pts',(1.36722084260031,-2.44384015544506,3.25227557631904));
#848=CARTESIAN_POINT('Ctrl Pts',(1.40250355968496,-2.42376387110573,3.25227559329059));
#849=CARTESIAN_POINT('Ctrl Pts',(1.56428306614768,-2.32699370012119,3.25227572338763));
#850=CARTESIAN_POINT('Ctrl Pts',(1.68501209474053,-2.24111923645844,3.25227597264754));
#851=CARTESIAN_POINT('Ctrl Pts',(2.08033387497307,-1.90984891974186,3.25227731776434));
#852=CARTESIAN_POINT('Ctrl Pts',(2.31297547434526,-1.62032601003224,3.25227912850843));
#853=CARTESIAN_POINT('Ctrl Pts',(2.65424835183341,-0.965538389438686,3.25228354871859));
#854=CARTESIAN_POINT('Ctrl Pts',(2.75859000473591,-0.606201188764424,3.25228610093344));
#855=CARTESIAN_POINT('Ctrl Pts',(2.82016080043305,0.118630313796253,3.25229040527833));
#856=CARTESIAN_POINT('Ctrl Pts',(2.78209798961445,0.476771298450264,3.25229212121053));
#857=CARTESIAN_POINT('Ctrl Pts',(2.57835972089892,1.14365006463396,3.2522938082739));
#858=CARTESIAN_POINT('Ctrl Pts',(2.42036291865851,1.4483499793569,3.25229383551566));
#859=CARTESIAN_POINT('Ctrl Pts',(1.98374632938882,2.01066576531221,3.25229221289534));
#860=CARTESIAN_POINT('Ctrl Pts',(1.69975447494256,2.25585040376335,3.25229043129159));
#861=CARTESIAN_POINT('Ctrl Pts',(1.14592793286516,2.56841753954346,3.25228665487123));
#862=CARTESIAN_POINT('Ctrl Pts',(0.898394845696921,2.66510903828409,3.25228490090155));
#863=CARTESIAN_POINT('Ctrl Pts',(0.440747860695685,2.77273466452039,3.25228190930179));
#864=CARTESIAN_POINT('Ctrl Pts',(0.235920518478191,2.7976164328796,3.25228065400567));
#865=CARTESIAN_POINT('Ctrl Pts',(-0.172892333866674,2.80202945872198,3.25227848078709));
#866=CARTESIAN_POINT('Ctrl Pts',(-0.375645012442726,2.7821128070744,3.25227756602322));
#867=CARTESIAN_POINT('Ctrl Pts',(-0.823598388066566,2.68821266011197,3.25227604460104));
#868=CARTESIAN_POINT('Ctrl Pts',(-1.06446307465369,2.60225286502435,3.25227558491176));
#869=CARTESIAN_POINT('Ctrl Pts',(-1.29863164858436,2.48065359801873,3.25227556797037));
#870=CARTESIAN_POINT('Ctrl Pts',(-1.30686103834974,2.47632805954908,3.25227556795548));
#871=CARTESIAN_POINT('Ctrl Pts',(-1.3320605473457,2.46292207212114,3.25227556969663));
#872=CARTESIAN_POINT('Ctrl Pts',(-1.34895870675766,2.45370757071827,3.25227557336521));
#873=CARTESIAN_POINT('Ctrl Pts',(-1.44556730955608,2.39972763445616,3.25227560878734));
#874=CARTESIAN_POINT('Ctrl Pts',(-1.52314235734037,2.35125390490002,3.25227569436298));
#875=CARTESIAN_POINT('Ctrl Pts',(-1.73022946803572,2.20729671189019,3.25227608193102));
#876=CARTESIAN_POINT('Ctrl Pts',(-1.85410183683264,2.10431916900442,3.25227649887519));
#877=CARTESIAN_POINT('Ctrl Pts',(-2.2305929344157,1.73214500812625,3.25227836143128));
#878=CARTESIAN_POINT('Ctrl Pts',(-2.43900296990052,1.42377515116949,3.25228043860154));
#879=CARTESIAN_POINT('Ctrl Pts',(-2.59110439776295,1.06149371439739,3.2522829140198));
#880=CARTESIAN_POINT('Ctrl Pts',(-2.6002164751092,1.03897245311963,3.25228306794458));
#881=CARTESIAN_POINT('Ctrl Pts',(-2.60902935646355,1.01634925941377,3.25228322245243));
#882=CARTESIAN_POINT('',(-2.8,-3.42901103761259E-16,0.));
#883=CARTESIAN_POINT('Origin',(14.8497469623,7.81474696233,0.5));
#884=CARTESIAN_POINT('',(16.1499051431064,7.81499999615257,0.));
#885=CARTESIAN_POINT('',(14.8499999960926,9.11490514313637,0.));
#886=CARTESIAN_POINT('Origin',(14.8497469623,7.81474696233,0.));
#887=CARTESIAN_POINT('',(14.8499999815,9.11490514313041,1.));
#888=CARTESIAN_POINT('',(14.8499999815,9.11490514313,0.5));
#889=CARTESIAN_POINT('',(16.1499051431004,7.81499998154,1.));
#890=CARTESIAN_POINT('Origin',(14.8497469623,7.81474696233,1.));
#891=CARTESIAN_POINT('',(16.1499051431,7.81499998154,0.5));
#892=CARTESIAN_POINT('Origin',(-7.9936057773E-15,9.115,0.5));
#893=CARTESIAN_POINT('',(-14.8500000192281,9.11499999998419,0.));
#894=CARTESIAN_POINT('',(-1.42108547152E-14,9.115,0.));
#895=CARTESIAN_POINT('',(-14.8499902704395,9.11496815676823,1.00009102202216));
#896=CARTESIAN_POINT('',(-14.85,9.115,0.5));
#897=CARTESIAN_POINT('',(1.7763568394E-15,9.115,1.));
#898=CARTESIAN_POINT('Origin',(-14.8497469623,7.81474696233,0.5));
#899=CARTESIAN_POINT('',(-16.1499051431064,7.81499999615258,-6.66133814775094E-15));
#900=CARTESIAN_POINT('Origin',(-14.8497469623,7.81474696233,0.));
#901=CARTESIAN_POINT('',(-16.1498910857508,7.81499391658443,1.00009138500127));
#902=CARTESIAN_POINT('',(-16.1499051431,7.81499998154,0.5));
#903=CARTESIAN_POINT('Ctrl Pts',(-14.8499710185211,9.11490514844419,1.00027112764423));
#904=CARTESIAN_POINT('Ctrl Pts',(-15.0220504629644,9.11487549399871,1.00025218142302));
#905=CARTESIAN_POINT('Ctrl Pts',(-15.1924281463583,9.08068336077141,1.00033458497461));
#906=CARTESIAN_POINT('Ctrl Pts',(-15.507413132369,8.94901020341435,1.00026032662858));
#907=CARTESIAN_POINT('Ctrl Pts',(-15.6493759491582,8.85381934281021,1.00019906057379));
#908=CARTESIAN_POINT('Ctrl Pts',(-15.888819342801,8.61437594916186,1.00019906057051));
#909=CARTESIAN_POINT('Ctrl Pts',(-15.9840102034031,8.47241313236754,1.00026032662226));
#910=CARTESIAN_POINT('Ctrl Pts',(-16.1156837477859,8.15742722049725,1.00033458520729));
#911=CARTESIAN_POINT('Ctrl Pts',(-16.1498759131925,7.98704842695056,1.00025217790642));
#912=CARTESIAN_POINT('Ctrl Pts',(-16.1499051489557,7.81496785371929,1.00027112807812));
#913=CARTESIAN_POINT('Origin',(-16.15,-1.11022302463E-14,0.5));
#914=CARTESIAN_POINT('',(-16.1499999999842,-7.81500001922813,0.));
#915=CARTESIAN_POINT('',(-16.15,-1.95399252334E-14,0.));
#916=CARTESIAN_POINT('',(-16.1499681567581,-7.81499027043374,1.0000910220509));
#917=CARTESIAN_POINT('',(-16.15,-7.815,0.5));
#918=CARTESIAN_POINT('',(-16.15,-2.6645352591E-15,1.));
#919=CARTESIAN_POINT('Origin',(-14.8497469623,-7.81474696233,0.5));
#920=CARTESIAN_POINT('',(-14.8499999960926,-9.11490514313637,0.));
#921=CARTESIAN_POINT('Origin',(-14.8497469623,-7.81474696233,0.));
#922=CARTESIAN_POINT('',(-14.8499939165489,-9.11489108578422,1.00009138497213));
#923=CARTESIAN_POINT('',(-14.8499999815,-9.11490514313,0.5));
#924=CARTESIAN_POINT('Ctrl Pts',(-16.1499051484142,-7.81497101850392,1.00027112772962));
#925=CARTESIAN_POINT('Ctrl Pts',(-16.149875493975,-7.9870504629563,1.00025218146067));
#926=CARTESIAN_POINT('Ctrl Pts',(-16.1156833607502,-8.15742814636073,1.00033458498898));
#927=CARTESIAN_POINT('Ctrl Pts',(-15.9840102033928,-8.4724131323852,1.00026032662222));
#928=CARTESIAN_POINT('Ctrl Pts',(-15.8888193427885,-8.61437594917804,1.00019906057048));
#929=CARTESIAN_POINT('Ctrl Pts',(-15.649375949142,-8.85381934282267,1.00019906057377));
#930=CARTESIAN_POINT('Ctrl Pts',(-15.5074131323514,-8.94901020342459,1.00026032662858));
#931=CARTESIAN_POINT('Ctrl Pts',(-15.1924272204837,-9.08068374781182,1.00033458519288));
#932=CARTESIAN_POINT('Ctrl Pts',(-15.0220484269349,-9.114875913221,1.00025217786871));
#933=CARTESIAN_POINT('Ctrl Pts',(-14.8499678537008,-9.11490514898574,1.0002711279927));
#934=CARTESIAN_POINT('Origin',(4.4408920985E-16,-9.115,0.5));
#935=CARTESIAN_POINT('',(14.8500000192281,-9.11499999998419,0.));
#936=CARTESIAN_POINT('',(1.7763568394E-15,-9.115,0.));
#937=CARTESIAN_POINT('',(14.849990270434,-9.11496815676814,1.00009102202241));
#938=CARTESIAN_POINT('',(14.85,-9.115,0.5));
#939=CARTESIAN_POINT('',(1.7763568394E-15,-9.115,1.));
#940=CARTESIAN_POINT('Origin',(14.8497469623,-7.81474696233,0.5));
#941=CARTESIAN_POINT('',(16.1499051431064,-7.81499999615258,-1.11022302462516E-15));
#942=CARTESIAN_POINT('Origin',(14.8497469623,-7.81474696233,0.));
#943=CARTESIAN_POINT('',(16.1498910857508,-7.81499391658444,1.00009138500126));
#944=CARTESIAN_POINT('',(16.1499051431,-7.81499998154,0.5));
#945=CARTESIAN_POINT('Ctrl Pts',(14.8499710185047,-9.1149051484442,1.00027112764422));
#946=CARTESIAN_POINT('Ctrl Pts',(15.0220504629535,-9.11487549400089,1.00025218142299));
#947=CARTESIAN_POINT('Ctrl Pts',(15.1924281463532,-9.08068336077352,1.00033458497469));
#948=CARTESIAN_POINT('Ctrl Pts',(15.507413132369,-8.94901020341435,1.00026032662868));
#949=CARTESIAN_POINT('Ctrl Pts',(15.6493759491582,-8.85381934281022,1.00019906057387));
#950=CARTESIAN_POINT('Ctrl Pts',(15.888819342801,-8.61437594916186,1.00019906057061));
#951=CARTESIAN_POINT('Ctrl Pts',(15.9840102034031,-8.47241313236752,1.00026032662241));
#952=CARTESIAN_POINT('Ctrl Pts',(16.115683747786,-8.15742722049719,1.00033458520751));
#953=CARTESIAN_POINT('Ctrl Pts',(16.1498759131925,-7.98704842695054,1.00025217790667));
#954=CARTESIAN_POINT('Ctrl Pts',(16.1499051489557,-7.81496785371929,1.0002711280781));
#955=CARTESIAN_POINT('Origin',(16.15,4.4408920985E-15,0.5));
#956=CARTESIAN_POINT('',(16.15,9.7699626167E-15,0.));
#957=CARTESIAN_POINT('',(16.15,-8.881784197E-16,1.));
#958=CARTESIAN_POINT('Ctrl Pts',(14.835,3.6,4.76));
#959=CARTESIAN_POINT('Ctrl Pts',(14.835,4.91946891451,4.76));
#960=CARTESIAN_POINT('Ctrl Pts',(14.318336983,6.24016890212,4.76));
#961=CARTESIAN_POINT('Ctrl Pts',(13.2751689021,7.28333698301,4.76));
#962=CARTESIAN_POINT('Ctrl Pts',(11.9544689145,7.8,4.76));
#963=CARTESIAN_POINT('Ctrl Pts',(10.635,7.8,4.76));
#964=CARTESIAN_POINT('Ctrl Pts',(15.0979999997,4.44300000008,4.007999999934));
#965=CARTESIAN_POINT('Ctrl Pts',(15.0979999997,5.58025654051,4.007999999934));
#966=CARTESIAN_POINT('Ctrl Pts',(14.6526856857,6.71857414902,4.007999999934));
#967=CARTESIAN_POINT('Ctrl Pts',(13.7535741493,7.61768568524,4.007999999934));
#968=CARTESIAN_POINT('Ctrl Pts',(12.6152565407,8.06300000002,4.007999999934));
#969=CARTESIAN_POINT('Ctrl Pts',(11.4779999995,8.06300000002,4.007999999934));
#970=CARTESIAN_POINT('Ctrl Pts',(15.3609999995,5.28600000015,3.25599999987));
#971=CARTESIAN_POINT('Ctrl Pts',(15.3609999995,6.24104416651,3.25599999987));
#972=CARTESIAN_POINT('Ctrl Pts',(14.9870343884,7.19697939591,3.25599999987));
#973=CARTESIAN_POINT('Ctrl Pts',(14.2319793965,7.95203438747,3.25599999987));
#974=CARTESIAN_POINT('Ctrl Pts',(13.2760441668,8.32600000005,3.25599999987));
#975=CARTESIAN_POINT('Ctrl Pts',(12.320999999,8.32600000005,3.25599999987));
#976=CARTESIAN_POINT('Ctrl Pts',(15.624,6.12899999995,2.5039999999));
#977=CARTESIAN_POINT('Ctrl Pts',(15.6239999988,6.90183179275,2.5039999999));
#978=CARTESIAN_POINT('Ctrl Pts',(15.3213830894,7.67538464206,2.5039999999));
#979=CARTESIAN_POINT('Ctrl Pts',(14.7103846426,8.28638309121,2.5039999999));
#980=CARTESIAN_POINT('Ctrl Pts',(13.9368317928,8.58900000057,2.5039999999));
#981=CARTESIAN_POINT('Ctrl Pts',(13.1639999999,8.58900000057,2.5039999999));
#982=CARTESIAN_POINT('Ctrl Pts',(15.887,6.97199999997,1.75199999995));
#983=CARTESIAN_POINT('Ctrl Pts',(15.8869999994,7.56261941886,1.75199999995));
#984=CARTESIAN_POINT('Ctrl Pts',(15.6557317921,8.15378988921,1.75199999995));
#985=CARTESIAN_POINT('Ctrl Pts',(15.1887898895,8.62073179298,1.75199999995));
#986=CARTESIAN_POINT('Ctrl Pts',(14.5976194189,8.85200000029,1.75199999995));
#987=CARTESIAN_POINT('Ctrl Pts',(14.007,8.85200000029,1.75199999995));
#988=CARTESIAN_POINT('Ctrl Pts',(16.15,7.815,1.));
#989=CARTESIAN_POINT('Ctrl Pts',(16.15,8.22340704497,1.));
#990=CARTESIAN_POINT('Ctrl Pts',(15.9900804947,8.63219513637,1.));
#991=CARTESIAN_POINT('Ctrl Pts',(15.6671951364,8.95508049474,1.));
#992=CARTESIAN_POINT('Ctrl Pts',(15.258407045,9.115,1.));
#993=CARTESIAN_POINT('Ctrl Pts',(14.85,9.115,1.));
#994=CARTESIAN_POINT('',(14.8395511579872,3.61459619601914,4.74698680299609));
#995=CARTESIAN_POINT('',(14.839600577,3.61474633616,4.7468454984677));
#996=CARTESIAN_POINT('',(10.7858676845417,7.8470655322447,4.62542478991495));
#997=CARTESIAN_POINT('',(10.7860388084,7.84712124155,4.625265499441));
#998=CARTESIAN_POINT('Ctrl Pts',(10.7858675749985,7.84706480284385,4.62542687548561));
#999=CARTESIAN_POINT('Ctrl Pts',(11.1707181601897,7.84076489210119,4.64343758205717));
#1000=CARTESIAN_POINT('Ctrl Pts',(11.5520479404317,7.77503036281535,4.66021052621251));
#1001=CARTESIAN_POINT('Ctrl Pts',(12.1985512492442,7.56363110444765,4.68694537054987));
#1002=CARTESIAN_POINT('Ctrl Pts',(12.4680207114074,7.44094829498405,4.69750079747536));
#1003=CARTESIAN_POINT('Ctrl Pts',(13.1547873857725,7.0353780755213,4.72289140177092));
#1004=CARTESIAN_POINT('Ctrl Pts',(13.5390580235657,6.70285896824948,4.7353870095721));
#1005=CARTESIAN_POINT('Ctrl Pts',(14.1597473978235,5.94412825962215,4.75212484653892));
#1006=CARTESIAN_POINT('Ctrl Pts',(14.4003801752148,5.5263676436222,4.75669163448488));
#1007=CARTESIAN_POINT('Ctrl Pts',(14.7433375513408,4.61078418784578,4.7582001830672));
#1008=CARTESIAN_POINT('Ctrl Pts',(14.8368320678496,4.11453396560142,4.75475778076202));
#1009=CARTESIAN_POINT('Ctrl Pts',(14.8395503349551,3.6145961549762,4.74698915626994));
#1010=CARTESIAN_POINT('Origin',(-8.881784197E-16,8.4575,2.88));
#1011=CARTESIAN_POINT('',(-10.7860380077091,7.84712098083006,4.62526624492373));
#1012=CARTESIAN_POINT('',(-12.8180194034,8.4810606205,2.8126327505));
#1013=CARTESIAN_POINT('Ctrl Pts',(-10.7860380071956,7.84712097741133,4.625266254702));
#1014=CARTESIAN_POINT('Ctrl Pts',(-7.19363140407172,7.90591253933449,4.45716262517266));
#1015=CARTESIAN_POINT('Ctrl Pts',(-3.59733373803613,7.93531123059858,4.37310248893566));
#1016=CARTESIAN_POINT('Ctrl Pts',(3.59658438390147,7.93529103460545,4.37316023565364));
#1017=CARTESIAN_POINT('Ctrl Pts',(7.19318068519435,7.90586742046566,4.45729163425774));
#1018=CARTESIAN_POINT('Ctrl Pts',(10.7858675750003,7.84706480285521,4.62542687548608));
#1019=CARTESIAN_POINT('Ctrl Pts',(-10.635,7.8,4.76));
#1020=CARTESIAN_POINT('Ctrl Pts',(-11.9544689145,7.8,4.76));
#1021=CARTESIAN_POINT('Ctrl Pts',(-13.2751689021,7.28333698301,4.76));
#1022=CARTESIAN_POINT('Ctrl Pts',(-14.318336983,6.24016890212,4.76));
#1023=CARTESIAN_POINT('Ctrl Pts',(-14.835,4.91946891451,4.76));
#1024=CARTESIAN_POINT('Ctrl Pts',(-14.835,3.6,4.76));
#1025=CARTESIAN_POINT('Ctrl Pts',(-11.4779999998,8.06300000002,4.007999999934));
#1026=CARTESIAN_POINT('Ctrl Pts',(-12.6152565407,8.06300000002,4.007999999934));
#1027=CARTESIAN_POINT('Ctrl Pts',(-13.7535741493,7.61768568524,4.007999999934));
#1028=CARTESIAN_POINT('Ctrl Pts',(-14.6526856857,6.71857414902,4.007999999933));
#1029=CARTESIAN_POINT('Ctrl Pts',(-15.0979999997,5.58025654051,4.007999999934));
#1030=CARTESIAN_POINT('Ctrl Pts',(-15.098,4.44300000008,4.007999999934));
#1031=CARTESIAN_POINT('Ctrl Pts',(-12.3209999996,8.32600000005,3.25599999987));
#1032=CARTESIAN_POINT('Ctrl Pts',(-13.2760441668,8.32600000005,3.25599999987));
#1033=CARTESIAN_POINT('Ctrl Pts',(-14.2319793965,7.95203438747,3.25599999987));
#1034=CARTESIAN_POINT('Ctrl Pts',(-14.9870343884,7.19697939591,3.25599999987));
#1035=CARTESIAN_POINT('Ctrl Pts',(-15.3609999995,6.24104416651,3.25599999987));
#1036=CARTESIAN_POINT('Ctrl Pts',(-15.361,5.28600000015,3.25599999987));
#1037=CARTESIAN_POINT('Ctrl Pts',(-13.1639999999,8.58900000057,2.5039999999));
#1038=CARTESIAN_POINT('Ctrl Pts',(-13.9368317928,8.58900000057,2.5039999999));
#1039=CARTESIAN_POINT('Ctrl Pts',(-14.710384642,8.28638308943,2.5039999999));
#1040=CARTESIAN_POINT('Ctrl Pts',(-15.3213830882,7.67538464263,2.5039999999));
#1041=CARTESIAN_POINT('Ctrl Pts',(-15.6239999988,6.90183179333,2.5039999999));
#1042=CARTESIAN_POINT('Ctrl Pts',(-15.624,6.12899999995,2.5039999999));
#1043=CARTESIAN_POINT('Ctrl Pts',(-14.007,8.85200000029,1.75199999995));
#1044=CARTESIAN_POINT('Ctrl Pts',(-14.5976194189,8.85200000029,1.75199999995));
#1045=CARTESIAN_POINT('Ctrl Pts',(-15.1887898892,8.62073179209,1.75199999995));
#1046=CARTESIAN_POINT('Ctrl Pts',(-15.6557317915,8.1537898895,1.75199999995));
#1047=CARTESIAN_POINT('Ctrl Pts',(-15.8869999994,7.56261941915,1.75199999995));
#1048=CARTESIAN_POINT('Ctrl Pts',(-15.887,6.97199999997,1.75199999995));
#1049=CARTESIAN_POINT('Ctrl Pts',(-14.85,9.115,1.));
#1050=CARTESIAN_POINT('Ctrl Pts',(-15.258407045,9.115,1.));
#1051=CARTESIAN_POINT('Ctrl Pts',(-15.6671951364,8.95508049474,1.));
#1052=CARTESIAN_POINT('Ctrl Pts',(-15.9900804947,8.63219513637,1.));
#1053=CARTESIAN_POINT('Ctrl Pts',(-16.15,8.22340704497,1.));
#1054=CARTESIAN_POINT('Ctrl Pts',(-16.15,7.815,1.));
#1055=CARTESIAN_POINT('',(-14.8395939106415,3.61472608332967,4.74686455968729));
#1056=CARTESIAN_POINT('',(-14.839600577,3.61474633616,4.7468454984681));
#1057=CARTESIAN_POINT('Ctrl Pts',(-10.7860380071956,7.84712097741122,4.62526625470199));
#1058=CARTESIAN_POINT('Ctrl Pts',(-10.939127931395,7.84461558114699,4.63242996820314));
#1059=CARTESIAN_POINT('Ctrl Pts',(-11.0919018653174,7.83269587915697,4.63940913504793));
#1060=CARTESIAN_POINT('Ctrl Pts',(-11.6474318213643,7.75555987249207,4.66419106203746));
#1061=CARTESIAN_POINT('Ctrl Pts',(-12.0397807655586,7.63524300072494,4.68053215455839));
#1062=CARTESIAN_POINT('Ctrl Pts',(-12.4340132523669,7.446264339963,4.69582563070475));
#1063=CARTESIAN_POINT('Ctrl Pts',(-12.4601274250532,7.43340152311343,4.69683297329857));
#1064=CARTESIAN_POINT('Ctrl Pts',(-12.4978130584062,7.41433852512002,4.69827843272645));
#1065=CARTESIAN_POINT('Ctrl Pts',(-12.5094949514374,7.40835883353581,4.69872533860044));
#1066=CARTESIAN_POINT('Ctrl Pts',(-12.5298492208029,7.39781677031147,4.69950199169845));
#1067=CARTESIAN_POINT('Ctrl Pts',(-12.5385342720608,7.39327911588997,4.69983273698202));
#1068=CARTESIAN_POINT('Ctrl Pts',(-12.5552930393128,7.38444698081927,4.70046969482393));
#1069=CARTESIAN_POINT('Ctrl Pts',(-12.5633688121291,7.38015651598673,4.70077606930176));
#1070=CARTESIAN_POINT('Ctrl Pts',(-12.5824947244565,7.36991371844354,4.70150031908995));
#1071=CARTESIAN_POINT('Ctrl Pts',(-12.5935321585207,7.36393771763407,4.70191721354619));
#1072=CARTESIAN_POINT('Ctrl Pts',(-12.6322547282917,7.34274357456188,4.70337606039868));
#1073=CARTESIAN_POINT('Ctrl Pts',(-12.6597931024317,7.32725815393679,4.70440679345625));
#1074=CARTESIAN_POINT('Ctrl Pts',(-12.9732678409275,7.14624705914935,4.71606262336548));
#1075=CARTESIAN_POINT('Ctrl Pts',(-13.2390534938674,6.94726867119219,4.72520489517684));
#1076=CARTESIAN_POINT('Ctrl Pts',(-13.6140474833321,6.59282672974579,4.73694611105219));
#1077=CARTESIAN_POINT('Ctrl Pts',(-13.7405501693258,6.45681227515387,4.74064843570367));
#1078=CARTESIAN_POINT('Ctrl Pts',(-14.1283337994924,5.98264803335612,4.75110651230115));
#1079=CARTESIAN_POINT('Ctrl Pts',(-14.3494688900845,5.61329244870161,4.75553251437178));
#1080=CARTESIAN_POINT('Ctrl Pts',(-14.7237434872748,4.71009244129912,4.75869360991751));
#1081=CARTESIAN_POINT('Ctrl Pts',(-14.8366092193935,4.16482046993968,4.75539817581409));
#1082=CARTESIAN_POINT('Ctrl Pts',(-14.8395937995918,3.61472607780164,4.74686487721092));
#1083=CARTESIAN_POINT('Origin',(-15.4925,-4.4408920985E-16,2.88));
#1084=CARTESIAN_POINT('',(-14.8395511579947,-3.61459619635686,4.74698680292648));
#1085=CARTESIAN_POINT('',(-15.4948002877,-5.71487316566,2.87342275139));
#1086=CARTESIAN_POINT('Ctrl Pts',(-14.839550334972,-3.61459615531449,4.74698915627755));
#1087=CARTESIAN_POINT('Ctrl Pts',(-14.846097745439,-2.40984089632135,4.72826804345935));
#1088=CARTESIAN_POINT('Ctrl Pts',(-14.8493766768259,-1.20491809504973,4.71889254382917));
#1089=CARTESIAN_POINT('Ctrl Pts',(-14.8493929758758,1.20496188033712,4.7188459397015));
#1090=CARTESIAN_POINT('Ctrl Pts',(-14.8461301118731,2.40992727697834,4.72817549760969));
#1091=CARTESIAN_POINT('Ctrl Pts',(-14.8395937995923,3.61472607780163,4.74686487721096));
#1092=CARTESIAN_POINT('Ctrl Pts',(-14.835,-3.6,4.76));
#1093=CARTESIAN_POINT('Ctrl Pts',(-14.835,-4.91946891451,4.76));
#1094=CARTESIAN_POINT('Ctrl Pts',(-14.318336983,-6.24016890212,4.76));
#1095=CARTESIAN_POINT('Ctrl Pts',(-13.2751689021,-7.28333698301,4.76));
#1096=CARTESIAN_POINT('Ctrl Pts',(-11.9544689145,-7.8,4.76));
#1097=CARTESIAN_POINT('Ctrl Pts',(-10.635,-7.8,4.76));
#1098=CARTESIAN_POINT('Ctrl Pts',(-15.0979999994,-4.443,4.007999999934));
#1099=CARTESIAN_POINT('Ctrl Pts',(-15.0979999997,-5.58025654051,4.007999999934));
#1100=CARTESIAN_POINT('Ctrl Pts',(-14.6526856857,-6.71857414902,4.007999999934));
#1101=CARTESIAN_POINT('Ctrl Pts',(-13.7535741493,-7.61768568524,4.007999999934));
#1102=CARTESIAN_POINT('Ctrl Pts',(-12.6152565407,-8.06300000002,4.007999999934));
#1103=CARTESIAN_POINT('Ctrl Pts',(-11.4779999998,-8.06300000002,4.007999999934));
#1104=CARTESIAN_POINT('Ctrl Pts',(-15.3609999989,-5.286,3.25599999987));
#1105=CARTESIAN_POINT('Ctrl Pts',(-15.3609999995,-6.24104416651,3.25599999987));
#1106=CARTESIAN_POINT('Ctrl Pts',(-14.9870343884,-7.19697939591,3.25599999987));
#1107=CARTESIAN_POINT('Ctrl Pts',(-14.2319793965,-7.95203438747,3.25599999987));
#1108=CARTESIAN_POINT('Ctrl Pts',(-13.2760441668,-8.32600000005,3.25599999987));
#1109=CARTESIAN_POINT('Ctrl Pts',(-12.3209999996,-8.32600000005,3.25599999987));
#1110=CARTESIAN_POINT('Ctrl Pts',(-15.624,-6.12899999995,2.5039999999));
#1111=CARTESIAN_POINT('Ctrl Pts',(-15.6239999988,-6.90183179275,2.5039999999));
#1112=CARTESIAN_POINT('Ctrl Pts',(-15.3213830882,-7.67538464263,2.5039999999));
#1113=CARTESIAN_POINT('Ctrl Pts',(-14.710384642,-8.28638308943,2.5039999999));
#1114=CARTESIAN_POINT('Ctrl Pts',(-13.9368317928,-8.58900000057,2.5039999999));
#1115=CARTESIAN_POINT('Ctrl Pts',(-13.1639999999,-8.58900000057,2.5039999999));
#1116=CARTESIAN_POINT('Ctrl Pts',(-15.887,-6.97199999997,1.75199999995));
#1117=CARTESIAN_POINT('Ctrl Pts',(-15.8869999994,-7.56261941886,1.75199999995));
#1118=CARTESIAN_POINT('Ctrl Pts',(-15.6557317915,-8.1537898895,1.75199999995));
#1119=CARTESIAN_POINT('Ctrl Pts',(-15.1887898892,-8.62073179209,1.75199999995));
#1120=CARTESIAN_POINT('Ctrl Pts',(-14.5976194189,-8.85200000029,1.75199999995));
#1121=CARTESIAN_POINT('Ctrl Pts',(-14.007,-8.85200000029,1.75199999995));
#1122=CARTESIAN_POINT('Ctrl Pts',(-16.15,-7.815,1.));
#1123=CARTESIAN_POINT('Ctrl Pts',(-16.15,-8.22340704497,1.));
#1124=CARTESIAN_POINT('Ctrl Pts',(-15.9900804947,-8.63219513637,1.));
#1125=CARTESIAN_POINT('Ctrl Pts',(-15.6671951364,-8.95508049474,1.));
#1126=CARTESIAN_POINT('Ctrl Pts',(-15.258407045,-9.115,1.));
#1127=CARTESIAN_POINT('Ctrl Pts',(-14.85,-9.115,1.));
#1128=CARTESIAN_POINT('',(-10.7858676844743,-7.84706553224042,4.62542478992862));
#1129=CARTESIAN_POINT('',(-10.7860388077,-7.84712124133,4.625265500074));
#1130=CARTESIAN_POINT('Ctrl Pts',(-10.7858675749321,-7.84706480284513,4.62542687548197));
#1131=CARTESIAN_POINT('Ctrl Pts',(-11.1707181601155,-7.84076489211467,4.64343758205353));
#1132=CARTESIAN_POINT('Ctrl Pts',(-11.5520479404707,-7.77503036281029,4.66021052621392));
#1133=CARTESIAN_POINT('Ctrl Pts',(-12.1985512492697,-7.56363110443982,4.6869453705507));
#1134=CARTESIAN_POINT('Ctrl Pts',(-12.4680207114281,-7.44094829497586,4.69750079747602));
#1135=CARTESIAN_POINT('Ctrl Pts',(-13.1547873857848,-7.03537807551181,4.72289140177132));
#1136=CARTESIAN_POINT('Ctrl Pts',(-13.5390580235733,-6.70285896824103,4.73538700957242));
#1137=CARTESIAN_POINT('Ctrl Pts',(-14.1597473978258,-5.94412825961704,4.75212484653929));
#1138=CARTESIAN_POINT('Ctrl Pts',(-14.4003801752163,-5.52636764361754,4.75669163448538));
#1139=CARTESIAN_POINT('Ctrl Pts',(-14.7433375513011,-4.61078418794802,4.75820018306778));
#1140=CARTESIAN_POINT('Ctrl Pts',(-14.836832067807,-4.11453396582116,4.75475778076443));
#1141=CARTESIAN_POINT('Ctrl Pts',(-14.8395503349478,-3.61459615531267,4.74698915627595));
#1142=CARTESIAN_POINT('Origin',(4.4408920985E-16,-8.4575,2.88));
#1143=CARTESIAN_POINT('',(10.7860380076653,-7.84712098083407,4.62526624491329));
#1144=CARTESIAN_POINT('',(12.8180194035,-8.48106062055,2.81263275036));
#1145=CARTESIAN_POINT('Ctrl Pts',(-10.7858675749337,-7.84706480285649,4.62542687548243));
#1146=CARTESIAN_POINT('Ctrl Pts',(-7.19318068482705,-7.90586742047168,4.45729163424055));
#1147=CARTESIAN_POINT('Ctrl Pts',(-3.59658438323127,-7.9352910346113,4.37316023563675));
#1148=CARTESIAN_POINT('Ctrl Pts',(3.59733373867171,-7.93531123059462,4.3731024889468));
#1149=CARTESIAN_POINT('Ctrl Pts',(7.19363140436734,-7.90591253933141,4.45716262518156));
#1150=CARTESIAN_POINT('Ctrl Pts',(10.7860380071518,-7.84712097741488,4.62526625469192));
#1151=CARTESIAN_POINT('Ctrl Pts',(10.635,-7.8,4.76));
#1152=CARTESIAN_POINT('Ctrl Pts',(11.9544689145,-7.8,4.76));
#1153=CARTESIAN_POINT('Ctrl Pts',(13.2751689021,-7.28333698301,4.76));
#1154=CARTESIAN_POINT('Ctrl Pts',(14.318336983,-6.24016890212,4.76));
#1155=CARTESIAN_POINT('Ctrl Pts',(14.835,-4.91946891451,4.76));
#1156=CARTESIAN_POINT('Ctrl Pts',(14.835,-3.6,4.76));
#1157=CARTESIAN_POINT('Ctrl Pts',(11.4779999998,-8.06300000002,4.007999999934));
#1158=CARTESIAN_POINT('Ctrl Pts',(12.6152565407,-8.06300000002,4.007999999934));
#1159=CARTESIAN_POINT('Ctrl Pts',(13.7535741493,-7.61768568524,4.007999999934));
#1160=CARTESIAN_POINT('Ctrl Pts',(14.6526856857,-6.71857414902,4.007999999934));
#1161=CARTESIAN_POINT('Ctrl Pts',(15.0979999997,-5.58025654051,4.007999999934));
#1162=CARTESIAN_POINT('Ctrl Pts',(15.0979999997,-4.443,4.007999999934));
#1163=CARTESIAN_POINT('Ctrl Pts',(12.3209999996,-8.32600000005,3.25599999987));
#1164=CARTESIAN_POINT('Ctrl Pts',(13.2760441668,-8.32600000005,3.25599999987));
#1165=CARTESIAN_POINT('Ctrl Pts',(14.2319793965,-7.95203438747,3.25599999987));
#1166=CARTESIAN_POINT('Ctrl Pts',(14.9870343884,-7.19697939591,3.25599999987));
#1167=CARTESIAN_POINT('Ctrl Pts',(15.3609999995,-6.24104416651,3.25599999987));
#1168=CARTESIAN_POINT('Ctrl Pts',(15.3609999995,-5.286,3.25599999987));
#1169=CARTESIAN_POINT('Ctrl Pts',(13.1639999999,-8.58900000057,2.5039999999));
#1170=CARTESIAN_POINT('Ctrl Pts',(13.9368317928,-8.58900000057,2.5039999999));
#1171=CARTESIAN_POINT('Ctrl Pts',(14.7103846426,-8.28638309061,2.5039999999));
#1172=CARTESIAN_POINT('Ctrl Pts',(15.3213830894,-7.67538464206,2.5039999999));
#1173=CARTESIAN_POINT('Ctrl Pts',(15.624,-6.90183179275,2.5039999999));
#1174=CARTESIAN_POINT('Ctrl Pts',(15.624,-6.12899999995,2.5039999999));
#1175=CARTESIAN_POINT('Ctrl Pts',(14.007,-8.85200000029,1.75199999995));
#1176=CARTESIAN_POINT('Ctrl Pts',(14.5976194189,-8.85200000029,1.75199999995));
#1177=CARTESIAN_POINT('Ctrl Pts',(15.1887898895,-8.62073179267,1.75199999995));
#1178=CARTESIAN_POINT('Ctrl Pts',(15.6557317921,-8.15378988921,1.75199999995));
#1179=CARTESIAN_POINT('Ctrl Pts',(15.887,-7.56261941886,1.75199999995));
#1180=CARTESIAN_POINT('Ctrl Pts',(15.887,-6.97199999997,1.75199999995));
#1181=CARTESIAN_POINT('Ctrl Pts',(14.85,-9.115,1.));
#1182=CARTESIAN_POINT('Ctrl Pts',(15.258407045,-9.115,1.));
#1183=CARTESIAN_POINT('Ctrl Pts',(15.6671951364,-8.95508049474,1.));
#1184=CARTESIAN_POINT('Ctrl Pts',(15.9900804947,-8.63219513637,1.));
#1185=CARTESIAN_POINT('Ctrl Pts',(16.15,-8.22340704497,1.));
#1186=CARTESIAN_POINT('Ctrl Pts',(16.15,-7.815,1.));
#1187=CARTESIAN_POINT('',(14.8395939106416,-3.61472608333409,4.74686455968207));
#1188=CARTESIAN_POINT('',(14.839600577,-3.61474633616,4.7468454984678));
#1189=CARTESIAN_POINT('Ctrl Pts',(10.7860380071518,-7.84712097741474,4.62526625469191));
#1190=CARTESIAN_POINT('Ctrl Pts',(10.9391279313531,-7.84461558115266,4.63242996819308));
#1191=CARTESIAN_POINT('Ctrl Pts',(11.0919018653296,-7.8326958791595,4.63940913504031));
#1192=CARTESIAN_POINT('Ctrl Pts',(11.6474318213815,-7.75555987249296,4.66419106202978));
#1193=CARTESIAN_POINT('Ctrl Pts',(12.0397807655772,-7.63524300072445,4.68053215455062));
#1194=CARTESIAN_POINT('Ctrl Pts',(12.4340132523863,-7.44626433996031,4.69582563069696));
#1195=CARTESIAN_POINT('Ctrl Pts',(12.4601274250719,-7.43340152311085,4.69683297329072));
#1196=CARTESIAN_POINT('Ctrl Pts',(12.4978130584105,-7.4143385251247,4.69827843271805));
#1197=CARTESIAN_POINT('Ctrl Pts',(12.5094949514355,-7.40835883354385,4.69872533859181));
#1198=CARTESIAN_POINT('Ctrl Pts',(12.5298492208088,-7.39781677031537,4.69950199169012));
#1199=CARTESIAN_POINT('Ctrl Pts',(12.5385342720638,-7.39327911589551,4.69983273697357));
#1200=CARTESIAN_POINT('Ctrl Pts',(12.555293039341,-7.38444698081145,4.70046969481644));
#1201=CARTESIAN_POINT('Ctrl Pts',(12.5633688121769,-7.38015651596815,4.70077606929499));
#1202=CARTESIAN_POINT('Ctrl Pts',(12.582494724461,-7.36991371844807,4.70150031908155));
#1203=CARTESIAN_POINT('Ctrl Pts',(12.5935321585173,-7.36393771764309,4.70191721353755));
#1204=CARTESIAN_POINT('Ctrl Pts',(12.6322547283138,-7.34274357455689,4.70337606039101));
#1205=CARTESIAN_POINT('Ctrl Pts',(12.6597931024624,-7.3272581539266,4.70440679344883));
#1206=CARTESIAN_POINT('Ctrl Pts',(12.9732678411437,-7.14624705902896,4.71606262336493));
#1207=CARTESIAN_POINT('Ctrl Pts',(13.2390534942402,-6.94726867091963,4.72520489518121));
#1208=CARTESIAN_POINT('Ctrl Pts',(13.6140474837691,-6.59282672930174,4.73694611105704));
#1209=CARTESIAN_POINT('Ctrl Pts',(13.7405501697102,-6.45681227472869,4.74064843570648));
#1210=CARTESIAN_POINT('Ctrl Pts',(14.1283337998087,-5.98264803289753,4.75110651230067));
#1211=CARTESIAN_POINT('Ctrl Pts',(14.3494688903692,-5.6132924481861,4.75553251436928));
#1212=CARTESIAN_POINT('Ctrl Pts',(14.7237434873621,-4.71009244089394,4.75869360990847));
#1213=CARTESIAN_POINT('Ctrl Pts',(14.8366092193972,-4.16482046973454,4.75539817580486));
#1214=CARTESIAN_POINT('Ctrl Pts',(14.8395937995886,-3.61472607780603,4.74686487720511));
#1215=CARTESIAN_POINT('Origin',(15.4925,3.5527136788E-15,2.88));
#1216=CARTESIAN_POINT('Ctrl Pts',(14.8395503349743,3.61459615497797,4.74698915627122));
#1217=CARTESIAN_POINT('Ctrl Pts',(14.8460977454402,2.4098408960901,4.728268043456));
#1218=CARTESIAN_POINT('Ctrl Pts',(14.8493766768267,1.20491809492185,4.71889254382702));
#1219=CARTESIAN_POINT('Ctrl Pts',(14.8493929758771,-1.20496188035572,4.71884593969819));
#1220=CARTESIAN_POINT('Ctrl Pts',(14.8461301118746,-2.40992727698982,4.7281754976055));
#1221=CARTESIAN_POINT('Ctrl Pts',(14.8395937995943,-3.61472607780606,4.74686487720549));
#1222=CARTESIAN_POINT('Ctrl Pts',(-0.0433627846194995,-14.0154333907,4.66592455909312));
#1223=CARTESIAN_POINT('Ctrl Pts',(-201.589090870427,-119.98487586254,11.2267733798163));
#1224=CARTESIAN_POINT('Ctrl Pts',(-195.782003016538,-116.93160419012,238.933170407723));
#1225=CARTESIAN_POINT('Ctrl Pts',(-189.974915162649,-113.8783325177,466.63956743563));
#1226=CARTESIAN_POINT('Ctrl Pts',(11.5708129231582,-7.90889004586064,460.078718614907));
#1227=CARTESIAN_POINT('Ctrl Pts',(213.116541008965,98.0605524259792,453.517869794184));
#1228=CARTESIAN_POINT('Ctrl Pts',(207.309453155077,95.0072807535595,225.811472766277));
#1229=CARTESIAN_POINT('Ctrl Pts',(201.502365301188,91.9540090811398,-1.89492426162995));
#1230=CARTESIAN_POINT('Ctrl Pts',(-0.0433627846194995,-14.0154333907,4.66592455909312));
#1231=CARTESIAN_POINT('Ctrl Pts',(-8.92917659736,-9.37255237746,4.381845249968));
#1232=CARTESIAN_POINT('Ctrl Pts',(-210.726346767971,-115.474198978822,16.6469444520644));
#1233=CARTESIAN_POINT('Ctrl Pts',(-199.870356857295,-109.766297306878,244.637420789096));
#1234=CARTESIAN_POINT('Ctrl Pts',(-189.01436694662,-104.058395634934,472.627897126128));
#1235=CARTESIAN_POINT('Ctrl Pts',(12.7828032239905,2.04325096642826,460.362797924032));
#1236=CARTESIAN_POINT('Ctrl Pts',(214.579973394601,108.144897567791,448.097698721936));
#1237=CARTESIAN_POINT('Ctrl Pts',(203.723983483926,102.436995895846,220.107222384904));
#1238=CARTESIAN_POINT('Ctrl Pts',(192.867993573251,96.7290942239023,-7.88325395212836));
#1239=CARTESIAN_POINT('Ctrl Pts',(-8.92917659736,-9.37255237746,4.381845249968));
#1240=CARTESIAN_POINT('Ctrl Pts',(-17.814819737,-4.6890028236,4.75888243319887));
#1241=CARTESIAN_POINT('Ctrl Pts',(-219.278269666978,-110.615184788836,22.7091547264973));
#1242=CARTESIAN_POINT('Ctrl Pts',(-203.390263243303,-102.261531259702,250.322593880298));
#1243=CARTESIAN_POINT('Ctrl Pts',(-187.502256819628,-93.9078777305682,477.9360330341));
#1244=CARTESIAN_POINT('Ctrl Pts',(13.9611931103505,12.0183042346679,459.985760740801));
#1245=CARTESIAN_POINT('Ctrl Pts',(215.424643040329,117.944486199904,442.035488447503));
#1246=CARTESIAN_POINT('Ctrl Pts',(199.536636616653,109.59083267077,214.422049293702));
#1247=CARTESIAN_POINT('Ctrl Pts',(183.648630192978,101.237179141636,-13.1913898600995));
#1248=CARTESIAN_POINT('Ctrl Pts',(-17.814819737,-4.6890028236,4.75888243319887));
#1249=CARTESIAN_POINT('Ctrl Pts',(-26.623210332,-0.00541395072592987,5.79376535717));
#1250=CARTESIAN_POINT('Ctrl Pts',(-227.170672678328,-105.449984648522,29.3608152676161));
#1251=CARTESIAN_POINT('Ctrl Pts',(-206.311187415587,-94.4824089795347,255.939371497446));
#1252=CARTESIAN_POINT('Ctrl Pts',(-185.451702152846,-83.5148333105476,482.517927727276));
#1253=CARTESIAN_POINT('Ctrl Pts',(15.0957601934814,21.9297373872483,458.95087781683));
#1254=CARTESIAN_POINT('Ctrl Pts',(215.643222539809,127.374308085044,435.383827906384));
#1255=CARTESIAN_POINT('Ctrl Pts',(194.783737277068,116.406732416057,208.805271676554));
#1256=CARTESIAN_POINT('Ctrl Pts',(173.924252014328,105.43915674707,-17.773284553276));
#1257=CARTESIAN_POINT('Ctrl Pts',(-26.623210332,-0.00541395072592987,5.79376535717));
#1258=CARTESIAN_POINT('Origin',(5.3290705182E-16,-1.06581410364E-15,0.));
#1259=CARTESIAN_POINT('',(14.8499985916165,-8.11499653005573,0.));
#1260=CARTESIAN_POINT('',(15.149906468573,-7.81480000622296,0.));
#1261=CARTESIAN_POINT('Origin',(14.8497469623,-7.81474696233,0.));
#1262=CARTESIAN_POINT('',(15.1499965300553,7.81499859161647,0.));
#1263=CARTESIAN_POINT('',(15.15,-4.86562346333E-5,0.));
#1264=CARTESIAN_POINT('',(14.8498000062704,8.11490646854051,0.));
#1265=CARTESIAN_POINT('Origin',(14.8497469623,7.81474696233,0.));
#1266=CARTESIAN_POINT('',(-14.8498053943166,8.11490516208207,0.));
#1267=CARTESIAN_POINT('',(4.86562346147E-5,8.115,0.));
#1268=CARTESIAN_POINT('',(-15.1499999997033,7.81500008332763,0.));
#1269=CARTESIAN_POINT('Origin',(-14.8497469623,7.81474696233,0.));
#1270=CARTESIAN_POINT('',(-15.1499051621121,-7.81480539427655,0.));
#1271=CARTESIAN_POINT('',(-15.15,4.86562346067E-5,0.));
#1272=CARTESIAN_POINT('',(-14.8500000833276,-8.11499999970325,0.));
#1273=CARTESIAN_POINT('Origin',(-14.8497469623,-7.81474696233,0.));
#1274=CARTESIAN_POINT('',(-4.86562346076E-5,-8.115,0.));
#1275=CARTESIAN_POINT('Origin',(4.4408920985E-16,-8.115,0.5));
#1276=CARTESIAN_POINT('',(14.8500158264049,-8.114980627702,1.52651232495226));
#1277=CARTESIAN_POINT('',(14.85,-8.115,1.1790966685));
#1278=CARTESIAN_POINT('',(-14.8500176555837,-8.11498559796651,1.52660078106532));
#1279=CARTESIAN_POINT('',(-14.85,-8.115,1.1790966685));
#1280=CARTESIAN_POINT('',(-13.1574877566,-8.115,2.34474587822));
#1281=CARTESIAN_POINT('Ctrl Pts',(-13.1574877566,-8.115,2.34474587899799));
#1282=CARTESIAN_POINT('Ctrl Pts',(-13.2073122969202,-8.115,2.34474587888381));
#1283=CARTESIAN_POINT('Ctrl Pts',(-13.2604822008694,-8.11500000000008,2.33758103763399));
#1284=CARTESIAN_POINT('Ctrl Pts',(-13.3795333378004,-8.11500000000008,2.3143991320016));
#1285=CARTESIAN_POINT('Ctrl Pts',(-13.4517690428396,-8.115,2.2938287145679));
#1286=CARTESIAN_POINT('Ctrl Pts',(-13.681867889656,-8.115,2.21713550299794));
#1287=CARTESIAN_POINT('Ctrl Pts',(-13.8501241774711,-8.11499999999988,2.14123693389185));
#1288=CARTESIAN_POINT('Ctrl Pts',(-14.2940492152677,-8.11499999999988,1.91316921207406));
#1289=CARTESIAN_POINT('Ctrl Pts',(-14.5871392387908,-8.115,1.72531114244421));
#1290=CARTESIAN_POINT('Ctrl Pts',(-14.8499452733492,-8.115,1.52659985473706));
#1291=CARTESIAN_POINT('',(13.1574877555,-8.115,2.34474587895));
#1292=CARTESIAN_POINT('',(1.7763568394E-15,-8.115,2.34474587822));
#1293=CARTESIAN_POINT('Ctrl Pts',(14.8500321518593,-8.115,1.52653416399499));
#1294=CARTESIAN_POINT('Ctrl Pts',(14.5872843282128,-8.115,1.72520887449498));
#1295=CARTESIAN_POINT('Ctrl Pts',(14.2942708006762,-8.1150000000035,1.91303026109834));
#1296=CARTESIAN_POINT('Ctrl Pts',(13.8504449366403,-8.1150000000035,2.14108540320037));
#1297=CARTESIAN_POINT('Ctrl Pts',(13.6822395837151,-8.115,2.21697817169195));
#1298=CARTESIAN_POINT('Ctrl Pts',(13.4520805203316,-8.115,2.29373884996893));
#1299=CARTESIAN_POINT('Ctrl Pts',(13.3797376011517,-8.11500000000009,2.31435287882059));
#1300=CARTESIAN_POINT('Ctrl Pts',(13.2605543944471,-8.11500000000009,2.33757149831873));
#1301=CARTESIAN_POINT('Ctrl Pts',(13.2073455421708,-8.115,2.34474587898975));
#1302=CARTESIAN_POINT('Ctrl Pts',(13.1574877555,-8.115,2.34474587900213));
#1303=CARTESIAN_POINT('Ctrl Pts',(11.4113787985786,-7.57024714614963,3.90236620563964));
#1304=CARTESIAN_POINT('Ctrl Pts',(11.9132838259089,-7.59607060055963,3.82852879994366));
#1305=CARTESIAN_POINT('Ctrl Pts',(12.4257085349049,-7.52969162378387,3.78473356609171));
#1306=CARTESIAN_POINT('Ctrl Pts',(12.9230876400202,-7.34469270491633,3.76360577931069));
#1307=CARTESIAN_POINT('Ctrl Pts',(13.8071260452323,-6.772126044822,3.73991638594668));
#1308=CARTESIAN_POINT('Ctrl Pts',(14.3796927048865,-5.88808763970005,3.7636057794077));
#1309=CARTESIAN_POINT('Ctrl Pts',(14.5646916233439,-5.39070853484492,3.78473356625174));
#1310=CARTESIAN_POINT('Ctrl Pts',(14.6310705999996,-4.87828382607897,3.82852880023481));
#1311=CARTESIAN_POINT('Ctrl Pts',(14.6052471455996,-4.37637879886863,3.90236620579174));
#1312=CARTESIAN_POINT('Ctrl Pts',(14.0186911192,-8.38367910409,1.5765075285));
#1313=CARTESIAN_POINT('Ctrl Pts',(14.2388140779,-8.40950255849,1.50267012275));
#1314=CARTESIAN_POINT('Ctrl Pts',(14.4693252659,-8.39829213185,1.45887488875));
#1315=CARTESIAN_POINT('Ctrl Pts',(14.6995423572,-8.324155773,1.43774710202));
#1316=CARTESIAN_POINT('Ctrl Pts',(15.1069352105,-8.07193521087,1.41405770868));
#1317=CARTESIAN_POINT('Ctrl Pts',(15.3591557724,-7.66454235725,1.43774710208));
#1318=CARTESIAN_POINT('Ctrl Pts',(15.4332921313,-7.43432526584,1.4588748888));
#1319=CARTESIAN_POINT('Ctrl Pts',(15.4445025581,-7.20381407786,1.50267012258));
#1320=CARTESIAN_POINT('Ctrl Pts',(15.4186791037,-6.98369111926,1.57650752835));
#1321=CARTESIAN_POINT('',(15.15,-6.1224877566,2.34474587822));
#1322=CARTESIAN_POINT('',(15.1499076244908,-7.81479948368608,1.52672514729477));
#1323=CARTESIAN_POINT('Ctrl Pts',(15.15,-6.12248775697185,2.34474587768562));
#1324=CARTESIAN_POINT('Ctrl Pts',(15.15,-6.17233319824013,2.34474587768521));
#1325=CARTESIAN_POINT('Ctrl Pts',(15.1500000000001,-6.225527587649,2.33757503998433));
#1326=CARTESIAN_POINT('Ctrl Pts',(15.1500000000001,-6.34467274310472,2.31436791519496));
#1327=CARTESIAN_POINT('Ctrl Pts',(15.15,-6.41698781689599,2.29376571818666));
#1328=CARTESIAN_POINT('Ctrl Pts',(15.15,-6.64704183022091,2.21705377413963));
#1329=CARTESIAN_POINT('Ctrl Pts',(15.1499999999999,-6.81516259682002,2.1412141857946));
#1330=CARTESIAN_POINT('Ctrl Pts',(15.1499999999999,-7.25895157942011,1.91322506538928));
#1331=CARTESIAN_POINT('Ctrl Pts',(15.15,-7.55200932052055,1.72539627002412));
#1332=CARTESIAN_POINT('Ctrl Pts',(15.15,-7.81479222728515,1.52671557145799));
#1333=CARTESIAN_POINT('Ctrl Pts',(15.1499051540118,-7.81483768741115,1.52677572825609));
#1334=CARTESIAN_POINT('Ctrl Pts',(15.1498984475347,-7.83702564279469,1.51000568245894));
#1335=CARTESIAN_POINT('Ctrl Pts',(15.1474358435318,-7.86028873410888,1.4946422953421));
#1336=CARTESIAN_POINT('Ctrl Pts',(15.1357711265505,-7.90942445303025,1.46742092403161));
#1337=CARTESIAN_POINT('Ctrl Pts',(15.1261924225703,-7.9350953789661,1.45600870596027));
#1338=CARTESIAN_POINT('Ctrl Pts',(15.0990839217255,-7.98411137331185,1.44059447272662));
#1339=CARTESIAN_POINT('Ctrl Pts',(15.0822267708161,-8.00674214161485,1.43659708641486));
#1340=CARTESIAN_POINT('Ctrl Pts',(15.0418918500125,-8.04710265218276,1.43657927293082));
#1341=CARTESIAN_POINT('Ctrl Pts',(15.0192730461407,-8.0639741475225,1.44055835219754));
#1342=CARTESIAN_POINT('Ctrl Pts',(14.9702827446342,-8.09110970052512,1.45593467219974));
#1343=CARTESIAN_POINT('Ctrl Pts',(14.9446264827102,-8.10070359978106,1.46732475309429));
#1344=CARTESIAN_POINT('Ctrl Pts',(14.8955133422592,-8.11240072384428,1.49450320563487));
#1345=CARTESIAN_POINT('Ctrl Pts',(14.8722593548105,-8.11488054973587,1.50984505862956));
#1346=CARTESIAN_POINT('Ctrl Pts',(14.8500776230071,-8.11490498562148,1.52659446712345));
#1347=CARTESIAN_POINT('',(11.681910398608,-7.65464786479773,3.66103791509615));
#1348=CARTESIAN_POINT('',(11.6819108411,-7.65464800874,3.66103750355));
#1349=CARTESIAN_POINT('',(14.6586749845302,-4.54763291136763,3.74959915360491));
#1350=CARTESIAN_POINT('Ctrl Pts',(11.6819103983097,-7.65464786297868,3.66103792036955));
#1351=CARTESIAN_POINT('Ctrl Pts',(11.8182251625781,-7.65224104877482,3.66791975770252));
#1352=CARTESIAN_POINT('Ctrl Pts',(11.9545637852831,-7.63750318767222,3.67451296766308));
#1353=CARTESIAN_POINT('Ctrl Pts',(12.3344300251544,-7.56614702804063,3.69221737322372));
#1354=CARTESIAN_POINT('Ctrl Pts',(12.5743655234911,-7.48465614896527,3.70260267331347));
#1355=CARTESIAN_POINT('Ctrl Pts',(12.819226586783,-7.36684682282498,3.7125096828483));
#1356=CARTESIAN_POINT('Ctrl Pts',(12.8380467412353,-7.3575540867057,3.71326636230979));
#1357=CARTESIAN_POINT('Ctrl Pts',(12.8655127872483,-7.34364486599144,3.7143637144084));
#1358=CARTESIAN_POINT('Ctrl Pts',(12.8742338201629,-7.33917650941345,3.71471110927446));
#1359=CARTESIAN_POINT('Ctrl Pts',(12.889555531115,-7.33123495076647,3.71531961777166));
#1360=CARTESIAN_POINT('Ctrl Pts',(12.8961651477021,-7.32777896222882,3.71558152186386));
#1361=CARTESIAN_POINT('Ctrl Pts',(12.9090118424931,-7.32100325160635,3.71608940389985));
#1362=CARTESIAN_POINT('Ctrl Pts',(12.9152502065764,-7.31768594191654,3.71633549417203));
#1363=CARTESIAN_POINT('Ctrl Pts',(12.931903604699,-7.3087581499936,3.71699100163145));
#1364=CARTESIAN_POINT('Ctrl Pts',(12.9422984377594,-7.30310973036681,3.71739865501766));
#1365=CARTESIAN_POINT('Ctrl Pts',(12.9796315874219,-7.28255066666996,3.71885734444658));
#1366=CARTESIAN_POINT('Ctrl Pts',(13.0063856904874,-7.26730307454331,3.71989249948945));
#1367=CARTESIAN_POINT('Ctrl Pts',(13.3442911236656,-7.06819299856692,3.73283802630596));
#1368=CARTESIAN_POINT('Ctrl Pts',(13.624473235805,-6.83168319516157,3.74217419737412));
#1369=CARTESIAN_POINT('Ctrl Pts',(14.0757221929918,-6.31025090937633,3.75457364287851));
#1370=CARTESIAN_POINT('Ctrl Pts',(14.2547359169937,-6.03106479548739,3.75813138687979));
#1371=CARTESIAN_POINT('Ctrl Pts',(14.479849418189,-5.52972487084187,3.75973277808457));
#1372=CARTESIAN_POINT('Ctrl Pts',(14.5504188271458,-5.31792962922336,3.75919002744021));
#1373=CARTESIAN_POINT('Ctrl Pts',(14.6355237243792,-4.91965731067286,3.75573946540725));
#1374=CARTESIAN_POINT('Ctrl Pts',(14.6574115682449,-4.7334045223341,3.75321148668712));
#1375=CARTESIAN_POINT('Ctrl Pts',(14.6586749225534,-4.54763290751004,3.74959933032379));
#1376=CARTESIAN_POINT('',(14.6586788058,-4.54764453821,3.74958822721));
#1377=CARTESIAN_POINT('Origin',(4.4408920985E-16,-7.98553169634,2.7149366172));
#1378=CARTESIAN_POINT('',(-11.6817300557202,-7.65458922254263,3.66120559174785));
#1379=CARTESIAN_POINT('Ctrl Pts',(-11.6817299346114,-7.65458847503553,3.66120772906665));
#1380=CARTESIAN_POINT('Ctrl Pts',(-7.79112131832456,-7.72328694386994,3.46477712616374));
#1381=CARTESIAN_POINT('Ctrl Pts',(-3.89558429119956,-7.75766440498164,3.36648111568568));
#1382=CARTESIAN_POINT('Ctrl Pts',(3.8964329724203,-7.7576859395481,3.36641954156409));
#1383=CARTESIAN_POINT('Ctrl Pts',(7.79162353170502,-7.72333589024775,3.46463717302262));
#1384=CARTESIAN_POINT('Ctrl Pts',(11.6819103983087,-7.65464786291837,3.66103792036747));
#1385=CARTESIAN_POINT('',(-11.6819108412,-7.6546480086,3.66103750383));
#1386=CARTESIAN_POINT('Ctrl Pts',(-14.60373762,-4.37154028307,3.906682414905));
#1387=CARTESIAN_POINT('Ctrl Pts',(-14.6295610744,-4.87396822682,3.832845009313));
#1388=CARTESIAN_POINT('Ctrl Pts',(-14.563079719,-5.38691609608,3.789049775266));
#1389=CARTESIAN_POINT('Ctrl Pts',(-14.3778750675,-5.88479098643,3.767921988389));
#1390=CARTESIAN_POINT('Ctrl Pts',(-13.8047139261,-6.76971392579,3.74423259489));
#1391=CARTESIAN_POINT('Ctrl Pts',(-12.9197909867,-7.34287506768,3.767921988238));
#1392=CARTESIAN_POINT('Ctrl Pts',(-12.4219160961,-7.52807971959,3.78904977502));
#1393=CARTESIAN_POINT('Ctrl Pts',(-11.9089682265,-7.59456107538,3.832845008824));
#1394=CARTESIAN_POINT('Ctrl Pts',(-11.4065402825,-7.56873762098,3.906682414498));
#1395=CARTESIAN_POINT('Ctrl Pts',(-15.4186791039,-6.98369111902,1.57650752746));
#1396=CARTESIAN_POINT('Ctrl Pts',(-15.444502558,-7.20381407786,1.50267012216));
#1397=CARTESIAN_POINT('Ctrl Pts',(-15.4332921308,-7.43432526615,1.45887488859));
#1398=CARTESIAN_POINT('Ctrl Pts',(-15.3591557718,-7.66454235745,1.43774710182));
#1399=CARTESIAN_POINT('Ctrl Pts',(-15.10693521,-8.07193521087,1.41405770847));
#1400=CARTESIAN_POINT('Ctrl Pts',(-14.699542357,-8.32415577286,1.43774710175));
#1401=CARTESIAN_POINT('Ctrl Pts',(-14.4693252659,-8.39829213188,1.4588748885));
#1402=CARTESIAN_POINT('Ctrl Pts',(-14.2388140779,-8.40950255865,1.5026701223));
#1403=CARTESIAN_POINT('Ctrl Pts',(-14.0186911195,-8.38367910417,1.57650752826));
#1404=CARTESIAN_POINT('',(-15.1499051621,-7.81480537506,1.52670841992));
#1405=CARTESIAN_POINT('Ctrl Pts',(-14.8499907379125,-8.11490506876094,1.5266600847557));
#1406=CARTESIAN_POINT('Ctrl Pts',(-14.8721617630917,-8.11488706239987,1.50991299446913));
#1407=CARTESIAN_POINT('Ctrl Pts',(-14.8954047254456,-8.11241635719628,1.49457155305159));
#1408=CARTESIAN_POINT('Ctrl Pts',(-14.9445321734373,-8.10073693101403,1.46736819000777));
#1409=CARTESIAN_POINT('Ctrl Pts',(-14.9702153837297,-8.09114195721528,1.45595946797703));
#1410=CARTESIAN_POINT('Ctrl Pts',(-15.0192351283975,-8.06400002680668,1.44056672680968));
#1411=CARTESIAN_POINT('Ctrl Pts',(-15.0418576137561,-8.0471311903584,1.43658323898349));
#1412=CARTESIAN_POINT('Ctrl Pts',(-15.0821998983757,-8.00677474275795,1.43659309781958));
#1413=CARTESIAN_POINT('Ctrl Pts',(-15.0990607972164,-7.98414562492066,1.44058672446697));
#1414=CARTESIAN_POINT('Ctrl Pts',(-15.1261801520239,-7.93512537511591,1.45599614934611));
#1415=CARTESIAN_POINT('Ctrl Pts',(-15.1357638045297,-7.90944844587482,1.4674089408586));
#1416=CARTESIAN_POINT('Ctrl Pts',(-15.1474318659933,-7.86031190976918,1.49462822770495));
#1417=CARTESIAN_POINT('Ctrl Pts',(-15.1498960385919,-7.83705381659934,1.50998654491106));
#1418=CARTESIAN_POINT('Ctrl Pts',(-15.1499051424473,-7.81487014285841,1.52675119877577));
#1419=CARTESIAN_POINT('',(-15.15,-6.12248775683,2.34474587727));
#1420=CARTESIAN_POINT('Ctrl Pts',(-15.15,-6.12248775691357,2.3447458771546));
#1421=CARTESIAN_POINT('Ctrl Pts',(-15.15,-6.17231625415908,2.34474587709103));
#1422=CARTESIAN_POINT('Ctrl Pts',(-15.1500000000001,-6.22549079435496,2.33757990071333));
#1423=CARTESIAN_POINT('Ctrl Pts',(-15.1500000000001,-6.34455411201923,2.31439431551365));
#1424=CARTESIAN_POINT('Ctrl Pts',(-15.15,-6.4167987246022,2.29382011425831));
#1425=CARTESIAN_POINT('Ctrl Pts',(-15.15,-6.64693115865272,2.21711131848412));
#1426=CARTESIAN_POINT('Ctrl Pts',(-15.1500000000462,-6.81521448608104,2.1411957439846));
#1427=CARTESIAN_POINT('Ctrl Pts',(-15.1500000000462,-7.25908171389574,1.91314266567391));
#1428=CARTESIAN_POINT('Ctrl Pts',(-15.15,-7.55208427234737,1.72534237864189));
#1429=CARTESIAN_POINT('Ctrl Pts',(-15.15,-7.81482468310472,1.52669103194813));
#1430=CARTESIAN_POINT('',(-14.6586234854939,-4.54747621820163,3.7497464049502));
#1431=CARTESIAN_POINT('',(-14.6586788054,-4.54764453833,3.74958822742));
#1432=CARTESIAN_POINT('Ctrl Pts',(-14.6586225906903,-4.54747616232019,3.74974896263797));
#1433=CARTESIAN_POINT('Ctrl Pts',(-14.6562173186436,-4.90055288664309,3.75662165383991));
#1434=CARTESIAN_POINT('Ctrl Pts',(-14.5793011500193,-5.27542373197674,3.75997977073558));
#1435=CARTESIAN_POINT('Ctrl Pts',(-14.2899850913963,-5.9750444616003,3.75899225144698));
#1436=CARTESIAN_POINT('Ctrl Pts',(-14.0969114839645,-6.2856354465508,3.75533437791093));
#1437=CARTESIAN_POINT('Ctrl Pts',(-13.6257169668727,-6.82994259443559,3.74238628070092));
#1438=CARTESIAN_POINT('Ctrl Pts',(-13.3478585527548,-7.0649576713913,3.73313634949246));
#1439=CARTESIAN_POINT('Ctrl Pts',(-12.8598184063506,-7.35406416278618,3.71446848032438));
#1440=CARTESIAN_POINT('Ctrl Pts',(-12.669864345267,-7.44287255118382,3.70673758993619));
#1441=CARTESIAN_POINT('Ctrl Pts',(-12.2182257837101,-7.59761523460341,3.68718402878645));
#1442=CARTESIAN_POINT('Ctrl Pts',(-11.9498136856021,-7.64985367284193,3.67474281149288));
#1443=CARTESIAN_POINT('Ctrl Pts',(-11.6817299346093,-7.65458847507924,3.66120772906799));
#1444=CARTESIAN_POINT('Origin',(-14.8497469623,-7.81474696233,0.5));
#1445=CARTESIAN_POINT('',(-15.1499051621,-7.81480537506,1.1725085249));
#1446=CARTESIAN_POINT('Origin',(14.8497469623,-7.81474696233,0.5));
#1447=CARTESIAN_POINT('',(15.1499051621,-7.81480537506,1.1725085249));
#1448=CARTESIAN_POINT('Origin',(15.0205316963,3.56659146661E-15,2.7149366172));
#1449=CARTESIAN_POINT('',(14.6586234858173,4.54747621773218,3.74974640499808));
#1450=CARTESIAN_POINT('',(15.15,6.12248775643,2.34474587822));
#1451=CARTESIAN_POINT('',(14.6586788061,4.54764453819,3.74958822726));
#1452=CARTESIAN_POINT('',(15.15,6.12248775643,2.34474587822));
#1453=CARTESIAN_POINT('Ctrl Pts',(14.6586749229512,-4.54763290751227,3.74959933034933));
#1454=CARTESIAN_POINT('Ctrl Pts',(14.6689818099929,-3.03197228149985,3.72012868755324));
#1455=CARTESIAN_POINT('Ctrl Pts',(14.6741276562479,-1.51598264514649,3.70541508913694));
#1456=CARTESIAN_POINT('Ctrl Pts',(14.6741067954135,1.51592953256893,3.70547473684591));
#1457=CARTESIAN_POINT('Ctrl Pts',(14.6689404376929,3.0318683578524,3.72024698401554));
#1458=CARTESIAN_POINT('Ctrl Pts',(14.6586225914323,4.54747616185714,3.74974896267702));
#1459=CARTESIAN_POINT('Ctrl Pts',(26.8295257379345,-0.0403215009942075,
4.81114944439467));
#1460=CARTESIAN_POINT('Ctrl Pts',(13.4707625716303,-7.06414035486696,3.23739208541075));
#1461=CARTESIAN_POINT('Ctrl Pts',(0.0450485106359,-14.1231608925,3.67066780833));
#1462=CARTESIAN_POINT('Ctrl Pts',(-202.381593546333,-120.555773500846,10.203396665573));
#1463=CARTESIAN_POINT('Ctrl Pts',(-196.599395017415,-117.515588227804,238.905050444243));
#1464=CARTESIAN_POINT('Ctrl Pts',(-190.817196488496,-114.475402954762,467.606704222913));
#1465=CARTESIAN_POINT('Ctrl Pts',(11.6094455684737,-8.04279034641569,461.07397536567));
#1466=CARTESIAN_POINT('Ctrl Pts',(214.036087625443,98.3898222619301,454.541246508427));
#1467=CARTESIAN_POINT('Ctrl Pts',(208.253889096524,95.349636988888,225.839592729757));
#1468=CARTESIAN_POINT('Ctrl Pts',(203.190979858575,92.6876422429486,25.5877836887646));
#1469=CARTESIAN_POINT('Ctrl Pts',(26.8295257379345,-0.0403215009942075,
4.81114944439467));
#1470=CARTESIAN_POINT('Ctrl Pts',(17.9244977824596,4.69493476299365,3.76040512312578));
#1471=CARTESIAN_POINT('Ctrl Pts',(4.50405166557111,-2.36131597591835,2.56325233343054));
#1472=CARTESIAN_POINT('Ctrl Pts',(-8.93878227457,-9.42933786558,3.37903753410001));
#1473=CARTESIAN_POINT('Ctrl Pts',(-211.623549868278,-115.997668653,15.6790655297105));
#1474=CARTESIAN_POINT('Ctrl Pts',(-200.736644053562,-110.273511905119,244.67234958261));
#1475=CARTESIAN_POINT('Ctrl Pts',(-189.849738238846,-104.549355157238,473.66563363551));
#1476=CARTESIAN_POINT('Ctrl Pts',(12.8350293548617,2.0189756301811,461.3656056399));
#1477=CARTESIAN_POINT('Ctrl Pts',(215.519796948569,108.587306417601,449.06557764429));
#1478=CARTESIAN_POINT('Ctrl Pts',(204.632891133853,102.86314966972,220.07229359139));
#1479=CARTESIAN_POINT('Ctrl Pts',(195.100285889269,97.8510619779249,19.565132264916));
#1480=CARTESIAN_POINT('Ctrl Pts',(17.9244977824596,4.69493476299365,3.76040512312578));
#1481=CARTESIAN_POINT('Ctrl Pts',(8.94058394368562,9.43028515369853,3.37914687837971));
#1482=CARTESIAN_POINT('Ctrl Pts',(-4.50224357750307,2.36226663901691,2.56322667378633));
#1483=CARTESIAN_POINT('Ctrl Pts',(-17.9226991128,-4.69398905194,3.760244684315));
#1484=CARTESIAN_POINT('Ctrl Pts',(-220.270055576893,-111.084914594264,21.8083228164874));
#1485=CARTESIAN_POINT('Ctrl Pts',(-204.295480004243,-102.685744424617,250.420399719172));
#1486=CARTESIAN_POINT('Ctrl Pts',(-188.320904431593,-94.2865742549707,479.032476621857));
#1487=CARTESIAN_POINT('Ctrl Pts',(14.0264520325007,12.1043512873533,460.984398489685));
#1488=CARTESIAN_POINT('Ctrl Pts',(216.373808496594,118.495276829677,442.936320357513));
#1489=CARTESIAN_POINT('Ctrl Pts',(200.399232923944,110.096106660031,214.324243454828));
#1490=CARTESIAN_POINT('Ctrl Pts',(186.411849779871,102.741769718757,14.1508681775087));
#1491=CARTESIAN_POINT('Ctrl Pts',(8.94058394368562,9.43028515369853,3.37914687837971));
#1492=CARTESIAN_POINT('Ctrl Pts',(-0.0432491357965556,14.1241069743267,
3.67072588693738));
#1493=CARTESIAN_POINT('Ctrl Pts',(-13.4689597873413,7.06508822932642,3.2373153320105));
#1494=CARTESIAN_POINT('Ctrl Pts',(-26.8277353351,0.041262865487699,4.81093853128329));
#1495=CARTESIAN_POINT('Ctrl Pts',(-228.245109773451,-105.860693360976,28.5372936915796));
#1496=CARTESIAN_POINT('Ctrl Pts',(-207.24462147791,-94.8189806069975,256.098676747296));
#1497=CARTESIAN_POINT('Ctrl Pts',(-186.244133182369,-83.7772678530193,483.660059803013));
#1498=CARTESIAN_POINT('Ctrl Pts',(15.1732412559819,22.124688373444,459.933704642717));
#1499=CARTESIAN_POINT('Ctrl Pts',(216.590615694333,128.026644599907,436.20734948242));
#1500=CARTESIAN_POINT('Ctrl Pts',(195.590127398792,116.984931845929,208.645966426704));
#1501=CARTESIAN_POINT('Ctrl Pts',(177.202040988205,107.316777211442,9.39258162661706));
#1502=CARTESIAN_POINT('Ctrl Pts',(-0.0432491357965556,14.1241069743267,
3.67072588693738));
#1503=CARTESIAN_POINT('',(-14.6586749847632,4.54763291132148,3.74959915362632));
#1504=CARTESIAN_POINT('Ctrl Pts',(-14.658674922953,4.5476329074651,3.74959933034435));
#1505=CARTESIAN_POINT('Ctrl Pts',(-14.6689818099945,3.03197228142302,3.72012868754888));
#1506=CARTESIAN_POINT('Ctrl Pts',(-14.6741276562492,1.51598264503998,3.70541508913349));
#1507=CARTESIAN_POINT('Ctrl Pts',(-14.6741067954138,-1.51592953282486,3.70547473684542));
#1508=CARTESIAN_POINT('Ctrl Pts',(-14.6689404376919,-3.03186835821931,3.72024698401861));
#1509=CARTESIAN_POINT('Ctrl Pts',(-14.6586225914294,-4.54747616232763,3.7497489626855));
#1510=CARTESIAN_POINT('',(-11.6819103985976,7.65464786479866,3.6610379150941));
#1511=CARTESIAN_POINT('Ctrl Pts',(-11.6819103982994,7.65464786298134,3.66103792036395));
#1512=CARTESIAN_POINT('Ctrl Pts',(-11.8182251222144,7.65224104948863,3.66791975565959));
#1513=CARTESIAN_POINT('Ctrl Pts',(-11.9545637045122,7.63750319638597,3.67451296375097));
#1514=CARTESIAN_POINT('Ctrl Pts',(-12.3344299465385,7.56614705461438,3.69221736981417));
#1515=CARTESIAN_POINT('Ctrl Pts',(-12.5743654852997,7.48465616708338,3.70260267175744));
#1516=CARTESIAN_POINT('Ctrl Pts',(-12.8192265849761,7.36684682368925,3.71250968276942));
#1517=CARTESIAN_POINT('Ctrl Pts',(-12.8380467399447,7.35755408732772,3.71326636225191));
#1518=CARTESIAN_POINT('Ctrl Pts',(-12.8655127865439,7.34364486632645,3.71436371437414));
#1519=CARTESIAN_POINT('Ctrl Pts',(-12.8742338195493,7.33917650970471,3.71471110924385));
#1520=CARTESIAN_POINT('Ctrl Pts',(-12.8895555306293,7.33123495099489,3.7153196177462));
#1521=CARTESIAN_POINT('Ctrl Pts',(-12.8961651472335,7.32777896244973,3.71558152183913));
#1522=CARTESIAN_POINT('Ctrl Pts',(-12.9090118420011,7.32100325184229,3.71608940387424));
#1523=CARTESIAN_POINT('Ctrl Pts',(-12.9152502060497,7.31768594217249,3.71633549414508));
#1524=CARTESIAN_POINT('Ctrl Pts',(-12.9319036039976,7.30875815034736,3.7169910015977));
#1525=CARTESIAN_POINT('Ctrl Pts',(-12.9422984369027,7.30310973080893,3.71739865497791));
#1526=CARTESIAN_POINT('Ctrl Pts',(-12.9796315854723,7.28255066773147,3.71885734436448));
#1527=CARTESIAN_POINT('Ctrl Pts',(-13.0063856876029,7.26730307616859,3.7198924993718));
#1528=CARTESIAN_POINT('Ctrl Pts',(-13.3442910988142,7.06819301376639,3.73283802535916));
#1529=CARTESIAN_POINT('Ctrl Pts',(-13.6244731941123,6.83168323062172,3.74217419598271));
#1530=CARTESIAN_POINT('Ctrl Pts',(-14.0757221442907,6.31025097721473,3.75457364175366));
#1531=CARTESIAN_POINT('Ctrl Pts',(-14.2547358726502,6.03106487185339,3.75813138613059));
#1532=CARTESIAN_POINT('Ctrl Pts',(-14.4798493937144,5.52972494072476,3.75973277820174));
#1533=CARTESIAN_POINT('Ctrl Pts',(-14.5504188130127,5.3179296827448,3.7591900277629));
#1534=CARTESIAN_POINT('Ctrl Pts',(-14.6355237217461,4.91965733516482,3.75573946575102));
#1535=CARTESIAN_POINT('Ctrl Pts',(-14.6574115684579,4.73340453463471,3.75321148694101));
#1536=CARTESIAN_POINT('Ctrl Pts',(-14.6586749229617,4.54763290746504,3.74959933034491));
#1537=CARTESIAN_POINT('',(11.6817300549893,7.65458922256773,3.6612055917055));
#1538=CARTESIAN_POINT('Ctrl Pts',(11.68172993388,7.65458847504857,3.6612077290294));
#1539=CARTESIAN_POINT('Ctrl Pts',(7.79112131788701,7.72328694387363,3.46477712615321));
#1540=CARTESIAN_POINT('Ctrl Pts',(3.89558429105924,7.75766440498113,3.36648111568706));
#1541=CARTESIAN_POINT('Ctrl Pts',(-3.89643297231147,7.75768593954996,3.36641954155872));
#1542=CARTESIAN_POINT('Ctrl Pts',(-7.79162353164551,7.72333589025003,3.46463717301607));
#1543=CARTESIAN_POINT('Ctrl Pts',(-11.6819103982984,7.65464786292031,3.66103792036185));
#1544=CARTESIAN_POINT('Ctrl Pts',(11.6817299338777,7.65458847508615,3.66120772903054));
#1545=CARTESIAN_POINT('Ctrl Pts',(11.9498216131548,7.64985353286181,3.6747432117412));
#1546=CARTESIAN_POINT('Ctrl Pts',(12.2182416580563,7.59761216236181,3.6871847654271));
#1547=CARTESIAN_POINT('Ctrl Pts',(12.6698919053209,7.4428612780678,3.70673874496212));
#1548=CARTESIAN_POINT('Ctrl Pts',(12.8598502313691,7.35404842657032,3.71446975896306));
#1549=CARTESIAN_POINT('Ctrl Pts',(13.3479003774501,7.06492753056774,3.73313784377517));
#1550=CARTESIAN_POINT('Ctrl Pts',(13.6257631112538,6.82990078046916,3.74238776587312));
#1551=CARTESIAN_POINT('Ctrl Pts',(14.0969446898196,6.28558548996235,3.75533507118961));
#1552=CARTESIAN_POINT('Ctrl Pts',(14.2900067981256,5.97500215436047,3.7589925215561));
#1553=CARTESIAN_POINT('Ctrl Pts',(14.5793057144009,5.2754015031007,3.75997957090757));
#1554=CARTESIAN_POINT('Ctrl Pts',(14.6562173905099,4.90054238742556,3.7566214494929));
#1555=CARTESIAN_POINT('Ctrl Pts',(14.6586225910612,4.54747616185166,3.74974896265312));
#1556=CARTESIAN_POINT('Origin',(15.15,4.4408920985E-15,0.5));
#1557=CARTESIAN_POINT('',(15.1499795434711,7.81500883462202,1.52651946483365));
#1558=CARTESIAN_POINT('Ctrl Pts',(15.15,6.12248775643,2.34474587778045));
#1559=CARTESIAN_POINT('Ctrl Pts',(15.15,6.17234122498532,2.34474587762315));
#1560=CARTESIAN_POINT('Ctrl Pts',(15.1500000000001,6.22554501807378,2.33757273631035));
#1561=CARTESIAN_POINT('Ctrl Pts',(15.1500000000001,6.34471489427742,2.3143581417037));
#1562=CARTESIAN_POINT('Ctrl Pts',(15.15,6.41704805074021,2.29374826002434));
#1563=CARTESIAN_POINT('Ctrl Pts',(15.15,6.64717050752407,2.21700459059347));
#1564=CARTESIAN_POINT('Ctrl Pts',(15.1500000000461,6.81534644973387,2.14113033101297));
#1565=CARTESIAN_POINT('Ctrl Pts',(15.1500000000461,7.2591763464827,1.91308952716729));
#1566=CARTESIAN_POINT('Ctrl Pts',(15.15,7.5522228238009,1.72525224664039));
#1567=CARTESIAN_POINT('Ctrl Pts',(15.15,7.81499555514732,1.52656183574564));
#1568=CARTESIAN_POINT('',(15.15,7.815,1.1790966685));
#1569=CARTESIAN_POINT('Origin',(-15.0205316963,-4.30211422042E-16,2.7149366172));
#1570=CARTESIAN_POINT('',(-15.15,6.1224877566,2.34474587822));
#1571=CARTESIAN_POINT('',(-15.15,-6.12248775697,2.34474587822));
#1572=CARTESIAN_POINT('',(-14.6586788060275,4.54764453797,3.74958822743464));
#1573=CARTESIAN_POINT('Origin',(-15.15,-1.11022302463E-14,0.5));
#1574=CARTESIAN_POINT('',(-15.1499855979645,7.81501765559451,1.52660078089078));
#1575=CARTESIAN_POINT('',(-15.15,7.815,1.1790966685));
#1576=CARTESIAN_POINT('Ctrl Pts',(-15.15,6.1224877566,2.34474587818839));
#1577=CARTESIAN_POINT('Ctrl Pts',(-15.15,6.17233548092521,2.34474587794637));
#1578=CARTESIAN_POINT('Ctrl Pts',(-15.1500000000001,6.22553254383275,2.33757438516117));
#1579=CARTESIAN_POINT('Ctrl Pts',(-15.1500000000001,6.34468473543174,2.31436513486111));
#1580=CARTESIAN_POINT('Ctrl Pts',(-15.15,6.41700495784455,2.29376075024225));
#1581=CARTESIAN_POINT('Ctrl Pts',(-15.15,6.64707839107623,2.21703979705741));
#1582=CARTESIAN_POINT('Ctrl Pts',(-15.1499999999999,6.81521479329135,2.14119037891574));
#1583=CARTESIAN_POINT('Ctrl Pts',(-15.1499999999999,7.25904921554805,1.91316921123081));
#1584=CARTESIAN_POINT('Ctrl Pts',(-15.15,7.55213923885955,1.72531114190574));
#1585=CARTESIAN_POINT('Ctrl Pts',(-15.15,7.81494527331392,1.52659985453392));
#1586=CARTESIAN_POINT('Ctrl Pts',(14.6050543289116,4.37576075911933,3.90291752971488));
#1587=CARTESIAN_POINT('Ctrl Pts',(14.6308777832119,4.87773258012182,3.82908012423468));
#1588=CARTESIAN_POINT('Ctrl Pts',(14.5644857293758,5.39022411387687,3.78528489019353));
#1589=CARTESIAN_POINT('Ctrl Pts',(14.3794605319725,5.88766654707836,3.76415710332247));
#1590=CARTESIAN_POINT('Ctrl Pts',(13.8068179371798,6.77181793675913,3.74046770980243));
#1591=CARTESIAN_POINT('Ctrl Pts',(12.9226665473286,7.34446053203189,3.76415710315444));
#1592=CARTESIAN_POINT('Ctrl Pts',(12.4252241138669,7.52948572985542,3.78528488992945));
#1593=CARTESIAN_POINT('Ctrl Pts',(11.9127325796514,7.59587778382184,3.82908012383134));
#1594=CARTESIAN_POINT('Ctrl Pts',(11.4107607581685,7.57005432942182,3.90291752950636));
#1595=CARTESIAN_POINT('Ctrl Pts',(15.4186791039,6.98369111865,1.57650752784));
#1596=CARTESIAN_POINT('Ctrl Pts',(15.4445025578,7.20381407776,1.5026701227));
#1597=CARTESIAN_POINT('Ctrl Pts',(15.4332921308,7.4343252659,1.45887488892));
#1598=CARTESIAN_POINT('Ctrl Pts',(15.359155772,7.66454235737,1.43774710217));
#1599=CARTESIAN_POINT('Ctrl Pts',(15.1069352103,8.07193521108,1.41405770872));
#1600=CARTESIAN_POINT('Ctrl Pts',(14.6995423572,8.32415577312,1.43774710205));
#1601=CARTESIAN_POINT('Ctrl Pts',(14.4693252659,8.39829213187,1.4588748888));
#1602=CARTESIAN_POINT('Ctrl Pts',(14.238814078,8.40950255844,1.5026701229));
#1603=CARTESIAN_POINT('Ctrl Pts',(14.0186911191,8.38367910407,1.57650752854));
#1604=CARTESIAN_POINT('',(13.1574877566,8.115,2.34474587822));
#1605=CARTESIAN_POINT('',(11.6819108406,7.6546480087,3.66103750365));
#1606=CARTESIAN_POINT('',(14.8497994837081,8.11490762447816,1.52672514748104));
#1607=CARTESIAN_POINT('Ctrl Pts',(13.1574877566,8.115,2.34474587898773));
#1608=CARTESIAN_POINT('Ctrl Pts',(13.2073331825464,8.115,2.34474587885512));
#1609=CARTESIAN_POINT('Ctrl Pts',(13.2605275525912,8.11500000000009,2.33757504571465));
#1610=CARTESIAN_POINT('Ctrl Pts',(13.3796726406881,8.11500000000009,2.31436793916489));
#1611=CARTESIAN_POINT('Ctrl Pts',(13.4519876579888,8.115,2.29376576487262));
#1612=CARTESIAN_POINT('Ctrl Pts',(13.6820416886021,8.115,2.21705383927974));
#1613=CARTESIAN_POINT('Ctrl Pts',(13.8501625356079,8.11499999999988,2.14121421795167));
#1614=CARTESIAN_POINT('Ctrl Pts',(14.2939515792181,8.11499999999988,1.91322506614217));
#1615=CARTESIAN_POINT('Ctrl Pts',(14.5870093205161,8.115,1.72539627058596));
#1616=CARTESIAN_POINT('Ctrl Pts',(14.8497922273764,8.115,1.52671557173573));
#1617=CARTESIAN_POINT('Ctrl Pts',(14.8498376874879,8.1149051540418,1.52677572851472));
#1618=CARTESIAN_POINT('Ctrl Pts',(14.8720329521149,8.11489844534748,1.51000015825355));
#1619=CARTESIAN_POINT('Ctrl Pts',(14.8953040471303,8.11243422364646,1.49463218912396));
#1620=CARTESIAN_POINT('Ctrl Pts',(14.9444582329178,8.10076095764091,1.4674039412495));
#1621=CARTESIAN_POINT('Ctrl Pts',(14.9701391885881,8.091174645683,1.45599026373914));
#1622=CARTESIAN_POINT('Ctrl Pts',(15.0191611157796,8.06405016150033,1.4405833493625));
#1623=CARTESIAN_POINT('Ctrl Pts',(15.0417881774287,8.04718861544402,1.43659160081074));
#1624=CARTESIAN_POINT('Ctrl Pts',(15.0821407644572,8.00684589488279,1.43658473240937));
#1625=CARTESIAN_POINT('Ctrl Pts',(15.0990078407367,7.98422344407235,1.44056942433153));
#1626=CARTESIAN_POINT('Ctrl Pts',(15.1261471538982,7.93520348469944,1.45596421103358));
#1627=CARTESIAN_POINT('Ctrl Pts',(15.1357410106962,7.90951984383339,1.46737409284527));
#1628=CARTESIAN_POINT('Ctrl Pts',(15.147412953207,7.86041451851459,1.49456699686169));
#1629=CARTESIAN_POINT('Ctrl Pts',(15.1498833220492,7.8371930387161,1.50989270833724));
#1630=CARTESIAN_POINT('Ctrl Pts',(15.1499050236847,7.81504101770395,1.52662210944649));
#1631=CARTESIAN_POINT('Ctrl Pts',(-11.4113787982842,7.57024714606778,3.90236620587625));
#1632=CARTESIAN_POINT('Ctrl Pts',(-11.9132838256464,7.59607060046776,3.82852880020234));
#1633=CARTESIAN_POINT('Ctrl Pts',(-12.4257085346742,7.5296916236358,3.78473356639934));
#1634=CARTESIAN_POINT('Ctrl Pts',(-12.9230876398197,7.3446927047458,3.76360577961233));
#1635=CARTESIAN_POINT('Ctrl Pts',(-13.8071260449856,6.77212604463526,3.73991638626931));
#1636=CARTESIAN_POINT('Ctrl Pts',(-14.3796927047761,5.88808763948941,3.76360577973835));
#1637=CARTESIAN_POINT('Ctrl Pts',(-14.564691623246,5.39070853462409,3.78473356660038));
#1638=CARTESIAN_POINT('Ctrl Pts',(-14.6310706001079,4.87828382583641,3.82852880056747));
#1639=CARTESIAN_POINT('Ctrl Pts',(-14.6052471460078,4.37637879858444,3.90236620588746));
#1640=CARTESIAN_POINT('Ctrl Pts',(-14.0186911195,8.38367910418,1.57650752824));
#1641=CARTESIAN_POINT('Ctrl Pts',(-14.2388140779,8.40950255865,1.50267012228));
#1642=CARTESIAN_POINT('Ctrl Pts',(-14.4693252659,8.39829213189,1.45887488848));
#1643=CARTESIAN_POINT('Ctrl Pts',(-14.6995423571,8.32415577286,1.43774710174));
#1644=CARTESIAN_POINT('Ctrl Pts',(-15.1069352101,8.07193521091,1.41405770845));
#1645=CARTESIAN_POINT('Ctrl Pts',(-15.3591557719,7.66454235759,1.43774710181));
#1646=CARTESIAN_POINT('Ctrl Pts',(-15.4332921308,7.43432526632,1.45887488857));
#1647=CARTESIAN_POINT('Ctrl Pts',(-15.444502558,7.20381407806,1.50267012225));
#1648=CARTESIAN_POINT('Ctrl Pts',(-15.418679104,6.98369111894,1.57650752762));
#1649=CARTESIAN_POINT('',(-14.8498053751,8.11490516207,1.52670842018));
#1650=CARTESIAN_POINT('Ctrl Pts',(-15.149905068731,7.81499073789164,1.52666008457171));
#1651=CARTESIAN_POINT('Ctrl Pts',(-15.149887057891,7.83716728251175,1.5099088251416));
#1652=CARTESIAN_POINT('Ctrl Pts',(-15.1474151290209,7.860416287459,1.49456392627937));
#1653=CARTESIAN_POINT('Ctrl Pts',(-15.1357322205557,7.90954515984082,1.46736230586914));
#1654=CARTESIAN_POINT('Ctrl Pts',(-15.1261379538004,7.93522328099491,1.45595672111209));
#1655=CARTESIAN_POINT('Ctrl Pts',(-15.0989986283521,7.98423700931626,1.44056639431394));
#1656=CARTESIAN_POINT('Ctrl Pts',(-15.082130344202,8.0068584596115,1.4365832392636));
#1657=CARTESIAN_POINT('Ctrl Pts',(-15.0417755931869,8.04719904824921,1.43659309777743));
#1658=CARTESIAN_POINT('Ctrl Pts',(-15.0191475158093,8.06405939243664,1.44058638964348));
#1659=CARTESIAN_POINT('Ctrl Pts',(-14.9701332880117,8.09117614532217,1.45599339403913));
#1660=CARTESIAN_POINT('Ctrl Pts',(-14.9444614469065,8.10075909379628,1.46740304665939));
#1661=CARTESIAN_POINT('Ctrl Pts',(-14.8953234798027,8.11243064106556,1.49462059278058));
#1662=CARTESIAN_POINT('Ctrl Pts',(-14.8720593394358,8.11489603634703,1.50998237161185));
#1663=CARTESIAN_POINT('Ctrl Pts',(-14.8498701429416,8.1149051424772,1.5267511991458));
#1664=CARTESIAN_POINT('',(-13.1574877557,8.1149999997,2.34474587907));
#1665=CARTESIAN_POINT('Ctrl Pts',(-14.8498246832023,8.115,1.52669103233727));
#1666=CARTESIAN_POINT('Ctrl Pts',(-14.5870977383728,8.115,1.72533219803261));
#1667=CARTESIAN_POINT('Ctrl Pts',(-14.2941127279682,8.1150000000031,1.91312267507241));
#1668=CARTESIAN_POINT('Ctrl Pts',(-13.8503422906455,8.1150000000031,2.141132225547));
#1669=CARTESIAN_POINT('Ctrl Pts',(-13.6821676933387,8.115,2.21700565720744));
#1670=CARTESIAN_POINT('Ctrl Pts',(-13.4520468232943,8.115,2.29374861717401));
#1671=CARTESIAN_POINT('Ctrl Pts',(-13.3797140258577,8.11500000000009,2.31435834498735));
#1672=CARTESIAN_POINT('Ctrl Pts',(-13.2605446503223,8.11500000000009,2.33757278616288));
#1673=CARTESIAN_POINT('Ctrl Pts',(-13.2073410551716,8.115,2.34474587896747));
#1674=CARTESIAN_POINT('Ctrl Pts',(-13.1574877557,8.115,2.3447458790012));
#1675=CARTESIAN_POINT('',(-11.6819108411,7.65464800874,3.66103750355));
#1676=CARTESIAN_POINT('Origin',(-9.02056207508E-16,7.98553169634,2.7149366172));
#1677=CARTESIAN_POINT('',(-13.1574877556,8.115,2.34474587822));
#1678=CARTESIAN_POINT('Origin',(14.8497469623,7.81474696233,0.5));
#1679=CARTESIAN_POINT('',(14.8498053751,8.11490516207,1.1725085249));
#1680=CARTESIAN_POINT('Origin',(-14.8497469623,7.81474696233,0.5));
#1681=CARTESIAN_POINT('',(-14.8498053751,8.11490516207,1.1725085249));
#1682=CARTESIAN_POINT('Origin',(-7.9936057773E-15,8.115,0.5));
#1683=UNCERTAINTY_MEASURE_WITH_UNIT(LENGTH_MEASURE(0.01),#1687,
'DISTANCE_ACCURACY_VALUE',
'Maximum model space distance between geometric entities at asserted c
onnectivities');
#1684=UNCERTAINTY_MEASURE_WITH_UNIT(LENGTH_MEASURE(0.01),#1687,
'DISTANCE_ACCURACY_VALUE',
'Maximum model space distance between geometric entities at asserted c
onnectivities');
#1685=(
GEOMETRIC_REPRESENTATION_CONTEXT(3)
GLOBAL_UNCERTAINTY_ASSIGNED_CONTEXT((#1683))
GLOBAL_UNIT_ASSIGNED_CONTEXT((#1687,#1689,#1690))
REPRESENTATION_CONTEXT('','3D')
);
#1686=(
GEOMETRIC_REPRESENTATION_CONTEXT(3)
GLOBAL_UNCERTAINTY_ASSIGNED_CONTEXT((#1684))
GLOBAL_UNIT_ASSIGNED_CONTEXT((#1687,#1689,#1690))
REPRESENTATION_CONTEXT('','3D')
);
#1687=(
LENGTH_UNIT()
NAMED_UNIT(*)
SI_UNIT(.MILLI.,.METRE.)
);
#1688=(
LENGTH_UNIT()
NAMED_UNIT(*)
SI_UNIT($,.METRE.)
);
#1689=(
NAMED_UNIT(*)
PLANE_ANGLE_UNIT()
SI_UNIT($,.RADIAN.)
);
#1690=(
NAMED_UNIT(*)
SI_UNIT($,.STERADIAN.)
SOLID_ANGLE_UNIT()
);
#1691=SHAPE_DEFINITION_REPRESENTATION(#1692,#1693);
#1692=PRODUCT_DEFINITION_SHAPE('',$,#1695);
#1693=SHAPE_REPRESENTATION('',(#656),#1685);
#1694=PRODUCT_DEFINITION_CONTEXT('part definition',#1699,'design');
#1695=PRODUCT_DEFINITION('Low Profile Keycap 1.75U',
'Low Profile Keycap 1.75U v2',#1696,#1694);
#1696=PRODUCT_DEFINITION_FORMATION('',$,#1701);
#1697=PRODUCT_RELATED_PRODUCT_CATEGORY('Low Profile Keycap 1.75U v2',
'Low Profile Keycap 1.75U v2',(#1701));
#1698=APPLICATION_PROTOCOL_DEFINITION('international standard',
'automotive_design',2009,#1699);
#1699=APPLICATION_CONTEXT(
'Core Data for Automotive Mechanical Design Process');
#1700=PRODUCT_CONTEXT('part definition',#1699,'mechanical');
#1701=PRODUCT('Low Profile Keycap 1.75U','Low Profile Keycap 1.75U v2',
$,(#1700));
#1702=PRESENTATION_STYLE_ASSIGNMENT((#1704));
#1703=PRESENTATION_STYLE_ASSIGNMENT((#1705));
#1704=SURFACE_STYLE_USAGE(.BOTH.,#1706);
#1705=SURFACE_STYLE_USAGE(.BOTH.,#1707);
#1706=SURFACE_SIDE_STYLE('',(#1708));
#1707=SURFACE_SIDE_STYLE('',(#1709));
#1708=SURFACE_STYLE_FILL_AREA(#1710);
#1709=SURFACE_STYLE_FILL_AREA(#1711);
#1710=FILL_AREA_STYLE('\X2\92FC\X0\ - \X2\30B530C630F3\X0\',(#1712));
#1711=FILL_AREA_STYLE('\X2\30D730E930B930C130C330AF\X0\ - \X2\30DE30C330C8\X0\(
\X2\9ED2\X0\)',(#1713));
#1712=FILL_AREA_STYLE_COLOUR('\X2\92FC\X0\ - \X2\30B530C630F3\X0\',#1714);
#1713=FILL_AREA_STYLE_COLOUR('\X2\30D730E930B930C130C330AF\X0\ - \X2\30DE30C330C8\X0\(
\X2\9ED2\X0\)',#1715);
#1714=COLOUR_RGB('\X2\92FC\X0\ - \X2\30B530C630F3\X0\',0.627450980392157,
0.627450980392157,0.627450980392157);
#1715=COLOUR_RGB('\X2\30D730E930B930C130C330AF\X0\ - \X2\30DE30C330C8\X0\(
\X2\9ED2\X0\)',0.0980392156862745,0.0980392156862745,0.0980392156862745);
ENDSEC;
END-ISO-10303-21;
