ISO-10303-21;
HEADER;
/* Generated by software containing ST-Developer
 * from STEP Tools, Inc. (www.steptools.com) 
 */

FILE_DESCRIPTION(
/* description */ (''),
/* implementation_level */ '2;1');

FILE_NAME(
/* name */ 'Low Profile Keycap 2.75U.step',
/* time_stamp */ '2026-01-27T13:47:02+09:00',
/* author */ (''),
/* organization */ (''),
/* preprocessor_version */ 'ST-DEVELOPER v20.1',
/* originating_system */ 'Autodesk Translation Framework v14.24.0.0',
/* authorisation */ '');

FILE_SCHEMA (('AUTOMOTIVE_DESIGN { 1 0 10303 214 3 1 1 }'));
ENDSEC;

/* Derived from the 2.25U cap: exterior extended 4.65 mm per end. */
DATA;
#10=MECHANICAL_DESIGN_GEOMETRIC_PRESENTATION_REPRESENTATION('',(#13),#1696);
#11=SHAPE_REPRESENTATION_RELATIONSHIP('SRR','None',#1703,#12);
#12=ADVANCED_BREP_SHAPE_REPRESENTATION('',(#14),#1695);
#13=STYLED_ITEM('',(#1713),#14);
#14=MANIFOLD_SOLID_BREP('\X2\30DC30C730A3\X0\1',#643);
#15=FACE_BOUND('',#224,.T.);
#16=FACE_BOUND('',#230,.T.);
#17=(
BOUNDED_SURFACE()
B_SPLINE_SURFACE(3,2,((#982,#983,#984,#985,#986,#987,#988,#989,#990),(#991,
#992,#993,#994,#995,#996,#997,#998,#999),(#1000,#1001,#1002,#1003,#1004,
#1005,#1006,#1007,#1008),(#1009,#1010,#1011,#1012,#1013,#1014,#1015,#1016,
#1017)),.UNSPECIFIED.,.F.,.T.,.F.)
B_SPLINE_SURFACE_WITH_KNOTS((4,4),(3,2,2,2,3),(1781.99909868,1820.74263391),
(0.,1.5707963267949,3.14159265358979,4.71238898038469,6.28318530717959),
 .UNSPECIFIED.)
GEOMETRIC_REPRESENTATION_ITEM()
RATIONAL_B_SPLINE_SURFACE(((1.,0.707106781186548,1.,0.707106781186548,1.,
0.707106781186548,1.,0.707106781186548,1.),(1.,0.707106781186548,1.,0.707106781186548,
1.,0.707106781186548,1.,0.707106781186548,1.),(1.,0.707106781186548,1.,
0.707106781186548,1.,0.707106781186548,1.,0.707106781186548,1.),(1.,0.707106781186548,
1.,0.707106781186548,1.,0.707106781186548,1.,0.707106781186548,1.)))
REPRESENTATION_ITEM('')
SURFACE()
);
#18=(
BOUNDED_SURFACE()
B_SPLINE_SURFACE(3,2,((#1458,#1459,#1460,#1461,#1462,#1463,#1464,#1465,
#1466),(#1467,#1468,#1469,#1470,#1471,#1472,#1473,#1474,#1475),(#1476,#1477,
#1478,#1479,#1480,#1481,#1482,#1483,#1484),(#1485,#1486,#1487,#1488,#1489,
#1490,#1491,#1492,#1493)),.UNSPECIFIED.,.F.,.T.,.F.)
B_SPLINE_SURFACE_WITH_KNOTS((4,4),(3,2,2,2,3),(1781.93613486,1820.80559773),
(0.,1.5707963267949,3.14159265358979,4.71238898038469,6.28318530717959),
 .UNSPECIFIED.)
GEOMETRIC_REPRESENTATION_ITEM()
RATIONAL_B_SPLINE_SURFACE(((1.,0.707106781186548,1.,0.707106781186548,1.,
0.707106781186548,1.,0.707106781186548,1.),(1.,0.707106781186548,1.,0.707106781186548,
1.,0.707106781186548,1.,0.707106781186548,1.),(1.,0.707106781186548,1.,
0.707106781186548,1.,0.707106781186548,1.,0.707106781186548,1.),(1.,0.707106781186548,
1.,0.707106781186548,1.,0.707106781186548,1.,0.707106781186548,1.)))
REPRESENTATION_ITEM('')
SURFACE()
);
#19=B_SPLINE_SURFACE_WITH_KNOTS('',5,5,((#900,#901,#902,#903,#904,#905),
(#906,#907,#908,#909,#910,#911),(#912,#913,#914,#915,#916,#917),(#918,#919,
#920,#921,#922,#923),(#924,#925,#926,#927,#928,#929),(#930,#931,#932,#933,
#934,#935)),.UNSPECIFIED.,.F.,.F.,.F.,(6,6),(6,6),(0.,5.4014592483),(4.72531374026E-15,
6.59734457254),.UNSPECIFIED.);
#20=B_SPLINE_SURFACE_WITH_KNOTS('',5,5,((#1154,#1155,#1156,#1157,#1158,
#1159),(#1160,#1161,#1162,#1163,#1164,#1165),(#1166,#1167,#1168,#1169,#1170,
#1171),(#1172,#1173,#1174,#1175,#1176,#1177),(#1178,#1179,#1180,#1181,#1182,
#1183),(#1184,#1185,#1186,#1187,#1188,#1189)),.UNSPECIFIED.,.F.,.F.,.F.,
(6,6),(6,6),(0.,5.4014592483),(19.7920337176,26.3893782902),
 .UNSPECIFIED.);
#21=B_SPLINE_SURFACE_WITH_KNOTS('',5,5,((#1193,#1194,#1195,#1196,#1197,
#1198),(#1199,#1200,#1201,#1202,#1203,#1204),(#1205,#1206,#1207,#1208,#1209,
#1210),(#1211,#1212,#1213,#1214,#1215,#1216),(#1217,#1218,#1219,#1220,#1221,
#1222),(#1223,#1224,#1225,#1226,#1227,#1228)),.UNSPECIFIED.,.F.,.F.,.F.,
(6,6),(6,6),(0.,5.4014592483),(13.1946891451,19.7920337176),
 .UNSPECIFIED.);
#22=B_SPLINE_SURFACE_WITH_KNOTS('',5,5,((#1232,#1233,#1234,#1235,#1236,
#1237),(#1238,#1239,#1240,#1241,#1242,#1243),(#1244,#1245,#1246,#1247,#1248,
#1249),(#1250,#1251,#1252,#1253,#1254,#1255),(#1256,#1257,#1258,#1259,#1260,
#1261),(#1262,#1263,#1264,#1265,#1266,#1267)),.UNSPECIFIED.,.F.,.F.,.F.,
(6,6),(6,6),(0.,5.4014592483),(6.59734457254,13.1946891451),
 .UNSPECIFIED.);
#23=B_SPLINE_SURFACE_WITH_KNOTS('',1,5,((#1299,#1300,#1301,#1302,#1303,
#1304,#1305,#1306,#1307),(#1308,#1309,#1310,#1311,#1312,#1313,#1314,#1315,
#1316)),.UNSPECIFIED.,.F.,.F.,.F.,(2,2),(6,3,6),(0.978631851103,4.33614939247),
(4.72531374026E-15,3.29867228627,6.59734457254),.UNSPECIFIED.);
#24=B_SPLINE_SURFACE_WITH_KNOTS('',1,5,((#1382,#1383,#1384,#1385,#1386,
#1387,#1388,#1389,#1390),(#1391,#1392,#1393,#1394,#1395,#1396,#1397,#1398,
#1399)),.UNSPECIFIED.,.F.,.F.,.F.,(2,2),(6,3,6),(0.99573699029,4.33614939265),
(6.59734457254,9.89601685881,13.1946891451),.UNSPECIFIED.);
#25=B_SPLINE_SURFACE_WITH_KNOTS('',1,5,((#1596,#1597,#1598,#1599,#1600,
#1601,#1602,#1603,#1604),(#1605,#1606,#1607,#1608,#1609,#1610,#1611,#1612,
#1613)),.UNSPECIFIED.,.F.,.F.,.F.,(2,2),(6,3,6),(0.995736990293,4.33595424441),
(19.7920337176,23.0907060039,26.3893782902),.UNSPECIFIED.);
#26=B_SPLINE_SURFACE_WITH_KNOTS('',1,5,((#1645,#1646,#1647,#1648,#1649,
#1650,#1651,#1652,#1653),(#1654,#1655,#1656,#1657,#1658,#1659,#1660,#1661,
#1662)),.UNSPECIFIED.,.F.,.F.,.F.,(2,2),(6,3,6),(0.978631851096,4.33614939247),
(13.1946891451,16.4933614313,19.7920337176),.UNSPECIFIED.);
#27=LINE('',#884,#76);
#28=LINE('',#890,#77);
#29=LINE('',#893,#78);
#30=LINE('',#896,#79);
#31=LINE('',#898,#80);
#32=LINE('',#899,#81);
#33=LINE('',#937,#82);
#34=LINE('',#939,#83);
#35=LINE('',#954,#84);
#36=LINE('',#956,#85);
#37=LINE('',#957,#86);
#38=LINE('',#972,#87);
#39=LINE('',#975,#88);
#40=LINE('',#1114,#89);
#41=LINE('',#1119,#90);
#42=LINE('',#1132,#91);
#43=LINE('',#1134,#92);
#44=LINE('',#1135,#93);
#45=LINE('',#1140,#94);
#46=LINE('',#1152,#95);
#47=LINE('',#1153,#96);
#48=LINE('',#1190,#97);
#49=LINE('',#1192,#98);
#50=LINE('',#1229,#99);
#51=LINE('',#1231,#100);
#52=LINE('',#1271,#101);
#53=LINE('',#1275,#102);
#54=LINE('',#1279,#103);
#55=LINE('',#1283,#104);
#56=LINE('',#1295,#105);
#57=LINE('',#1297,#106);
#58=LINE('',#1298,#107);
#59=LINE('',#1355,#108);
#60=LINE('',#1380,#109);
#61=LINE('',#1381,#110);
#62=LINE('',#1402,#111);
#63=LINE('',#1560,#112);
#64=LINE('',#1561,#113);
#65=LINE('',#1563,#114);
#66=LINE('',#1565,#115);
#67=LINE('',#1578,#116);
#68=LINE('',#1581,#117);
#69=LINE('',#1583,#118);
#70=LINE('',#1595,#119);
#71=LINE('',#1640,#120);
#72=LINE('',#1643,#121);
#73=LINE('',#1644,#122);
#74=LINE('',#1689,#123);
#75=LINE('',#1691,#124);
#76=VECTOR('',#702,2.8);
#77=VECTOR('',#707,1.);
#78=VECTOR('',#710,1.);
#79=VECTOR('',#713,1.);
#80=VECTOR('',#714,1.);
#81=VECTOR('',#715,1.);
#82=VECTOR('',#716,10.);
#83=VECTOR('',#717,10.);
#84=VECTOR('',#720,1.);
#85=VECTOR('',#721,1.);
#86=VECTOR('',#722,1.);
#87=VECTOR('',#727,1.);
#88=VECTOR('',#730,1.00000000000001);
#89=VECTOR('',#733,1.00000000000001);
#90=VECTOR('',#738,1.);
#91=VECTOR('',#741,1.);
#92=VECTOR('',#742,1.);
#93=VECTOR('',#743,1.);
#94=VECTOR('',#748,1.);
#95=VECTOR('',#751,1.);
#96=VECTOR('',#752,1.);
#97=VECTOR('',#753,10.);
#98=VECTOR('',#756,0.999999999999362);
#99=VECTOR('',#757,10.);
#100=VECTOR('',#760,1.00000000000001);
#101=VECTOR('',#763,1.);
#102=VECTOR('',#766,1.);
#103=VECTOR('',#769,1.);
#104=VECTOR('',#772,1.);
#105=VECTOR('',#777,10.);
#106=VECTOR('',#778,10.);
#107=VECTOR('',#779,10.);
#108=VECTOR('',#780,10.);
#109=VECTOR('',#783,1.);
#110=VECTOR('',#784,1.);
#111=VECTOR('',#785,10.);
#112=VECTOR('',#788,10.);
#113=VECTOR('',#789,10.);
#114=VECTOR('',#792,1.);
#115=VECTOR('',#793,1.);
#116=VECTOR('',#798,1.);
#117=VECTOR('',#801,1.);
#118=VECTOR('',#802,1.);
#119=VECTOR('',#805,10.);
#120=VECTOR('',#806,10.);
#121=VECTOR('',#809,10.);
#122=VECTOR('',#810,10.);
#123=VECTOR('',#813,1.);
#124=VECTOR('',#816,1.);
#125=B_SPLINE_CURVE_WITH_KNOTS('',3,(#826,#827,#828,#829),.UNSPECIFIED.,
 .F.,.F.,(4,4),(-0.103230156843923,0.),.UNSPECIFIED.);
#126=B_SPLINE_CURVE_WITH_KNOTS('',3,(#830,#831,#832,#833,#834,#835,#836,
#837,#838,#839,#840,#841,#842,#843,#844,#845,#846,#847,#848,#849,#850,#851,
#852,#853,#854,#855,#856,#857,#858,#859,#860,#861,#862,#863,#864,#865,#866,
#867,#868,#869,#870,#871,#872,#873,#874,#875,#876,#877,#878,#879,#880,#881,
#882,#883),.UNSPECIFIED.,.F.,.F.,(4,2,2,2,2,2,2,2,2,2,2,2,2,2,2,2,2,2,2,
2,2,2,2,2,2,2,4),(0.,0.0578384755558379,0.117780961859415,0.216478743599844,
0.327926139983965,0.391562057683426,0.438615191567242,0.485060802127827,
0.546128607286418,0.54728572225222,0.552139071013752,0.562823742356879,
0.673127032553788,0.783429708985757,0.894497285081598,0.998984256058856,
1.09771472216798,1.20917790855281,1.27301491712905,1.32011782054972,1.36652338211645,
1.42741251440141,1.42974637289046,1.43212264519338,1.54140376101462,1.6514617585645,
1.6601907619672),.UNSPECIFIED.);
#127=B_SPLINE_CURVE_WITH_KNOTS('',3,(#940,#941,#942,#943,#944,#945,#946,
#947,#948,#949,#950,#951),.UNSPECIFIED.,.F.,.F.,(4,2,2,2,2,4),(-0.649977679142188,
-0.521197479351356,-0.429484986304896,-0.278141106431958,-0.140250845333744,
-6.69772778572053E-7),.UNSPECIFIED.);
#128=B_SPLINE_CURVE_WITH_KNOTS('',3,(#962,#963,#964,#965,#966,#967,#968,
#969,#970,#971),.UNSPECIFIED.,.F.,.F.,(4,2,2,2,4),(6.09361705144799E-6,
0.0516303711065395,0.102421792673904,0.153213214242173,0.204837159351133),
 .UNSPECIFIED.);
#129=B_SPLINE_CURVE_WITH_KNOTS('',3,(#976,#977,#978,#979,#980,#981),
 .UNSPECIFIED.,.F.,.F.,(4,2,4),(3.88452140249776E-6,0.360662596749898,0.721313882911068),
 .UNSPECIFIED.);
#130=B_SPLINE_CURVE_WITH_KNOTS('',3,(#1019,#1020,#1021,#1022,#1023,#1024),
 .UNSPECIFIED.,.F.,.F.,(4,2,4),(2.16002460418669E-5,1.55348612570716,3.10696128947977),
 .UNSPECIFIED.);
#131=B_SPLINE_CURVE_WITH_KNOTS('',3,(#1026,#1027,#1028,#1029,#1030,#1031,
#1032,#1033,#1034,#1035,#1036,#1037,#1038,#1039,#1040,#1041,#1042,#1043,
#1044,#1045,#1046,#1047,#1048,#1049,#1050,#1051,#1052,#1053,#1054,#1055),
 .UNSPECIFIED.,.F.,.F.,(4,2,2,2,2,2,2,2,2,2,2,2,2,2,4),(1.06331038645479E-9,
0.126570228384475,0.133338740307145,0.138525273600108,0.140937554976974,
0.142770225415385,0.144503879446171,0.147401636971623,0.154921449010094,
0.155918925852521,0.278453407504522,0.287825769854619,0.371396883962524,
0.507786844531891,0.649326553220618),.UNSPECIFIED.);
#132=B_SPLINE_CURVE_WITH_KNOTS('',3,(#1057,#1058,#1059,#1060,#1061,#1062),
 .UNSPECIFIED.,.F.,.F.,(4,2,4),(3.88448127010148E-6,0.360662596718568,0.721313882863953),
 .UNSPECIFIED.);
#133=B_SPLINE_CURVE_WITH_KNOTS('',3,(#1064,#1065,#1066,#1067,#1068,#1069,
#1070,#1071,#1072,#1073,#1074,#1075),.UNSPECIFIED.,.F.,.F.,(4,2,2,2,2,4),
(-0.649977679074933,-0.521197486748869,-0.429484998376884,-0.278141126787222,
-0.140250855164934,-6.69777529549442E-7),.UNSPECIFIED.);
#134=B_SPLINE_CURVE_WITH_KNOTS('',3,(#1077,#1078,#1079,#1080,#1081,#1082),
 .UNSPECIFIED.,.F.,.F.,(4,2,4),(-3.10696128977488,-1.55348612589069,-2.16005284480697E-5),
 .UNSPECIFIED.);
#135=B_SPLINE_CURVE_WITH_KNOTS('',3,(#1083,#1084,#1085,#1086,#1087,#1088,
#1089,#1090,#1091,#1092,#1093,#1094,#1095,#1096,#1097,#1098,#1099,#1100,
#1101,#1102,#1103,#1104,#1105,#1106,#1107,#1108,#1109,#1110,#1111,#1112),
 .UNSPECIFIED.,.F.,.F.,(4,2,2,2,2,2,2,2,2,2,2,2,2,2,4),(1.05701685922043E-9,
0.12657022838317,0.133338740305247,0.13852527359863,0.140937554964257,0.142770225397834,
0.144503879449579,0.147401636977369,0.154921449025125,0.155918925866911,
0.278453406929461,0.287825769233245,0.37139688289789,0.507786842757056,
0.649326550720301),.UNSPECIFIED.);
#136=B_SPLINE_CURVE_WITH_KNOTS('',3,(#1120,#1121,#1122,#1123,#1124,#1125,
#1126,#1127,#1128,#1129),.UNSPECIFIED.,.F.,.F.,(4,2,2,2,4),(6.41032649458776E-6,
0.0516303711065099,0.102421792673871,0.153213214242141,0.204837476056745),
 .UNSPECIFIED.);
#137=B_SPLINE_CURVE_WITH_KNOTS('',3,(#1141,#1142,#1143,#1144,#1145,#1146,
#1147,#1148,#1149,#1150),.UNSPECIFIED.,.F.,.F.,(4,2,2,2,4),(6.41032737513813E-6,
0.0516303711101797,0.102421792678296,0.153213214245504,0.204837476060036),
 .UNSPECIFIED.);
#138=B_SPLINE_CURVE_WITH_KNOTS('',3,(#1288,#1289,#1290,#1291,#1292,#1293),
 .UNSPECIFIED.,.F.,.F.,(4,2,4),(-3.28702894295761,-1.64352002240257,-2.2207892274287E-5),
 .UNSPECIFIED.);
#139=B_SPLINE_CURVE_WITH_KNOTS('',3,(#1318,#1319,#1320,#1321,#1322,#1323,
#1324,#1325,#1326,#1327),.UNSPECIFIED.,.F.,.F.,(4,2,2,2,4),(-0.188259237571696,
-0.172980641115956,-0.151149257908575,-0.0988326590345999,-3.91197050583841E-6),
 .UNSPECIFIED.);
#140=B_SPLINE_CURVE_WITH_KNOTS('',3,(#1329,#1330,#1331,#1332,#1333,#1334,
#1335,#1336,#1337,#1338,#1339,#1340,#1341,#1342),.UNSPECIFIED.,.F.,.F.,
(4,2,2,2,2,2,4),(-0.0516469709463122,-0.0433294392763517,-0.0344299301474067,
-0.0258317782304537,-0.0172346170420598,-0.00834463335453001,-1.09941385803347E-5),
 .UNSPECIFIED.);
#141=B_SPLINE_CURVE_WITH_KNOTS('',3,(#1344,#1345,#1346,#1347,#1348,#1349,
#1350,#1351,#1352,#1353),.UNSPECIFIED.,.F.,.F.,(4,2,2,2,4),(2.9692914788324E-12,
0.0149402089460725,0.0362892443534506,0.0874527333884445,0.184079372940509),
 .UNSPECIFIED.);
#142=B_SPLINE_CURVE_WITH_KNOTS('',3,(#1356,#1357,#1358,#1359,#1360,#1361,
#1362,#1363,#1364,#1365,#1366,#1367),.UNSPECIFIED.,.F.,.F.,(4,2,2,2,2,4),
(-0.430416899703083,-0.350207039797058,-0.292255345709098,-0.195518389360704,
-0.100608866263153,-7.20110698015919E-7),.UNSPECIFIED.);
#143=B_SPLINE_CURVE_WITH_KNOTS('',3,(#1370,#1371,#1372,#1373,#1374,#1375,
#1376,#1377,#1378,#1379),.UNSPECIFIED.,.F.,.F.,(4,2,2,2,4),(1.75606196538779E-11,
0.0149565685739201,0.0363623181131656,0.0874569069584522,0.184086859891233),
 .UNSPECIFIED.);
#144=B_SPLINE_CURVE_WITH_KNOTS('',3,(#1404,#1405,#1406,#1407,#1408,#1409,
#1410,#1411,#1412,#1413),.UNSPECIFIED.,.F.,.F.,(4,2,2,2,4),(-0.188251608709778,
-0.172958474637223,-0.151073516811416,-0.0988410660883786,-1.10880277200681E-5),
 .UNSPECIFIED.);
#145=B_SPLINE_CURVE_WITH_KNOTS('',3,(#1414,#1415,#1416,#1417,#1418,#1419,
#1420,#1421,#1422,#1423,#1424,#1425,#1426,#1427),.UNSPECIFIED.,.F.,.F.,
(4,2,2,2,2,2,4),(-0.0516632420925707,-0.0433196535571497,-0.0344290485968174,
-0.0258317472298837,-0.0172354289135439,-0.00834945903134367,-1.09941402039615E-5),
 .UNSPECIFIED.);
#146=B_SPLINE_CURVE_WITH_KNOTS('',3,(#1428,#1429,#1430,#1431,#1432,#1433,
#1434,#1435,#1436,#1437,#1438,#1439,#1440,#1441,#1442,#1443,#1444,#1445,
#1446,#1447,#1448,#1449,#1450,#1451,#1452,#1453,#1454,#1455,#1456,#1457),
 .UNSPECIFIED.,.F.,.F.,(4,2,2,2,2,2,2,2,2,2,2,2,2,2,4),(-0.476272877474684,
-0.364431502583144,-0.260233461500295,-0.197832486856628,-0.106066486392988,
-0.105455943211537,-0.0998291357646132,-0.0976765294391164,-0.0963932266297571,
-0.0951753565687823,-0.0938759872892705,-0.0922210953640955,-0.0896752483546317,
-0.0849542836775811,-1.18917925506778E-9),.UNSPECIFIED.);
#147=B_SPLINE_CURVE_WITH_KNOTS('',3,(#1495,#1496,#1497,#1498,#1499,#1500),
 .UNSPECIFIED.,.F.,.F.,(4,2,4),(2.64942544222786E-6,0.454324408148123,0.90863726791804),
 .UNSPECIFIED.);
#148=B_SPLINE_CURVE_WITH_KNOTS('',3,(#1502,#1503,#1504,#1505,#1506,#1507,
#1508,#1509,#1510,#1511,#1512,#1513,#1514,#1515,#1516,#1517,#1518,#1519,
#1520,#1521,#1522,#1523,#1524,#1525,#1526,#1527,#1528,#1529,#1530,#1531),
 .UNSPECIFIED.,.F.,.F.,(4,2,2,2,2,2,2,2,2,2,2,2,2,2,4),(-0.476272893890136,
-0.364431521847077,-0.260233475170747,-0.197832491218041,-0.106066486460138,
-0.105455943266062,-0.0998291357604916,-0.0976765294249636,-0.0963932266132604,
-0.0951753565492799,-0.093875987266628,-0.092221095340362,-0.0896752483310242,
-0.08495428365327,-1.15123721666777E-9),.UNSPECIFIED.);
#149=B_SPLINE_CURVE_WITH_KNOTS('',3,(#1533,#1534,#1535,#1536,#1537,#1538),
 .UNSPECIFIED.,.F.,.F.,(4,2,4),(-3.28702894292157,-1.64352002240407,-2.22079007697653E-5),
 .UNSPECIFIED.);
#150=B_SPLINE_CURVE_WITH_KNOTS('',3,(#1540,#1541,#1542,#1543,#1544,#1545,
#1546,#1547,#1548,#1549,#1550,#1551),.UNSPECIFIED.,.F.,.F.,(4,2,2,2,2,4),
(-0.430416899299133,-0.350207040576764,-0.292255347271268,-0.195518392288919,
-0.100608867723349,-7.20121277553165E-7),.UNSPECIFIED.);
#151=B_SPLINE_CURVE_WITH_KNOTS('',3,(#1552,#1553,#1554,#1555,#1556,#1557),
 .UNSPECIFIED.,.F.,.F.,(4,2,4),(-0.908637267936481,-0.454324408150016,-2.64943966150891E-6),
 .UNSPECIFIED.);
#152=B_SPLINE_CURVE_WITH_KNOTS('',3,(#1566,#1567,#1568,#1569,#1570,#1571,
#1572,#1573,#1574,#1575),.UNSPECIFIED.,.F.,.F.,(4,2,2,2,4),(-0.188260454774724,
-0.172965460305408,-0.151076167935072,-0.0988326601720341,-3.91197025699207E-6),
 .UNSPECIFIED.);
#153=B_SPLINE_CURVE_WITH_KNOTS('',3,(#1584,#1585,#1586,#1587,#1588,#1589,
#1590,#1591,#1592,#1593),.UNSPECIFIED.,.F.,.F.,(4,2,2,2,4),(-0.184079485103101,
-0.0874577206169243,-0.0362908011682647,-0.0149406989737512,0.),
 .UNSPECIFIED.);
#154=B_SPLINE_CURVE_WITH_KNOTS('',3,(#1615,#1616,#1617,#1618,#1619,#1620,
#1621,#1622,#1623,#1624,#1625,#1626,#1627,#1628),.UNSPECIFIED.,.F.,.F.,
(4,2,2,2,2,2,4),(-0.0516635716059528,-0.0433414717662764,-0.0344464825138623,
-0.025849068343861,-0.0172527274704692,-0.0083575760685478,-1.17271402488585E-5),
 .UNSPECIFIED.);
#155=B_SPLINE_CURVE_WITH_KNOTS('',3,(#1630,#1631,#1632,#1633,#1634,#1635,
#1636,#1637,#1638,#1639),.UNSPECIFIED.,.F.,.F.,(4,2,2,2,4),(2.85291790165454E-11,
0.0149567532650828,0.0363631490523968,0.0874569552580386,0.184071001859297),
 .UNSPECIFIED.);
#156=B_SPLINE_CURVE_WITH_KNOTS('',3,(#1664,#1665,#1666,#1667,#1668,#1669,
#1670,#1671,#1672,#1673,#1674,#1675,#1676,#1677),.UNSPECIFIED.,.F.,.F.,
(4,2,2,2,2,2,4),(-0.051654766322416,-0.0433173166807515,-0.0344245621707886,
-0.0258266875579753,-0.0172292843571437,-0.00834229820951626,-1.0994138823098E-5),
 .UNSPECIFIED.);
#157=B_SPLINE_CURVE_WITH_KNOTS('',3,(#1678,#1679,#1680,#1681,#1682,#1683,
#1684,#1685,#1686,#1687),.UNSPECIFIED.,.F.,.F.,(4,2,2,2,4),(-0.188267282639089,
-0.172989645304841,-0.151160381096387,-0.0988506418798469,-1.99566836752669E-5),
 .UNSPECIFIED.);
#158=CYLINDRICAL_SURFACE('',#659,2.8);
#159=CYLINDRICAL_SURFACE('',#660,1.30015820542);
#160=CYLINDRICAL_SURFACE('',#665,1.30015820542);
#161=CYLINDRICAL_SURFACE('',#669,1.30015820542);
#162=CYLINDRICAL_SURFACE('',#672,1.30015820542);
#163=CYLINDRICAL_SURFACE('',#686,0.300158205423);
#164=CYLINDRICAL_SURFACE('',#687,0.300158205423);
#165=CYLINDRICAL_SURFACE('',#691,0.300158205423);
#166=CYLINDRICAL_SURFACE('',#692,0.300158205423);
#167=FACE_OUTER_BOUND('',#204,.T.);
#168=FACE_OUTER_BOUND('',#205,.T.);
#169=FACE_OUTER_BOUND('',#206,.T.);
#170=FACE_OUTER_BOUND('',#207,.T.);
#171=FACE_OUTER_BOUND('',#208,.T.);
#172=FACE_OUTER_BOUND('',#209,.T.);
#173=FACE_OUTER_BOUND('',#210,.T.);
#174=FACE_OUTER_BOUND('',#211,.T.);
#175=FACE_OUTER_BOUND('',#212,.T.);
#176=FACE_OUTER_BOUND('',#213,.T.);
#177=FACE_OUTER_BOUND('',#214,.T.);
#178=FACE_OUTER_BOUND('',#215,.T.);
#179=FACE_OUTER_BOUND('',#216,.T.);
#180=FACE_OUTER_BOUND('',#217,.T.);
#181=FACE_OUTER_BOUND('',#218,.T.);
#182=FACE_OUTER_BOUND('',#219,.T.);
#183=FACE_OUTER_BOUND('',#220,.T.);
#184=FACE_OUTER_BOUND('',#221,.T.);
#185=FACE_OUTER_BOUND('',#222,.T.);
#186=FACE_OUTER_BOUND('',#223,.T.);
#187=FACE_OUTER_BOUND('',#225,.T.);
#188=FACE_OUTER_BOUND('',#226,.T.);
#189=FACE_OUTER_BOUND('',#227,.T.);
#190=FACE_OUTER_BOUND('',#228,.T.);
#191=FACE_OUTER_BOUND('',#229,.T.);
#192=FACE_OUTER_BOUND('',#231,.T.);
#193=FACE_OUTER_BOUND('',#232,.T.);
#194=FACE_OUTER_BOUND('',#233,.T.);
#195=FACE_OUTER_BOUND('',#234,.T.);
#196=FACE_OUTER_BOUND('',#235,.T.);
#197=FACE_OUTER_BOUND('',#236,.T.);
#198=FACE_OUTER_BOUND('',#237,.T.);
#199=FACE_OUTER_BOUND('',#238,.T.);
#200=FACE_OUTER_BOUND('',#239,.T.);
#201=FACE_OUTER_BOUND('',#240,.T.);
#202=FACE_OUTER_BOUND('',#241,.T.);
#203=FACE_OUTER_BOUND('',#242,.T.);
#204=EDGE_LOOP('',(#404));
#205=EDGE_LOOP('',(#405,#406,#407,#408,#409));
#206=EDGE_LOOP('',(#410,#411,#412,#413));
#207=EDGE_LOOP('',(#414,#415,#416,#417));
#208=EDGE_LOOP('',(#418,#419,#420,#421));
#209=EDGE_LOOP('',(#422,#423,#424,#425));
#210=EDGE_LOOP('',(#426,#427,#428,#429));
#211=EDGE_LOOP('',(#430,#431,#432,#433));
#212=EDGE_LOOP('',(#434,#435,#436,#437,#438,#439,#440,#441));
#213=EDGE_LOOP('',(#442,#443,#444,#445));
#214=EDGE_LOOP('',(#446,#447,#448,#449));
#215=EDGE_LOOP('',(#450,#451,#452,#453));
#216=EDGE_LOOP('',(#454,#455,#456,#457));
#217=EDGE_LOOP('',(#458,#459,#460,#461));
#218=EDGE_LOOP('',(#462,#463,#464,#465));
#219=EDGE_LOOP('',(#466,#467,#468,#469));
#220=EDGE_LOOP('',(#470,#471,#472,#473));
#221=EDGE_LOOP('',(#474,#475,#476,#477));
#222=EDGE_LOOP('',(#478,#479,#480,#481));
#223=EDGE_LOOP('',(#482,#483,#484,#485,#486,#487,#488,#489));
#224=EDGE_LOOP('',(#490,#491,#492,#493,#494,#495,#496,#497));
#225=EDGE_LOOP('',(#498,#499,#500,#501));
#226=EDGE_LOOP('',(#502,#503,#504,#505,#506,#507));
#227=EDGE_LOOP('',(#508,#509,#510,#511,#512,#513));
#228=EDGE_LOOP('',(#514,#515,#516,#517,#518,#519));
#229=EDGE_LOOP('',(#520,#521,#522,#523,#524,#525,#526,#527));
#230=EDGE_LOOP('',(#528,#529));
#231=EDGE_LOOP('',(#530,#531,#532,#533));
#232=EDGE_LOOP('',(#534,#535,#536,#537,#538,#539));
#233=EDGE_LOOP('',(#540,#541,#542,#543));
#234=EDGE_LOOP('',(#544,#545,#546,#547));
#235=EDGE_LOOP('',(#548,#549,#550,#551,#552,#553));
#236=EDGE_LOOP('',(#554,#555,#556,#557));
#237=EDGE_LOOP('',(#558,#559,#560,#561,#562,#563));
#238=EDGE_LOOP('',(#564,#565,#566,#567));
#239=EDGE_LOOP('',(#568,#569,#570,#571,#572,#573));
#240=EDGE_LOOP('',(#574,#575,#576,#577));
#241=EDGE_LOOP('',(#578,#579,#580,#581));
#242=EDGE_LOOP('',(#582,#583,#584,#585,#586,#587));
#243=CIRCLE('',#658,2.8);
#244=CIRCLE('',#661,1.30015820542);
#245=CIRCLE('',#662,1.30015820542);
#246=CIRCLE('',#666,1.30015820542);
#247=CIRCLE('',#670,1.30015820542);
#248=CIRCLE('',#673,1.30015820542);
#249=CIRCLE('',#678,0.300158205423);
#250=CIRCLE('',#679,0.300158205423);
#251=CIRCLE('',#680,0.300158205423);
#252=CIRCLE('',#681,0.300158205423);
#253=VERTEX_POINT('',#821);
#254=VERTEX_POINT('',#824);
#255=VERTEX_POINT('',#825);
#256=VERTEX_POINT('',#886);
#257=VERTEX_POINT('',#887);
#258=VERTEX_POINT('',#889);
#259=VERTEX_POINT('',#891);
#260=VERTEX_POINT('',#895);
#261=VERTEX_POINT('',#897);
#262=VERTEX_POINT('',#936);
#263=VERTEX_POINT('',#938);
#264=VERTEX_POINT('',#953);
#265=VERTEX_POINT('',#955);
#266=VERTEX_POINT('',#959);
#267=VERTEX_POINT('',#961);
#268=VERTEX_POINT('',#974);
#269=VERTEX_POINT('',#1018);
#270=VERTEX_POINT('',#1025);
#271=VERTEX_POINT('',#1056);
#272=VERTEX_POINT('',#1063);
#273=VERTEX_POINT('',#1076);
#274=VERTEX_POINT('',#1116);
#275=VERTEX_POINT('',#1118);
#276=VERTEX_POINT('',#1131);
#277=VERTEX_POINT('',#1133);
#278=VERTEX_POINT('',#1137);
#279=VERTEX_POINT('',#1139);
#280=VERTEX_POINT('',#1269);
#281=VERTEX_POINT('',#1270);
#282=VERTEX_POINT('',#1272);
#283=VERTEX_POINT('',#1274);
#284=VERTEX_POINT('',#1276);
#285=VERTEX_POINT('',#1278);
#286=VERTEX_POINT('',#1280);
#287=VERTEX_POINT('',#1282);
#288=VERTEX_POINT('',#1286);
#289=VERTEX_POINT('',#1287);
#290=VERTEX_POINT('',#1294);
#291=VERTEX_POINT('',#1296);
#292=VERTEX_POINT('',#1317);
#293=VERTEX_POINT('',#1328);
#294=VERTEX_POINT('',#1343);
#295=VERTEX_POINT('',#1354);
#296=VERTEX_POINT('',#1369);
#297=VERTEX_POINT('',#1400);
#298=VERTEX_POINT('',#1401);
#299=VERTEX_POINT('',#1403);
#300=VERTEX_POINT('',#1494);
#301=VERTEX_POINT('',#1501);
#302=VERTEX_POINT('',#1532);
#303=VERTEX_POINT('',#1539);
#304=VERTEX_POINT('',#1559);
#305=VERTEX_POINT('',#1564);
#306=VERTEX_POINT('',#1580);
#307=VERTEX_POINT('',#1582);
#308=VERTEX_POINT('',#1614);
#309=VERTEX_POINT('',#1629);
#310=VERTEX_POINT('',#1642);
#311=VERTEX_POINT('',#1663);
#312=EDGE_CURVE('',#253,#253,#243,.T.);
#313=EDGE_CURVE('',#254,#255,#125,.T.);
#314=EDGE_CURVE('',#255,#254,#126,.T.);
#315=EDGE_CURVE('',#255,#253,#27,.T.);
#316=EDGE_CURVE('',#256,#257,#244,.T.);
#317=EDGE_CURVE('',#258,#257,#28,.F.);
#318=EDGE_CURVE('',#259,#258,#245,.T.);
#319=EDGE_CURVE('',#259,#256,#29,.F.);
#320=EDGE_CURVE('',#256,#260,#30,.T.);
#321=EDGE_CURVE('',#259,#261,#31,.T.);
#322=EDGE_CURVE('',#261,#260,#32,.T.);
#323=EDGE_CURVE('',#262,#259,#33,.T.);
#324=EDGE_CURVE('',#263,#258,#34,.T.);
#325=EDGE_CURVE('',#263,#262,#127,.T.);
#326=EDGE_CURVE('',#264,#257,#35,.T.);
#327=EDGE_CURVE('',#265,#264,#36,.T.);
#328=EDGE_CURVE('',#265,#258,#37,.T.);
#329=EDGE_CURVE('',#266,#260,#246,.T.);
#330=EDGE_CURVE('',#267,#261,#128,.T.);
#331=EDGE_CURVE('',#267,#266,#38,.F.);
#332=EDGE_CURVE('',#268,#261,#39,.T.);
#333=EDGE_CURVE('',#268,#262,#129,.T.);
#334=EDGE_CURVE('',#263,#269,#130,.T.);
#335=EDGE_CURVE('',#269,#270,#131,.T.);
#336=EDGE_CURVE('',#270,#271,#132,.T.);
#337=EDGE_CURVE('',#272,#271,#133,.T.);
#338=EDGE_CURVE('',#273,#272,#134,.T.);
#339=EDGE_CURVE('',#273,#268,#135,.T.);
#340=EDGE_CURVE('',#269,#265,#40,.T.);
#341=EDGE_CURVE('',#264,#274,#247,.T.);
#342=EDGE_CURVE('',#275,#274,#41,.F.);
#343=EDGE_CURVE('',#265,#275,#136,.T.);
#344=EDGE_CURVE('',#276,#274,#42,.T.);
#345=EDGE_CURVE('',#277,#276,#43,.T.);
#346=EDGE_CURVE('',#277,#275,#44,.T.);
#347=EDGE_CURVE('',#276,#278,#248,.T.);
#348=EDGE_CURVE('',#279,#278,#45,.F.);
#349=EDGE_CURVE('',#277,#279,#137,.T.);
#350=EDGE_CURVE('',#266,#278,#46,.T.);
#351=EDGE_CURVE('',#267,#279,#47,.T.);
#352=EDGE_CURVE('',#273,#267,#48,.T.);
#353=EDGE_CURVE('',#272,#279,#49,.T.);
#354=EDGE_CURVE('',#271,#277,#50,.T.);
#355=EDGE_CURVE('',#270,#275,#51,.T.);
#356=EDGE_CURVE('',#280,#281,#52,.T.);
#357=EDGE_CURVE('',#282,#281,#249,.F.);
#358=EDGE_CURVE('',#283,#282,#53,.T.);
#359=EDGE_CURVE('',#283,#284,#250,.T.);
#360=EDGE_CURVE('',#284,#285,#54,.T.);
#361=EDGE_CURVE('',#285,#286,#251,.T.);
#362=EDGE_CURVE('',#286,#287,#55,.T.);
#363=EDGE_CURVE('',#287,#280,#252,.T.);
#364=EDGE_CURVE('',#288,#289,#138,.T.);
#365=EDGE_CURVE('',#288,#290,#56,.T.);
#366=EDGE_CURVE('',#290,#291,#57,.T.);
#367=EDGE_CURVE('',#289,#291,#58,.T.);
#368=EDGE_CURVE('',#291,#292,#139,.T.);
#369=EDGE_CURVE('',#292,#293,#140,.T.);
#370=EDGE_CURVE('',#294,#293,#141,.T.);
#371=EDGE_CURVE('',#295,#294,#59,.T.);
#372=EDGE_CURVE('',#289,#295,#142,.T.);
#373=EDGE_CURVE('',#290,#296,#143,.T.);
#374=EDGE_CURVE('',#296,#285,#60,.T.);
#375=EDGE_CURVE('',#292,#284,#61,.T.);
#376=EDGE_CURVE('',#297,#298,#62,.T.);
#377=EDGE_CURVE('',#298,#299,#144,.T.);
#378=EDGE_CURVE('',#299,#296,#145,.T.);
#379=EDGE_CURVE('',#297,#288,#146,.T.);
#380=EDGE_CURVE('',#300,#295,#147,.T.);
#381=EDGE_CURVE('',#300,#301,#148,.T.);
#382=EDGE_CURVE('',#301,#302,#149,.T.);
#383=EDGE_CURVE('',#302,#303,#150,.T.);
#384=EDGE_CURVE('',#303,#297,#151,.T.);
#385=EDGE_CURVE('',#294,#304,#63,.T.);
#386=EDGE_CURVE('',#300,#304,#64,.T.);
#387=EDGE_CURVE('',#293,#283,#65,.T.);
#388=EDGE_CURVE('',#305,#282,#66,.T.);
#389=EDGE_CURVE('',#304,#305,#152,.T.);
#390=EDGE_CURVE('',#299,#286,#67,.F.);
#391=EDGE_CURVE('',#306,#287,#68,.T.);
#392=EDGE_CURVE('',#307,#298,#69,.F.);
#393=EDGE_CURVE('',#306,#307,#153,.T.);
#394=EDGE_CURVE('',#303,#307,#70,.T.);
#395=EDGE_CURVE('',#305,#308,#154,.T.);
#396=EDGE_CURVE('',#309,#308,#155,.T.);
#397=EDGE_CURVE('',#301,#309,#71,.T.);
#398=EDGE_CURVE('',#309,#310,#72,.T.);
#399=EDGE_CURVE('',#302,#310,#73,.T.);
#400=EDGE_CURVE('',#311,#306,#156,.T.);
#401=EDGE_CURVE('',#310,#311,#157,.T.);
#402=EDGE_CURVE('',#308,#281,#74,.F.);
#403=EDGE_CURVE('',#311,#280,#75,.F.);
#404=ORIENTED_EDGE('',*,*,#312,.T.);
#405=ORIENTED_EDGE('',*,*,#313,.F.);
#406=ORIENTED_EDGE('',*,*,#314,.F.);
#407=ORIENTED_EDGE('',*,*,#315,.T.);
#408=ORIENTED_EDGE('',*,*,#312,.F.);
#409=ORIENTED_EDGE('',*,*,#315,.F.);
#410=ORIENTED_EDGE('',*,*,#316,.T.);
#411=ORIENTED_EDGE('',*,*,#317,.F.);
#412=ORIENTED_EDGE('',*,*,#318,.F.);
#413=ORIENTED_EDGE('',*,*,#319,.T.);
#414=ORIENTED_EDGE('',*,*,#320,.F.);
#415=ORIENTED_EDGE('',*,*,#319,.F.);
#416=ORIENTED_EDGE('',*,*,#321,.T.);
#417=ORIENTED_EDGE('',*,*,#322,.T.);
#418=ORIENTED_EDGE('',*,*,#323,.T.);
#419=ORIENTED_EDGE('',*,*,#318,.T.);
#420=ORIENTED_EDGE('',*,*,#324,.F.);
#421=ORIENTED_EDGE('',*,*,#325,.T.);
#422=ORIENTED_EDGE('',*,*,#326,.F.);
#423=ORIENTED_EDGE('',*,*,#327,.F.);
#424=ORIENTED_EDGE('',*,*,#328,.T.);
#425=ORIENTED_EDGE('',*,*,#317,.T.);
#426=ORIENTED_EDGE('',*,*,#329,.T.);
#427=ORIENTED_EDGE('',*,*,#322,.F.);
#428=ORIENTED_EDGE('',*,*,#330,.F.);
#429=ORIENTED_EDGE('',*,*,#331,.T.);
#430=ORIENTED_EDGE('',*,*,#332,.T.);
#431=ORIENTED_EDGE('',*,*,#321,.F.);
#432=ORIENTED_EDGE('',*,*,#323,.F.);
#433=ORIENTED_EDGE('',*,*,#333,.F.);
#434=ORIENTED_EDGE('',*,*,#334,.T.);
#435=ORIENTED_EDGE('',*,*,#335,.T.);
#436=ORIENTED_EDGE('',*,*,#336,.T.);
#437=ORIENTED_EDGE('',*,*,#337,.F.);
#438=ORIENTED_EDGE('',*,*,#338,.F.);
#439=ORIENTED_EDGE('',*,*,#339,.T.);
#440=ORIENTED_EDGE('',*,*,#333,.T.);
#441=ORIENTED_EDGE('',*,*,#325,.F.);
#442=ORIENTED_EDGE('',*,*,#324,.T.);
#443=ORIENTED_EDGE('',*,*,#328,.F.);
#444=ORIENTED_EDGE('',*,*,#340,.F.);
#445=ORIENTED_EDGE('',*,*,#334,.F.);
#446=ORIENTED_EDGE('',*,*,#341,.T.);
#447=ORIENTED_EDGE('',*,*,#342,.F.);
#448=ORIENTED_EDGE('',*,*,#343,.F.);
#449=ORIENTED_EDGE('',*,*,#327,.T.);
#450=ORIENTED_EDGE('',*,*,#344,.F.);
#451=ORIENTED_EDGE('',*,*,#345,.F.);
#452=ORIENTED_EDGE('',*,*,#346,.T.);
#453=ORIENTED_EDGE('',*,*,#342,.T.);
#454=ORIENTED_EDGE('',*,*,#347,.T.);
#455=ORIENTED_EDGE('',*,*,#348,.F.);
#456=ORIENTED_EDGE('',*,*,#349,.F.);
#457=ORIENTED_EDGE('',*,*,#345,.T.);
#458=ORIENTED_EDGE('',*,*,#350,.F.);
#459=ORIENTED_EDGE('',*,*,#331,.F.);
#460=ORIENTED_EDGE('',*,*,#351,.T.);
#461=ORIENTED_EDGE('',*,*,#348,.T.);
#462=ORIENTED_EDGE('',*,*,#352,.T.);
#463=ORIENTED_EDGE('',*,*,#330,.T.);
#464=ORIENTED_EDGE('',*,*,#332,.F.);
#465=ORIENTED_EDGE('',*,*,#339,.F.);
#466=ORIENTED_EDGE('',*,*,#353,.T.);
#467=ORIENTED_EDGE('',*,*,#351,.F.);
#468=ORIENTED_EDGE('',*,*,#352,.F.);
#469=ORIENTED_EDGE('',*,*,#338,.T.);
#470=ORIENTED_EDGE('',*,*,#354,.T.);
#471=ORIENTED_EDGE('',*,*,#349,.T.);
#472=ORIENTED_EDGE('',*,*,#353,.F.);
#473=ORIENTED_EDGE('',*,*,#337,.T.);
#474=ORIENTED_EDGE('',*,*,#355,.T.);
#475=ORIENTED_EDGE('',*,*,#346,.F.);
#476=ORIENTED_EDGE('',*,*,#354,.F.);
#477=ORIENTED_EDGE('',*,*,#336,.F.);
#478=ORIENTED_EDGE('',*,*,#340,.T.);
#479=ORIENTED_EDGE('',*,*,#343,.T.);
#480=ORIENTED_EDGE('',*,*,#355,.F.);
#481=ORIENTED_EDGE('',*,*,#335,.F.);
#482=ORIENTED_EDGE('',*,*,#320,.T.);
#483=ORIENTED_EDGE('',*,*,#329,.F.);
#484=ORIENTED_EDGE('',*,*,#350,.T.);
#485=ORIENTED_EDGE('',*,*,#347,.F.);
#486=ORIENTED_EDGE('',*,*,#344,.T.);
#487=ORIENTED_EDGE('',*,*,#341,.F.);
#488=ORIENTED_EDGE('',*,*,#326,.T.);
#489=ORIENTED_EDGE('',*,*,#316,.F.);
#490=ORIENTED_EDGE('',*,*,#356,.T.);
#491=ORIENTED_EDGE('',*,*,#357,.F.);
#492=ORIENTED_EDGE('',*,*,#358,.F.);
#493=ORIENTED_EDGE('',*,*,#359,.T.);
#494=ORIENTED_EDGE('',*,*,#360,.T.);
#495=ORIENTED_EDGE('',*,*,#361,.T.);
#496=ORIENTED_EDGE('',*,*,#362,.T.);
#497=ORIENTED_EDGE('',*,*,#363,.T.);
#498=ORIENTED_EDGE('',*,*,#364,.F.);
#499=ORIENTED_EDGE('',*,*,#365,.T.);
#500=ORIENTED_EDGE('',*,*,#366,.T.);
#501=ORIENTED_EDGE('',*,*,#367,.F.);
#502=ORIENTED_EDGE('',*,*,#367,.T.);
#503=ORIENTED_EDGE('',*,*,#368,.T.);
#504=ORIENTED_EDGE('',*,*,#369,.T.);
#505=ORIENTED_EDGE('',*,*,#370,.F.);
#506=ORIENTED_EDGE('',*,*,#371,.F.);
#507=ORIENTED_EDGE('',*,*,#372,.F.);
#508=ORIENTED_EDGE('',*,*,#366,.F.);
#509=ORIENTED_EDGE('',*,*,#373,.T.);
#510=ORIENTED_EDGE('',*,*,#374,.T.);
#511=ORIENTED_EDGE('',*,*,#360,.F.);
#512=ORIENTED_EDGE('',*,*,#375,.F.);
#513=ORIENTED_EDGE('',*,*,#368,.F.);
#514=ORIENTED_EDGE('',*,*,#376,.T.);
#515=ORIENTED_EDGE('',*,*,#377,.T.);
#516=ORIENTED_EDGE('',*,*,#378,.T.);
#517=ORIENTED_EDGE('',*,*,#373,.F.);
#518=ORIENTED_EDGE('',*,*,#365,.F.);
#519=ORIENTED_EDGE('',*,*,#379,.F.);
#520=ORIENTED_EDGE('',*,*,#364,.T.);
#521=ORIENTED_EDGE('',*,*,#372,.T.);
#522=ORIENTED_EDGE('',*,*,#380,.F.);
#523=ORIENTED_EDGE('',*,*,#381,.T.);
#524=ORIENTED_EDGE('',*,*,#382,.T.);
#525=ORIENTED_EDGE('',*,*,#383,.T.);
#526=ORIENTED_EDGE('',*,*,#384,.T.);
#527=ORIENTED_EDGE('',*,*,#379,.T.);
#528=ORIENTED_EDGE('',*,*,#313,.T.);
#529=ORIENTED_EDGE('',*,*,#314,.T.);
#530=ORIENTED_EDGE('',*,*,#371,.T.);
#531=ORIENTED_EDGE('',*,*,#385,.T.);
#532=ORIENTED_EDGE('',*,*,#386,.F.);
#533=ORIENTED_EDGE('',*,*,#380,.T.);
#534=ORIENTED_EDGE('',*,*,#370,.T.);
#535=ORIENTED_EDGE('',*,*,#387,.T.);
#536=ORIENTED_EDGE('',*,*,#358,.T.);
#537=ORIENTED_EDGE('',*,*,#388,.F.);
#538=ORIENTED_EDGE('',*,*,#389,.F.);
#539=ORIENTED_EDGE('',*,*,#385,.F.);
#540=ORIENTED_EDGE('',*,*,#387,.F.);
#541=ORIENTED_EDGE('',*,*,#369,.F.);
#542=ORIENTED_EDGE('',*,*,#375,.T.);
#543=ORIENTED_EDGE('',*,*,#359,.F.);
#544=ORIENTED_EDGE('',*,*,#378,.F.);
#545=ORIENTED_EDGE('',*,*,#390,.T.);
#546=ORIENTED_EDGE('',*,*,#361,.F.);
#547=ORIENTED_EDGE('',*,*,#374,.F.);
#548=ORIENTED_EDGE('',*,*,#391,.T.);
#549=ORIENTED_EDGE('',*,*,#362,.F.);
#550=ORIENTED_EDGE('',*,*,#390,.F.);
#551=ORIENTED_EDGE('',*,*,#377,.F.);
#552=ORIENTED_EDGE('',*,*,#392,.F.);
#553=ORIENTED_EDGE('',*,*,#393,.F.);
#554=ORIENTED_EDGE('',*,*,#394,.T.);
#555=ORIENTED_EDGE('',*,*,#392,.T.);
#556=ORIENTED_EDGE('',*,*,#376,.F.);
#557=ORIENTED_EDGE('',*,*,#384,.F.);
#558=ORIENTED_EDGE('',*,*,#381,.F.);
#559=ORIENTED_EDGE('',*,*,#386,.T.);
#560=ORIENTED_EDGE('',*,*,#389,.T.);
#561=ORIENTED_EDGE('',*,*,#395,.T.);
#562=ORIENTED_EDGE('',*,*,#396,.F.);
#563=ORIENTED_EDGE('',*,*,#397,.F.);
#564=ORIENTED_EDGE('',*,*,#398,.T.);
#565=ORIENTED_EDGE('',*,*,#399,.F.);
#566=ORIENTED_EDGE('',*,*,#382,.F.);
#567=ORIENTED_EDGE('',*,*,#397,.T.);
#568=ORIENTED_EDGE('',*,*,#400,.T.);
#569=ORIENTED_EDGE('',*,*,#393,.T.);
#570=ORIENTED_EDGE('',*,*,#394,.F.);
#571=ORIENTED_EDGE('',*,*,#383,.F.);
#572=ORIENTED_EDGE('',*,*,#399,.T.);
#573=ORIENTED_EDGE('',*,*,#401,.T.);
#574=ORIENTED_EDGE('',*,*,#388,.T.);
#575=ORIENTED_EDGE('',*,*,#357,.T.);
#576=ORIENTED_EDGE('',*,*,#402,.F.);
#577=ORIENTED_EDGE('',*,*,#395,.F.);
#578=ORIENTED_EDGE('',*,*,#363,.F.);
#579=ORIENTED_EDGE('',*,*,#391,.F.);
#580=ORIENTED_EDGE('',*,*,#400,.F.);
#581=ORIENTED_EDGE('',*,*,#403,.T.);
#582=ORIENTED_EDGE('',*,*,#402,.T.);
#583=ORIENTED_EDGE('',*,*,#356,.F.);
#584=ORIENTED_EDGE('',*,*,#403,.F.);
#585=ORIENTED_EDGE('',*,*,#401,.F.);
#586=ORIENTED_EDGE('',*,*,#398,.F.);
#587=ORIENTED_EDGE('',*,*,#396,.T.);
#588=PLANE('',#657);
#589=PLANE('',#663);
#590=PLANE('',#664);
#591=PLANE('',#667);
#592=PLANE('',#668);
#593=PLANE('',#671);
#594=PLANE('',#674);
#595=PLANE('',#675);
#596=PLANE('',#676);
#597=PLANE('',#677);
#598=PLANE('',#682);
#599=PLANE('',#683);
#600=PLANE('',#684);
#601=PLANE('',#685);
#602=PLANE('',#688);
#603=PLANE('',#689);
#604=PLANE('',#690);
#605=PLANE('',#693);
#606=ADVANCED_FACE('',(#167),#588,.F.);
#607=ADVANCED_FACE('',(#168),#158,.T.);
#608=ADVANCED_FACE('',(#169),#159,.T.);
#609=ADVANCED_FACE('',(#170),#589,.T.);
#610=ADVANCED_FACE('',(#171),#19,.T.);
#611=ADVANCED_FACE('',(#172),#590,.T.);
#612=ADVANCED_FACE('',(#173),#160,.T.);
#613=ADVANCED_FACE('',(#174),#591,.T.);
#614=ADVANCED_FACE('',(#175),#17,.T.);
#615=ADVANCED_FACE('',(#176),#592,.T.);
#616=ADVANCED_FACE('',(#177),#161,.T.);
#617=ADVANCED_FACE('',(#178),#593,.T.);
#618=ADVANCED_FACE('',(#179),#162,.T.);
#619=ADVANCED_FACE('',(#180),#594,.T.);
#620=ADVANCED_FACE('',(#181),#20,.T.);
#621=ADVANCED_FACE('',(#182),#595,.T.);
#622=ADVANCED_FACE('',(#183),#21,.T.);
#623=ADVANCED_FACE('',(#184),#596,.T.);
#624=ADVANCED_FACE('',(#185),#22,.T.);
#625=ADVANCED_FACE('',(#186,#15),#597,.F.);
#626=ADVANCED_FACE('',(#187),#598,.F.);
#627=ADVANCED_FACE('',(#188),#23,.F.);
#628=ADVANCED_FACE('',(#189),#599,.F.);
#629=ADVANCED_FACE('',(#190),#24,.F.);
#630=ADVANCED_FACE('',(#191,#16),#18,.F.);
#631=ADVANCED_FACE('',(#192),#600,.F.);
#632=ADVANCED_FACE('',(#193),#601,.F.);
#633=ADVANCED_FACE('',(#194),#163,.F.);
#634=ADVANCED_FACE('',(#195),#164,.F.);
#635=ADVANCED_FACE('',(#196),#602,.F.);
#636=ADVANCED_FACE('',(#197),#603,.F.);
#637=ADVANCED_FACE('',(#198),#25,.F.);
#638=ADVANCED_FACE('',(#199),#604,.F.);
#639=ADVANCED_FACE('',(#200),#26,.F.);
#640=ADVANCED_FACE('',(#201),#165,.F.);
#641=ADVANCED_FACE('',(#202),#166,.F.);
#642=ADVANCED_FACE('',(#203),#605,.F.);
#643=CLOSED_SHELL('',(#606,#607,#608,#609,#610,#611,#612,#613,#614,#615,
#616,#617,#618,#619,#620,#621,#622,#623,#624,#625,#626,#627,#628,#629,#630,
#631,#632,#633,#634,#635,#636,#637,#638,#639,#640,#641,#642));
#644=DERIVED_UNIT_ELEMENT(#646,1.);
#645=DERIVED_UNIT_ELEMENT(#1698,-3.);
#646=(
MASS_UNIT()
NAMED_UNIT(*)
SI_UNIT(.KILO.,.GRAM.)
);
#647=DERIVED_UNIT((#644,#645));
#648=MEASURE_REPRESENTATION_ITEM('density measure',
POSITIVE_RATIO_MEASURE(7850.),#647);
#649=PROPERTY_DEFINITION_REPRESENTATION(#654,#651);
#650=PROPERTY_DEFINITION_REPRESENTATION(#655,#652);
#651=REPRESENTATION('material name',(#653),#1695);
#652=REPRESENTATION('density',(#648),#1695);
#653=DESCRIPTIVE_REPRESENTATION_ITEM('\X2\92FC\X0\','\X2\92FC\X0\');
#654=PROPERTY_DEFINITION('material property','material name',#1705);
#655=PROPERTY_DEFINITION('material property','density of part',#1705);
#656=AXIS2_PLACEMENT_3D('',#819,#694,#695);
#657=AXIS2_PLACEMENT_3D('',#820,#696,#697);
#658=AXIS2_PLACEMENT_3D('',#822,#698,#699);
#659=AXIS2_PLACEMENT_3D('',#823,#700,#701);
#660=AXIS2_PLACEMENT_3D('',#885,#703,#704);
#661=AXIS2_PLACEMENT_3D('',#888,#705,#706);
#662=AXIS2_PLACEMENT_3D('',#892,#708,#709);
#663=AXIS2_PLACEMENT_3D('',#894,#711,#712);
#664=AXIS2_PLACEMENT_3D('',#952,#718,#719);
#665=AXIS2_PLACEMENT_3D('',#958,#723,#724);
#666=AXIS2_PLACEMENT_3D('',#960,#725,#726);
#667=AXIS2_PLACEMENT_3D('',#973,#728,#729);
#668=AXIS2_PLACEMENT_3D('',#1113,#731,#732);
#669=AXIS2_PLACEMENT_3D('',#1115,#734,#735);
#670=AXIS2_PLACEMENT_3D('',#1117,#736,#737);
#671=AXIS2_PLACEMENT_3D('',#1130,#739,#740);
#672=AXIS2_PLACEMENT_3D('',#1136,#744,#745);
#673=AXIS2_PLACEMENT_3D('',#1138,#746,#747);
#674=AXIS2_PLACEMENT_3D('',#1151,#749,#750);
#675=AXIS2_PLACEMENT_3D('',#1191,#754,#755);
#676=AXIS2_PLACEMENT_3D('',#1230,#758,#759);
#677=AXIS2_PLACEMENT_3D('',#1268,#761,#762);
#678=AXIS2_PLACEMENT_3D('',#1273,#764,#765);
#679=AXIS2_PLACEMENT_3D('',#1277,#767,#768);
#680=AXIS2_PLACEMENT_3D('',#1281,#770,#771);
#681=AXIS2_PLACEMENT_3D('',#1284,#773,#774);
#682=AXIS2_PLACEMENT_3D('',#1285,#775,#776);
#683=AXIS2_PLACEMENT_3D('',#1368,#781,#782);
#684=AXIS2_PLACEMENT_3D('',#1558,#786,#787);
#685=AXIS2_PLACEMENT_3D('',#1562,#790,#791);
#686=AXIS2_PLACEMENT_3D('',#1576,#794,#795);
#687=AXIS2_PLACEMENT_3D('',#1577,#796,#797);
#688=AXIS2_PLACEMENT_3D('',#1579,#799,#800);
#689=AXIS2_PLACEMENT_3D('',#1594,#803,#804);
#690=AXIS2_PLACEMENT_3D('',#1641,#807,#808);
#691=AXIS2_PLACEMENT_3D('',#1688,#811,#812);
#692=AXIS2_PLACEMENT_3D('',#1690,#814,#815);
#693=AXIS2_PLACEMENT_3D('',#1692,#817,#818);
#694=DIRECTION('axis',(0.,0.,1.));
#695=DIRECTION('refdir',(1.,0.,0.));
#696=DIRECTION('center_axis',(0.,0.,1.));
#697=DIRECTION('ref_axis',(1.,0.,0.));
#698=DIRECTION('center_axis',(0.,0.,-1.));
#699=DIRECTION('ref_axis',(1.,0.,0.));
#700=DIRECTION('center_axis',(0.,0.,1.));
#701=DIRECTION('ref_axis',(1.,0.,0.));
#702=DIRECTION('',(0.,0.,-1.));
#703=DIRECTION('center_axis',(0.,0.,1.));
#704=DIRECTION('ref_axis',(0.999999981064159,0.000194606478708031,0.));
#705=DIRECTION('center_axis',(0.,0.,1.));
#706=DIRECTION('ref_axis',(-1.,0.,0.));
#707=DIRECTION('',(0.,0.,1.));
#708=DIRECTION('center_axis',(0.,0.,1.));
#709=DIRECTION('ref_axis',(-1.,0.,0.));
#710=DIRECTION('',(0.,0.,1.));
#711=DIRECTION('center_axis',(1.,0.,0.));
#712=DIRECTION('ref_axis',(0.,0.,-1.));
#713=DIRECTION('',(0.,-1.,0.));
#714=DIRECTION('',(0.,-1.,0.));
#715=DIRECTION('',(0.,0.,-1.));
#716=DIRECTION('',(0.226747562077614,0.726799219910652,-0.648342839113015));
#717=DIRECTION('',(0.726799219912336,0.226747562082773,-0.648342839109324));
#718=DIRECTION('center_axis',(0.,1.,0.));
#719=DIRECTION('ref_axis',(0.,0.,-1.));
#720=DIRECTION('',(1.,0.,0.));
#721=DIRECTION('',(0.,0.,-1.));
#722=DIRECTION('',(1.,0.,0.));
#723=DIRECTION('center_axis',(-1.64958776494E-15,1.64958776494E-15,1.));
#724=DIRECTION('ref_axis',(0.000194606478695031,-0.999999981064159,1.6499087541699E-15));
#725=DIRECTION('center_axis',(-1.64958776494E-15,1.64958776494E-15,1.));
#726=DIRECTION('ref_axis',(-1.,0.,-1.64958776494E-15));
#727=DIRECTION('',(0.,1.7763568394E-15,1.));
#728=DIRECTION('center_axis',(0.943936607320459,1.13797860024055E-15,0.330126765592161));
#729=DIRECTION('ref_axis',(0.226747562123232,-0.726799219794901,-0.64834283922682));
#730=DIRECTION('',(0.226747562082998,-0.726799219908993,-0.648342839112994));
#731=DIRECTION('center_axis',(0.,0.943936607320459,0.330126765592161));
#732=DIRECTION('ref_axis',(0.726799219789857,0.226747562124994,-0.648342839231859));
#733=DIRECTION('',(-0.726799219908993,0.226747562082998,-0.648342839112994));
#734=DIRECTION('center_axis',(9.89752658963E-15,-9.89752658963E-15,1.));
#735=DIRECTION('ref_axis',(-0.000194606478703031,0.999999981064159,9.89945252500949E-15));
#736=DIRECTION('center_axis',(9.89752658963E-15,-9.89752658963E-15,1.));
#737=DIRECTION('ref_axis',(-1.,0.,9.89752658963E-15));
#738=DIRECTION('',(7.1054273576E-15,-1.06581410364E-14,1.));
#739=DIRECTION('center_axis',(-1.,0.,0.));
#740=DIRECTION('ref_axis',(0.,0.,-1.));
#741=DIRECTION('',(0.,1.,0.));
#742=DIRECTION('',(0.,0.,-1.));
#743=DIRECTION('',(0.,1.,0.));
#744=DIRECTION('center_axis',(0.,0.,1.));
#745=DIRECTION('ref_axis',(-0.999999981064159,-0.000194606478701031,0.));
#746=DIRECTION('center_axis',(0.,0.,1.));
#747=DIRECTION('ref_axis',(-1.,0.,0.));
#748=DIRECTION('',(0.,0.,1.));
#749=DIRECTION('center_axis',(0.,-1.,0.));
#750=DIRECTION('ref_axis',(0.,0.,-1.));
#751=DIRECTION('',(-1.,0.,0.));
#752=DIRECTION('',(-1.,0.,0.));
#753=DIRECTION('',(0.726799219912336,-0.226747562082772,-0.648342839109324));
#754=DIRECTION('center_axis',(0.,-0.943936607320459,0.330126765592161));
#755=DIRECTION('ref_axis',(-0.726799219667727,-0.226747562167657,-0.648342839353847));
#756=DIRECTION('',(-0.726799219909464,-0.226747562083145,-0.648342839112414));
#757=DIRECTION('',(-0.226747562077618,-0.726799219910662,-0.648342839113003));
#758=DIRECTION('center_axis',(-0.943936607320459,0.,0.330126765592161));
#759=DIRECTION('ref_axis',(-0.226747562112774,0.726799219824838,-0.648342839196917));
#760=DIRECTION('',(-0.226747562082998,0.726799219908993,-0.648342839112994));
#761=DIRECTION('center_axis',(0.,0.,1.));
#762=DIRECTION('ref_axis',(1.,0.,0.));
#763=DIRECTION('',(1.,0.,0.));
#764=DIRECTION('center_axis',(0.,0.,1.));
#765=DIRECTION('ref_axis',(-1.,0.,0.));
#766=DIRECTION('',(0.,-1.,0.));
#767=DIRECTION('center_axis',(0.,0.,1.));
#768=DIRECTION('ref_axis',(-1.,0.,0.));
#769=DIRECTION('',(-1.,0.,0.));
#770=DIRECTION('center_axis',(0.,0.,1.));
#771=DIRECTION('ref_axis',(-1.,0.,0.));
#772=DIRECTION('',(0.,-1.,0.));
#773=DIRECTION('center_axis',(0.,0.,1.));
#774=DIRECTION('ref_axis',(-1.,0.,0.));
#775=DIRECTION('center_axis',(0.,0.943936607320459,0.330126765592161));
#776=DIRECTION('ref_axis',(0.726799219789857,0.226747562124994,-0.648342839231859));
#777=DIRECTION('',(-0.726799219907917,0.226747562087134,-0.648342839112753));
#778=DIRECTION('',(1.,0.,0.));
#779=DIRECTION('',(0.726799219911678,0.226747562082419,-0.648342839110185));
#780=DIRECTION('',(0.226747561708081,0.726799220030506,-0.648342839107897));
#781=DIRECTION('center_axis',(0.,1.,0.));
#782=DIRECTION('ref_axis',(0.,0.,-1.));
#783=DIRECTION('',(0.,0.,-1.));
#784=DIRECTION('',(0.,0.,-1.));
#785=DIRECTION('',(-0.226747561670196,0.726799220038905,-0.648342839111732));
#786=DIRECTION('center_axis',(0.943936607320459,1.13797860024055E-15,0.330126765592161));
#787=DIRECTION('ref_axis',(0.226747562123232,-0.726799219794901,-0.64834283922682));
#788=DIRECTION('',(0.,-1.,0.));
#789=DIRECTION('',(0.226747562081202,-0.726799219908868,-0.648342839113761));
#790=DIRECTION('center_axis',(1.,0.,0.));
#791=DIRECTION('ref_axis',(0.,0.,-1.));
#792=DIRECTION('',(0.,0.,-1.));
#793=DIRECTION('',(0.,0.,-1.));
#794=DIRECTION('center_axis',(0.,0.,1.));
#795=DIRECTION('ref_axis',(0.707114481985449,0.707099080303779,0.));
#796=DIRECTION('center_axis',(9.89752658963E-15,-9.89752658963E-15,1.));
#797=DIRECTION('ref_axis',(-0.707290629807934,0.706922884751863,1.39972158637697E-14));
#798=DIRECTION('',(9.09003287403E-15,-1.02262869833E-14,1.));
#799=DIRECTION('center_axis',(-1.,0.,0.));
#800=DIRECTION('ref_axis',(0.,0.,-1.));
#801=DIRECTION('',(0.,0.,-1.));
#802=DIRECTION('',(0.,-1.,0.));
#803=DIRECTION('center_axis',(-0.943936607320459,2.77555756156135E-17,0.330126765592161));
#804=DIRECTION('ref_axis',(-0.226747562112774,0.726799219824839,-0.648342839196918));
#805=DIRECTION('',(-0.226747562076789,-0.72679921991239,-0.648342839111356));
#806=DIRECTION('',(0.726799219912474,-0.226747562186275,-0.648342839072972));
#807=DIRECTION('center_axis',(2.77555756156135E-17,-0.943936607320459,0.330126765592161));
#808=DIRECTION('ref_axis',(-0.726799219667727,-0.226747562167657,-0.648342839353847));
#809=DIRECTION('',(-1.,0.,0.));
#810=DIRECTION('',(-0.726799219911678,-0.226747562082419,-0.648342839110185));
#811=DIRECTION('center_axis',(-1.64958776494E-15,1.64958776494E-15,1.));
#812=DIRECTION('ref_axis',(0.706915136795671,-0.707298373650864,2.33286930384545E-15));
#813=DIRECTION('',(-1.51500547901E-15,1.51500547901E-15,1.));
#814=DIRECTION('center_axis',(0.,0.,1.));
#815=DIRECTION('ref_axis',(-0.706922884878996,-0.707290629680868,0.));
#816=DIRECTION('',(0.,0.,1.));
#817=DIRECTION('center_axis',(0.,-1.,0.));
#818=DIRECTION('ref_axis',(0.,0.,-1.));
#819=CARTESIAN_POINT('',(0.,0.,0.));
#820=CARTESIAN_POINT('Origin',(0.,0.,-1.));
#821=CARTESIAN_POINT('',(-2.8,-3.42901103761259E-16,-1.));
#822=CARTESIAN_POINT('Origin',(0.,0.,-1.));
#823=CARTESIAN_POINT('Origin',(0.,0.,0.));
#824=CARTESIAN_POINT('',(-2.61315235371992,1.00570113664433,3.24532987144175));
#825=CARTESIAN_POINT('',(-2.8,-3.42901103761259E-16,3.24533420363453));
#826=CARTESIAN_POINT('Ctrl Pts',(-2.61315235372007,1.00570113664409,3.24532987144174));
#827=CARTESIAN_POINT('Ctrl Pts',(-2.73656902020476,0.685022815061484,3.24533098931537));
#828=CARTESIAN_POINT('Ctrl Pts',(-2.8000000000005,0.344100522808057,3.24533207141069));
#829=CARTESIAN_POINT('Ctrl Pts',(-2.79999999999999,-4.12885003964192E-12,
3.24533285453036));
#830=CARTESIAN_POINT('Ctrl Pts',(-2.79999999999999,-4.14272782744973E-12,
3.24533285453035));
#831=CARTESIAN_POINT('Ctrl Pts',(-2.79999999999971,-0.192794918523103,3.24533329330183));
#832=CARTESIAN_POINT('Ctrl Pts',(-2.78008756396013,-0.385075336993389,3.24533363531808));
#833=CARTESIAN_POINT('Ctrl Pts',(-2.69963491540616,-0.769346913365432,3.24533407724657));
#834=CARTESIAN_POINT('Ctrl Pts',(-2.63787372949441,-0.959971634202842,3.24533416626247));
#835=CARTESIAN_POINT('Ctrl Pts',(-2.42212424981952,-1.44275786308591,3.24533402114712));
#836=CARTESIAN_POINT('Ctrl Pts',(-2.23600238859204,-1.71712825667583,3.24533353513595));
#837=CARTESIAN_POINT('Ctrl Pts',(-1.74744194242961,-2.21911073535974,3.24533189567188));
#838=CARTESIAN_POINT('Ctrl Pts',(-1.4379319032785,-2.43112271136329,3.24533068760726));
#839=CARTESIAN_POINT('Ctrl Pts',(-0.900895818114257,-2.65958295623422,3.24532878685688));
#840=CARTESIAN_POINT('Ctrl Pts',(-0.696899022269885,-2.72017031238224,3.24532810367566));
#841=CARTESIAN_POINT('Ctrl Pts',(-0.33358307611703,-2.78447882039256,3.24532703867299));
#842=CARTESIAN_POINT('Ctrl Pts',(-0.177115787616772,-2.79879080450738,3.24532662657336));
#843=CARTESIAN_POINT('Ctrl Pts',(0.134538511927615,-2.80104770000671,3.24532592931372));
#844=CARTESIAN_POINT('Ctrl Pts',(0.289179782939844,-2.78932677929718,3.24532564385579));
#845=CARTESIAN_POINT('Ctrl Pts',(0.643063299652324,-2.73274696936345,3.24532515566099));
#846=CARTESIAN_POINT('Ctrl Pts',(0.839967141947168,-2.67878547215498,3.24532500942396));
#847=CARTESIAN_POINT('Ctrl Pts',(1.0328612354993,-2.60253963371071,3.24532500600986));
#848=CARTESIAN_POINT('Ctrl Pts',(1.03644529965549,-2.60111437996391,3.24532500599713));
#849=CARTESIAN_POINT('Ctrl Pts',(1.05504683791333,-2.59367266476475,3.24532500619473));
#850=CARTESIAN_POINT('Ctrl Pts',(1.07001490762097,-2.58753353980253,3.24532500724747));
#851=CARTESIAN_POINT('Ctrl Pts',(1.11776222468478,-2.56746491268381,3.2453250134754));
#852=CARTESIAN_POINT('Ctrl Pts',(1.15032922760869,-2.55303958780271,3.24532502208469));
#853=CARTESIAN_POINT('Ctrl Pts',(1.51588525249608,-2.38270407941061,3.24532516831825));
#854=CARTESIAN_POINT('Ctrl Pts',(1.81532989107791,-2.16327626843879,3.24532577373934));
#855=CARTESIAN_POINT('Ctrl Pts',(2.31228951197102,-1.62126572017473,3.24532762332106));
#856=CARTESIAN_POINT('Ctrl Pts',(2.50497320554604,-1.3039534366624,3.24532884227249));
#857=CARTESIAN_POINT('Ctrl Pts',(2.7575701805542,-0.610633625793612,3.2453312365153));
#858=CARTESIAN_POINT('Ctrl Pts',(2.81406330938948,-0.24106930532321,3.24533237497897));
#859=CARTESIAN_POINT('Ctrl Pts',(2.78102079239364,0.476685632229906,3.24533384652998));
#860=CARTESIAN_POINT('Ctrl Pts',(2.7002270939857,0.818583825298729,3.24533420363453));
#861=CARTESIAN_POINT('Ctrl Pts',(2.42518863022661,1.4376257941063,3.24533402744756));
#862=CARTESIAN_POINT('Ctrl Pts',(2.23958115572548,1.71247892296043,3.24533354564724));
#863=CARTESIAN_POINT('Ctrl Pts',(1.75193471483762,2.21557433687972,3.24533191241061));
#864=CARTESIAN_POINT('Ctrl Pts',(1.44280784478797,2.42824018757039,3.24533070603568));
#865=CARTESIAN_POINT('Ctrl Pts',(0.905562106901643,2.65805132732795,3.24532880271376));
#866=CARTESIAN_POINT('Ctrl Pts',(0.7010158101691,2.71916465508705,3.24532811669642));
#867=CARTESIAN_POINT('Ctrl Pts',(0.336958705859646,2.78408169147833,3.24532704787612));
#868=CARTESIAN_POINT('Ctrl Pts',(0.180342393445179,2.79859404972093,3.2453266346012));
#869=CARTESIAN_POINT('Ctrl Pts',(-0.131341630658006,2.80119204695395,3.24532593568138));
#870=CARTESIAN_POINT('Ctrl Pts',(-0.285862628944724,2.7896612813921,3.24532564950938));
#871=CARTESIAN_POINT('Ctrl Pts',(-0.639095736281811,2.73363328275702,3.24532515974452));
#872=CARTESIAN_POINT('Ctrl Pts',(-0.835503467889141,2.68013586210386,3.24532501195101));
#873=CARTESIAN_POINT('Ctrl Pts',(-1.03163624661863,2.60303422484399,3.24532500596834));
#874=CARTESIAN_POINT('Ctrl Pts',(-1.03886453838384,2.60015787827078,3.24532500595396));
#875=CARTESIAN_POINT('Ctrl Pts',(-1.05342810086388,2.59429219192302,3.24532500634182));
#876=CARTESIAN_POINT('Ctrl Pts',(-1.06076286291137,2.59130177506739,3.24532500675166));
#877=CARTESIAN_POINT('Ctrl Pts',(-1.40481122097628,2.44932610175504,3.24532503606368));
#878=CARTESIAN_POINT('Ctrl Pts',(-1.7112079822488,2.24598756877163,3.24532553189031));
#879=CARTESIAN_POINT('Ctrl Pts',(-2.23075173029573,1.73156951199184,3.24532721861899));
#880=CARTESIAN_POINT('Ctrl Pts',(-2.43819140469667,1.42471363066564,3.24532839200241));
#881=CARTESIAN_POINT('Ctrl Pts',(-2.59185158131257,1.0597886568223,3.24532968216352));
#882=CARTESIAN_POINT('Ctrl Pts',(-2.60271640617692,1.03281726477803,3.24532977691586));
#883=CARTESIAN_POINT('Ctrl Pts',(-2.61315235372008,1.00570113664409,3.24532987144175));
#884=CARTESIAN_POINT('',(-2.8,-3.42901103761259E-16,0.));
#885=CARTESIAN_POINT('Origin',(24.2497469623,7.81474696233,0.5));
#886=CARTESIAN_POINT('',(25.549905143112,7.81500000076693,0.));
#887=CARTESIAN_POINT('',(24.250000000727,9.11490514314207,0.));
#888=CARTESIAN_POINT('Origin',(24.2497469623,7.81474696233,0.));
#889=CARTESIAN_POINT('',(24.2499999815,9.11490514313041,1.));
#890=CARTESIAN_POINT('',(24.2499999815,9.11490514313,0.5));
#891=CARTESIAN_POINT('',(25.5499051431,7.81499998154,1.));
#892=CARTESIAN_POINT('Origin',(24.2497469623,7.81474696233,1.));
#893=CARTESIAN_POINT('',(25.5499051431,7.81499998154,0.5));
#894=CARTESIAN_POINT('Origin',(25.55,-1.88737914186E-14,0.5));
#895=CARTESIAN_POINT('',(25.549999999976,-7.8150000238427,0.));
#896=CARTESIAN_POINT('',(25.55,-3.37507799486E-14,0.));
#897=CARTESIAN_POINT('',(25.54996815677,-7.81499027119932,1.00009102201536));
#898=CARTESIAN_POINT('',(25.55,-2.6645352591E-15,1.));
#899=CARTESIAN_POINT('',(25.55,-7.815,0.5));
#900=CARTESIAN_POINT('Ctrl Pts',(24.235,3.6,4.76));
#901=CARTESIAN_POINT('Ctrl Pts',(24.235,4.91946891451,4.76));
#902=CARTESIAN_POINT('Ctrl Pts',(23.718336983,6.24016890212,4.76));
#903=CARTESIAN_POINT('Ctrl Pts',(22.6751689021,7.28333698301,4.76));
#904=CARTESIAN_POINT('Ctrl Pts',(21.3544689145,7.8,4.76));
#905=CARTESIAN_POINT('Ctrl Pts',(20.035,7.8,4.76));
#906=CARTESIAN_POINT('Ctrl Pts',(24.4980000006,4.44300000003,4.007999999973));
#907=CARTESIAN_POINT('Ctrl Pts',(24.4980000006,5.58025654048,4.007999999973));
#908=CARTESIAN_POINT('Ctrl Pts',(24.0526856854,6.71857414899,4.007999999973));
#909=CARTESIAN_POINT('Ctrl Pts',(23.153574149,7.61768568522,4.007999999973));
#910=CARTESIAN_POINT('Ctrl Pts',(22.0152565406,8.06300000001,4.007999999973));
#911=CARTESIAN_POINT('Ctrl Pts',(20.8779999997,8.06300000001,4.007999999973));
#912=CARTESIAN_POINT('Ctrl Pts',(24.7610000012,5.28600000006,3.25599999995));
#913=CARTESIAN_POINT('Ctrl Pts',(24.7610000012,6.24104416644,3.25599999995));
#914=CARTESIAN_POINT('Ctrl Pts',(24.3870343877,7.19697939586,3.25599999995));
#915=CARTESIAN_POINT('Ctrl Pts',(23.6319793959,7.95203438743,3.25599999995));
#916=CARTESIAN_POINT('Ctrl Pts',(22.6760441667,8.32600000002,3.25599999995));
#917=CARTESIAN_POINT('Ctrl Pts',(21.7209999995,8.32600000002,3.25599999995));
#918=CARTESIAN_POINT('Ctrl Pts',(25.0239999988,6.12899999991,2.50399999993));
#919=CARTESIAN_POINT('Ctrl Pts',(25.0239999988,6.90183179272,2.50399999993));
#920=CARTESIAN_POINT('Ctrl Pts',(24.72138309,7.67538464203,2.50399999993));
#921=CARTESIAN_POINT('Ctrl Pts',(24.1103846426,8.28638309119,2.50399999993));
#922=CARTESIAN_POINT('Ctrl Pts',(23.3368317927,8.58900000056,2.50399999993));
#923=CARTESIAN_POINT('Ctrl Pts',(22.5639999999,8.58900000056,2.50399999993));
#924=CARTESIAN_POINT('Ctrl Pts',(25.2869999994,6.97199999995,1.75199999997));
#925=CARTESIAN_POINT('Ctrl Pts',(25.2869999994,7.56261941884,1.75199999997));
#926=CARTESIAN_POINT('Ctrl Pts',(25.0557317924,8.1537898892,1.75199999997));
#927=CARTESIAN_POINT('Ctrl Pts',(24.5887898895,8.62073179297,1.75199999997));
#928=CARTESIAN_POINT('Ctrl Pts',(23.9976194188,8.85200000028,1.75199999997));
#929=CARTESIAN_POINT('Ctrl Pts',(23.4069999999,8.85200000028,1.75199999997));
#930=CARTESIAN_POINT('Ctrl Pts',(25.55,7.815,1.));
#931=CARTESIAN_POINT('Ctrl Pts',(25.55,8.22340704497,1.));
#932=CARTESIAN_POINT('Ctrl Pts',(25.3900804947,8.63219513637,1.));
#933=CARTESIAN_POINT('Ctrl Pts',(25.0671951364,8.95508049474,1.));
#934=CARTESIAN_POINT('Ctrl Pts',(24.658407045,9.115,1.));
#935=CARTESIAN_POINT('Ctrl Pts',(24.25,9.115,1.));
#936=CARTESIAN_POINT('',(24.237016644754,3.60646913572519,4.7542337762475));
#937=CARTESIAN_POINT('',(24.2370460539,3.60655826391,4.75414968628299));
#938=CARTESIAN_POINT('',(20.179368549964,7.8450387788778,4.63121991742029));
#939=CARTESIAN_POINT('',(20.1794715991,7.84507239688,4.631123792941));
#940=CARTESIAN_POINT('Ctrl Pts',(20.179368489977,7.84503831590618,4.63122124119905));
#941=CARTESIAN_POINT('Ctrl Pts',(20.607865080432,7.83898696451343,4.64852205520732));
#942=CARTESIAN_POINT('Ctrl Pts',(21.031755286022,7.76014777253715,4.66486158445875));
#943=CARTESIAN_POINT('Ctrl Pts',(21.722809615341,7.51208418936686,4.69029326822215));
#944=CARTESIAN_POINT('Ctrl Pts',(21.997613195462,7.37625942962064,4.70003177967315));
#945=CARTESIAN_POINT('Ctrl Pts',(22.679751800787,6.9401259657953,4.72324702033779));
#946=CARTESIAN_POINT('Ctrl Pts',(23.052916978398,6.59302402078539,4.73489918861162));
#947=CARTESIAN_POINT('Ctrl Pts',(23.635127799287,5.8244351538981,4.75096224804387));
#948=CARTESIAN_POINT('Ctrl Pts',(23.853521717001,5.41532952375001,4.75586098688148));
#949=CARTESIAN_POINT('Ctrl Pts',(24.155589811135,4.53848586205168,4.75972914112734));
#950=CARTESIAN_POINT('Ctrl Pts',(24.235496868038,4.07394797844446,4.75857712532917));
#951=CARTESIAN_POINT('Ctrl Pts',(24.237016131572,3.60646912042914,4.75423524356266));
#952=CARTESIAN_POINT('Origin',(3.5527136788E-15,9.115,0.5));
#953=CARTESIAN_POINT('',(-24.250000019228,9.11499999998419,0.));
#954=CARTESIAN_POINT('',(3.5527136788E-15,9.115,0.));
#955=CARTESIAN_POINT('',(-24.249990270439,9.11496815676822,1.0000910220222));
#956=CARTESIAN_POINT('',(-24.25,9.115,0.5));
#957=CARTESIAN_POINT('',(0.,9.115,1.));
#958=CARTESIAN_POINT('Origin',(24.2497469623,-7.81474696233,0.5));
#959=CARTESIAN_POINT('',(24.249999996093,-9.11490514313637,-1.11022302462516E-15));
#960=CARTESIAN_POINT('Origin',(24.2497469623,-7.81474696233,0.));
#961=CARTESIAN_POINT('',(24.249993916043,-9.11489108598619,1.00009138505031));
#962=CARTESIAN_POINT('Ctrl Pts',(24.249967851431,-9.11490514898613,1.00027112799295));
#963=CARTESIAN_POINT('Ctrl Pts',(24.422048372451,-9.11487591353064,1.00025217787199));
#964=CARTESIAN_POINT('Ctrl Pts',(24.592427172297,-9.08068376795803,1.00033458520428));
#965=CARTESIAN_POINT('Ctrl Pts',(24.907413132369,-8.94901020341436,1.00026032662866));
#966=CARTESIAN_POINT('Ctrl Pts',(25.049375949158,-8.85381934281022,1.00019906057387));
#967=CARTESIAN_POINT('Ctrl Pts',(25.288819342801,-8.61437594916189,1.0001990605706));
#968=CARTESIAN_POINT('Ctrl Pts',(25.384010203403,-8.47241313236758,1.00026032662238));
#969=CARTESIAN_POINT('Ctrl Pts',(25.515683340604,-8.15742819454649,1.00033458497762));
#970=CARTESIAN_POINT('Ctrl Pts',(25.549875493665,-7.98705051743956,1.00025218145733));
#971=CARTESIAN_POINT('Ctrl Pts',(25.549905148414,-7.81497102077315,1.00027112772876));
#972=CARTESIAN_POINT('',(24.2499999815,-9.11490514313,0.5));
#973=CARTESIAN_POINT('Origin',(24.8925,2.44249065418E-15,2.88));
#974=CARTESIAN_POINT('',(24.237041331542,-3.60654395254785,4.75416318887261));
#975=CARTESIAN_POINT('',(24.8935230269,-5.71077913196,2.87707484314));
#976=CARTESIAN_POINT('Ctrl Pts',(24.237041249126,-3.60654395009539,4.75416342455057));
#977=CARTESIAN_POINT('Ctrl Pts',(24.240939466927,-2.40440623541367,4.74301718962405));
#978=CARTESIAN_POINT('Ctrl Pts',(24.242885554356,-1.20219583621164,4.73745271149778));
#979=CARTESIAN_POINT('Ctrl Pts',(24.242876265217,1.20217073238868,4.73747927208031));
#980=CARTESIAN_POINT('Ctrl Pts',(24.240920968762,2.40435644979647,4.74307008171421));
#981=CARTESIAN_POINT('Ctrl Pts',(24.237016131573,3.60646912042985,4.75423524356271));
#982=CARTESIAN_POINT('Ctrl Pts',(-0.162564117356,-14.3946497113,4.50613852393198));
#983=CARTESIAN_POINT('Ctrl Pts',(-359.71816113552,-155.740764428782,9.98318468001387));
#984=CARTESIAN_POINT('Ctrl Pts',(-354.62981111533,-153.714257910661,391.999816439082));
#985=CARTESIAN_POINT('Ctrl Pts',(-349.54146109516,-151.68775139254,774.01644819815));
#986=CARTESIAN_POINT('Ctrl Pts',(14.664135923004,-10.3416366750574,768.539402042068));
#987=CARTESIAN_POINT('Ctrl Pts',(369.56973294116,131.004478042425,763.062355885986));
#988=CARTESIAN_POINT('Ctrl Pts',(364.48138292098,128.977971524304,381.045724126918));
#989=CARTESIAN_POINT('Ctrl Pts',(359.3930329008,126.951465006182,-0.97090763214978));
#990=CARTESIAN_POINT('Ctrl Pts',(-0.162564117356,-14.3946497113,4.50613852393198));
#991=CARTESIAN_POINT('Ctrl Pts',(-16.8156310609,-9.62994740904,4.33170906956399));
#992=CARTESIAN_POINT('Ctrl Pts',(-371.8832785881,-151.040601006816,19.1970466854257));
#993=CARTESIAN_POINT('Ctrl Pts',(-358.07290730364,-145.540427607845,401.388107898862));
#994=CARTESIAN_POINT('Ctrl Pts',(-344.26253601917,-140.040254208874,783.579169112297));
#995=CARTESIAN_POINT('Ctrl Pts',(20.105111508032,1.37039938890181,768.713831496436));
#996=CARTESIAN_POINT('Ctrl Pts',(375.17275903524,142.781052986677,753.848493880574));
#997=CARTESIAN_POINT('Ctrl Pts',(361.36238775077,137.280879587707,371.657432667138));
#998=CARTESIAN_POINT('Ctrl Pts',(347.5520164663,131.780706188736,-10.5336285462976));
#999=CARTESIAN_POINT('Ctrl Pts',(-16.8156310609,-9.62994740904,4.33170906956399));
#1000=CARTESIAN_POINT('Ctrl Pts',(-28.8183983445,-4.84058766177,4.81188103537122));
#1001=CARTESIAN_POINT('Ctrl Pts',(-383.43995084853,-146.07357768126,29.0561084652629));
#1002=CARTESIAN_POINT('Ctrl Pts',(-360.9162927276,-137.103216009406,410.766997712892));
#1003=CARTESIAN_POINT('Ctrl Pts',(-338.39263460668,-128.132854337552,792.47788696052));
#1004=CARTESIAN_POINT('Ctrl Pts',(25.528917897356,13.1001356819374,768.233659530629));
#1005=CARTESIAN_POINT('Ctrl Pts',(380.15047040139,154.333125701427,743.989432100737));
#1006=CARTESIAN_POINT('Ctrl Pts',(357.62681228046,145.362764029573,362.278542853108));
#1007=CARTESIAN_POINT('Ctrl Pts',(335.10315415953,136.39240235772,-19.4323463945204));
#1008=CARTESIAN_POINT('Ctrl Pts',(-28.8183983445,-4.84058766177,4.81188103537122));
#1009=CARTESIAN_POINT('Ctrl Pts',(-40.7593118367,-0.0511318787244996,5.94419194186998));
#1010=CARTESIAN_POINT('Ctrl Pts',(-394.32891150708,-140.865166978506,39.5098095137296));
#1011=CARTESIAN_POINT('Ctrl Pts',(-363.14538557322,-128.445891906557,420.08838785486));
#1012=CARTESIAN_POINT('Ctrl Pts',(-331.96185963936,-116.026616834608,800.66696619599));
#1013=CARTESIAN_POINT('Ctrl Pts',(30.907740031016,24.7874182651729,767.10134862413));
#1014=CARTESIAN_POINT('Ctrl Pts',(384.4773397014,165.601453364954,733.53573105227));
#1015=CARTESIAN_POINT('Ctrl Pts',(353.29381376754,153.182178293006,352.95715271114));
#1016=CARTESIAN_POINT('Ctrl Pts',(322.11028783368,140.762903221057,-27.6214256299895));
#1017=CARTESIAN_POINT('Ctrl Pts',(-40.7593118367,-0.0511318787244996,5.94419194186998));
#1018=CARTESIAN_POINT('',(-20.179471417453,7.84507233755263,4.63112396258663));
#1019=CARTESIAN_POINT('Ctrl Pts',(20.179368489978,7.84503831591035,4.63122124119917));
#1020=CARTESIAN_POINT('Ctrl Pts',(15.005883930841,7.91809173950798,4.42233844825083));
#1021=CARTESIAN_POINT('Ctrl Pts',(5.17821710997132,7.95463754552301,4.31784245538651));
#1022=CARTESIAN_POINT('Ctrl Pts',(-5.17825464376598,7.95465366433831,4.31779636660662));
#1023=CARTESIAN_POINT('Ctrl Pts',(-15.005945319525,7.91812350376421,4.42224762421774));
#1024=CARTESIAN_POINT('Ctrl Pts',(-20.179471417345,7.845072336721,4.63112396496485));
#1025=CARTESIAN_POINT('',(-24.23704133154,3.60654395252467,4.75416318887846));
#1026=CARTESIAN_POINT('Ctrl Pts',(-20.179471417345,7.84507233672139,4.63112396496486));
#1027=CARTESIAN_POINT('Ctrl Pts',(-20.600986851967,7.83912045787606,4.64814226153127));
#1028=CARTESIAN_POINT('Ctrl Pts',(-21.018102843833,7.76272803659143,4.66423269875435));
#1029=CARTESIAN_POINT('Ctrl Pts',(-21.437139167026,7.61476701349748,4.67967803437332));
#1030=CARTESIAN_POINT('Ctrl Pts',(-21.458346328404,7.60707607336705,4.68045766761915));
#1031=CARTESIAN_POINT('Ctrl Pts',(-21.495687460579,7.59317602192979,4.68182682907635));
#1032=CARTESIAN_POINT('Ctrl Pts',(-21.511848294563,7.58704084666631,4.68241818645972));
#1033=CARTESIAN_POINT('Ctrl Pts',(-21.535466942723,7.57789953799863,4.68328068530714));
#1034=CARTESIAN_POINT('Ctrl Pts',(-21.54295608768,7.57497506713699,4.68355391193996));
#1035=CARTESIAN_POINT('Ctrl Pts',(-21.556119427793,7.56978929491055,4.68403369374353));
#1036=CARTESIAN_POINT('Ctrl Pts',(-21.561797330314,7.56753749250459,4.6842404938828));
#1037=CARTESIAN_POINT('Ctrl Pts',(-21.572836369617,7.56313039999883,4.68464226539564));
#1038=CARTESIAN_POINT('Ctrl Pts',(-21.578198033241,7.5609764739722,4.68483727171001));
#1039=CARTESIAN_POINT('Ctrl Pts',(-21.592509164159,7.5551915035607,4.68535741628672));
#1040=CARTESIAN_POINT('Ctrl Pts',(-21.601450258347,7.55153978414244,4.68568200948304));
#1041=CARTESIAN_POINT('Ctrl Pts',(-21.63354651316,7.53829631300222,4.6868458702417));
#1042=CARTESIAN_POINT('Ctrl Pts',(-21.656625463562,7.5285207940866,4.68768022374727));
#1043=CARTESIAN_POINT('Ctrl Pts',(-21.682661354964,7.51720643883606,4.68861862524156));
#1044=CARTESIAN_POINT('Ctrl Pts',(-21.685708840108,7.51587763422905,4.68872842008607));
#1045=CARTESIAN_POINT('Ctrl Pts',(-22.062931766146,7.3508426929691,4.70231350689827));
#1046=CARTESIAN_POINT('Ctrl Pts',(-22.410666432687,7.13129221319675,4.71416663853555));
#1047=CARTESIAN_POINT('Ctrl Pts',(-22.745213891434,6.84562097818027,4.72486448066749));
#1048=CARTESIAN_POINT('Ctrl Pts',(-22.768760645807,6.82506161569998,4.72561313747969));
#1049=CARTESIAN_POINT('Ctrl Pts',(-23.000007545109,6.61863390478058,4.73292270538116));
#1050=CARTESIAN_POINT('Ctrl Pts',(-23.189466743005,6.41292459997645,4.7385652365539));
#1051=CARTESIAN_POINT('Ctrl Pts',(-23.632485600348,5.82800267305418,4.75079019566902));
#1052=CARTESIAN_POINT('Ctrl Pts',(-23.849226100378,5.42348435165617,4.75566875009212));
#1053=CARTESIAN_POINT('Ctrl Pts',(-24.15404048197,4.54769259729373,4.75966587015606));
#1054=CARTESIAN_POINT('Ctrl Pts',(-24.235510284823,4.07862747963399,4.75854058234007));
#1055=CARTESIAN_POINT('Ctrl Pts',(-24.237041249131,3.60654395007225,4.7541634245519));
#1056=CARTESIAN_POINT('',(-24.237016644757,-3.60646913577267,4.75423377623755));
#1057=CARTESIAN_POINT('Ctrl Pts',(-24.237041249126,3.60654395007225,4.75416342455173));
#1058=CARTESIAN_POINT('Ctrl Pts',(-24.240939466927,2.4044062353612,4.7430171896246));
#1059=CARTESIAN_POINT('Ctrl Pts',(-24.242885554356,1.20219583612982,4.73745271149791));
#1060=CARTESIAN_POINT('Ctrl Pts',(-24.242876265216,-1.20217073248908,4.73747927208089));
#1061=CARTESIAN_POINT('Ctrl Pts',(-24.240920968762,-2.40435644986516,4.74307008171478));
#1062=CARTESIAN_POINT('Ctrl Pts',(-24.237016131573,-3.60646912047721,4.75423524356318));
#1063=CARTESIAN_POINT('',(-20.179368550109,-7.8450387788826,4.63121991740812));
#1064=CARTESIAN_POINT('Ctrl Pts',(-20.179368490121,-7.84503831590413,4.63122124120487));
#1065=CARTESIAN_POINT('Ctrl Pts',(-20.607865055823,-7.83898696483916,4.64852205421342));
#1066=CARTESIAN_POINT('Ctrl Pts',(-21.031755237188,-7.7601477816446,4.66486158257666));
#1067=CARTESIAN_POINT('Ctrl Pts',(-21.722809533116,-7.51208422487552,4.6902932652566));
#1068=CARTESIAN_POINT('Ctrl Pts',(-21.997613102386,-7.3762594786522,4.70003177640406));
#1069=CARTESIAN_POINT('Ctrl Pts',(-22.679751683978,-6.94012605776419,4.72324701653001));
#1070=CARTESIAN_POINT('Ctrl Pts',(-23.052916853828,-6.5930241462317,4.73489918481014));
#1071=CARTESIAN_POINT('Ctrl Pts',(-23.635127715104,-5.82443530056363,4.75096224605351));
#1072=CARTESIAN_POINT('Ctrl Pts',(-23.853521663861,-5.41532964610247,4.75586098590227));
#1073=CARTESIAN_POINT('Ctrl Pts',(-24.155589799937,-4.53848592700511,4.75972914128757));
#1074=CARTESIAN_POINT('Ctrl Pts',(-24.235496867926,-4.07394801126239,4.75857712563378));
#1075=CARTESIAN_POINT('Ctrl Pts',(-24.237016131572,-3.60646912047654,4.75423524356315));
#1076=CARTESIAN_POINT('',(20.179471417392,-7.84507233755374,4.63112396258077));
#1077=CARTESIAN_POINT('Ctrl Pts',(20.179471417285,-7.84507233672271,4.63112396496005));
#1078=CARTESIAN_POINT('Ctrl Pts',(15.005945319103,-7.91812350377039,4.42224762420017));
#1079=CARTESIAN_POINT('Ctrl Pts',(5.17825464298063,-7.95465366434403,4.31779636659049));
#1080=CARTESIAN_POINT('Ctrl Pts',(-5.17821711078292,-7.95463754551767,4.31784245540196));
#1081=CARTESIAN_POINT('Ctrl Pts',(-15.005883931315,-7.91809173950195,4.42233844826801));
#1082=CARTESIAN_POINT('Ctrl Pts',(-20.179368490122,-7.8450383159083,4.63122124120498));
#1083=CARTESIAN_POINT('Ctrl Pts',(20.179471417285,-7.84507233672306,4.63112396496005));
#1084=CARTESIAN_POINT('Ctrl Pts',(20.600986851921,-7.8391204578846,4.64814226152702));
#1085=CARTESIAN_POINT('Ctrl Pts',(21.018102843863,-7.76272803658715,4.66423269875295));
#1086=CARTESIAN_POINT('Ctrl Pts',(21.437139167065,-7.61476701348521,4.67967803437218));
#1087=CARTESIAN_POINT('Ctrl Pts',(21.458346328441,-7.60707607335515,4.68045766761799));
#1088=CARTESIAN_POINT('Ctrl Pts',(21.49568746059,-7.59317602192698,4.68182682907428));
#1089=CARTESIAN_POINT('Ctrl Pts',(21.511848294566,-7.58704084666712,4.68241818645729));
#1090=CARTESIAN_POINT('Ctrl Pts',(21.535466942699,-7.57789953800969,4.68328068530374));
#1091=CARTESIAN_POINT('Ctrl Pts',(21.542956087624,-7.57497506716129,4.68355391193532));
#1092=CARTESIAN_POINT('Ctrl Pts',(21.556119427858,-7.5697892948867,4.68403369374334));
#1093=CARTESIAN_POINT('Ctrl Pts',(21.561797330439,-7.56753749245654,4.68424049388486));
#1094=CARTESIAN_POINT('Ctrl Pts',(21.572836369589,-7.56313040001144,4.68464226539217));
#1095=CARTESIAN_POINT('Ctrl Pts',(21.578198033181,-7.56097647399851,4.68483727170523));
#1096=CARTESIAN_POINT('Ctrl Pts',(21.592509164161,-7.55519150356172,4.68535741628422));
#1097=CARTESIAN_POINT('Ctrl Pts',(21.601450258351,-7.55153978414288,4.68568200948073));
#1098=CARTESIAN_POINT('Ctrl Pts',(21.633546513161,-7.53829631300348,4.68684587023932));
#1099=CARTESIAN_POINT('Ctrl Pts',(21.656625463565,-7.52852079408723,4.68768022374487));
#1100=CARTESIAN_POINT('Ctrl Pts',(21.682661354959,-7.51720643884037,4.68861862523887));
#1101=CARTESIAN_POINT('Ctrl Pts',(21.685708840097,-7.51587763423604,4.68872842008309));
#1102=CARTESIAN_POINT('Ctrl Pts',(22.062931766147,-7.35084269297053,4.70231350689577));
#1103=CARTESIAN_POINT('Ctrl Pts',(22.410666432689,-7.13129221319804,4.7141666385332));
#1104=CARTESIAN_POINT('Ctrl Pts',(22.745213891433,-6.84562097818402,4.72486448066513));
#1105=CARTESIAN_POINT('Ctrl Pts',(22.768760645803,-6.82506161570658,4.72561313747721));
#1106=CARTESIAN_POINT('Ctrl Pts',(23.000007545089,-6.61863390480138,4.73292270537823));
#1107=CARTESIAN_POINT('Ctrl Pts',(23.189466742967,-6.41292460002117,4.73856523655049));
#1108=CARTESIAN_POINT('Ctrl Pts',(23.632485600304,-5.82800267313025,4.75079019566587));
#1109=CARTESIAN_POINT('Ctrl Pts',(23.849226100339,-5.42348435174138,4.75566875008939));
#1110=CARTESIAN_POINT('Ctrl Pts',(24.154040481959,-4.5476925973609,4.75966587015461));
#1111=CARTESIAN_POINT('Ctrl Pts',(24.235510284821,-4.07862747969073,4.75854058233909));
#1112=CARTESIAN_POINT('Ctrl Pts',(24.237041249131,-3.60654395009536,4.75416342455086));
#1113=CARTESIAN_POINT('Origin',(1.15463194561E-14,8.4575,2.88));
#1114=CARTESIAN_POINT('',(-22.2147357996,8.48003619844,2.81556189647));
#1115=CARTESIAN_POINT('Origin',(-24.2497469623,7.81474696233,0.5));
#1116=CARTESIAN_POINT('',(-25.549905143112,7.81500000076694,-6.66133814775094E-15));
#1117=CARTESIAN_POINT('Origin',(-24.2497469623,7.81474696233,0.));
#1118=CARTESIAN_POINT('',(-25.549891085751,7.81499391658516,1.00009138500087));
#1119=CARTESIAN_POINT('',(-25.5499051431,7.81499998154,0.5));
#1120=CARTESIAN_POINT('Ctrl Pts',(-24.249971018518,9.11490514844419,1.00027112764423));
#1121=CARTESIAN_POINT('Ctrl Pts',(-24.422050462963,9.11487549399908,1.00025218142301));
#1122=CARTESIAN_POINT('Ctrl Pts',(-24.592428146357,9.08068336077177,1.00033458497461));
#1123=CARTESIAN_POINT('Ctrl Pts',(-24.907413132369,8.94901020341435,1.00026032662863));
#1124=CARTESIAN_POINT('Ctrl Pts',(-25.049375949158,8.85381934281022,1.00019906057385));
#1125=CARTESIAN_POINT('Ctrl Pts',(-25.288819342801,8.61437594916188,1.00019906057061));
#1126=CARTESIAN_POINT('Ctrl Pts',(-25.384010203403,8.47241313236757,1.0002603266224));
#1127=CARTESIAN_POINT('Ctrl Pts',(-25.515683747786,8.15742722049825,1.00033458520729));
#1128=CARTESIAN_POINT('Ctrl Pts',(-25.549875913192,7.98704842695267,1.00025217790638));
#1129=CARTESIAN_POINT('Ctrl Pts',(-25.549905148956,7.81496785372244,1.00027112807751));
#1130=CARTESIAN_POINT('Origin',(-25.55,3.99680288865E-15,0.5));
#1131=CARTESIAN_POINT('',(-25.549999999984,-7.81500001922813,0.));
#1132=CARTESIAN_POINT('',(-25.55,1.06581410364E-14,0.));
#1133=CARTESIAN_POINT('',(-25.549968156758,-7.8149902704327,1.00009102205065));
#1134=CARTESIAN_POINT('',(-25.55,-7.815,0.5));
#1135=CARTESIAN_POINT('',(-25.55,-3.5527136788E-15,1.));
#1136=CARTESIAN_POINT('Origin',(-24.2497469623,-7.81474696233,0.5));
#1137=CARTESIAN_POINT('',(-24.250000000727,-9.11490514314207,0.));
#1138=CARTESIAN_POINT('Origin',(-24.2497469623,-7.81474696233,0.));
#1139=CARTESIAN_POINT('',(-24.249993916551,-9.11489108578339,1.00009138497181));
#1140=CARTESIAN_POINT('',(-24.2499999815,-9.11490514313,0.5));
#1141=CARTESIAN_POINT('Ctrl Pts',(-25.549905148414,-7.81497101850082,1.000271127729));
#1142=CARTESIAN_POINT('Ctrl Pts',(-25.549875493975,-7.98705046295428,1.00025218146062));
#1143=CARTESIAN_POINT('Ctrl Pts',(-25.515683360751,-8.15742814635981,1.00033458498898));
#1144=CARTESIAN_POINT('Ctrl Pts',(-25.384010203393,-8.47241313238523,1.00026032662239));
#1145=CARTESIAN_POINT('Ctrl Pts',(-25.288819342788,-8.61437594917806,1.00019906057061));
#1146=CARTESIAN_POINT('Ctrl Pts',(-25.049375949142,-8.85381934282266,1.0001990605739));
#1147=CARTESIAN_POINT('Ctrl Pts',(-24.907413132351,-8.94901020342459,1.00026032662872));
#1148=CARTESIAN_POINT('Ctrl Pts',(-24.592427220487,-9.08068374781062,1.000334585193));
#1149=CARTESIAN_POINT('Ctrl Pts',(-24.422048426941,-9.11487591321977,1.00025217786879));
#1150=CARTESIAN_POINT('Ctrl Pts',(-24.24996785371,-9.11490514898574,1.0002711279927));
#1151=CARTESIAN_POINT('Origin',(2.6645352591E-15,-9.115,0.5));
#1152=CARTESIAN_POINT('',(0.,-9.115,0.));
#1153=CARTESIAN_POINT('',(0.,-9.115,1.));
#1154=CARTESIAN_POINT('Ctrl Pts',(20.035,-7.8,4.76));
#1155=CARTESIAN_POINT('Ctrl Pts',(21.3544689145,-7.8,4.76));
#1156=CARTESIAN_POINT('Ctrl Pts',(22.6751689021,-7.28333698301,4.76));
#1157=CARTESIAN_POINT('Ctrl Pts',(23.718336983,-6.24016890212,4.76));
#1158=CARTESIAN_POINT('Ctrl Pts',(24.235,-4.91946891451,4.76));
#1159=CARTESIAN_POINT('Ctrl Pts',(24.235,-3.6,4.76));
#1160=CARTESIAN_POINT('Ctrl Pts',(20.8779999997,-8.06300000001,4.007999999973));
#1161=CARTESIAN_POINT('Ctrl Pts',(22.0152565406,-8.06300000001,4.007999999973));
#1162=CARTESIAN_POINT('Ctrl Pts',(23.153574149,-7.61768568522,4.007999999973));
#1163=CARTESIAN_POINT('Ctrl Pts',(24.0526856854,-6.71857414899,4.007999999973));
#1164=CARTESIAN_POINT('Ctrl Pts',(24.4980000006,-5.58025654048,4.007999999973));
#1165=CARTESIAN_POINT('Ctrl Pts',(24.4980000006,-4.44299999996,4.007999999973));
#1166=CARTESIAN_POINT('Ctrl Pts',(21.7209999995,-8.32600000002,3.25599999995));
#1167=CARTESIAN_POINT('Ctrl Pts',(22.6760441667,-8.32600000002,3.25599999995));
#1168=CARTESIAN_POINT('Ctrl Pts',(23.6319793959,-7.95203438743,3.25599999995));
#1169=CARTESIAN_POINT('Ctrl Pts',(24.3870343877,-7.19697939586,3.25599999995));
#1170=CARTESIAN_POINT('Ctrl Pts',(24.7610000012,-6.24104416644,3.25599999995));
#1171=CARTESIAN_POINT('Ctrl Pts',(24.7610000012,-5.28599999991,3.25599999995));
#1172=CARTESIAN_POINT('Ctrl Pts',(22.5639999999,-8.58900000056,2.50399999993));
#1173=CARTESIAN_POINT('Ctrl Pts',(23.3368317927,-8.58900000056,2.50399999993));
#1174=CARTESIAN_POINT('Ctrl Pts',(24.1103846426,-8.28638309002,2.50399999993));
#1175=CARTESIAN_POINT('Ctrl Pts',(24.72138309,-7.67538464261,2.50399999993));
#1176=CARTESIAN_POINT('Ctrl Pts',(25.0239999988,-6.90183179272,2.50399999993));
#1177=CARTESIAN_POINT('Ctrl Pts',(25.0239999988,-6.12899999991,2.50399999993));
#1178=CARTESIAN_POINT('Ctrl Pts',(23.4069999999,-8.85200000028,1.75199999997));
#1179=CARTESIAN_POINT('Ctrl Pts',(23.9976194188,-8.85200000028,1.75199999997));
#1180=CARTESIAN_POINT('Ctrl Pts',(24.5887898895,-8.62073179238,1.75199999997));
#1181=CARTESIAN_POINT('Ctrl Pts',(25.0557317924,-8.15378988949,1.75199999997));
#1182=CARTESIAN_POINT('Ctrl Pts',(25.2869999994,-7.56261941884,1.75199999997));
#1183=CARTESIAN_POINT('Ctrl Pts',(25.2869999994,-6.97199999995,1.75199999997));
#1184=CARTESIAN_POINT('Ctrl Pts',(24.25,-9.115,1.));
#1185=CARTESIAN_POINT('Ctrl Pts',(24.658407045,-9.115,1.));
#1186=CARTESIAN_POINT('Ctrl Pts',(25.0671951364,-8.95508049474,1.));
#1187=CARTESIAN_POINT('Ctrl Pts',(25.3900804947,-8.63219513637,1.));
#1188=CARTESIAN_POINT('Ctrl Pts',(25.55,-8.22340704497,1.));
#1189=CARTESIAN_POINT('Ctrl Pts',(25.55,-7.815,1.));
#1190=CARTESIAN_POINT('',(20.1794715991,-7.84507239688,4.631123792941));
#1191=CARTESIAN_POINT('Origin',(4.4408920985E-15,-8.4575,2.88));
#1192=CARTESIAN_POINT('',(-22.2147357996,-8.48003619844,2.81556189647));
#1193=CARTESIAN_POINT('Ctrl Pts',(-24.235,-3.6,4.76));
#1194=CARTESIAN_POINT('Ctrl Pts',(-24.235,-4.91946891451,4.76));
#1195=CARTESIAN_POINT('Ctrl Pts',(-23.718336983,-6.24016890212,4.76));
#1196=CARTESIAN_POINT('Ctrl Pts',(-22.6751689021,-7.28333698301,4.76));
#1197=CARTESIAN_POINT('Ctrl Pts',(-21.3544689145,-7.8,4.76));
#1198=CARTESIAN_POINT('Ctrl Pts',(-20.035,-7.8,4.76));
#1199=CARTESIAN_POINT('Ctrl Pts',(-24.4980000006,-4.44300000003,4.007999999973));
#1200=CARTESIAN_POINT('Ctrl Pts',(-24.4980000006,-5.58025654048,4.007999999973));
#1201=CARTESIAN_POINT('Ctrl Pts',(-24.0526856854,-6.71857414899,4.007999999973));
#1202=CARTESIAN_POINT('Ctrl Pts',(-23.153574149,-7.61768568522,4.007999999973));
#1203=CARTESIAN_POINT('Ctrl Pts',(-22.0152565406,-8.06300000001,4.007999999973));
#1204=CARTESIAN_POINT('Ctrl Pts',(-20.8779999994,-8.06300000001,4.007999999973));
#1205=CARTESIAN_POINT('Ctrl Pts',(-24.7610000012,-5.28600000006,3.25599999995));
#1206=CARTESIAN_POINT('Ctrl Pts',(-24.7610000012,-6.24104416644,3.25599999995));
#1207=CARTESIAN_POINT('Ctrl Pts',(-24.3870343877,-7.19697939586,3.25599999995));
#1208=CARTESIAN_POINT('Ctrl Pts',(-23.6319793959,-7.95203438743,3.25599999995));
#1209=CARTESIAN_POINT('Ctrl Pts',(-22.6760441667,-8.32600000002,3.25599999995));
#1210=CARTESIAN_POINT('Ctrl Pts',(-21.7209999989,-8.32600000002,3.25599999995));
#1211=CARTESIAN_POINT('Ctrl Pts',(-25.0239999988,-6.12899999991,2.50399999993));
#1212=CARTESIAN_POINT('Ctrl Pts',(-25.0239999988,-6.90183179272,2.50399999993));
#1213=CARTESIAN_POINT('Ctrl Pts',(-24.72138309,-7.67538464261,2.50399999993));
#1214=CARTESIAN_POINT('Ctrl Pts',(-24.1103846426,-8.28638309059,2.50399999993));
#1215=CARTESIAN_POINT('Ctrl Pts',(-23.3368317927,-8.58900000056,2.50399999993));
#1216=CARTESIAN_POINT('Ctrl Pts',(-22.5640000011,-8.58900000056,2.50399999993));
#1217=CARTESIAN_POINT('Ctrl Pts',(-25.2869999994,-6.97199999995,1.75199999997));
#1218=CARTESIAN_POINT('Ctrl Pts',(-25.2869999994,-7.56261941884,1.75199999997));
#1219=CARTESIAN_POINT('Ctrl Pts',(-25.0557317924,-8.15378988949,1.75199999997));
#1220=CARTESIAN_POINT('Ctrl Pts',(-24.5887898895,-8.62073179267,1.75199999997));
#1221=CARTESIAN_POINT('Ctrl Pts',(-23.9976194188,-8.85200000028,1.75199999997));
#1222=CARTESIAN_POINT('Ctrl Pts',(-23.4070000005,-8.85200000028,1.75199999997));
#1223=CARTESIAN_POINT('Ctrl Pts',(-25.55,-7.815,1.));
#1224=CARTESIAN_POINT('Ctrl Pts',(-25.55,-8.22340704497,1.));
#1225=CARTESIAN_POINT('Ctrl Pts',(-25.3900804947,-8.63219513637,1.));
#1226=CARTESIAN_POINT('Ctrl Pts',(-25.0671951364,-8.95508049474,1.));
#1227=CARTESIAN_POINT('Ctrl Pts',(-24.658407045,-9.115,1.));
#1228=CARTESIAN_POINT('Ctrl Pts',(-24.25,-9.115,1.));
#1229=CARTESIAN_POINT('',(-24.2370460539,-3.60655826391,4.75414968628287));
#1230=CARTESIAN_POINT('Origin',(-24.8925,-2.22044604925E-15,2.88));
#1231=CARTESIAN_POINT('',(-24.8935230269,5.71077913196,2.87707484314));
#1232=CARTESIAN_POINT('Ctrl Pts',(-20.035,7.8,4.76));
#1233=CARTESIAN_POINT('Ctrl Pts',(-21.3544689145,7.8,4.76));
#1234=CARTESIAN_POINT('Ctrl Pts',(-22.6751689021,7.28333698301,4.76));
#1235=CARTESIAN_POINT('Ctrl Pts',(-23.718336983,6.24016890212,4.76));
#1236=CARTESIAN_POINT('Ctrl Pts',(-24.235,4.91946891451,4.76));
#1237=CARTESIAN_POINT('Ctrl Pts',(-24.235,3.6,4.76));
#1238=CARTESIAN_POINT('Ctrl Pts',(-20.8779999997,8.06300000001,4.007999999973));
#1239=CARTESIAN_POINT('Ctrl Pts',(-22.0152565406,8.06300000001,4.007999999973));
#1240=CARTESIAN_POINT('Ctrl Pts',(-23.153574149,7.61768568522,4.007999999973));
#1241=CARTESIAN_POINT('Ctrl Pts',(-24.0526856854,6.71857414899,4.007999999973));
#1242=CARTESIAN_POINT('Ctrl Pts',(-24.4980000006,5.58025654048,4.007999999973));
#1243=CARTESIAN_POINT('Ctrl Pts',(-24.4980000006,4.44300000003,4.007999999973));
#1244=CARTESIAN_POINT('Ctrl Pts',(-21.7209999995,8.32600000002,3.25599999995));
#1245=CARTESIAN_POINT('Ctrl Pts',(-22.6760441667,8.32600000002,3.25599999995));
#1246=CARTESIAN_POINT('Ctrl Pts',(-23.6319793959,7.95203438743,3.25599999995));
#1247=CARTESIAN_POINT('Ctrl Pts',(-24.3870343877,7.19697939586,3.25599999995));
#1248=CARTESIAN_POINT('Ctrl Pts',(-24.7610000012,6.24104416644,3.25599999995));
#1249=CARTESIAN_POINT('Ctrl Pts',(-24.7610000012,5.28600000006,3.25599999995));
#1250=CARTESIAN_POINT('Ctrl Pts',(-22.5639999999,8.58900000056,2.50399999993));
#1251=CARTESIAN_POINT('Ctrl Pts',(-23.3368317927,8.58900000056,2.50399999993));
#1252=CARTESIAN_POINT('Ctrl Pts',(-24.1103846426,8.28638308942,2.50399999993));
#1253=CARTESIAN_POINT('Ctrl Pts',(-24.72138309,7.67538464261,2.50399999993));
#1254=CARTESIAN_POINT('Ctrl Pts',(-25.0239999988,6.90183179329,2.50399999993));
#1255=CARTESIAN_POINT('Ctrl Pts',(-25.0239999988,6.12899999991,2.50399999993));
#1256=CARTESIAN_POINT('Ctrl Pts',(-23.4069999999,8.85200000028,1.75199999997));
#1257=CARTESIAN_POINT('Ctrl Pts',(-23.9976194188,8.85200000028,1.75199999997));
#1258=CARTESIAN_POINT('Ctrl Pts',(-24.5887898895,8.62073179208,1.75199999997));
#1259=CARTESIAN_POINT('Ctrl Pts',(-25.0557317924,8.15378988949,1.75199999997));
#1260=CARTESIAN_POINT('Ctrl Pts',(-25.2869999994,7.56261941913,1.75199999997));
#1261=CARTESIAN_POINT('Ctrl Pts',(-25.2869999994,6.97199999995,1.75199999997));
#1262=CARTESIAN_POINT('Ctrl Pts',(-24.25,9.115,1.));
#1263=CARTESIAN_POINT('Ctrl Pts',(-24.658407045,9.115,1.));
#1264=CARTESIAN_POINT('Ctrl Pts',(-25.0671951364,8.95508049474,1.));
#1265=CARTESIAN_POINT('Ctrl Pts',(-25.3900804947,8.63219513637,1.));
#1266=CARTESIAN_POINT('Ctrl Pts',(-25.55,8.22340704497,1.));
#1267=CARTESIAN_POINT('Ctrl Pts',(-25.55,7.815,1.));
#1268=CARTESIAN_POINT('Origin',(3.06421554797E-15,-1.35447209004E-15,0.));
#1269=CARTESIAN_POINT('',(-24.24980000627,-8.11490646854051,0.));
#1270=CARTESIAN_POINT('',(24.249805394317,-8.11490516208206,0.));
#1271=CARTESIAN_POINT('',(-4.86562346147E-5,-8.115,0.));
#1272=CARTESIAN_POINT('',(24.549999999703,-7.81500008332763,0.));
#1273=CARTESIAN_POINT('Origin',(24.2497469623,-7.81474696233,0.));
#1274=CARTESIAN_POINT('',(24.549996530055,7.81499859161647,0.));
#1275=CARTESIAN_POINT('',(24.55,-4.86562346254E-5,0.));
#1276=CARTESIAN_POINT('',(24.250000083328,8.11499999970325,0.));
#1277=CARTESIAN_POINT('Origin',(24.2497469623,7.81474696233,0.));
#1278=CARTESIAN_POINT('',(-24.249998591617,8.11499653005573,0.));
#1279=CARTESIAN_POINT('',(4.86562346147E-5,8.115,0.));
#1280=CARTESIAN_POINT('',(-24.549906468573,7.81480000622297,0.));
#1281=CARTESIAN_POINT('Origin',(-24.2497469623,7.81474696233,0.));
#1282=CARTESIAN_POINT('',(-24.549996530055,-7.81499859161647,0.));
#1283=CARTESIAN_POINT('',(-24.55,4.86562346111E-5,0.));
#1284=CARTESIAN_POINT('Origin',(-24.2497469623,-7.81474696233,0.));
#1285=CARTESIAN_POINT('Origin',(1.15463194561E-14,7.98553169634,2.7149366172));
#1286=CARTESIAN_POINT('',(-21.07886800159,7.6536986975484,3.66375188375795));
#1287=CARTESIAN_POINT('',(21.078761942403,7.65366412476264,3.66385073826189));
#1288=CARTESIAN_POINT('Ctrl Pts',(-21.078868001467,7.65369869662995,3.66375188633288));
#1289=CARTESIAN_POINT('Ctrl Pts',(-15.606071593114,7.73526048911297,3.43054098159058));
#1290=CARTESIAN_POINT('Ctrl Pts',(-5.47836802631029,7.77604809329469,3.31391634910149));
#1291=CARTESIAN_POINT('Ctrl Pts',(5.4783287473626,7.77603094277665,3.31396538784508));
#1292=CARTESIAN_POINT('Ctrl Pts',(15.60600986757,7.735226703496,3.43063758533186));
#1293=CARTESIAN_POINT('Ctrl Pts',(21.078761878369,7.65366365648743,3.66385207715864));
#1294=CARTESIAN_POINT('',(-22.5574877556,8.115,2.34474587822));
#1295=CARTESIAN_POINT('',(-21.0788680918,7.65369872853,3.66375179511));
#1296=CARTESIAN_POINT('',(22.5574877566,8.115,2.34474587822));
#1297=CARTESIAN_POINT('',(-22.5574877556,8.115,2.34474587822));
#1298=CARTESIAN_POINT('',(21.0788680917,7.65369872851,3.66375179518));
#1299=CARTESIAN_POINT('Ctrl Pts',(24.0012822929,4.36367016078,3.913702974643));
#1300=CARTESIAN_POINT('Ctrl Pts',(24.0271057473,4.866948658,3.839865568693));
#1301=CARTESIAN_POINT('Ctrl Pts',(23.9604578664,5.38074747791,3.79607033478));
#1302=CARTESIAN_POINT('Ctrl Pts',(23.7749185778,5.87942879181,3.77494254798));
#1303=CARTESIAN_POINT('Ctrl Pts',(23.2007904772,6.76579047683,3.75125315454));
#1304=CARTESIAN_POINT('Ctrl Pts',(22.3144287921,7.33991857736,3.774942547875));
#1305=CARTESIAN_POINT('Ctrl Pts',(21.8157474781,7.52545786575,3.796070334623));
#1306=CARTESIAN_POINT('Ctrl Pts',(21.3019486581,7.59210574665,3.839865568525));
#1307=CARTESIAN_POINT('Ctrl Pts',(20.7986701604,7.56628229224,3.913702974233));
#1308=CARTESIAN_POINT('Ctrl Pts',(24.8186791027,6.98369111915,1.57650752892));
#1309=CARTESIAN_POINT('Ctrl Pts',(24.844502557,7.20381407797,1.50267012331));
#1310=CARTESIAN_POINT('Ctrl Pts',(24.8332921305,7.43432526584,1.4588748891));
#1311=CARTESIAN_POINT('Ctrl Pts',(24.759155772,7.66454235731,1.4377471023));
#1312=CARTESIAN_POINT('Ctrl Pts',(24.5069352105,8.07193521102,1.41405770873));
#1313=CARTESIAN_POINT('Ctrl Pts',(24.0995423572,8.32415577311,1.43774710211));
#1314=CARTESIAN_POINT('Ctrl Pts',(23.8693252659,8.39829213185,1.45887488885));
#1315=CARTESIAN_POINT('Ctrl Pts',(23.6388140779,8.40950255841,1.50267012297));
#1316=CARTESIAN_POINT('Ctrl Pts',(23.4186911191,8.38367910405,1.5765075286));
#1317=CARTESIAN_POINT('',(24.250004446231,8.11499307882329,1.5266663643895));
#1318=CARTESIAN_POINT('Ctrl Pts',(22.5574877566,8.115,2.34474587899423));
#1319=CARTESIAN_POINT('Ctrl Pts',(22.607283242448,8.115,2.3447458788786));
#1320=CARTESIAN_POINT('Ctrl Pts',(22.66041911419,8.11500000000008,2.33758936909699));
#1321=CARTESIAN_POINT('Ctrl Pts',(22.779340462096,8.11500000000008,2.31444232867029));
#1322=CARTESIAN_POINT('Ctrl Pts',(22.851466833718,8.115,2.29391569862489));
#1323=CARTESIAN_POINT('Ctrl Pts',(23.081628694539,8.115,2.21724802763189));
#1324=CARTESIAN_POINT('Ctrl Pts',(23.250073192767,8.11500000004625,2.14126742009674));
#1325=CARTESIAN_POINT('Ctrl Pts',(23.694103706789,8.11500000004625,1.91313310488967));
#1326=CARTESIAN_POINT('Ctrl Pts',(23.987150320513,8.115,1.72530081846376));
#1327=CARTESIAN_POINT('Ctrl Pts',(24.249922547703,8.115,1.52661703852664));
#1328=CARTESIAN_POINT('',(24.549980627708,7.81501582639003,1.52651232477256));
#1329=CARTESIAN_POINT('Ctrl Pts',(24.249968016092,8.11490508635462,1.52667724936472));
#1330=CARTESIAN_POINT('Ctrl Pts',(24.272090760883,8.11488879388664,1.50996512329705));
#1331=CARTESIAN_POINT('Ctrl Pts',(24.295280779782,8.11243056281662,1.49465247636883));
#1332=CARTESIAN_POINT('Ctrl Pts',(24.344365567503,8.10079275050817,1.46744739018286));
#1333=CARTESIAN_POINT('Ctrl Pts',(24.370062922532,8.09120949149374,1.45601955016781));
#1334=CARTESIAN_POINT('Ctrl Pts',(24.419106884838,8.06408725527694,1.4405952689493));
#1335=CARTESIAN_POINT('Ctrl Pts',(24.441740122807,8.04722878834888,1.43659708746713));
#1336=CARTESIAN_POINT('Ctrl Pts',(24.482104652645,8.00688985081425,1.43657927212112));
#1337=CARTESIAN_POINT('Ctrl Pts',(24.498977453958,7.98426860027668,1.44055913751401));
#1338=CARTESIAN_POINT('Ctrl Pts',(24.526119174034,7.93526406529861,1.45594116599655));
#1339=CARTESIAN_POINT('Ctrl Pts',(24.535714752057,7.90959576047881,1.46733866644709));
#1340=CARTESIAN_POINT('Ctrl Pts',(24.547403638016,7.8604859849832,1.49452124402454));
#1341=CARTESIAN_POINT('Ctrl Pts',(24.549880564097,7.83724629469349,1.50985492011925));
#1342=CARTESIAN_POINT('Ctrl Pts',(24.549904985592,7.8150776229814,1.52659446692956));
#1343=CARTESIAN_POINT('',(24.550000000024,6.12248775776526,2.34474587766583));
#1344=CARTESIAN_POINT('Ctrl Pts',(24.55,6.12248775776526,2.34474587737286));
#1345=CARTESIAN_POINT('Ctrl Pts',(24.55,6.17228845424307,2.34474587737133));
#1346=CARTESIAN_POINT('Ctrl Pts',(24.55,6.22543043049539,2.33758787356263));
#1347=CARTESIAN_POINT('Ctrl Pts',(24.55,6.34436779200776,2.31443599548654));
#1348=CARTESIAN_POINT('Ctrl Pts',(24.55,6.4165058645627,2.29390439661925));
#1349=CARTESIAN_POINT('Ctrl Pts',(24.55,6.64671182511472,2.21721625858837));
#1350=CARTESIAN_POINT('Ctrl Pts',(24.550000000046,6.81519181998088,2.14121331603799));
#1351=CARTESIAN_POINT('Ctrl Pts',(24.550000000046,7.25923979973676,1.91305024474817));
#1352=CARTESIAN_POINT('Ctrl Pts',(24.55,7.55227086814996,1.72521905169788));
#1353=CARTESIAN_POINT('Ctrl Pts',(24.55,7.81503215181915,1.52653416378197));
#1354=CARTESIAN_POINT('',(24.057241095464,4.54304175257437,3.7536990969469));
#1355=CARTESIAN_POINT('',(24.057273356,4.5431396145,3.75360685441));
#1356=CARTESIAN_POINT('Ctrl Pts',(21.078761878369,7.65366365654105,3.6638520771597));
#1357=CARTESIAN_POINT('Ctrl Pts',(21.37466169217,7.64925295671783,3.67646146291317));
#1358=CARTESIAN_POINT('Ctrl Pts',(21.670807934929,7.58784415199204,3.68829067972316));
#1359=CARTESIAN_POINT('Ctrl Pts',(22.15111694308,7.41013215455502,3.70652160767387));
#1360=CARTESIAN_POINT('Ctrl Pts',(22.344579113298,7.31344142426063,3.71355561916844));
#1361=CARTESIAN_POINT('Ctrl Pts',(22.829808176144,7.00667966469105,3.73044664056506));
#1362=CARTESIAN_POINT('Ctrl Pts',(23.100960160394,6.76368063415064,3.73905020373646));
#1363=CARTESIAN_POINT('Ctrl Pts',(23.54920875258,6.21322964405575,3.75159368822886));
#1364=CARTESIAN_POINT('Ctrl Pts',(23.728574162003,5.90635904298061,3.75563332134963));
#1365=CARTESIAN_POINT('Ctrl Pts',(23.988326547234,5.23216015081612,3.7588358151603));
#1366=CARTESIAN_POINT('Ctrl Pts',(24.055871166499,4.87837757500308,3.75761340291753));
#1367=CARTESIAN_POINT('Ctrl Pts',(24.057240542691,4.54304173186566,3.75370067830554));
#1368=CARTESIAN_POINT('Origin',(3.5527136788E-15,8.115,0.5));
#1369=CARTESIAN_POINT('',(-24.250015826398,8.11498062770593,1.52651232484348));
#1370=CARTESIAN_POINT('Ctrl Pts',(-22.5574877556,8.115,2.34474587897981));
#1371=CARTESIAN_POINT('Ctrl Pts',(-22.607342984126,8.115,2.34474587896093));
#1372=CARTESIAN_POINT('Ctrl Pts',(-22.660548839352,8.11500000000009,2.33757223250313));
#1373=CARTESIAN_POINT('Ctrl Pts',(-22.779722956139,8.11500000000009,2.31435622978258));
#1374=CARTESIAN_POINT('Ctrl Pts',(-22.852058792946,8.115,2.29374513172435));
#1375=CARTESIAN_POINT('Ctrl Pts',(-23.08220504031,8.115,2.21699199366596));
#1376=CARTESIAN_POINT('Ctrl Pts',(-23.250404087459,8.11500000004595,2.1411042477865));
#1377=CARTESIAN_POINT('Ctrl Pts',(-23.694239792523,8.11500000004595,1.91305024985678));
#1378=CARTESIAN_POINT('Ctrl Pts',(-23.987270865053,8.115,1.72521905435966));
#1379=CARTESIAN_POINT('Ctrl Pts',(-24.250032151842,8.115,1.52653416387281));
#1380=CARTESIAN_POINT('',(-24.25,8.115,1.1790966685));
#1381=CARTESIAN_POINT('',(24.25,8.115,1.1790966685));
#1382=CARTESIAN_POINT('Ctrl Pts',(-20.8120180648,7.57044658507,3.901795946819));
#1383=CARTESIAN_POINT('Ctrl Pts',(-21.3138540042,7.59627003947,3.827958541144));
#1384=CARTESIAN_POINT('Ctrl Pts',(-21.8262095929,7.529904589,3.784163307308));
#1385=CARTESIAN_POINT('Ctrl Pts',(-22.3235231945,7.34493285167,3.76303552053));
#1386=CARTESIAN_POINT('Ctrl Pts',(-23.207444735,6.77244473467,3.73934612715));
#1387=CARTESIAN_POINT('Ctrl Pts',(-23.7799328522,5.88852319436,3.763035520549));
#1388=CARTESIAN_POINT('Ctrl Pts',(-23.9649045897,5.3912095927,3.78416330734));
#1389=CARTESIAN_POINT('Ctrl Pts',(-24.0312700402,4.87885400408,3.82795854128));
#1390=CARTESIAN_POINT('Ctrl Pts',(-24.0054465857,4.37701806519,3.901795947234));
#1391=CARTESIAN_POINT('Ctrl Pts',(-23.4186911192,8.38367910409,1.57650752847));
#1392=CARTESIAN_POINT('Ctrl Pts',(-23.6388140777,8.40950255857,1.50267012251));
#1393=CARTESIAN_POINT('Ctrl Pts',(-23.8693252658,8.39829213178,1.45887488876));
#1394=CARTESIAN_POINT('Ctrl Pts',(-24.0995423573,8.32415577272,1.437747102));
#1395=CARTESIAN_POINT('Ctrl Pts',(-24.5069352107,8.07193521071,1.41405770862));
#1396=CARTESIAN_POINT('Ctrl Pts',(-24.7591557721,7.66454235747,1.43774710212));
#1397=CARTESIAN_POINT('Ctrl Pts',(-24.8332921305,7.43432526628,1.45887488897));
#1398=CARTESIAN_POINT('Ctrl Pts',(-24.8445025571,7.20381407835,1.50267012323));
#1399=CARTESIAN_POINT('Ctrl Pts',(-24.8186791028,6.98369111929,1.57650752879));
#1400=CARTESIAN_POINT('',(-24.057270655691,4.54313142367506,3.75361457494986));
#1401=CARTESIAN_POINT('',(-24.549999999893,6.12248775705383,2.34474587801073));
#1402=CARTESIAN_POINT('',(-24.057273356,4.54313961442,3.75360685448));
#1403=CARTESIAN_POINT('',(-24.549907624488,7.81479948368901,1.52672514725865));
#1404=CARTESIAN_POINT('Ctrl Pts',(-24.55,6.12248775774008,2.34474587745645));
#1405=CARTESIAN_POINT('Ctrl Pts',(-24.55,6.17233226570442,2.34474587747429));
#1406=CARTESIAN_POINT('Ctrl Pts',(-24.55,6.225525561639,2.33757530761017));
#1407=CARTESIAN_POINT('Ctrl Pts',(-24.55,6.34466663748981,2.31436928599479));
#1408=CARTESIAN_POINT('Ctrl Pts',(-24.55,6.41697829596807,2.29376846137175));
#1409=CARTESIAN_POINT('Ctrl Pts',(-24.55,6.64703333297346,2.21705763734545));
#1410=CARTESIAN_POINT('Ctrl Pts',(-24.55,6.81515893879642,2.14121606499014));
#1411=CARTESIAN_POINT('Ctrl Pts',(-24.55,7.25895157966454,1.91322506512304));
#1412=CARTESIAN_POINT('Ctrl Pts',(-24.55,7.55200932065415,1.72539626985839));
#1413=CARTESIAN_POINT('Ctrl Pts',(-24.55,7.81479222727948,1.52671557141049));
#1414=CARTESIAN_POINT('Ctrl Pts',(-24.549905154012,7.8148376874055,1.52677572820862));
#1415=CARTESIAN_POINT('Ctrl Pts',(-24.549898447603,7.8370254189154,1.51000585161976));
#1416=CARTESIAN_POINT('Ctrl Pts',(-24.54743589314,7.86028826508836,1.49464260485079));
#1417=CARTESIAN_POINT('Ctrl Pts',(-24.535771317475,7.90942392588642,1.46742116304659));
#1418=CARTESIAN_POINT('Ctrl Pts',(-24.526192585023,7.93509505798014,1.45600881775139));
#1419=CARTESIAN_POINT('Ctrl Pts',(-24.499083978797,7.98411129646854,1.44059448630154));
#1420=CARTESIAN_POINT('Ctrl Pts',(-24.482226805357,8.00674210705218,1.43659708637307));
#1421=CARTESIAN_POINT('Ctrl Pts',(-24.441891815783,8.0471026864341,1.43657927284473));
#1422=CARTESIAN_POINT('Ctrl Pts',(-24.419272970019,8.06397420413612,1.44055836556271));
#1423=CARTESIAN_POINT('Ctrl Pts',(-24.370282425254,8.09110986249133,1.45593478314276));
#1424=CARTESIAN_POINT('Ctrl Pts',(-24.344625957601,8.10070379041709,1.46732499078388));
#1425=CARTESIAN_POINT('Ctrl Pts',(-24.295512874719,8.11240077366273,1.49450351378015));
#1426=CARTESIAN_POINT('Ctrl Pts',(-24.272259131605,8.11488054998299,1.50984522704116));
#1427=CARTESIAN_POINT('Ctrl Pts',(-24.25007762299,8.1149049856215,1.52659446700128));
#1428=CARTESIAN_POINT('Ctrl Pts',(-24.057270609662,4.54313142194447,3.75361470732821));
#1429=CARTESIAN_POINT('Ctrl Pts',(-24.055895895653,4.88035533700558,3.75754521694222));
#1430=CARTESIAN_POINT('Ctrl Pts',(-23.9875982871,5.23623325118104,3.75875560702524));
#1431=CARTESIAN_POINT('Ctrl Pts',(-23.726526502282,5.90995963959434,3.75548630046946));
#1432=CARTESIAN_POINT('Ctrl Pts',(-23.548084958836,6.21466452133554,3.75145919822196));
#1433=CARTESIAN_POINT('Ctrl Pts',(-23.195495077658,6.6477660248749,3.74159227951591));
#1434=CARTESIAN_POINT('Ctrl Pts',(-23.048118358283,6.79812499943585,3.73712103073983));
#1435=CARTESIAN_POINT('Ctrl Pts',(-22.653164664369,7.13166238370726,3.7243441620016));
#1436=CARTESIAN_POINT('Ctrl Pts',(-22.390771823238,7.29727294696436,3.71521553601011));
#1437=CARTESIAN_POINT('Ctrl Pts',(-22.10769817713,7.42105501592967,3.70470439927609));
#1438=CARTESIAN_POINT('Ctrl Pts',(-22.105826500009,7.42187120178054,3.70463487243348));
#1439=CARTESIAN_POINT('Ctrl Pts',(-22.086696902598,7.43018999876609,3.7039239884158));
#1440=CARTESIAN_POINT('Ctrl Pts',(-22.069369555566,7.43753322054113,3.70327774827982));
#1441=CARTESIAN_POINT('Ctrl Pts',(-22.045320339431,7.44745857926356,3.70237755417252));
#1442=CARTESIAN_POINT('Ctrl Pts',(-22.038655885642,7.45018096086623,3.70212775153423));
#1443=CARTESIAN_POINT('Ctrl Pts',(-22.02800279735,7.45448771333802,3.70172789330641));
#1444=CARTESIAN_POINT('Ctrl Pts',(-22.024020427148,7.45608768086667,3.70157829473164));
#1445=CARTESIAN_POINT('Ctrl Pts',(-22.016252049532,7.45918921705688,3.70128623492448));
#1446=CARTESIAN_POINT('Ctrl Pts',(-22.012466367715,7.4606916495225,3.70114379811244));
#1447=CARTESIAN_POINT('Ctrl Pts',(-22.004635331766,7.46378093150021,3.7008489255681));
#1448=CARTESIAN_POINT('Ctrl Pts',(-22.00058955718,7.4653667005611,3.70069645871148));
#1449=CARTESIAN_POINT('Ctrl Pts',(-21.991383174229,7.46895185234203,3.70034922505318));
#1450=CARTESIAN_POINT('Ctrl Pts',(-21.986220400897,7.47094569386662,3.70015429815617));
#1451=CARTESIAN_POINT('Ctrl Pts',(-21.973101268762,7.4759699146013,3.69965844806632));
#1452=CARTESIAN_POINT('Ctrl Pts',(-21.965137287889,7.47898044597252,3.69935695658837));
#1453=CARTESIAN_POINT('Ctrl Pts',(-21.942368343366,7.48747465842577,3.69849360251558));
#1454=CARTESIAN_POINT('Ctrl Pts',(-21.927531704113,7.49287388020417,3.69792935077371));
#1455=CARTESIAN_POINT('Ctrl Pts',(-21.644899089022,7.59313344562347,3.68714838831359));
#1456=CARTESIAN_POINT('Ctrl Pts',(-21.361760869384,7.64948270624,3.67580672934113));
#1457=CARTESIAN_POINT('Ctrl Pts',(-21.078868001467,7.65369869668691,3.66375188633406));
#1458=CARTESIAN_POINT('Ctrl Pts',(-0.104316143733,-14.4555942252,3.50770561550001));
#1459=CARTESIAN_POINT('Ctrl Pts',(-360.58748907872,-156.171129016785,8.95318701602371));
#1460=CARTESIAN_POINT('Ctrl Pts',(-355.52846372005,-154.156301454995,391.968251683524));
#1461=CARTESIAN_POINT('Ctrl Pts',(-350.46943836138,-152.141473893205,774.983316351023));
#1462=CARTESIAN_POINT('Ctrl Pts',(14.663734573614,-10.4259391016201,769.5378349505));
#1463=CARTESIAN_POINT('Ctrl Pts',(370.49690750861,131.289595689965,764.092353549976));
#1464=CARTESIAN_POINT('Ctrl Pts',(365.43788214993,129.274768128175,381.077288882476));
#1465=CARTESIAN_POINT('Ctrl Pts',(360.37885679126,127.259940566385,-1.93777578502355));
#1466=CARTESIAN_POINT('Ctrl Pts',(-0.104316143733,-14.4555942252,3.50770561550001));
#1467=CARTESIAN_POINT('Ctrl Pts',(-16.8278972963,-9.66298174328,3.33011314417001));
#1468=CARTESIAN_POINT('Ctrl Pts',(-372.82605928366,-151.444225731111,18.2190691830134));
#1469=CARTESIAN_POINT('Ctrl Pts',(-358.9937457333,-145.93531351805,401.411726321843));
#1470=CARTESIAN_POINT('Ctrl Pts',(-345.16143218295,-140.426401304989,784.604383460673));
#1471=CARTESIAN_POINT('Ctrl Pts',(20.136729804415,1.3548426828417,769.71542742183));
#1472=CARTESIAN_POINT('Ctrl Pts',(376.13489179178,143.136086670673,754.826471382987));
#1473=CARTESIAN_POINT('Ctrl Pts',(362.30257824142,137.627174457612,371.633814244157));
#1474=CARTESIAN_POINT('Ctrl Pts',(348.47026469106,132.118262244551,-11.5588428946732));
#1475=CARTESIAN_POINT('Ctrl Pts',(-16.8278972963,-9.66298174328,3.33011314417001));
#1476=CARTESIAN_POINT('Ctrl Pts',(-28.9012770332,-4.84544612345,3.81310996858503));
#1477=CARTESIAN_POINT('Ctrl Pts',(-384.45071961393,-146.447981335599,28.1361319657094));
#1478=CARTESIAN_POINT('Ctrl Pts',(-361.85385883479,-137.44846568192,410.845792280124));
#1479=CARTESIAN_POINT('Ctrl Pts',(-339.25699805565,-128.448950028241,793.555452594539));
#1480=CARTESIAN_POINT('Ctrl Pts',(25.592444525078,13.1535851839076,769.232430597415));
#1481=CARTESIAN_POINT('Ctrl Pts',(381.14188710581,154.756120396056,744.909408600291));
#1482=CARTESIAN_POINT('Ctrl Pts',(358.54502632667,145.756604742378,362.199748285876));
#1483=CARTESIAN_POINT('Ctrl Pts',(335.94816554753,136.757089088699,-20.5099120285392));
#1484=CARTESIAN_POINT('Ctrl Pts',(-28.9012770332,-4.84544612345,3.81310996858503));
#1485=CARTESIAN_POINT('Ctrl Pts',(-40.912136578,-0.0278538845221998,4.95420301955797));
#1486=CARTESIAN_POINT('Ctrl Pts',(-395.40146743363,-141.208184784405,38.6531867796297));
#1487=CARTESIAN_POINT('Ctrl Pts',(-364.09404007059,-128.739564236445,420.221754043072));
#1488=CARTESIAN_POINT('Ctrl Pts',(-332.78661270754,-116.270943688484,801.790321306514));
#1489=CARTESIAN_POINT('Ctrl Pts',(31.002718148097,24.9093872113982,768.091337546442));
#1490=CARTESIAN_POINT('Ctrl Pts',(385.49204900373,166.089718111281,734.39235378637));
#1491=CARTESIAN_POINT('Ctrl Pts',(354.18462164068,153.621097563321,352.823786522928));
#1492=CARTESIAN_POINT('Ctrl Pts',(322.87719427763,141.15247701536,-28.7447807405136));
#1493=CARTESIAN_POINT('Ctrl Pts',(-40.912136578,-0.0278538845221998,4.95420301955797));
#1494=CARTESIAN_POINT('',(24.057270655503,-4.54313142378267,3.75361457489623));
#1495=CARTESIAN_POINT('Ctrl Pts',(24.057270608938,-4.54313142204963,3.75361470729924));
#1496=CARTESIAN_POINT('Ctrl Pts',(24.063443349548,-3.02884099466137,3.73596489384447));
#1497=CARTESIAN_POINT('Ctrl Pts',(24.066525360516,-1.51440600906126,3.7271524518384));
#1498=CARTESIAN_POINT('Ctrl Pts',(24.066513573482,1.51437582111639,3.72718615468628));
#1499=CARTESIAN_POINT('Ctrl Pts',(24.063419895898,3.0287814490567,3.73603195523322));
#1500=CARTESIAN_POINT('Ctrl Pts',(24.057240541964,4.5430417318644,3.75370067826864));
#1501=CARTESIAN_POINT('',(21.078868001201,-7.65369869756971,3.66375188374241));
#1502=CARTESIAN_POINT('Ctrl Pts',(24.057270609657,-4.54313142205212,3.7536147073357));
#1503=CARTESIAN_POINT('Ctrl Pts',(24.055895895631,-4.88035531574112,3.75754521669556));
#1504=CARTESIAN_POINT('Ctrl Pts',(23.987598295766,-5.23623320540109,3.75875560686991));
#1505=CARTESIAN_POINT('Ctrl Pts',(23.726526534894,-5.90995957712431,3.75548630113499));
#1506=CARTESIAN_POINT('Ctrl Pts',(23.548084996114,-6.21466446499655,3.7514591991524));
#1507=CARTESIAN_POINT('Ctrl Pts',(23.195495107909,-6.64776599403751,3.74159228044134));
#1508=CARTESIAN_POINT('Ctrl Pts',(23.048118374724,-6.79812498556333,3.73712103127914));
#1509=CARTESIAN_POINT('Ctrl Pts',(22.653164664438,-7.13166238369282,3.72434416201181));
#1510=CARTESIAN_POINT('Ctrl Pts',(22.390771823313,-7.29727294694785,3.71521553602049));
#1511=CARTESIAN_POINT('Ctrl Pts',(22.107698177248,-7.42105501589482,3.70470439928801));
#1512=CARTESIAN_POINT('Ctrl Pts',(22.105826500105,-7.42187120175514,3.70463487244469));
#1513=CARTESIAN_POINT('Ctrl Pts',(22.086696902653,-7.43018999875869,3.70392398842548));
#1514=CARTESIAN_POINT('Ctrl Pts',(22.069369555626,-7.43753322053121,3.70327774828963));
#1515=CARTESIAN_POINT('Ctrl Pts',(22.045320339537,-7.44745857923495,3.70237755418402));
#1516=CARTESIAN_POINT('Ctrl Pts',(22.038655885727,-7.45018096084628,3.70212775154497));
#1517=CARTESIAN_POINT('Ctrl Pts',(22.028002797414,-7.45448771332655,3.70172789331637));
#1518=CARTESIAN_POINT('Ctrl Pts',(22.024020427213,-7.45608768085504,3.70157829474166));
#1519=CARTESIAN_POINT('Ctrl Pts',(22.016252049594,-7.45918921704592,3.70128623493443));
#1520=CARTESIAN_POINT('Ctrl Pts',(22.012466367779,-7.46069164951119,3.70114379812238));
#1521=CARTESIAN_POINT('Ctrl Pts',(22.004635331832,-7.46378093148811,3.70084892557811));
#1522=CARTESIAN_POINT('Ctrl Pts',(22.000589557246,-7.46536670054923,3.70069645872149));
#1523=CARTESIAN_POINT('Ctrl Pts',(21.991383174302,-7.46895185232713,3.70034922506348));
#1524=CARTESIAN_POINT('Ctrl Pts',(21.986220400964,-7.47094569385383,3.70015429816628));
#1525=CARTESIAN_POINT('Ctrl Pts',(21.973101268822,-7.47596991459148,3.69965844807614));
#1526=CARTESIAN_POINT('Ctrl Pts',(21.965137287951,-7.47898044596208,3.69935695659827));
#1527=CARTESIAN_POINT('Ctrl Pts',(21.942368343428,-7.48747465841476,3.69849360252554));
#1528=CARTESIAN_POINT('Ctrl Pts',(21.927531704176,-7.49287388019335,3.69792935078364));
#1529=CARTESIAN_POINT('Ctrl Pts',(21.644899089073,-7.59313344561706,3.68714838832302));
#1530=CARTESIAN_POINT('Ctrl Pts',(21.361760869033,-7.64948270629311,3.67580672933408));
#1531=CARTESIAN_POINT('Ctrl Pts',(21.078868001078,-7.65369869668986,3.66375188632463));
#1532=CARTESIAN_POINT('',(-21.078761942315,-7.65366412475433,3.66385073827854));
#1533=CARTESIAN_POINT('Ctrl Pts',(21.078868001077,-7.65369869663324,3.66375188632346));
#1534=CARTESIAN_POINT('Ctrl Pts',(15.606071592852,-7.73526048911269,3.43054098159136));
#1535=CARTESIAN_POINT('Ctrl Pts',(5.47836802617615,-7.7760480932928,3.31391634910699));
#1536=CARTESIAN_POINT('Ctrl Pts',(-5.47832874733042,-7.77603094277555,3.31396538784836));
#1537=CARTESIAN_POINT('Ctrl Pts',(-15.606009867506,-7.73522670349584,3.4306375853323));
#1538=CARTESIAN_POINT('Ctrl Pts',(-21.078761878281,-7.6536636564885,3.66385207715555));
#1539=CARTESIAN_POINT('',(-24.05724109528,-4.54304175268646,3.75369909688369));
#1540=CARTESIAN_POINT('Ctrl Pts',(-21.078761878281,-7.65366365653481,3.66385207715645));
#1541=CARTESIAN_POINT('Ctrl Pts',(-21.374661688114,-7.64925295675833,3.6764614627404));
#1542=CARTESIAN_POINT('Ctrl Pts',(-21.670807926802,-7.58784415364166,3.68829067939809));
#1543=CARTESIAN_POINT('Ctrl Pts',(-22.151116929535,-7.41013216047071,3.70652160717086));
#1544=CARTESIAN_POINT('Ctrl Pts',(-22.344579097896,-7.31344143236286,3.71355561861292));
#1545=CARTESIAN_POINT('Ctrl Pts',(-22.829808156577,-7.00667967966273,3.73044663991398));
#1546=CARTESIAN_POINT('Ctrl Pts',(-23.100960139208,-6.76368065449348,3.73905020307872));
#1547=CARTESIAN_POINT('Ctrl Pts',(-23.549208737743,-6.21322966780947,3.75159368787581));
#1548=CARTESIAN_POINT('Ctrl Pts',(-23.728574152473,-5.90635906284661,3.75563332117493));
#1549=CARTESIAN_POINT('Ctrl Pts',(-23.988326545284,-5.23216016104173,3.75883581519456));
#1550=CARTESIAN_POINT('Ctrl Pts',(-24.055871166467,-4.87837757996681,3.75761340297331));
#1551=CARTESIAN_POINT('Ctrl Pts',(-24.057240542693,-4.54304173197774,3.75370067830512));
#1552=CARTESIAN_POINT('Ctrl Pts',(-24.057240541964,-4.54304173197664,3.75370067826812));
#1553=CARTESIAN_POINT('Ctrl Pts',(-24.063419895898,-3.02878144912319,3.73603195523088));
#1554=CARTESIAN_POINT('Ctrl Pts',(-24.066513573483,-1.51437582113709,3.72718615468273));
#1555=CARTESIAN_POINT('Ctrl Pts',(-24.066525360517,1.51440600903582,3.72715245183351));
#1556=CARTESIAN_POINT('Ctrl Pts',(-24.06344334955,3.02884099459485,3.73596489383837));
#1557=CARTESIAN_POINT('Ctrl Pts',(-24.057270608941,4.54313142194204,3.75361470729164));
#1558=CARTESIAN_POINT('Origin',(24.4205316963,1.87350135405E-15,2.7149366172));
#1559=CARTESIAN_POINT('',(24.55,-6.12248775697187,2.34474587794778));
#1560=CARTESIAN_POINT('',(24.55,6.12248775766,2.34474587822));
#1561=CARTESIAN_POINT('',(24.0572733554,-4.54313961439,3.75360685443));
#1562=CARTESIAN_POINT('Origin',(24.55,-1.88737914186E-14,0.5));
#1563=CARTESIAN_POINT('',(24.55,7.815,1.1790966685));
#1564=CARTESIAN_POINT('',(24.549993078825,-7.81500444621357,1.52666636396557));
#1565=CARTESIAN_POINT('',(24.55,-7.815,1.1790966685));
#1566=CARTESIAN_POINT('Ctrl Pts',(24.55,-6.1224877577156,2.34474587740334));
#1567=CARTESIAN_POINT('Ctrl Pts',(24.55,-6.17233841642302,2.34474587739903));
#1568=CARTESIAN_POINT('Ctrl Pts',(24.55,-6.22553891817914,2.33757354243107));
#1569=CARTESIAN_POINT('Ctrl Pts',(24.55,-6.3446997441032,2.31436163998746));
#1570=CARTESIAN_POINT('Ctrl Pts',(24.55,-6.41702613877018,2.29375460600185));
#1571=CARTESIAN_POINT('Ctrl Pts',(24.55,-6.64712758458597,2.21702119974056));
#1572=CARTESIAN_POINT('Ctrl Pts',(24.550000000046,-6.8152879075402,2.14115710244032));
#1573=CARTESIAN_POINT('Ctrl Pts',(24.550000000046,-7.25910369995606,1.9131331085109));
#1574=CARTESIAN_POINT('Ctrl Pts',(24.55,-7.55215031749671,1.7253008200556));
#1575=CARTESIAN_POINT('Ctrl Pts',(24.55,-7.81492254764749,1.52661703809097));
#1576=CARTESIAN_POINT('Origin',(24.2497469623,7.81474696233,0.5));
#1577=CARTESIAN_POINT('Origin',(-24.2497469623,7.81474696233,0.5));
#1578=CARTESIAN_POINT('',(-24.5499051621,7.81480537506,1.1725085249));
#1579=CARTESIAN_POINT('Origin',(-24.55,3.99680288865E-15,0.5));
#1580=CARTESIAN_POINT('',(-24.549980627707,-7.81501582639073,1.52651232479349));
#1581=CARTESIAN_POINT('',(-24.55,-7.815,1.1790966685));
#1582=CARTESIAN_POINT('',(-24.55,-6.12248775766,2.34474587822));
#1583=CARTESIAN_POINT('',(-24.55,-3.5527136788E-15,2.34474587822));
#1584=CARTESIAN_POINT('Ctrl Pts',(-24.55,-7.81503215182092,1.52653416380431));
#1585=CARTESIAN_POINT('Ctrl Pts',(-24.55,-7.55228432838342,1.72520887388283));
#1586=CARTESIAN_POINT('Ctrl Pts',(-24.550000000004,-7.25927080106283,1.91303026020612));
#1587=CARTESIAN_POINT('Ctrl Pts',(-24.550000000004,-6.8152290138769,2.14119635202637));
#1588=CARTESIAN_POINT('Ctrl Pts',(-24.55,-6.64673788856223,2.21720629814731));
#1589=CARTESIAN_POINT('Ctrl Pts',(-24.55,-6.41651810022739,2.29390085375802));
#1590=CARTESIAN_POINT('Ctrl Pts',(-24.55,-6.34437635928326,2.31443401046327));
#1591=CARTESIAN_POINT('Ctrl Pts',(-24.55,-6.22543397709593,2.33758740526721));
#1592=CARTESIAN_POINT('Ctrl Pts',(-24.55,-6.17229008765196,2.3447458773763));
#1593=CARTESIAN_POINT('Ctrl Pts',(-24.55,-6.12248775773945,2.3447458773745));
#1594=CARTESIAN_POINT('Origin',(-24.4205316963,-2.22044604925E-15,2.7149366172));
#1595=CARTESIAN_POINT('',(-24.0572733554,-4.54313961447,3.75360685435));
#1596=CARTESIAN_POINT('Ctrl Pts',(20.8120180648,-7.57044658507,3.901795946817));
#1597=CARTESIAN_POINT('Ctrl Pts',(21.3138540042,-7.59627003948,3.827958541131));
#1598=CARTESIAN_POINT('Ctrl Pts',(21.8262095929,-7.52990458903,3.78416330727));
#1599=CARTESIAN_POINT('Ctrl Pts',(22.3235231946,-7.3449328517,3.763035520501));
#1600=CARTESIAN_POINT('Ctrl Pts',(23.207444735,-6.77244473468,3.73934612714));
#1601=CARTESIAN_POINT('Ctrl Pts',(23.7799328522,-5.88852319434,3.763035520559));
#1602=CARTESIAN_POINT('Ctrl Pts',(23.9649045897,-5.39120959267,3.784163307362));
#1603=CARTESIAN_POINT('Ctrl Pts',(24.0312700401,-4.87885400403,3.82795854129));
#1604=CARTESIAN_POINT('Ctrl Pts',(24.0054465857,-4.37701806508,3.901795947232));
#1605=CARTESIAN_POINT('Ctrl Pts',(23.4185388363,-8.38363159472,1.57664337276));
#1606=CARTESIAN_POINT('Ctrl Pts',(23.6386782527,-8.40945504916,1.50280596691));
#1607=CARTESIAN_POINT('Ctrl Pts',(23.8692059062,-8.39824140026,1.45901073305));
#1608=CARTESIAN_POINT('Ctrl Pts',(24.0994386015,-8.32409856628,1.43788294628));
#1609=CARTESIAN_POINT('Ctrl Pts',(24.5068592938,-8.07185929411,1.41419355291));
#1610=CARTESIAN_POINT('Ctrl Pts',(24.7590985655,-7.66443860166,1.43788294643));
#1611=CARTESIAN_POINT('Ctrl Pts',(24.833241399,-7.43420590645,1.45901073329));
#1612=CARTESIAN_POINT('Ctrl Pts',(24.8444550477,-7.20367825298,1.50280596747));
#1613=CARTESIAN_POINT('Ctrl Pts',(24.8186315934,-6.98353883639,1.57664337308));
#1614=CARTESIAN_POINT('',(24.249851141437,-8.11490514181913,1.5265516988366));
#1615=CARTESIAN_POINT('Ctrl Pts',(24.549905086325,-7.81496801605072,1.52667724894818));
#1616=CARTESIAN_POINT('Ctrl Pts',(24.549888785063,-7.83710270904936,1.50995609689045));
#1617=CARTESIAN_POINT('Ctrl Pts',(24.54742791144,-7.86030580647093,1.4946359612845));
#1618=CARTESIAN_POINT('Ctrl Pts',(24.53578315573,-7.90939121506949,1.46743600486261));
#1619=CARTESIAN_POINT('Ctrl Pts',(24.526202690682,-7.93507505905278,1.45601579732821));
#1620=CARTESIAN_POINT('Ctrl Pts',(24.499088981963,-7.98410391819743,1.44059613946213));
#1621=CARTESIAN_POINT('Ctrl Pts',(24.482232479651,-8.00673525458366,1.43659790652959));
#1622=CARTESIAN_POINT('Ctrl Pts',(24.441898699925,-8.04709697200266,1.43657845862692));
#1623=CARTESIAN_POINT('Ctrl Pts',(24.419280426254,-8.06396913489167,1.44055670440547));
#1624=CARTESIAN_POINT('Ctrl Pts',(24.370264984048,-8.09112049470832,1.45593955494294));
#1625=CARTESIAN_POINT('Ctrl Pts',(24.344581782149,-8.10072066380262,1.46734432257781));
#1626=CARTESIAN_POINT('Ctrl Pts',(24.295423493426,-8.11241608415772,1.49455778836225));
#1627=CARTESIAN_POINT('Ctrl Pts',(24.272151389697,-8.11488977235893,1.50991840303295));
#1628=CARTESIAN_POINT('Ctrl Pts',(24.249954176776,-8.11490509622764,1.52668770402402));
#1629=CARTESIAN_POINT('',(22.5574877557,-8.11499999972,2.34474587903));
#1630=CARTESIAN_POINT('Ctrl Pts',(22.5574877557,-8.115,2.34474587898436));
#1631=CARTESIAN_POINT('Ctrl Pts',(22.60734359983,-8.115,2.34474587895549));
#1632=CARTESIAN_POINT('Ctrl Pts',(22.660550176135,-8.11500000000009,2.33757205583667));
#1633=CARTESIAN_POINT('Ctrl Pts',(22.779726985236,-8.11500000000009,2.31435532506992));
#1634=CARTESIAN_POINT('Ctrl Pts',(22.852065076166,-8.115,2.29374332112767));
#1635=CARTESIAN_POINT('Ctrl Pts',(23.082210651617,-8.115,2.21698944255597));
#1636=CARTESIAN_POINT('Ctrl Pts',(23.250406508947,-8.11500000004595,2.14110300412519));
#1637=CARTESIAN_POINT('Ctrl Pts',(23.69419189973,-8.11500000004595,1.9130748575972));
#1638=CARTESIAN_POINT('Ctrl Pts',(23.987176104582,-8.115,1.72528013953972));
#1639=CARTESIAN_POINT('Ctrl Pts',(24.249908724794,-8.115,1.52662748986121));
#1640=CARTESIAN_POINT('',(21.0788680915,-7.65369872862,3.66375179499));
#1641=CARTESIAN_POINT('Origin',(4.4408920985E-15,-7.98553169634,2.7149366172));
#1642=CARTESIAN_POINT('',(-22.5574877566,-8.115,2.34474587822));
#1643=CARTESIAN_POINT('',(22.5574877556,-8.115,2.34474587822));
#1644=CARTESIAN_POINT('',(-21.0788680917,-7.65369872851,3.66375179518));
#1645=CARTESIAN_POINT('Ctrl Pts',(-24.0012822929,-4.36367016078,3.913702974648));
#1646=CARTESIAN_POINT('Ctrl Pts',(-24.0271057473,-4.866948658,3.839865568698));
#1647=CARTESIAN_POINT('Ctrl Pts',(-23.9604578664,-5.3807474779,3.796070334779));
#1648=CARTESIAN_POINT('Ctrl Pts',(-23.7749185778,-5.87942879182,3.774942547973));
#1649=CARTESIAN_POINT('Ctrl Pts',(-23.2007904772,-6.76579047683,3.75125315454));
#1650=CARTESIAN_POINT('Ctrl Pts',(-22.314428792,-7.33991857733,3.774942547888));
#1651=CARTESIAN_POINT('Ctrl Pts',(-21.8157474781,-7.52545786571,3.79607033465));
#1652=CARTESIAN_POINT('Ctrl Pts',(-21.3019486579,-7.59210574665,3.839865568537));
#1653=CARTESIAN_POINT('Ctrl Pts',(-20.79867016,-7.56628229223,3.913702974238));
#1654=CARTESIAN_POINT('Ctrl Pts',(-24.8186791027,-6.98369111914,1.57650752892));
#1655=CARTESIAN_POINT('Ctrl Pts',(-24.844502557,-7.20381407796,1.50267012332));
#1656=CARTESIAN_POINT('Ctrl Pts',(-24.8332921305,-7.43432526598,1.45887488914));
#1657=CARTESIAN_POINT('Ctrl Pts',(-24.759155772,-7.66454235739,1.43774710228));
#1658=CARTESIAN_POINT('Ctrl Pts',(-24.5069352105,-8.07193521099,1.41405770875));
#1659=CARTESIAN_POINT('Ctrl Pts',(-24.0995423573,-8.324155773,1.43774710211));
#1660=CARTESIAN_POINT('Ctrl Pts',(-23.869325266,-8.39829213187,1.45887488887));
#1661=CARTESIAN_POINT('Ctrl Pts',(-23.6388140781,-8.40950255849,1.50267012276));
#1662=CARTESIAN_POINT('Ctrl Pts',(-23.4186911199,-8.38367910405,1.5765075286));
#1663=CARTESIAN_POINT('',(-24.249826936687,-8.11489850213743,1.52662142515463));
#1664=CARTESIAN_POINT('Ctrl Pts',(-24.249905283458,-8.11490512599904,1.52672464519007));
#1665=CARTESIAN_POINT('Ctrl Pts',(-24.272078797968,-8.11489343037678,1.50997000181333));
#1666=CARTESIAN_POINT('Ctrl Pts',(-24.295325443457,-8.11242878231689,1.49462062697388));
#1667=CARTESIAN_POINT('Ctrl Pts',(-24.344450307425,-8.10076322379779,1.46740802230152));
#1668=CARTESIAN_POINT('Ctrl Pts',(-24.370127561201,-8.0911792446136,1.45599524472182));
#1669=CARTESIAN_POINT('Ctrl Pts',(-24.419149278691,-8.06405848386881,1.44058578787471));
#1670=CARTESIAN_POINT('Ctrl Pts',(-24.441779351899,-8.04719627518157,1.43659241243278));
#1671=CARTESIAN_POINT('Ctrl Pts',(-24.482137129119,-8.00685069255007,1.43658392340757));
#1672=CARTESIAN_POINT('Ctrl Pts',(-24.499006167665,-7.9842263294085,1.44056857299098));
#1673=CARTESIAN_POINT('Ctrl Pts',(-24.526134295406,-7.93522685136995,1.4559568162922));
#1674=CARTESIAN_POINT('Ctrl Pts',(-24.535723406675,-7.90956706301879,1.4673530819878));
#1675=CARTESIAN_POINT('Ctrl Pts',(-24.547405023503,-7.86047297325063,1.49452982411402));
#1676=CARTESIAN_POINT('Ctrl Pts',(-24.54988057094,-7.83724008291145,1.50985961065388));
#1677=CARTESIAN_POINT('Ctrl Pts',(-24.549904985592,-7.81507762298317,1.52659446695191));
#1678=CARTESIAN_POINT('Ctrl Pts',(-22.5574877566,-8.115,2.34474587898647));
#1679=CARTESIAN_POINT('Ctrl Pts',(-22.607279979978,-8.115,2.34474587891588));
#1680=CARTESIAN_POINT('Ctrl Pts',(-22.660412031043,-8.11500000000007,2.33759030428434));
#1681=CARTESIAN_POINT('Ctrl Pts',(-22.779323352725,-8.11500000000007,2.31444629252124));
#1682=CARTESIAN_POINT('Ctrl Pts',(-22.851442399018,-8.115,2.29392277300168));
#1683=CARTESIAN_POINT('Ctrl Pts',(-23.081576656871,-8.115,2.21726791266704));
#1684=CARTESIAN_POINT('Ctrl Pts',(-23.249998938357,-8.11499999999988,2.14130128377866));
#1685=CARTESIAN_POINT('Ctrl Pts',(-23.694017485253,-8.11499999999988,1.91318549947891));
#1686=CARTESIAN_POINT('Ctrl Pts',(-23.987075303332,-8.115,1.72535216935206));
#1687=CARTESIAN_POINT('Ctrl Pts',(-24.249859826472,-8.115,1.52666446180235));
#1688=CARTESIAN_POINT('Origin',(24.2497469623,-7.81474696233,0.5));
#1689=CARTESIAN_POINT('',(24.2498053751,-8.11490516207,1.1725085249));
#1690=CARTESIAN_POINT('Origin',(-24.2497469623,-7.81474696233,0.5));
#1691=CARTESIAN_POINT('',(-24.2498053751,-8.11490516207,1.1725085249));
#1692=CARTESIAN_POINT('Origin',(2.6645352591E-15,-8.115,0.5));
#1693=UNCERTAINTY_MEASURE_WITH_UNIT(LENGTH_MEASURE(0.01),#1697,
'DISTANCE_ACCURACY_VALUE',
'Maximum model space distance between geometric entities at asserted c
onnectivities');
#1694=UNCERTAINTY_MEASURE_WITH_UNIT(LENGTH_MEASURE(0.01),#1697,
'DISTANCE_ACCURACY_VALUE',
'Maximum model space distance between geometric entities at asserted c
onnectivities');
#1695=(
GEOMETRIC_REPRESENTATION_CONTEXT(3)
GLOBAL_UNCERTAINTY_ASSIGNED_CONTEXT((#1693))
GLOBAL_UNIT_ASSIGNED_CONTEXT((#1697,#1699,#1700))
REPRESENTATION_CONTEXT('','3D')
);
#1696=(
GEOMETRIC_REPRESENTATION_CONTEXT(3)
GLOBAL_UNCERTAINTY_ASSIGNED_CONTEXT((#1694))
GLOBAL_UNIT_ASSIGNED_CONTEXT((#1697,#1699,#1700))
REPRESENTATION_CONTEXT('','3D')
);
#1697=(
LENGTH_UNIT()
NAMED_UNIT(*)
SI_UNIT(.MILLI.,.METRE.)
);
#1698=(
LENGTH_UNIT()
NAMED_UNIT(*)
SI_UNIT($,.METRE.)
);
#1699=(
NAMED_UNIT(*)
PLANE_ANGLE_UNIT()
SI_UNIT($,.RADIAN.)
);
#1700=(
NAMED_UNIT(*)
SI_UNIT($,.STERADIAN.)
SOLID_ANGLE_UNIT()
);
#1701=SHAPE_DEFINITION_REPRESENTATION(#1702,#1703);
#1702=PRODUCT_DEFINITION_SHAPE('',$,#1705);
#1703=SHAPE_REPRESENTATION('',(#656),#1695);
#1704=PRODUCT_DEFINITION_CONTEXT('part definition',#1709,'design');
#1705=PRODUCT_DEFINITION('Low Profile Keycap 2.75U',
'Low Profile Keycap 2.75U v2',#1706,#1704);
#1706=PRODUCT_DEFINITION_FORMATION('',$,#1711);
#1707=PRODUCT_RELATED_PRODUCT_CATEGORY('Low Profile Keycap 2.75U v2',
'Low Profile Keycap 2.75U v2',(#1711));
#1708=APPLICATION_PROTOCOL_DEFINITION('international standard',
'automotive_design',2009,#1709);
#1709=APPLICATION_CONTEXT(
'Core Data for Automotive Mechanical Design Process');
#1710=PRODUCT_CONTEXT('part definition',#1709,'mechanical');
#1711=PRODUCT('Low Profile Keycap 2.75U','Low Profile Keycap 2.75U v2',
$,(#1710));
#1712=PRESENTATION_STYLE_ASSIGNMENT((#1714));
#1713=PRESENTATION_STYLE_ASSIGNMENT((#1715));
#1714=SURFACE_STYLE_USAGE(.BOTH.,#1716);
#1715=SURFACE_STYLE_USAGE(.BOTH.,#1717);
#1716=SURFACE_SIDE_STYLE('',(#1718));
#1717=SURFACE_SIDE_STYLE('',(#1719));
#1718=SURFACE_STYLE_FILL_AREA(#1720);
#1719=SURFACE_STYLE_FILL_AREA(#1721);
#1720=FILL_AREA_STYLE('\X2\92FC\X0\ - \X2\30B530C630F3\X0\',(#1722));
#1721=FILL_AREA_STYLE('\X2\30D730E930B930C130C330AF\X0\ - \X2\30DE30C330C8\X0\(
\X2\9ED2\X0\)',(#1723));
#1722=FILL_AREA_STYLE_COLOUR('\X2\92FC\X0\ - \X2\30B530C630F3\X0\',#1724);
#1723=FILL_AREA_STYLE_COLOUR('\X2\30D730E930B930C130C330AF\X0\ - \X2\30DE30C330C8\X0\(
\X2\9ED2\X0\)',#1725);
#1724=COLOUR_RGB('\X2\92FC\X0\ - \X2\30B530C630F3\X0\',0.627450980392157,
0.627450980392157,0.627450980392157);
#1725=COLOUR_RGB('\X2\30D730E930B930C130C330AF\X0\ - \X2\30DE30C330C8\X0\(
\X2\9ED2\X0\)',0.0980392156862745,0.0980392156862745,0.0980392156862745);
ENDSEC;
END-ISO-10303-21;
