ISO-10303-21;
HEADER;
FILE_DESCRIPTION(('FreeCAD Model'),'2;1');
FILE_NAME('Open CASCADE Shape Model','2026-09-08T16:07:22',('Author'),(
    ''),'Open CASCADE STEP processor 7.8','FreeCAD','Unknown');
FILE_SCHEMA(('AUTOMOTIVE_DESIGN { 1 0 10303 214 1 1 1 1 }'));
ENDSEC;
DATA;
#1 = APPLICATION_PROTOCOL_DEFINITION('international standard',
  'automotive_design',2000,#2);
#2 = APPLICATION_CONTEXT(
  'core data for automotive mechanical design processes');
#3 = SHAPE_DEFINITION_REPRESENTATION(#4,#10);
#4 = PRODUCT_DEFINITION_SHAPE('','',#5);
#5 = PRODUCT_DEFINITION('design','',#6,#9);
#6 = PRODUCT_DEFINITION_FORMATION('','',#7);
#7 = PRODUCT('MS88SF21','MS88SF21','',(#8));
#8 = PRODUCT_CONTEXT('',#2,'mechanical');
#9 = PRODUCT_DEFINITION_CONTEXT('part definition',#2,'design');
#10 = SHAPE_REPRESENTATION('',(#11,#15,#19,#23,#27,#31,#35,#39,#43,#47,
    #51,#55,#59,#63,#67,#71,#75,#79,#83,#87,#91,#95,#99,#103,#107,#111,
    #115,#119,#123,#127,#131,#135,#139,#143,#147,#151,#155,#159,#163,
    #167),#171);
#11 = AXIS2_PLACEMENT_3D('',#12,#13,#14);
#12 = CARTESIAN_POINT('',(0.,0.,0.));
#13 = DIRECTION('',(0.,0.,1.));
#14 = DIRECTION('',(1.,0.,-0.));
#15 = AXIS2_PLACEMENT_3D('',#16,#17,#18);
#16 = CARTESIAN_POINT('',(0.,0.,0.));
#17 = DIRECTION('',(0.,0.,1.));
#18 = DIRECTION('',(1.,0.,0.));
#19 = AXIS2_PLACEMENT_3D('',#20,#21,#22);
#20 = CARTESIAN_POINT('',(0.,0.,0.));
#21 = DIRECTION('',(0.,0.,1.));
#22 = DIRECTION('',(1.,0.,0.));
#23 = AXIS2_PLACEMENT_3D('',#24,#25,#26);
#24 = CARTESIAN_POINT('',(0.,0.,0.));
#25 = DIRECTION('',(0.,0.,1.));
#26 = DIRECTION('',(1.,0.,0.));
#27 = AXIS2_PLACEMENT_3D('',#28,#29,#30);
#28 = CARTESIAN_POINT('',(0.,0.,0.));
#29 = DIRECTION('',(0.,0.,1.));
#30 = DIRECTION('',(1.,0.,0.));
#31 = AXIS2_PLACEMENT_3D('',#32,#33,#34);
#32 = CARTESIAN_POINT('',(0.,0.,0.));
#33 = DIRECTION('',(0.,0.,1.));
#34 = DIRECTION('',(1.,0.,0.));
#35 = AXIS2_PLACEMENT_3D('',#36,#37,#38);
#36 = CARTESIAN_POINT('',(0.,0.,0.));
#37 = DIRECTION('',(0.,0.,1.));
#38 = DIRECTION('',(1.,0.,0.));
#39 = AXIS2_PLACEMENT_3D('',#40,#41,#42);
#40 = CARTESIAN_POINT('',(0.,0.,0.));
#41 = DIRECTION('',(0.,0.,1.));
#42 = DIRECTION('',(1.,0.,0.));
#43 = AXIS2_PLACEMENT_3D('',#44,#45,#46);
#44 = CARTESIAN_POINT('',(0.,0.,0.));
#45 = DIRECTION('',(0.,0.,1.));
#46 = DIRECTION('',(1.,0.,0.));
#47 = AXIS2_PLACEMENT_3D('',#48,#49,#50);
#48 = CARTESIAN_POINT('',(0.,0.,0.));
#49 = DIRECTION('',(0.,0.,1.));
#50 = DIRECTION('',(1.,0.,0.));
#51 = AXIS2_PLACEMENT_3D('',#52,#53,#54);
#52 = CARTESIAN_POINT('',(0.,0.,0.));
#53 = DIRECTION('',(0.,0.,1.));
#54 = DIRECTION('',(1.,0.,0.));
#55 = AXIS2_PLACEMENT_3D('',#56,#57,#58);
#56 = CARTESIAN_POINT('',(0.,0.,0.));
#57 = DIRECTION('',(0.,0.,1.));
#58 = DIRECTION('',(1.,0.,0.));
#59 = AXIS2_PLACEMENT_3D('',#60,#61,#62);
#60 = CARTESIAN_POINT('',(0.,0.,0.));
#61 = DIRECTION('',(0.,0.,1.));
#62 = DIRECTION('',(1.,0.,0.));
#63 = AXIS2_PLACEMENT_3D('',#64,#65,#66);
#64 = CARTESIAN_POINT('',(0.,0.,0.));
#65 = DIRECTION('',(0.,0.,1.));
#66 = DIRECTION('',(1.,0.,0.));
#67 = AXIS2_PLACEMENT_3D('',#68,#69,#70);
#68 = CARTESIAN_POINT('',(0.,0.,0.));
#69 = DIRECTION('',(0.,0.,1.));
#70 = DIRECTION('',(1.,0.,0.));
#71 = AXIS2_PLACEMENT_3D('',#72,#73,#74);
#72 = CARTESIAN_POINT('',(0.,0.,0.));
#73 = DIRECTION('',(0.,0.,1.));
#74 = DIRECTION('',(1.,0.,0.));
#75 = AXIS2_PLACEMENT_3D('',#76,#77,#78);
#76 = CARTESIAN_POINT('',(0.,0.,0.));
#77 = DIRECTION('',(0.,0.,1.));
#78 = DIRECTION('',(1.,0.,0.));
#79 = AXIS2_PLACEMENT_3D('',#80,#81,#82);
#80 = CARTESIAN_POINT('',(0.,0.,0.));
#81 = DIRECTION('',(0.,0.,1.));
#82 = DIRECTION('',(1.,0.,0.));
#83 = AXIS2_PLACEMENT_3D('',#84,#85,#86);
#84 = CARTESIAN_POINT('',(0.,0.,0.));
#85 = DIRECTION('',(0.,0.,1.));
#86 = DIRECTION('',(1.,0.,0.));
#87 = AXIS2_PLACEMENT_3D('',#88,#89,#90);
#88 = CARTESIAN_POINT('',(0.,0.,0.));
#89 = DIRECTION('',(0.,0.,1.));
#90 = DIRECTION('',(1.,0.,0.));
#91 = AXIS2_PLACEMENT_3D('',#92,#93,#94);
#92 = CARTESIAN_POINT('',(0.,0.,0.));
#93 = DIRECTION('',(0.,0.,1.));
#94 = DIRECTION('',(1.,0.,0.));
#95 = AXIS2_PLACEMENT_3D('',#96,#97,#98);
#96 = CARTESIAN_POINT('',(0.,0.,0.));
#97 = DIRECTION('',(0.,0.,1.));
#98 = DIRECTION('',(1.,0.,0.));
#99 = AXIS2_PLACEMENT_3D('',#100,#101,#102);
#100 = CARTESIAN_POINT('',(0.,0.,0.));
#101 = DIRECTION('',(0.,0.,1.));
#102 = DIRECTION('',(1.,0.,0.));
#103 = AXIS2_PLACEMENT_3D('',#104,#105,#106);
#104 = CARTESIAN_POINT('',(0.,0.,0.));
#105 = DIRECTION('',(0.,0.,1.));
#106 = DIRECTION('',(1.,0.,0.));
#107 = AXIS2_PLACEMENT_3D('',#108,#109,#110);
#108 = CARTESIAN_POINT('',(0.,0.,0.));
#109 = DIRECTION('',(0.,0.,1.));
#110 = DIRECTION('',(1.,0.,0.));
#111 = AXIS2_PLACEMENT_3D('',#112,#113,#114);
#112 = CARTESIAN_POINT('',(0.,0.,0.));
#113 = DIRECTION('',(0.,0.,1.));
#114 = DIRECTION('',(1.,0.,0.));
#115 = AXIS2_PLACEMENT_3D('',#116,#117,#118);
#116 = CARTESIAN_POINT('',(0.,0.,0.));
#117 = DIRECTION('',(0.,0.,1.));
#118 = DIRECTION('',(1.,0.,0.));
#119 = AXIS2_PLACEMENT_3D('',#120,#121,#122);
#120 = CARTESIAN_POINT('',(0.,0.,0.));
#121 = DIRECTION('',(0.,0.,1.));
#122 = DIRECTION('',(1.,0.,0.));
#123 = AXIS2_PLACEMENT_3D('',#124,#125,#126);
#124 = CARTESIAN_POINT('',(0.,0.,0.));
#125 = DIRECTION('',(0.,0.,1.));
#126 = DIRECTION('',(1.,0.,0.));
#127 = AXIS2_PLACEMENT_3D('',#128,#129,#130);
#128 = CARTESIAN_POINT('',(0.,0.,0.));
#129 = DIRECTION('',(0.,0.,1.));
#130 = DIRECTION('',(1.,0.,0.));
#131 = AXIS2_PLACEMENT_3D('',#132,#133,#134);
#132 = CARTESIAN_POINT('',(0.,0.,0.));
#133 = DIRECTION('',(0.,0.,1.));
#134 = DIRECTION('',(1.,0.,0.));
#135 = AXIS2_PLACEMENT_3D('',#136,#137,#138);
#136 = CARTESIAN_POINT('',(0.,0.,0.));
#137 = DIRECTION('',(0.,0.,1.));
#138 = DIRECTION('',(1.,0.,0.));
#139 = AXIS2_PLACEMENT_3D('',#140,#141,#142);
#140 = CARTESIAN_POINT('',(0.,0.,0.));
#141 = DIRECTION('',(0.,0.,1.));
#142 = DIRECTION('',(1.,0.,0.));
#143 = AXIS2_PLACEMENT_3D('',#144,#145,#146);
#144 = CARTESIAN_POINT('',(0.,0.,0.));
#145 = DIRECTION('',(0.,0.,1.));
#146 = DIRECTION('',(1.,0.,0.));
#147 = AXIS2_PLACEMENT_3D('',#148,#149,#150);
#148 = CARTESIAN_POINT('',(0.,0.,0.));
#149 = DIRECTION('',(0.,0.,1.));
#150 = DIRECTION('',(1.,0.,0.));
#151 = AXIS2_PLACEMENT_3D('',#152,#153,#154);
#152 = CARTESIAN_POINT('',(0.,0.,0.));
#153 = DIRECTION('',(0.,0.,1.));
#154 = DIRECTION('',(1.,0.,0.));
#155 = AXIS2_PLACEMENT_3D('',#156,#157,#158);
#156 = CARTESIAN_POINT('',(0.,0.,0.));
#157 = DIRECTION('',(0.,0.,1.));
#158 = DIRECTION('',(1.,0.,0.));
#159 = AXIS2_PLACEMENT_3D('',#160,#161,#162);
#160 = CARTESIAN_POINT('',(0.,0.,0.));
#161 = DIRECTION('',(0.,0.,1.));
#162 = DIRECTION('',(1.,0.,0.));
#163 = AXIS2_PLACEMENT_3D('',#164,#165,#166);
#164 = CARTESIAN_POINT('',(0.,0.,0.));
#165 = DIRECTION('',(0.,0.,1.));
#166 = DIRECTION('',(1.,0.,0.));
#167 = AXIS2_PLACEMENT_3D('',#168,#169,#170);
#168 = CARTESIAN_POINT('',(0.,0.,0.));
#169 = DIRECTION('',(0.,0.,1.));
#170 = DIRECTION('',(1.,0.,0.));
#171 = ( GEOMETRIC_REPRESENTATION_CONTEXT(3) 
GLOBAL_UNCERTAINTY_ASSIGNED_CONTEXT((#175)) GLOBAL_UNIT_ASSIGNED_CONTEXT
((#172,#173,#174)) REPRESENTATION_CONTEXT('Context #1',
  '3D Context with UNIT and UNCERTAINTY') );
#172 = ( LENGTH_UNIT() NAMED_UNIT(*) SI_UNIT(.MILLI.,.METRE.) );
#173 = ( NAMED_UNIT(*) PLANE_ANGLE_UNIT() SI_UNIT($,.RADIAN.) );
#174 = ( NAMED_UNIT(*) SI_UNIT($,.STERADIAN.) SOLID_ANGLE_UNIT() );
#175 = UNCERTAINTY_MEASURE_WITH_UNIT(LENGTH_MEASURE(1.E-07),#172,
  'distance_accuracy_value','confusion accuracy');
#176 = PRODUCT_RELATED_PRODUCT_CATEGORY('part',$,(#7));
#177 = SHAPE_DEFINITION_REPRESENTATION(#178,#184);
#178 = PRODUCT_DEFINITION_SHAPE('','',#179);
#179 = PRODUCT_DEFINITION('design','',#180,#183);
#180 = PRODUCT_DEFINITION_FORMATION('','',#181);
#181 = PRODUCT('MS88SF21 PCB','MS88SF21 PCB','',(#182));
#182 = PRODUCT_CONTEXT('',#2,'mechanical');
#183 = PRODUCT_DEFINITION_CONTEXT('part definition',#2,'design');
#184 = ADVANCED_BREP_SHAPE_REPRESENTATION('',(#11,#185),#335);
#185 = MANIFOLD_SOLID_BREP('',#186);
#186 = CLOSED_SHELL('',(#187,#227,#267,#289,#311,#323));
#187 = ADVANCED_FACE('',(#188),#222,.F.);
#188 = FACE_BOUND('',#189,.F.);
#189 = EDGE_LOOP('',(#190,#200,#208,#216));
#190 = ORIENTED_EDGE('',*,*,#191,.F.);
#191 = EDGE_CURVE('',#192,#194,#196,.T.);
#192 = VERTEX_POINT('',#193);
#193 = CARTESIAN_POINT('',(-8.7,-11.6,0.));
#194 = VERTEX_POINT('',#195);
#195 = CARTESIAN_POINT('',(-8.7,-11.6,0.8));
#196 = LINE('',#197,#198);
#197 = CARTESIAN_POINT('',(-8.7,-11.6,0.));
#198 = VECTOR('',#199,1.);
#199 = DIRECTION('',(0.,0.,1.));
#200 = ORIENTED_EDGE('',*,*,#201,.T.);
#201 = EDGE_CURVE('',#192,#202,#204,.T.);
#202 = VERTEX_POINT('',#203);
#203 = CARTESIAN_POINT('',(-8.7,11.6,0.));
#204 = LINE('',#205,#206);
#205 = CARTESIAN_POINT('',(-8.7,-11.6,0.));
#206 = VECTOR('',#207,1.);
#207 = DIRECTION('',(-0.,1.,0.));
#208 = ORIENTED_EDGE('',*,*,#209,.T.);
#209 = EDGE_CURVE('',#202,#210,#212,.T.);
#210 = VERTEX_POINT('',#211);
#211 = CARTESIAN_POINT('',(-8.7,11.6,0.8));
#212 = LINE('',#213,#214);
#213 = CARTESIAN_POINT('',(-8.7,11.6,0.));
#214 = VECTOR('',#215,1.);
#215 = DIRECTION('',(0.,0.,1.));
#216 = ORIENTED_EDGE('',*,*,#217,.F.);
#217 = EDGE_CURVE('',#194,#210,#218,.T.);
#218 = LINE('',#219,#220);
#219 = CARTESIAN_POINT('',(-8.7,-11.6,0.8));
#220 = VECTOR('',#221,1.);
#221 = DIRECTION('',(-0.,1.,0.));
#222 = PLANE('',#223);
#223 = AXIS2_PLACEMENT_3D('',#224,#225,#226);
#224 = CARTESIAN_POINT('',(-8.7,-11.6,0.));
#225 = DIRECTION('',(1.,0.,-0.));
#226 = DIRECTION('',(0.,0.,1.));
#227 = ADVANCED_FACE('',(#228),#262,.T.);
#228 = FACE_BOUND('',#229,.T.);
#229 = EDGE_LOOP('',(#230,#240,#248,#256));
#230 = ORIENTED_EDGE('',*,*,#231,.F.);
#231 = EDGE_CURVE('',#232,#234,#236,.T.);
#232 = VERTEX_POINT('',#233);
#233 = CARTESIAN_POINT('',(8.7,-11.6,0.));
#234 = VERTEX_POINT('',#235);
#235 = CARTESIAN_POINT('',(8.7,-11.6,0.8));
#236 = LINE('',#237,#238);
#237 = CARTESIAN_POINT('',(8.7,-11.6,0.));
#238 = VECTOR('',#239,1.);
#239 = DIRECTION('',(0.,0.,1.));
#240 = ORIENTED_EDGE('',*,*,#241,.T.);
#241 = EDGE_CURVE('',#232,#242,#244,.T.);
#242 = VERTEX_POINT('',#243);
#243 = CARTESIAN_POINT('',(8.7,11.6,0.));
#244 = LINE('',#245,#246);
#245 = CARTESIAN_POINT('',(8.7,-11.6,0.));
#246 = VECTOR('',#247,1.);
#247 = DIRECTION('',(-0.,1.,0.));
#248 = ORIENTED_EDGE('',*,*,#249,.T.);
#249 = EDGE_CURVE('',#242,#250,#252,.T.);
#250 = VERTEX_POINT('',#251);
#251 = CARTESIAN_POINT('',(8.7,11.6,0.8));
#252 = LINE('',#253,#254);
#253 = CARTESIAN_POINT('',(8.7,11.6,0.));
#254 = VECTOR('',#255,1.);
#255 = DIRECTION('',(0.,0.,1.));
#256 = ORIENTED_EDGE('',*,*,#257,.F.);
#257 = EDGE_CURVE('',#234,#250,#258,.T.);
#258 = LINE('',#259,#260);
#259 = CARTESIAN_POINT('',(8.7,-11.6,0.8));
#260 = VECTOR('',#261,1.);
#261 = DIRECTION('',(-0.,1.,0.));
#262 = PLANE('',#263);
#263 = AXIS2_PLACEMENT_3D('',#264,#265,#266);
#264 = CARTESIAN_POINT('',(8.7,-11.6,0.));
#265 = DIRECTION('',(1.,0.,-0.));
#266 = DIRECTION('',(0.,0.,1.));
#267 = ADVANCED_FACE('',(#268),#284,.F.);
#268 = FACE_BOUND('',#269,.F.);
#269 = EDGE_LOOP('',(#270,#276,#277,#283));
#270 = ORIENTED_EDGE('',*,*,#271,.F.);
#271 = EDGE_CURVE('',#192,#232,#272,.T.);
#272 = LINE('',#273,#274);
#273 = CARTESIAN_POINT('',(-8.7,-11.6,0.));
#274 = VECTOR('',#275,1.);
#275 = DIRECTION('',(1.,0.,-0.));
#276 = ORIENTED_EDGE('',*,*,#191,.T.);
#277 = ORIENTED_EDGE('',*,*,#278,.T.);
#278 = EDGE_CURVE('',#194,#234,#279,.T.);
#279 = LINE('',#280,#281);
#280 = CARTESIAN_POINT('',(-8.7,-11.6,0.8));
#281 = VECTOR('',#282,1.);
#282 = DIRECTION('',(1.,0.,-0.));
#283 = ORIENTED_EDGE('',*,*,#231,.F.);
#284 = PLANE('',#285);
#285 = AXIS2_PLACEMENT_3D('',#286,#287,#288);
#286 = CARTESIAN_POINT('',(-8.7,-11.6,0.));
#287 = DIRECTION('',(-0.,1.,0.));
#288 = DIRECTION('',(0.,0.,1.));
#289 = ADVANCED_FACE('',(#290),#306,.T.);
#290 = FACE_BOUND('',#291,.T.);
#291 = EDGE_LOOP('',(#292,#298,#299,#305));
#292 = ORIENTED_EDGE('',*,*,#293,.F.);
#293 = EDGE_CURVE('',#202,#242,#294,.T.);
#294 = LINE('',#295,#296);
#295 = CARTESIAN_POINT('',(-8.7,11.6,0.));
#296 = VECTOR('',#297,1.);
#297 = DIRECTION('',(1.,0.,-0.));
#298 = ORIENTED_EDGE('',*,*,#209,.T.);
#299 = ORIENTED_EDGE('',*,*,#300,.T.);
#300 = EDGE_CURVE('',#210,#250,#301,.T.);
#301 = LINE('',#302,#303);
#302 = CARTESIAN_POINT('',(-8.7,11.6,0.8));
#303 = VECTOR('',#304,1.);
#304 = DIRECTION('',(1.,0.,-0.));
#305 = ORIENTED_EDGE('',*,*,#249,.F.);
#306 = PLANE('',#307);
#307 = AXIS2_PLACEMENT_3D('',#308,#309,#310);
#308 = CARTESIAN_POINT('',(-8.7,11.6,0.));
#309 = DIRECTION('',(-0.,1.,0.));
#310 = DIRECTION('',(0.,0.,1.));
#311 = ADVANCED_FACE('',(#312),#318,.F.);
#312 = FACE_BOUND('',#313,.F.);
#313 = EDGE_LOOP('',(#314,#315,#316,#317));
#314 = ORIENTED_EDGE('',*,*,#201,.F.);
#315 = ORIENTED_EDGE('',*,*,#271,.T.);
#316 = ORIENTED_EDGE('',*,*,#241,.T.);
#317 = ORIENTED_EDGE('',*,*,#293,.F.);
#318 = PLANE('',#319);
#319 = AXIS2_PLACEMENT_3D('',#320,#321,#322);
#320 = CARTESIAN_POINT('',(-8.7,-11.6,0.));
#321 = DIRECTION('',(0.,0.,1.));
#322 = DIRECTION('',(1.,0.,-0.));
#323 = ADVANCED_FACE('',(#324),#330,.T.);
#324 = FACE_BOUND('',#325,.T.);
#325 = EDGE_LOOP('',(#326,#327,#328,#329));
#326 = ORIENTED_EDGE('',*,*,#217,.F.);
#327 = ORIENTED_EDGE('',*,*,#278,.T.);
#328 = ORIENTED_EDGE('',*,*,#257,.T.);
#329 = ORIENTED_EDGE('',*,*,#300,.F.);
#330 = PLANE('',#331);
#331 = AXIS2_PLACEMENT_3D('',#332,#333,#334);
#332 = CARTESIAN_POINT('',(-8.7,-11.6,0.8));
#333 = DIRECTION('',(0.,0.,1.));
#334 = DIRECTION('',(1.,0.,-0.));
#335 = ( GEOMETRIC_REPRESENTATION_CONTEXT(3) 
GLOBAL_UNCERTAINTY_ASSIGNED_CONTEXT((#339)) GLOBAL_UNIT_ASSIGNED_CONTEXT
((#336,#337,#338)) REPRESENTATION_CONTEXT('Context #1',
  '3D Context with UNIT and UNCERTAINTY') );
#336 = ( LENGTH_UNIT() NAMED_UNIT(*) SI_UNIT(.MILLI.,.METRE.) );
#337 = ( NAMED_UNIT(*) PLANE_ANGLE_UNIT() SI_UNIT($,.RADIAN.) );
#338 = ( NAMED_UNIT(*) SI_UNIT($,.STERADIAN.) SOLID_ANGLE_UNIT() );
#339 = UNCERTAINTY_MEASURE_WITH_UNIT(LENGTH_MEASURE(1.E-07),#336,
  'distance_accuracy_value','confusion accuracy');
#340 = CONTEXT_DEPENDENT_SHAPE_REPRESENTATION(#341,#343);
#341 = ( REPRESENTATION_RELATIONSHIP('','',#184,#10) 
REPRESENTATION_RELATIONSHIP_WITH_TRANSFORMATION(#342) 
SHAPE_REPRESENTATION_RELATIONSHIP() );
#342 = ITEM_DEFINED_TRANSFORMATION('','',#11,#15);
#343 = PRODUCT_DEFINITION_SHAPE('Placement','Placement of an item',#344
  );
#344 = NEXT_ASSEMBLY_USAGE_OCCURRENCE('1','MS88SF21 PCB','',#5,#179,$);
#345 = PRODUCT_RELATED_PRODUCT_CATEGORY('part',$,(#181));
#346 = SHAPE_DEFINITION_REPRESENTATION(#347,#353);
#347 = PRODUCT_DEFINITION_SHAPE('','',#348);
#348 = PRODUCT_DEFINITION('design','',#349,#352);
#349 = PRODUCT_DEFINITION_FORMATION('','',#350);
#350 = PRODUCT('Pad 1','Pad 1','',(#351));
#351 = PRODUCT_CONTEXT('',#2,'mechanical');
#352 = PRODUCT_DEFINITION_CONTEXT('part definition',#2,'design');
#353 = ADVANCED_BREP_SHAPE_REPRESENTATION('',(#11,#354),#504);
#354 = MANIFOLD_SOLID_BREP('',#355);
#355 = CLOSED_SHELL('',(#356,#396,#436,#458,#480,#492));
#356 = ADVANCED_FACE('',(#357),#391,.F.);
#357 = FACE_BOUND('',#358,.F.);
#358 = EDGE_LOOP('',(#359,#369,#377,#385));
#359 = ORIENTED_EDGE('',*,*,#360,.F.);
#360 = EDGE_CURVE('',#361,#363,#365,.T.);
#361 = VERTEX_POINT('',#362);
#362 = CARTESIAN_POINT('',(-8.7,-4.41,0.));
#363 = VERTEX_POINT('',#364);
#364 = CARTESIAN_POINT('',(-8.7,-4.41,0.82));
#365 = LINE('',#366,#367);
#366 = CARTESIAN_POINT('',(-8.7,-4.41,0.));
#367 = VECTOR('',#368,1.);
#368 = DIRECTION('',(0.,0.,1.));
#369 = ORIENTED_EDGE('',*,*,#370,.T.);
#370 = EDGE_CURVE('',#361,#371,#373,.T.);
#371 = VERTEX_POINT('',#372);
#372 = CARTESIAN_POINT('',(-8.7,-3.61,0.));
#373 = LINE('',#374,#375);
#374 = CARTESIAN_POINT('',(-8.7,-4.41,0.));
#375 = VECTOR('',#376,1.);
#376 = DIRECTION('',(-0.,1.,0.));
#377 = ORIENTED_EDGE('',*,*,#378,.T.);
#378 = EDGE_CURVE('',#371,#379,#381,.T.);
#379 = VERTEX_POINT('',#380);
#380 = CARTESIAN_POINT('',(-8.7,-3.61,0.82));
#381 = LINE('',#382,#383);
#382 = CARTESIAN_POINT('',(-8.7,-3.61,0.));
#383 = VECTOR('',#384,1.);
#384 = DIRECTION('',(0.,0.,1.));
#385 = ORIENTED_EDGE('',*,*,#386,.F.);
#386 = EDGE_CURVE('',#363,#379,#387,.T.);
#387 = LINE('',#388,#389);
#388 = CARTESIAN_POINT('',(-8.7,-4.41,0.82));
#389 = VECTOR('',#390,1.);
#390 = DIRECTION('',(-0.,1.,0.));
#391 = PLANE('',#392);
#392 = AXIS2_PLACEMENT_3D('',#393,#394,#395);
#393 = CARTESIAN_POINT('',(-8.7,-4.41,0.));
#394 = DIRECTION('',(1.,0.,-0.));
#395 = DIRECTION('',(0.,0.,1.));
#396 = ADVANCED_FACE('',(#397),#431,.T.);
#397 = FACE_BOUND('',#398,.T.);
#398 = EDGE_LOOP('',(#399,#409,#417,#425));
#399 = ORIENTED_EDGE('',*,*,#400,.F.);
#400 = EDGE_CURVE('',#401,#403,#405,.T.);
#401 = VERTEX_POINT('',#402);
#402 = CARTESIAN_POINT('',(-7.5,-4.41,0.));
#403 = VERTEX_POINT('',#404);
#404 = CARTESIAN_POINT('',(-7.5,-4.41,0.82));
#405 = LINE('',#406,#407);
#406 = CARTESIAN_POINT('',(-7.5,-4.41,0.));
#407 = VECTOR('',#408,1.);
#408 = DIRECTION('',(0.,0.,1.));
#409 = ORIENTED_EDGE('',*,*,#410,.T.);
#410 = EDGE_CURVE('',#401,#411,#413,.T.);
#411 = VERTEX_POINT('',#412);
#412 = CARTESIAN_POINT('',(-7.5,-3.61,0.));
#413 = LINE('',#414,#415);
#414 = CARTESIAN_POINT('',(-7.5,-4.41,0.));
#415 = VECTOR('',#416,1.);
#416 = DIRECTION('',(-0.,1.,0.));
#417 = ORIENTED_EDGE('',*,*,#418,.T.);
#418 = EDGE_CURVE('',#411,#419,#421,.T.);
#419 = VERTEX_POINT('',#420);
#420 = CARTESIAN_POINT('',(-7.5,-3.61,0.82));
#421 = LINE('',#422,#423);
#422 = CARTESIAN_POINT('',(-7.5,-3.61,0.));
#423 = VECTOR('',#424,1.);
#424 = DIRECTION('',(0.,0.,1.));
#425 = ORIENTED_EDGE('',*,*,#426,.F.);
#426 = EDGE_CURVE('',#403,#419,#427,.T.);
#427 = LINE('',#428,#429);
#428 = CARTESIAN_POINT('',(-7.5,-4.41,0.82));
#429 = VECTOR('',#430,1.);
#430 = DIRECTION('',(-0.,1.,0.));
#431 = PLANE('',#432);
#432 = AXIS2_PLACEMENT_3D('',#433,#434,#435);
#433 = CARTESIAN_POINT('',(-7.5,-4.41,0.));
#434 = DIRECTION('',(1.,0.,-0.));
#435 = DIRECTION('',(0.,0.,1.));
#436 = ADVANCED_FACE('',(#437),#453,.F.);
#437 = FACE_BOUND('',#438,.F.);
#438 = EDGE_LOOP('',(#439,#445,#446,#452));
#439 = ORIENTED_EDGE('',*,*,#440,.F.);
#440 = EDGE_CURVE('',#361,#401,#441,.T.);
#441 = LINE('',#442,#443);
#442 = CARTESIAN_POINT('',(-8.7,-4.41,0.));
#443 = VECTOR('',#444,1.);
#444 = DIRECTION('',(1.,0.,-0.));
#445 = ORIENTED_EDGE('',*,*,#360,.T.);
#446 = ORIENTED_EDGE('',*,*,#447,.T.);
#447 = EDGE_CURVE('',#363,#403,#448,.T.);
#448 = LINE('',#449,#450);
#449 = CARTESIAN_POINT('',(-8.7,-4.41,0.82));
#450 = VECTOR('',#451,1.);
#451 = DIRECTION('',(1.,0.,-0.));
#452 = ORIENTED_EDGE('',*,*,#400,.F.);
#453 = PLANE('',#454);
#454 = AXIS2_PLACEMENT_3D('',#455,#456,#457);
#455 = CARTESIAN_POINT('',(-8.7,-4.41,0.));
#456 = DIRECTION('',(-0.,1.,0.));
#457 = DIRECTION('',(0.,0.,1.));
#458 = ADVANCED_FACE('',(#459),#475,.T.);
#459 = FACE_BOUND('',#460,.T.);
#460 = EDGE_LOOP('',(#461,#467,#468,#474));
#461 = ORIENTED_EDGE('',*,*,#462,.F.);
#462 = EDGE_CURVE('',#371,#411,#463,.T.);
#463 = LINE('',#464,#465);
#464 = CARTESIAN_POINT('',(-8.7,-3.61,0.));
#465 = VECTOR('',#466,1.);
#466 = DIRECTION('',(1.,0.,-0.));
#467 = ORIENTED_EDGE('',*,*,#378,.T.);
#468 = ORIENTED_EDGE('',*,*,#469,.T.);
#469 = EDGE_CURVE('',#379,#419,#470,.T.);
#470 = LINE('',#471,#472);
#471 = CARTESIAN_POINT('',(-8.7,-3.61,0.82));
#472 = VECTOR('',#473,1.);
#473 = DIRECTION('',(1.,0.,-0.));
#474 = ORIENTED_EDGE('',*,*,#418,.F.);
#475 = PLANE('',#476);
#476 = AXIS2_PLACEMENT_3D('',#477,#478,#479);
#477 = CARTESIAN_POINT('',(-8.7,-3.61,0.));
#478 = DIRECTION('',(-0.,1.,0.));
#479 = DIRECTION('',(0.,0.,1.));
#480 = ADVANCED_FACE('',(#481),#487,.F.);
#481 = FACE_BOUND('',#482,.F.);
#482 = EDGE_LOOP('',(#483,#484,#485,#486));
#483 = ORIENTED_EDGE('',*,*,#370,.F.);
#484 = ORIENTED_EDGE('',*,*,#440,.T.);
#485 = ORIENTED_EDGE('',*,*,#410,.T.);
#486 = ORIENTED_EDGE('',*,*,#462,.F.);
#487 = PLANE('',#488);
#488 = AXIS2_PLACEMENT_3D('',#489,#490,#491);
#489 = CARTESIAN_POINT('',(-8.7,-4.41,0.));
#490 = DIRECTION('',(0.,0.,1.));
#491 = DIRECTION('',(1.,0.,-0.));
#492 = ADVANCED_FACE('',(#493),#499,.T.);
#493 = FACE_BOUND('',#494,.T.);
#494 = EDGE_LOOP('',(#495,#496,#497,#498));
#495 = ORIENTED_EDGE('',*,*,#386,.F.);
#496 = ORIENTED_EDGE('',*,*,#447,.T.);
#497 = ORIENTED_EDGE('',*,*,#426,.T.);
#498 = ORIENTED_EDGE('',*,*,#469,.F.);
#499 = PLANE('',#500);
#500 = AXIS2_PLACEMENT_3D('',#501,#502,#503);
#501 = CARTESIAN_POINT('',(-8.7,-4.41,0.82));
#502 = DIRECTION('',(0.,0.,1.));
#503 = DIRECTION('',(1.,0.,-0.));
#504 = ( GEOMETRIC_REPRESENTATION_CONTEXT(3) 
GLOBAL_UNCERTAINTY_ASSIGNED_CONTEXT((#508)) GLOBAL_UNIT_ASSIGNED_CONTEXT
((#505,#506,#507)) REPRESENTATION_CONTEXT('Context #1',
  '3D Context with UNIT and UNCERTAINTY') );
#505 = ( LENGTH_UNIT() NAMED_UNIT(*) SI_UNIT(.MILLI.,.METRE.) );
#506 = ( NAMED_UNIT(*) PLANE_ANGLE_UNIT() SI_UNIT($,.RADIAN.) );
#507 = ( NAMED_UNIT(*) SI_UNIT($,.STERADIAN.) SOLID_ANGLE_UNIT() );
#508 = UNCERTAINTY_MEASURE_WITH_UNIT(LENGTH_MEASURE(1.E-07),#505,
  'distance_accuracy_value','confusion accuracy');
#509 = CONTEXT_DEPENDENT_SHAPE_REPRESENTATION(#510,#512);
#510 = ( REPRESENTATION_RELATIONSHIP('','',#353,#10) 
REPRESENTATION_RELATIONSHIP_WITH_TRANSFORMATION(#511) 
SHAPE_REPRESENTATION_RELATIONSHIP() );
#511 = ITEM_DEFINED_TRANSFORMATION('','',#11,#19);
#512 = PRODUCT_DEFINITION_SHAPE('Placement','Placement of an item',#513
  );
#513 = NEXT_ASSEMBLY_USAGE_OCCURRENCE('2','Pad 1','',#5,#348,$);
#514 = PRODUCT_RELATED_PRODUCT_CATEGORY('part',$,(#350));
#515 = SHAPE_DEFINITION_REPRESENTATION(#516,#522);
#516 = PRODUCT_DEFINITION_SHAPE('','',#517);
#517 = PRODUCT_DEFINITION('design','',#518,#521);
#518 = PRODUCT_DEFINITION_FORMATION('','',#519);
#519 = PRODUCT('Pad 28','Pad 28','',(#520));
#520 = PRODUCT_CONTEXT('',#2,'mechanical');
#521 = PRODUCT_DEFINITION_CONTEXT('part definition',#2,'design');
#522 = ADVANCED_BREP_SHAPE_REPRESENTATION('',(#11,#523),#673);
#523 = MANIFOLD_SOLID_BREP('',#524);
#524 = CLOSED_SHELL('',(#525,#565,#605,#627,#649,#661));
#525 = ADVANCED_FACE('',(#526),#560,.F.);
#526 = FACE_BOUND('',#527,.F.);
#527 = EDGE_LOOP('',(#528,#538,#546,#554));
#528 = ORIENTED_EDGE('',*,*,#529,.F.);
#529 = EDGE_CURVE('',#530,#532,#534,.T.);
#530 = VERTEX_POINT('',#531);
#531 = CARTESIAN_POINT('',(7.5,-4.41,0.));
#532 = VERTEX_POINT('',#533);
#533 = CARTESIAN_POINT('',(7.5,-4.41,0.82));
#534 = LINE('',#535,#536);
#535 = CARTESIAN_POINT('',(7.5,-4.41,0.));
#536 = VECTOR('',#537,1.);
#537 = DIRECTION('',(0.,0.,1.));
#538 = ORIENTED_EDGE('',*,*,#539,.T.);
#539 = EDGE_CURVE('',#530,#540,#542,.T.);
#540 = VERTEX_POINT('',#541);
#541 = CARTESIAN_POINT('',(7.5,-3.61,0.));
#542 = LINE('',#543,#544);
#543 = CARTESIAN_POINT('',(7.5,-4.41,0.));
#544 = VECTOR('',#545,1.);
#545 = DIRECTION('',(-0.,1.,0.));
#546 = ORIENTED_EDGE('',*,*,#547,.T.);
#547 = EDGE_CURVE('',#540,#548,#550,.T.);
#548 = VERTEX_POINT('',#549);
#549 = CARTESIAN_POINT('',(7.5,-3.61,0.82));
#550 = LINE('',#551,#552);
#551 = CARTESIAN_POINT('',(7.5,-3.61,0.));
#552 = VECTOR('',#553,1.);
#553 = DIRECTION('',(0.,0.,1.));
#554 = ORIENTED_EDGE('',*,*,#555,.F.);
#555 = EDGE_CURVE('',#532,#548,#556,.T.);
#556 = LINE('',#557,#558);
#557 = CARTESIAN_POINT('',(7.5,-4.41,0.82));
#558 = VECTOR('',#559,1.);
#559 = DIRECTION('',(-0.,1.,0.));
#560 = PLANE('',#561);
#561 = AXIS2_PLACEMENT_3D('',#562,#563,#564);
#562 = CARTESIAN_POINT('',(7.5,-4.41,0.));
#563 = DIRECTION('',(1.,0.,-0.));
#564 = DIRECTION('',(0.,0.,1.));
#565 = ADVANCED_FACE('',(#566),#600,.T.);
#566 = FACE_BOUND('',#567,.T.);
#567 = EDGE_LOOP('',(#568,#578,#586,#594));
#568 = ORIENTED_EDGE('',*,*,#569,.F.);
#569 = EDGE_CURVE('',#570,#572,#574,.T.);
#570 = VERTEX_POINT('',#571);
#571 = CARTESIAN_POINT('',(8.7,-4.41,0.));
#572 = VERTEX_POINT('',#573);
#573 = CARTESIAN_POINT('',(8.7,-4.41,0.82));
#574 = LINE('',#575,#576);
#575 = CARTESIAN_POINT('',(8.7,-4.41,0.));
#576 = VECTOR('',#577,1.);
#577 = DIRECTION('',(0.,0.,1.));
#578 = ORIENTED_EDGE('',*,*,#579,.T.);
#579 = EDGE_CURVE('',#570,#580,#582,.T.);
#580 = VERTEX_POINT('',#581);
#581 = CARTESIAN_POINT('',(8.7,-3.61,0.));
#582 = LINE('',#583,#584);
#583 = CARTESIAN_POINT('',(8.7,-4.41,0.));
#584 = VECTOR('',#585,1.);
#585 = DIRECTION('',(-0.,1.,0.));
#586 = ORIENTED_EDGE('',*,*,#587,.T.);
#587 = EDGE_CURVE('',#580,#588,#590,.T.);
#588 = VERTEX_POINT('',#589);
#589 = CARTESIAN_POINT('',(8.7,-3.61,0.82));
#590 = LINE('',#591,#592);
#591 = CARTESIAN_POINT('',(8.7,-3.61,0.));
#592 = VECTOR('',#593,1.);
#593 = DIRECTION('',(0.,0.,1.));
#594 = ORIENTED_EDGE('',*,*,#595,.F.);
#595 = EDGE_CURVE('',#572,#588,#596,.T.);
#596 = LINE('',#597,#598);
#597 = CARTESIAN_POINT('',(8.7,-4.41,0.82));
#598 = VECTOR('',#599,1.);
#599 = DIRECTION('',(-0.,1.,0.));
#600 = PLANE('',#601);
#601 = AXIS2_PLACEMENT_3D('',#602,#603,#604);
#602 = CARTESIAN_POINT('',(8.7,-4.41,0.));
#603 = DIRECTION('',(1.,0.,-0.));
#604 = DIRECTION('',(0.,0.,1.));
#605 = ADVANCED_FACE('',(#606),#622,.F.);
#606 = FACE_BOUND('',#607,.F.);
#607 = EDGE_LOOP('',(#608,#614,#615,#621));
#608 = ORIENTED_EDGE('',*,*,#609,.F.);
#609 = EDGE_CURVE('',#530,#570,#610,.T.);
#610 = LINE('',#611,#612);
#611 = CARTESIAN_POINT('',(7.5,-4.41,0.));
#612 = VECTOR('',#613,1.);
#613 = DIRECTION('',(1.,0.,-0.));
#614 = ORIENTED_EDGE('',*,*,#529,.T.);
#615 = ORIENTED_EDGE('',*,*,#616,.T.);
#616 = EDGE_CURVE('',#532,#572,#617,.T.);
#617 = LINE('',#618,#619);
#618 = CARTESIAN_POINT('',(7.5,-4.41,0.82));
#619 = VECTOR('',#620,1.);
#620 = DIRECTION('',(1.,0.,-0.));
#621 = ORIENTED_EDGE('',*,*,#569,.F.);
#622 = PLANE('',#623);
#623 = AXIS2_PLACEMENT_3D('',#624,#625,#626);
#624 = CARTESIAN_POINT('',(7.5,-4.41,0.));
#625 = DIRECTION('',(-0.,1.,0.));
#626 = DIRECTION('',(0.,0.,1.));
#627 = ADVANCED_FACE('',(#628),#644,.T.);
#628 = FACE_BOUND('',#629,.T.);
#629 = EDGE_LOOP('',(#630,#636,#637,#643));
#630 = ORIENTED_EDGE('',*,*,#631,.F.);
#631 = EDGE_CURVE('',#540,#580,#632,.T.);
#632 = LINE('',#633,#634);
#633 = CARTESIAN_POINT('',(7.5,-3.61,0.));
#634 = VECTOR('',#635,1.);
#635 = DIRECTION('',(1.,0.,-0.));
#636 = ORIENTED_EDGE('',*,*,#547,.T.);
#637 = ORIENTED_EDGE('',*,*,#638,.T.);
#638 = EDGE_CURVE('',#548,#588,#639,.T.);
#639 = LINE('',#640,#641);
#640 = CARTESIAN_POINT('',(7.5,-3.61,0.82));
#641 = VECTOR('',#642,1.);
#642 = DIRECTION('',(1.,0.,-0.));
#643 = ORIENTED_EDGE('',*,*,#587,.F.);
#644 = PLANE('',#645);
#645 = AXIS2_PLACEMENT_3D('',#646,#647,#648);
#646 = CARTESIAN_POINT('',(7.5,-3.61,0.));
#647 = DIRECTION('',(-0.,1.,0.));
#648 = DIRECTION('',(0.,0.,1.));
#649 = ADVANCED_FACE('',(#650),#656,.F.);
#650 = FACE_BOUND('',#651,.F.);
#651 = EDGE_LOOP('',(#652,#653,#654,#655));
#652 = ORIENTED_EDGE('',*,*,#539,.F.);
#653 = ORIENTED_EDGE('',*,*,#609,.T.);
#654 = ORIENTED_EDGE('',*,*,#579,.T.);
#655 = ORIENTED_EDGE('',*,*,#631,.F.);
#656 = PLANE('',#657);
#657 = AXIS2_PLACEMENT_3D('',#658,#659,#660);
#658 = CARTESIAN_POINT('',(7.5,-4.41,0.));
#659 = DIRECTION('',(0.,0.,1.));
#660 = DIRECTION('',(1.,0.,-0.));
#661 = ADVANCED_FACE('',(#662),#668,.T.);
#662 = FACE_BOUND('',#663,.T.);
#663 = EDGE_LOOP('',(#664,#665,#666,#667));
#664 = ORIENTED_EDGE('',*,*,#555,.F.);
#665 = ORIENTED_EDGE('',*,*,#616,.T.);
#666 = ORIENTED_EDGE('',*,*,#595,.T.);
#667 = ORIENTED_EDGE('',*,*,#638,.F.);
#668 = PLANE('',#669);
#669 = AXIS2_PLACEMENT_3D('',#670,#671,#672);
#670 = CARTESIAN_POINT('',(7.5,-4.41,0.82));
#671 = DIRECTION('',(0.,0.,1.));
#672 = DIRECTION('',(1.,0.,-0.));
#673 = ( GEOMETRIC_REPRESENTATION_CONTEXT(3) 
GLOBAL_UNCERTAINTY_ASSIGNED_CONTEXT((#677)) GLOBAL_UNIT_ASSIGNED_CONTEXT
((#674,#675,#676)) REPRESENTATION_CONTEXT('Context #1',
  '3D Context with UNIT and UNCERTAINTY') );
#674 = ( LENGTH_UNIT() NAMED_UNIT(*) SI_UNIT(.MILLI.,.METRE.) );
#675 = ( NAMED_UNIT(*) PLANE_ANGLE_UNIT() SI_UNIT($,.RADIAN.) );
#676 = ( NAMED_UNIT(*) SI_UNIT($,.STERADIAN.) SOLID_ANGLE_UNIT() );
#677 = UNCERTAINTY_MEASURE_WITH_UNIT(LENGTH_MEASURE(1.E-07),#674,
  'distance_accuracy_value','confusion accuracy');
#678 = CONTEXT_DEPENDENT_SHAPE_REPRESENTATION(#679,#681);
#679 = ( REPRESENTATION_RELATIONSHIP('','',#522,#10) 
REPRESENTATION_RELATIONSHIP_WITH_TRANSFORMATION(#680) 
SHAPE_REPRESENTATION_RELATIONSHIP() );
#680 = ITEM_DEFINED_TRANSFORMATION('','',#11,#23);
#681 = PRODUCT_DEFINITION_SHAPE('Placement','Placement of an item',#682
  );
#682 = NEXT_ASSEMBLY_USAGE_OCCURRENCE('3','Pad 28','',#5,#517,$);
#683 = PRODUCT_RELATED_PRODUCT_CATEGORY('part',$,(#519));
#684 = SHAPE_DEFINITION_REPRESENTATION(#685,#691);
#685 = PRODUCT_DEFINITION_SHAPE('','',#686);
#686 = PRODUCT_DEFINITION('design','',#687,#690);
#687 = PRODUCT_DEFINITION_FORMATION('','',#688);
#688 = PRODUCT('Pad 2','Pad 2','',(#689));
#689 = PRODUCT_CONTEXT('',#2,'mechanical');
#690 = PRODUCT_DEFINITION_CONTEXT('part definition',#2,'design');
#691 = ADVANCED_BREP_SHAPE_REPRESENTATION('',(#11,#692),#842);
#692 = MANIFOLD_SOLID_BREP('',#693);
#693 = CLOSED_SHELL('',(#694,#734,#774,#796,#818,#830));
#694 = ADVANCED_FACE('',(#695),#729,.F.);
#695 = FACE_BOUND('',#696,.F.);
#696 = EDGE_LOOP('',(#697,#707,#715,#723));
#697 = ORIENTED_EDGE('',*,*,#698,.F.);
#698 = EDGE_CURVE('',#699,#701,#703,.T.);
#699 = VERTEX_POINT('',#700);
#700 = CARTESIAN_POINT('',(-8.7,-3.31,0.));
#701 = VERTEX_POINT('',#702);
#702 = CARTESIAN_POINT('',(-8.7,-3.31,0.82));
#703 = LINE('',#704,#705);
#704 = CARTESIAN_POINT('',(-8.7,-3.31,0.));
#705 = VECTOR('',#706,1.);
#706 = DIRECTION('',(0.,0.,1.));
#707 = ORIENTED_EDGE('',*,*,#708,.T.);
#708 = EDGE_CURVE('',#699,#709,#711,.T.);
#709 = VERTEX_POINT('',#710);
#710 = CARTESIAN_POINT('',(-8.7,-2.51,0.));
#711 = LINE('',#712,#713);
#712 = CARTESIAN_POINT('',(-8.7,-3.31,0.));
#713 = VECTOR('',#714,1.);
#714 = DIRECTION('',(-0.,1.,0.));
#715 = ORIENTED_EDGE('',*,*,#716,.T.);
#716 = EDGE_CURVE('',#709,#717,#719,.T.);
#717 = VERTEX_POINT('',#718);
#718 = CARTESIAN_POINT('',(-8.7,-2.51,0.82));
#719 = LINE('',#720,#721);
#720 = CARTESIAN_POINT('',(-8.7,-2.51,0.));
#721 = VECTOR('',#722,1.);
#722 = DIRECTION('',(0.,0.,1.));
#723 = ORIENTED_EDGE('',*,*,#724,.F.);
#724 = EDGE_CURVE('',#701,#717,#725,.T.);
#725 = LINE('',#726,#727);
#726 = CARTESIAN_POINT('',(-8.7,-3.31,0.82));
#727 = VECTOR('',#728,1.);
#728 = DIRECTION('',(-0.,1.,0.));
#729 = PLANE('',#730);
#730 = AXIS2_PLACEMENT_3D('',#731,#732,#733);
#731 = CARTESIAN_POINT('',(-8.7,-3.31,0.));
#732 = DIRECTION('',(1.,0.,-0.));
#733 = DIRECTION('',(0.,0.,1.));
#734 = ADVANCED_FACE('',(#735),#769,.T.);
#735 = FACE_BOUND('',#736,.T.);
#736 = EDGE_LOOP('',(#737,#747,#755,#763));
#737 = ORIENTED_EDGE('',*,*,#738,.F.);
#738 = EDGE_CURVE('',#739,#741,#743,.T.);
#739 = VERTEX_POINT('',#740);
#740 = CARTESIAN_POINT('',(-7.5,-3.31,0.));
#741 = VERTEX_POINT('',#742);
#742 = CARTESIAN_POINT('',(-7.5,-3.31,0.82));
#743 = LINE('',#744,#745);
#744 = CARTESIAN_POINT('',(-7.5,-3.31,0.));
#745 = VECTOR('',#746,1.);
#746 = DIRECTION('',(0.,0.,1.));
#747 = ORIENTED_EDGE('',*,*,#748,.T.);
#748 = EDGE_CURVE('',#739,#749,#751,.T.);
#749 = VERTEX_POINT('',#750);
#750 = CARTESIAN_POINT('',(-7.5,-2.51,0.));
#751 = LINE('',#752,#753);
#752 = CARTESIAN_POINT('',(-7.5,-3.31,0.));
#753 = VECTOR('',#754,1.);
#754 = DIRECTION('',(-0.,1.,0.));
#755 = ORIENTED_EDGE('',*,*,#756,.T.);
#756 = EDGE_CURVE('',#749,#757,#759,.T.);
#757 = VERTEX_POINT('',#758);
#758 = CARTESIAN_POINT('',(-7.5,-2.51,0.82));
#759 = LINE('',#760,#761);
#760 = CARTESIAN_POINT('',(-7.5,-2.51,0.));
#761 = VECTOR('',#762,1.);
#762 = DIRECTION('',(0.,0.,1.));
#763 = ORIENTED_EDGE('',*,*,#764,.F.);
#764 = EDGE_CURVE('',#741,#757,#765,.T.);
#765 = LINE('',#766,#767);
#766 = CARTESIAN_POINT('',(-7.5,-3.31,0.82));
#767 = VECTOR('',#768,1.);
#768 = DIRECTION('',(-0.,1.,0.));
#769 = PLANE('',#770);
#770 = AXIS2_PLACEMENT_3D('',#771,#772,#773);
#771 = CARTESIAN_POINT('',(-7.5,-3.31,0.));
#772 = DIRECTION('',(1.,0.,-0.));
#773 = DIRECTION('',(0.,0.,1.));
#774 = ADVANCED_FACE('',(#775),#791,.F.);
#775 = FACE_BOUND('',#776,.F.);
#776 = EDGE_LOOP('',(#777,#783,#784,#790));
#777 = ORIENTED_EDGE('',*,*,#778,.F.);
#778 = EDGE_CURVE('',#699,#739,#779,.T.);
#779 = LINE('',#780,#781);
#780 = CARTESIAN_POINT('',(-8.7,-3.31,0.));
#781 = VECTOR('',#782,1.);
#782 = DIRECTION('',(1.,0.,-0.));
#783 = ORIENTED_EDGE('',*,*,#698,.T.);
#784 = ORIENTED_EDGE('',*,*,#785,.T.);
#785 = EDGE_CURVE('',#701,#741,#786,.T.);
#786 = LINE('',#787,#788);
#787 = CARTESIAN_POINT('',(-8.7,-3.31,0.82));
#788 = VECTOR('',#789,1.);
#789 = DIRECTION('',(1.,0.,-0.));
#790 = ORIENTED_EDGE('',*,*,#738,.F.);
#791 = PLANE('',#792);
#792 = AXIS2_PLACEMENT_3D('',#793,#794,#795);
#793 = CARTESIAN_POINT('',(-8.7,-3.31,0.));
#794 = DIRECTION('',(-0.,1.,0.));
#795 = DIRECTION('',(0.,0.,1.));
#796 = ADVANCED_FACE('',(#797),#813,.T.);
#797 = FACE_BOUND('',#798,.T.);
#798 = EDGE_LOOP('',(#799,#805,#806,#812));
#799 = ORIENTED_EDGE('',*,*,#800,.F.);
#800 = EDGE_CURVE('',#709,#749,#801,.T.);
#801 = LINE('',#802,#803);
#802 = CARTESIAN_POINT('',(-8.7,-2.51,0.));
#803 = VECTOR('',#804,1.);
#804 = DIRECTION('',(1.,0.,-0.));
#805 = ORIENTED_EDGE('',*,*,#716,.T.);
#806 = ORIENTED_EDGE('',*,*,#807,.T.);
#807 = EDGE_CURVE('',#717,#757,#808,.T.);
#808 = LINE('',#809,#810);
#809 = CARTESIAN_POINT('',(-8.7,-2.51,0.82));
#810 = VECTOR('',#811,1.);
#811 = DIRECTION('',(1.,0.,-0.));
#812 = ORIENTED_EDGE('',*,*,#756,.F.);
#813 = PLANE('',#814);
#814 = AXIS2_PLACEMENT_3D('',#815,#816,#817);
#815 = CARTESIAN_POINT('',(-8.7,-2.51,0.));
#816 = DIRECTION('',(-0.,1.,0.));
#817 = DIRECTION('',(0.,0.,1.));
#818 = ADVANCED_FACE('',(#819),#825,.F.);
#819 = FACE_BOUND('',#820,.F.);
#820 = EDGE_LOOP('',(#821,#822,#823,#824));
#821 = ORIENTED_EDGE('',*,*,#708,.F.);
#822 = ORIENTED_EDGE('',*,*,#778,.T.);
#823 = ORIENTED_EDGE('',*,*,#748,.T.);
#824 = ORIENTED_EDGE('',*,*,#800,.F.);
#825 = PLANE('',#826);
#826 = AXIS2_PLACEMENT_3D('',#827,#828,#829);
#827 = CARTESIAN_POINT('',(-8.7,-3.31,0.));
#828 = DIRECTION('',(0.,0.,1.));
#829 = DIRECTION('',(1.,0.,-0.));
#830 = ADVANCED_FACE('',(#831),#837,.T.);
#831 = FACE_BOUND('',#832,.T.);
#832 = EDGE_LOOP('',(#833,#834,#835,#836));
#833 = ORIENTED_EDGE('',*,*,#724,.F.);
#834 = ORIENTED_EDGE('',*,*,#785,.T.);
#835 = ORIENTED_EDGE('',*,*,#764,.T.);
#836 = ORIENTED_EDGE('',*,*,#807,.F.);
#837 = PLANE('',#838);
#838 = AXIS2_PLACEMENT_3D('',#839,#840,#841);
#839 = CARTESIAN_POINT('',(-8.7,-3.31,0.82));
#840 = DIRECTION('',(0.,0.,1.));
#841 = DIRECTION('',(1.,0.,-0.));
#842 = ( GEOMETRIC_REPRESENTATION_CONTEXT(3) 
GLOBAL_UNCERTAINTY_ASSIGNED_CONTEXT((#846)) GLOBAL_UNIT_ASSIGNED_CONTEXT
((#843,#844,#845)) REPRESENTATION_CONTEXT('Context #1',
  '3D Context with UNIT and UNCERTAINTY') );
#843 = ( LENGTH_UNIT() NAMED_UNIT(*) SI_UNIT(.MILLI.,.METRE.) );
#844 = ( NAMED_UNIT(*) PLANE_ANGLE_UNIT() SI_UNIT($,.RADIAN.) );
#845 = ( NAMED_UNIT(*) SI_UNIT($,.STERADIAN.) SOLID_ANGLE_UNIT() );
#846 = UNCERTAINTY_MEASURE_WITH_UNIT(LENGTH_MEASURE(1.E-07),#843,
  'distance_accuracy_value','confusion accuracy');
#847 = CONTEXT_DEPENDENT_SHAPE_REPRESENTATION(#848,#850);
#848 = ( REPRESENTATION_RELATIONSHIP('','',#691,#10) 
REPRESENTATION_RELATIONSHIP_WITH_TRANSFORMATION(#849) 
SHAPE_REPRESENTATION_RELATIONSHIP() );
#849 = ITEM_DEFINED_TRANSFORMATION('','',#11,#27);
#850 = PRODUCT_DEFINITION_SHAPE('Placement','Placement of an item',#851
  );
#851 = NEXT_ASSEMBLY_USAGE_OCCURRENCE('4','Pad 2','',#5,#686,$);
#852 = PRODUCT_RELATED_PRODUCT_CATEGORY('part',$,(#688));
#853 = SHAPE_DEFINITION_REPRESENTATION(#854,#860);
#854 = PRODUCT_DEFINITION_SHAPE('','',#855);
#855 = PRODUCT_DEFINITION('design','',#856,#859);
#856 = PRODUCT_DEFINITION_FORMATION('','',#857);
#857 = PRODUCT('Pad 27','Pad 27','',(#858));
#858 = PRODUCT_CONTEXT('',#2,'mechanical');
#859 = PRODUCT_DEFINITION_CONTEXT('part definition',#2,'design');
#860 = ADVANCED_BREP_SHAPE_REPRESENTATION('',(#11,#861),#1011);
#861 = MANIFOLD_SOLID_BREP('',#862);
#862 = CLOSED_SHELL('',(#863,#903,#943,#965,#987,#999));
#863 = ADVANCED_FACE('',(#864),#898,.F.);
#864 = FACE_BOUND('',#865,.F.);
#865 = EDGE_LOOP('',(#866,#876,#884,#892));
#866 = ORIENTED_EDGE('',*,*,#867,.F.);
#867 = EDGE_CURVE('',#868,#870,#872,.T.);
#868 = VERTEX_POINT('',#869);
#869 = CARTESIAN_POINT('',(7.5,-3.31,0.));
#870 = VERTEX_POINT('',#871);
#871 = CARTESIAN_POINT('',(7.5,-3.31,0.82));
#872 = LINE('',#873,#874);
#873 = CARTESIAN_POINT('',(7.5,-3.31,0.));
#874 = VECTOR('',#875,1.);
#875 = DIRECTION('',(0.,0.,1.));
#876 = ORIENTED_EDGE('',*,*,#877,.T.);
#877 = EDGE_CURVE('',#868,#878,#880,.T.);
#878 = VERTEX_POINT('',#879);
#879 = CARTESIAN_POINT('',(7.5,-2.51,0.));
#880 = LINE('',#881,#882);
#881 = CARTESIAN_POINT('',(7.5,-3.31,0.));
#882 = VECTOR('',#883,1.);
#883 = DIRECTION('',(-0.,1.,0.));
#884 = ORIENTED_EDGE('',*,*,#885,.T.);
#885 = EDGE_CURVE('',#878,#886,#888,.T.);
#886 = VERTEX_POINT('',#887);
#887 = CARTESIAN_POINT('',(7.5,-2.51,0.82));
#888 = LINE('',#889,#890);
#889 = CARTESIAN_POINT('',(7.5,-2.51,0.));
#890 = VECTOR('',#891,1.);
#891 = DIRECTION('',(0.,0.,1.));
#892 = ORIENTED_EDGE('',*,*,#893,.F.);
#893 = EDGE_CURVE('',#870,#886,#894,.T.);
#894 = LINE('',#895,#896);
#895 = CARTESIAN_POINT('',(7.5,-3.31,0.82));
#896 = VECTOR('',#897,1.);
#897 = DIRECTION('',(-0.,1.,0.));
#898 = PLANE('',#899);
#899 = AXIS2_PLACEMENT_3D('',#900,#901,#902);
#900 = CARTESIAN_POINT('',(7.5,-3.31,0.));
#901 = DIRECTION('',(1.,0.,-0.));
#902 = DIRECTION('',(0.,0.,1.));
#903 = ADVANCED_FACE('',(#904),#938,.T.);
#904 = FACE_BOUND('',#905,.T.);
#905 = EDGE_LOOP('',(#906,#916,#924,#932));
#906 = ORIENTED_EDGE('',*,*,#907,.F.);
#907 = EDGE_CURVE('',#908,#910,#912,.T.);
#908 = VERTEX_POINT('',#909);
#909 = CARTESIAN_POINT('',(8.7,-3.31,0.));
#910 = VERTEX_POINT('',#911);
#911 = CARTESIAN_POINT('',(8.7,-3.31,0.82));
#912 = LINE('',#913,#914);
#913 = CARTESIAN_POINT('',(8.7,-3.31,0.));
#914 = VECTOR('',#915,1.);
#915 = DIRECTION('',(0.,0.,1.));
#916 = ORIENTED_EDGE('',*,*,#917,.T.);
#917 = EDGE_CURVE('',#908,#918,#920,.T.);
#918 = VERTEX_POINT('',#919);
#919 = CARTESIAN_POINT('',(8.7,-2.51,0.));
#920 = LINE('',#921,#922);
#921 = CARTESIAN_POINT('',(8.7,-3.31,0.));
#922 = VECTOR('',#923,1.);
#923 = DIRECTION('',(-0.,1.,0.));
#924 = ORIENTED_EDGE('',*,*,#925,.T.);
#925 = EDGE_CURVE('',#918,#926,#928,.T.);
#926 = VERTEX_POINT('',#927);
#927 = CARTESIAN_POINT('',(8.7,-2.51,0.82));
#928 = LINE('',#929,#930);
#929 = CARTESIAN_POINT('',(8.7,-2.51,0.));
#930 = VECTOR('',#931,1.);
#931 = DIRECTION('',(0.,0.,1.));
#932 = ORIENTED_EDGE('',*,*,#933,.F.);
#933 = EDGE_CURVE('',#910,#926,#934,.T.);
#934 = LINE('',#935,#936);
#935 = CARTESIAN_POINT('',(8.7,-3.31,0.82));
#936 = VECTOR('',#937,1.);
#937 = DIRECTION('',(-0.,1.,0.));
#938 = PLANE('',#939);
#939 = AXIS2_PLACEMENT_3D('',#940,#941,#942);
#940 = CARTESIAN_POINT('',(8.7,-3.31,0.));
#941 = DIRECTION('',(1.,0.,-0.));
#942 = DIRECTION('',(0.,0.,1.));
#943 = ADVANCED_FACE('',(#944),#960,.F.);
#944 = FACE_BOUND('',#945,.F.);
#945 = EDGE_LOOP('',(#946,#952,#953,#959));
#946 = ORIENTED_EDGE('',*,*,#947,.F.);
#947 = EDGE_CURVE('',#868,#908,#948,.T.);
#948 = LINE('',#949,#950);
#949 = CARTESIAN_POINT('',(7.5,-3.31,0.));
#950 = VECTOR('',#951,1.);
#951 = DIRECTION('',(1.,0.,-0.));
#952 = ORIENTED_EDGE('',*,*,#867,.T.);
#953 = ORIENTED_EDGE('',*,*,#954,.T.);
#954 = EDGE_CURVE('',#870,#910,#955,.T.);
#955 = LINE('',#956,#957);
#956 = CARTESIAN_POINT('',(7.5,-3.31,0.82));
#957 = VECTOR('',#958,1.);
#958 = DIRECTION('',(1.,0.,-0.));
#959 = ORIENTED_EDGE('',*,*,#907,.F.);
#960 = PLANE('',#961);
#961 = AXIS2_PLACEMENT_3D('',#962,#963,#964);
#962 = CARTESIAN_POINT('',(7.5,-3.31,0.));
#963 = DIRECTION('',(-0.,1.,0.));
#964 = DIRECTION('',(0.,0.,1.));
#965 = ADVANCED_FACE('',(#966),#982,.T.);
#966 = FACE_BOUND('',#967,.T.);
#967 = EDGE_LOOP('',(#968,#974,#975,#981));
#968 = ORIENTED_EDGE('',*,*,#969,.F.);
#969 = EDGE_CURVE('',#878,#918,#970,.T.);
#970 = LINE('',#971,#972);
#971 = CARTESIAN_POINT('',(7.5,-2.51,0.));
#972 = VECTOR('',#973,1.);
#973 = DIRECTION('',(1.,0.,-0.));
#974 = ORIENTED_EDGE('',*,*,#885,.T.);
#975 = ORIENTED_EDGE('',*,*,#976,.T.);
#976 = EDGE_CURVE('',#886,#926,#977,.T.);
#977 = LINE('',#978,#979);
#978 = CARTESIAN_POINT('',(7.5,-2.51,0.82));
#979 = VECTOR('',#980,1.);
#980 = DIRECTION('',(1.,0.,-0.));
#981 = ORIENTED_EDGE('',*,*,#925,.F.);
#982 = PLANE('',#983);
#983 = AXIS2_PLACEMENT_3D('',#984,#985,#986);
#984 = CARTESIAN_POINT('',(7.5,-2.51,0.));
#985 = DIRECTION('',(-0.,1.,0.));
#986 = DIRECTION('',(0.,0.,1.));
#987 = ADVANCED_FACE('',(#988),#994,.F.);
#988 = FACE_BOUND('',#989,.F.);
#989 = EDGE_LOOP('',(#990,#991,#992,#993));
#990 = ORIENTED_EDGE('',*,*,#877,.F.);
#991 = ORIENTED_EDGE('',*,*,#947,.T.);
#992 = ORIENTED_EDGE('',*,*,#917,.T.);
#993 = ORIENTED_EDGE('',*,*,#969,.F.);
#994 = PLANE('',#995);
#995 = AXIS2_PLACEMENT_3D('',#996,#997,#998);
#996 = CARTESIAN_POINT('',(7.5,-3.31,0.));
#997 = DIRECTION('',(0.,0.,1.));
#998 = DIRECTION('',(1.,0.,-0.));
#999 = ADVANCED_FACE('',(#1000),#1006,.T.);
#1000 = FACE_BOUND('',#1001,.T.);
#1001 = EDGE_LOOP('',(#1002,#1003,#1004,#1005));
#1002 = ORIENTED_EDGE('',*,*,#893,.F.);
#1003 = ORIENTED_EDGE('',*,*,#954,.T.);
#1004 = ORIENTED_EDGE('',*,*,#933,.T.);
#1005 = ORIENTED_EDGE('',*,*,#976,.F.);
#1006 = PLANE('',#1007);
#1007 = AXIS2_PLACEMENT_3D('',#1008,#1009,#1010);
#1008 = CARTESIAN_POINT('',(7.5,-3.31,0.82));
#1009 = DIRECTION('',(0.,0.,1.));
#1010 = DIRECTION('',(1.,0.,-0.));
#1011 = ( GEOMETRIC_REPRESENTATION_CONTEXT(3) 
GLOBAL_UNCERTAINTY_ASSIGNED_CONTEXT((#1015)) 
GLOBAL_UNIT_ASSIGNED_CONTEXT((#1012,#1013,#1014)) REPRESENTATION_CONTEXT
('Context #1','3D Context with UNIT and UNCERTAINTY') );
#1012 = ( LENGTH_UNIT() NAMED_UNIT(*) SI_UNIT(.MILLI.,.METRE.) );
#1013 = ( NAMED_UNIT(*) PLANE_ANGLE_UNIT() SI_UNIT($,.RADIAN.) );
#1014 = ( NAMED_UNIT(*) SI_UNIT($,.STERADIAN.) SOLID_ANGLE_UNIT() );
#1015 = UNCERTAINTY_MEASURE_WITH_UNIT(LENGTH_MEASURE(1.E-07),#1012,
  'distance_accuracy_value','confusion accuracy');
#1016 = CONTEXT_DEPENDENT_SHAPE_REPRESENTATION(#1017,#1019);
#1017 = ( REPRESENTATION_RELATIONSHIP('','',#860,#10) 
REPRESENTATION_RELATIONSHIP_WITH_TRANSFORMATION(#1018) 
SHAPE_REPRESENTATION_RELATIONSHIP() );
#1018 = ITEM_DEFINED_TRANSFORMATION('','',#11,#31);
#1019 = PRODUCT_DEFINITION_SHAPE('Placement','Placement of an item',
  #1020);
#1020 = NEXT_ASSEMBLY_USAGE_OCCURRENCE('5','Pad 27','',#5,#855,$);
#1021 = PRODUCT_RELATED_PRODUCT_CATEGORY('part',$,(#857));
#1022 = SHAPE_DEFINITION_REPRESENTATION(#1023,#1029);
#1023 = PRODUCT_DEFINITION_SHAPE('','',#1024);
#1024 = PRODUCT_DEFINITION('design','',#1025,#1028);
#1025 = PRODUCT_DEFINITION_FORMATION('','',#1026);
#1026 = PRODUCT('Pad 3','Pad 3','',(#1027));
#1027 = PRODUCT_CONTEXT('',#2,'mechanical');
#1028 = PRODUCT_DEFINITION_CONTEXT('part definition',#2,'design');
#1029 = ADVANCED_BREP_SHAPE_REPRESENTATION('',(#11,#1030),#1180);
#1030 = MANIFOLD_SOLID_BREP('',#1031);
#1031 = CLOSED_SHELL('',(#1032,#1072,#1112,#1134,#1156,#1168));
#1032 = ADVANCED_FACE('',(#1033),#1067,.F.);
#1033 = FACE_BOUND('',#1034,.F.);
#1034 = EDGE_LOOP('',(#1035,#1045,#1053,#1061));
#1035 = ORIENTED_EDGE('',*,*,#1036,.F.);
#1036 = EDGE_CURVE('',#1037,#1039,#1041,.T.);
#1037 = VERTEX_POINT('',#1038);
#1038 = CARTESIAN_POINT('',(-8.7,-2.21,0.));
#1039 = VERTEX_POINT('',#1040);
#1040 = CARTESIAN_POINT('',(-8.7,-2.21,0.82));
#1041 = LINE('',#1042,#1043);
#1042 = CARTESIAN_POINT('',(-8.7,-2.21,0.));
#1043 = VECTOR('',#1044,1.);
#1044 = DIRECTION('',(0.,0.,1.));
#1045 = ORIENTED_EDGE('',*,*,#1046,.T.);
#1046 = EDGE_CURVE('',#1037,#1047,#1049,.T.);
#1047 = VERTEX_POINT('',#1048);
#1048 = CARTESIAN_POINT('',(-8.7,-1.41,0.));
#1049 = LINE('',#1050,#1051);
#1050 = CARTESIAN_POINT('',(-8.7,-2.21,0.));
#1051 = VECTOR('',#1052,1.);
#1052 = DIRECTION('',(-0.,1.,0.));
#1053 = ORIENTED_EDGE('',*,*,#1054,.T.);
#1054 = EDGE_CURVE('',#1047,#1055,#1057,.T.);
#1055 = VERTEX_POINT('',#1056);
#1056 = CARTESIAN_POINT('',(-8.7,-1.41,0.82));
#1057 = LINE('',#1058,#1059);
#1058 = CARTESIAN_POINT('',(-8.7,-1.41,0.));
#1059 = VECTOR('',#1060,1.);
#1060 = DIRECTION('',(0.,0.,1.));
#1061 = ORIENTED_EDGE('',*,*,#1062,.F.);
#1062 = EDGE_CURVE('',#1039,#1055,#1063,.T.);
#1063 = LINE('',#1064,#1065);
#1064 = CARTESIAN_POINT('',(-8.7,-2.21,0.82));
#1065 = VECTOR('',#1066,1.);
#1066 = DIRECTION('',(-0.,1.,0.));
#1067 = PLANE('',#1068);
#1068 = AXIS2_PLACEMENT_3D('',#1069,#1070,#1071);
#1069 = CARTESIAN_POINT('',(-8.7,-2.21,0.));
#1070 = DIRECTION('',(1.,0.,-0.));
#1071 = DIRECTION('',(0.,0.,1.));
#1072 = ADVANCED_FACE('',(#1073),#1107,.T.);
#1073 = FACE_BOUND('',#1074,.T.);
#1074 = EDGE_LOOP('',(#1075,#1085,#1093,#1101));
#1075 = ORIENTED_EDGE('',*,*,#1076,.F.);
#1076 = EDGE_CURVE('',#1077,#1079,#1081,.T.);
#1077 = VERTEX_POINT('',#1078);
#1078 = CARTESIAN_POINT('',(-7.5,-2.21,0.));
#1079 = VERTEX_POINT('',#1080);
#1080 = CARTESIAN_POINT('',(-7.5,-2.21,0.82));
#1081 = LINE('',#1082,#1083);
#1082 = CARTESIAN_POINT('',(-7.5,-2.21,0.));
#1083 = VECTOR('',#1084,1.);
#1084 = DIRECTION('',(0.,0.,1.));
#1085 = ORIENTED_EDGE('',*,*,#1086,.T.);
#1086 = EDGE_CURVE('',#1077,#1087,#1089,.T.);
#1087 = VERTEX_POINT('',#1088);
#1088 = CARTESIAN_POINT('',(-7.5,-1.41,0.));
#1089 = LINE('',#1090,#1091);
#1090 = CARTESIAN_POINT('',(-7.5,-2.21,0.));
#1091 = VECTOR('',#1092,1.);
#1092 = DIRECTION('',(-0.,1.,0.));
#1093 = ORIENTED_EDGE('',*,*,#1094,.T.);
#1094 = EDGE_CURVE('',#1087,#1095,#1097,.T.);
#1095 = VERTEX_POINT('',#1096);
#1096 = CARTESIAN_POINT('',(-7.5,-1.41,0.82));
#1097 = LINE('',#1098,#1099);
#1098 = CARTESIAN_POINT('',(-7.5,-1.41,0.));
#1099 = VECTOR('',#1100,1.);
#1100 = DIRECTION('',(0.,0.,1.));
#1101 = ORIENTED_EDGE('',*,*,#1102,.F.);
#1102 = EDGE_CURVE('',#1079,#1095,#1103,.T.);
#1103 = LINE('',#1104,#1105);
#1104 = CARTESIAN_POINT('',(-7.5,-2.21,0.82));
#1105 = VECTOR('',#1106,1.);
#1106 = DIRECTION('',(-0.,1.,0.));
#1107 = PLANE('',#1108);
#1108 = AXIS2_PLACEMENT_3D('',#1109,#1110,#1111);
#1109 = CARTESIAN_POINT('',(-7.5,-2.21,0.));
#1110 = DIRECTION('',(1.,0.,-0.));
#1111 = DIRECTION('',(0.,0.,1.));
#1112 = ADVANCED_FACE('',(#1113),#1129,.F.);
#1113 = FACE_BOUND('',#1114,.F.);
#1114 = EDGE_LOOP('',(#1115,#1121,#1122,#1128));
#1115 = ORIENTED_EDGE('',*,*,#1116,.F.);
#1116 = EDGE_CURVE('',#1037,#1077,#1117,.T.);
#1117 = LINE('',#1118,#1119);
#1118 = CARTESIAN_POINT('',(-8.7,-2.21,0.));
#1119 = VECTOR('',#1120,1.);
#1120 = DIRECTION('',(1.,0.,-0.));
#1121 = ORIENTED_EDGE('',*,*,#1036,.T.);
#1122 = ORIENTED_EDGE('',*,*,#1123,.T.);
#1123 = EDGE_CURVE('',#1039,#1079,#1124,.T.);
#1124 = LINE('',#1125,#1126);
#1125 = CARTESIAN_POINT('',(-8.7,-2.21,0.82));
#1126 = VECTOR('',#1127,1.);
#1127 = DIRECTION('',(1.,0.,-0.));
#1128 = ORIENTED_EDGE('',*,*,#1076,.F.);
#1129 = PLANE('',#1130);
#1130 = AXIS2_PLACEMENT_3D('',#1131,#1132,#1133);
#1131 = CARTESIAN_POINT('',(-8.7,-2.21,0.));
#1132 = DIRECTION('',(-0.,1.,0.));
#1133 = DIRECTION('',(0.,0.,1.));
#1134 = ADVANCED_FACE('',(#1135),#1151,.T.);
#1135 = FACE_BOUND('',#1136,.T.);
#1136 = EDGE_LOOP('',(#1137,#1143,#1144,#1150));
#1137 = ORIENTED_EDGE('',*,*,#1138,.F.);
#1138 = EDGE_CURVE('',#1047,#1087,#1139,.T.);
#1139 = LINE('',#1140,#1141);
#1140 = CARTESIAN_POINT('',(-8.7,-1.41,0.));
#1141 = VECTOR('',#1142,1.);
#1142 = DIRECTION('',(1.,0.,-0.));
#1143 = ORIENTED_EDGE('',*,*,#1054,.T.);
#1144 = ORIENTED_EDGE('',*,*,#1145,.T.);
#1145 = EDGE_CURVE('',#1055,#1095,#1146,.T.);
#1146 = LINE('',#1147,#1148);
#1147 = CARTESIAN_POINT('',(-8.7,-1.41,0.82));
#1148 = VECTOR('',#1149,1.);
#1149 = DIRECTION('',(1.,0.,-0.));
#1150 = ORIENTED_EDGE('',*,*,#1094,.F.);
#1151 = PLANE('',#1152);
#1152 = AXIS2_PLACEMENT_3D('',#1153,#1154,#1155);
#1153 = CARTESIAN_POINT('',(-8.7,-1.41,0.));
#1154 = DIRECTION('',(-0.,1.,0.));
#1155 = DIRECTION('',(0.,0.,1.));
#1156 = ADVANCED_FACE('',(#1157),#1163,.F.);
#1157 = FACE_BOUND('',#1158,.F.);
#1158 = EDGE_LOOP('',(#1159,#1160,#1161,#1162));
#1159 = ORIENTED_EDGE('',*,*,#1046,.F.);
#1160 = ORIENTED_EDGE('',*,*,#1116,.T.);
#1161 = ORIENTED_EDGE('',*,*,#1086,.T.);
#1162 = ORIENTED_EDGE('',*,*,#1138,.F.);
#1163 = PLANE('',#1164);
#1164 = AXIS2_PLACEMENT_3D('',#1165,#1166,#1167);
#1165 = CARTESIAN_POINT('',(-8.7,-2.21,0.));
#1166 = DIRECTION('',(0.,0.,1.));
#1167 = DIRECTION('',(1.,0.,-0.));
#1168 = ADVANCED_FACE('',(#1169),#1175,.T.);
#1169 = FACE_BOUND('',#1170,.T.);
#1170 = EDGE_LOOP('',(#1171,#1172,#1173,#1174));
#1171 = ORIENTED_EDGE('',*,*,#1062,.F.);
#1172 = ORIENTED_EDGE('',*,*,#1123,.T.);
#1173 = ORIENTED_EDGE('',*,*,#1102,.T.);
#1174 = ORIENTED_EDGE('',*,*,#1145,.F.);
#1175 = PLANE('',#1176);
#1176 = AXIS2_PLACEMENT_3D('',#1177,#1178,#1179);
#1177 = CARTESIAN_POINT('',(-8.7,-2.21,0.82));
#1178 = DIRECTION('',(0.,0.,1.));
#1179 = DIRECTION('',(1.,0.,-0.));
#1180 = ( GEOMETRIC_REPRESENTATION_CONTEXT(3) 
GLOBAL_UNCERTAINTY_ASSIGNED_CONTEXT((#1184)) 
GLOBAL_UNIT_ASSIGNED_CONTEXT((#1181,#1182,#1183)) REPRESENTATION_CONTEXT
('Context #1','3D Context with UNIT and UNCERTAINTY') );
#1181 = ( LENGTH_UNIT() NAMED_UNIT(*) SI_UNIT(.MILLI.,.METRE.) );
#1182 = ( NAMED_UNIT(*) PLANE_ANGLE_UNIT() SI_UNIT($,.RADIAN.) );
#1183 = ( NAMED_UNIT(*) SI_UNIT($,.STERADIAN.) SOLID_ANGLE_UNIT() );
#1184 = UNCERTAINTY_MEASURE_WITH_UNIT(LENGTH_MEASURE(1.E-07),#1181,
  'distance_accuracy_value','confusion accuracy');
#1185 = CONTEXT_DEPENDENT_SHAPE_REPRESENTATION(#1186,#1188);
#1186 = ( REPRESENTATION_RELATIONSHIP('','',#1029,#10) 
REPRESENTATION_RELATIONSHIP_WITH_TRANSFORMATION(#1187) 
SHAPE_REPRESENTATION_RELATIONSHIP() );
#1187 = ITEM_DEFINED_TRANSFORMATION('','',#11,#35);
#1188 = PRODUCT_DEFINITION_SHAPE('Placement','Placement of an item',
  #1189);
#1189 = NEXT_ASSEMBLY_USAGE_OCCURRENCE('6','Pad 3','',#5,#1024,$);
#1190 = PRODUCT_RELATED_PRODUCT_CATEGORY('part',$,(#1026));
#1191 = SHAPE_DEFINITION_REPRESENTATION(#1192,#1198);
#1192 = PRODUCT_DEFINITION_SHAPE('','',#1193);
#1193 = PRODUCT_DEFINITION('design','',#1194,#1197);
#1194 = PRODUCT_DEFINITION_FORMATION('','',#1195);
#1195 = PRODUCT('Pad 26','Pad 26','',(#1196));
#1196 = PRODUCT_CONTEXT('',#2,'mechanical');
#1197 = PRODUCT_DEFINITION_CONTEXT('part definition',#2,'design');
#1198 = ADVANCED_BREP_SHAPE_REPRESENTATION('',(#11,#1199),#1349);
#1199 = MANIFOLD_SOLID_BREP('',#1200);
#1200 = CLOSED_SHELL('',(#1201,#1241,#1281,#1303,#1325,#1337));
#1201 = ADVANCED_FACE('',(#1202),#1236,.F.);
#1202 = FACE_BOUND('',#1203,.F.);
#1203 = EDGE_LOOP('',(#1204,#1214,#1222,#1230));
#1204 = ORIENTED_EDGE('',*,*,#1205,.F.);
#1205 = EDGE_CURVE('',#1206,#1208,#1210,.T.);
#1206 = VERTEX_POINT('',#1207);
#1207 = CARTESIAN_POINT('',(7.5,-2.21,0.));
#1208 = VERTEX_POINT('',#1209);
#1209 = CARTESIAN_POINT('',(7.5,-2.21,0.82));
#1210 = LINE('',#1211,#1212);
#1211 = CARTESIAN_POINT('',(7.5,-2.21,0.));
#1212 = VECTOR('',#1213,1.);
#1213 = DIRECTION('',(0.,0.,1.));
#1214 = ORIENTED_EDGE('',*,*,#1215,.T.);
#1215 = EDGE_CURVE('',#1206,#1216,#1218,.T.);
#1216 = VERTEX_POINT('',#1217);
#1217 = CARTESIAN_POINT('',(7.5,-1.41,0.));
#1218 = LINE('',#1219,#1220);
#1219 = CARTESIAN_POINT('',(7.5,-2.21,0.));
#1220 = VECTOR('',#1221,1.);
#1221 = DIRECTION('',(-0.,1.,0.));
#1222 = ORIENTED_EDGE('',*,*,#1223,.T.);
#1223 = EDGE_CURVE('',#1216,#1224,#1226,.T.);
#1224 = VERTEX_POINT('',#1225);
#1225 = CARTESIAN_POINT('',(7.5,-1.41,0.82));
#1226 = LINE('',#1227,#1228);
#1227 = CARTESIAN_POINT('',(7.5,-1.41,0.));
#1228 = VECTOR('',#1229,1.);
#1229 = DIRECTION('',(0.,0.,1.));
#1230 = ORIENTED_EDGE('',*,*,#1231,.F.);
#1231 = EDGE_CURVE('',#1208,#1224,#1232,.T.);
#1232 = LINE('',#1233,#1234);
#1233 = CARTESIAN_POINT('',(7.5,-2.21,0.82));
#1234 = VECTOR('',#1235,1.);
#1235 = DIRECTION('',(-0.,1.,0.));
#1236 = PLANE('',#1237);
#1237 = AXIS2_PLACEMENT_3D('',#1238,#1239,#1240);
#1238 = CARTESIAN_POINT('',(7.5,-2.21,0.));
#1239 = DIRECTION('',(1.,0.,-0.));
#1240 = DIRECTION('',(0.,0.,1.));
#1241 = ADVANCED_FACE('',(#1242),#1276,.T.);
#1242 = FACE_BOUND('',#1243,.T.);
#1243 = EDGE_LOOP('',(#1244,#1254,#1262,#1270));
#1244 = ORIENTED_EDGE('',*,*,#1245,.F.);
#1245 = EDGE_CURVE('',#1246,#1248,#1250,.T.);
#1246 = VERTEX_POINT('',#1247);
#1247 = CARTESIAN_POINT('',(8.7,-2.21,0.));
#1248 = VERTEX_POINT('',#1249);
#1249 = CARTESIAN_POINT('',(8.7,-2.21,0.82));
#1250 = LINE('',#1251,#1252);
#1251 = CARTESIAN_POINT('',(8.7,-2.21,0.));
#1252 = VECTOR('',#1253,1.);
#1253 = DIRECTION('',(0.,0.,1.));
#1254 = ORIENTED_EDGE('',*,*,#1255,.T.);
#1255 = EDGE_CURVE('',#1246,#1256,#1258,.T.);
#1256 = VERTEX_POINT('',#1257);
#1257 = CARTESIAN_POINT('',(8.7,-1.41,0.));
#1258 = LINE('',#1259,#1260);
#1259 = CARTESIAN_POINT('',(8.7,-2.21,0.));
#1260 = VECTOR('',#1261,1.);
#1261 = DIRECTION('',(-0.,1.,0.));
#1262 = ORIENTED_EDGE('',*,*,#1263,.T.);
#1263 = EDGE_CURVE('',#1256,#1264,#1266,.T.);
#1264 = VERTEX_POINT('',#1265);
#1265 = CARTESIAN_POINT('',(8.7,-1.41,0.82));
#1266 = LINE('',#1267,#1268);
#1267 = CARTESIAN_POINT('',(8.7,-1.41,0.));
#1268 = VECTOR('',#1269,1.);
#1269 = DIRECTION('',(0.,0.,1.));
#1270 = ORIENTED_EDGE('',*,*,#1271,.F.);
#1271 = EDGE_CURVE('',#1248,#1264,#1272,.T.);
#1272 = LINE('',#1273,#1274);
#1273 = CARTESIAN_POINT('',(8.7,-2.21,0.82));
#1274 = VECTOR('',#1275,1.);
#1275 = DIRECTION('',(-0.,1.,0.));
#1276 = PLANE('',#1277);
#1277 = AXIS2_PLACEMENT_3D('',#1278,#1279,#1280);
#1278 = CARTESIAN_POINT('',(8.7,-2.21,0.));
#1279 = DIRECTION('',(1.,0.,-0.));
#1280 = DIRECTION('',(0.,0.,1.));
#1281 = ADVANCED_FACE('',(#1282),#1298,.F.);
#1282 = FACE_BOUND('',#1283,.F.);
#1283 = EDGE_LOOP('',(#1284,#1290,#1291,#1297));
#1284 = ORIENTED_EDGE('',*,*,#1285,.F.);
#1285 = EDGE_CURVE('',#1206,#1246,#1286,.T.);
#1286 = LINE('',#1287,#1288);
#1287 = CARTESIAN_POINT('',(7.5,-2.21,0.));
#1288 = VECTOR('',#1289,1.);
#1289 = DIRECTION('',(1.,0.,-0.));
#1290 = ORIENTED_EDGE('',*,*,#1205,.T.);
#1291 = ORIENTED_EDGE('',*,*,#1292,.T.);
#1292 = EDGE_CURVE('',#1208,#1248,#1293,.T.);
#1293 = LINE('',#1294,#1295);
#1294 = CARTESIAN_POINT('',(7.5,-2.21,0.82));
#1295 = VECTOR('',#1296,1.);
#1296 = DIRECTION('',(1.,0.,-0.));
#1297 = ORIENTED_EDGE('',*,*,#1245,.F.);
#1298 = PLANE('',#1299);
#1299 = AXIS2_PLACEMENT_3D('',#1300,#1301,#1302);
#1300 = CARTESIAN_POINT('',(7.5,-2.21,0.));
#1301 = DIRECTION('',(-0.,1.,0.));
#1302 = DIRECTION('',(0.,0.,1.));
#1303 = ADVANCED_FACE('',(#1304),#1320,.T.);
#1304 = FACE_BOUND('',#1305,.T.);
#1305 = EDGE_LOOP('',(#1306,#1312,#1313,#1319));
#1306 = ORIENTED_EDGE('',*,*,#1307,.F.);
#1307 = EDGE_CURVE('',#1216,#1256,#1308,.T.);
#1308 = LINE('',#1309,#1310);
#1309 = CARTESIAN_POINT('',(7.5,-1.41,0.));
#1310 = VECTOR('',#1311,1.);
#1311 = DIRECTION('',(1.,0.,-0.));
#1312 = ORIENTED_EDGE('',*,*,#1223,.T.);
#1313 = ORIENTED_EDGE('',*,*,#1314,.T.);
#1314 = EDGE_CURVE('',#1224,#1264,#1315,.T.);
#1315 = LINE('',#1316,#1317);
#1316 = CARTESIAN_POINT('',(7.5,-1.41,0.82));
#1317 = VECTOR('',#1318,1.);
#1318 = DIRECTION('',(1.,0.,-0.));
#1319 = ORIENTED_EDGE('',*,*,#1263,.F.);
#1320 = PLANE('',#1321);
#1321 = AXIS2_PLACEMENT_3D('',#1322,#1323,#1324);
#1322 = CARTESIAN_POINT('',(7.5,-1.41,0.));
#1323 = DIRECTION('',(-0.,1.,0.));
#1324 = DIRECTION('',(0.,0.,1.));
#1325 = ADVANCED_FACE('',(#1326),#1332,.F.);
#1326 = FACE_BOUND('',#1327,.F.);
#1327 = EDGE_LOOP('',(#1328,#1329,#1330,#1331));
#1328 = ORIENTED_EDGE('',*,*,#1215,.F.);
#1329 = ORIENTED_EDGE('',*,*,#1285,.T.);
#1330 = ORIENTED_EDGE('',*,*,#1255,.T.);
#1331 = ORIENTED_EDGE('',*,*,#1307,.F.);
#1332 = PLANE('',#1333);
#1333 = AXIS2_PLACEMENT_3D('',#1334,#1335,#1336);
#1334 = CARTESIAN_POINT('',(7.5,-2.21,0.));
#1335 = DIRECTION('',(0.,0.,1.));
#1336 = DIRECTION('',(1.,0.,-0.));
#1337 = ADVANCED_FACE('',(#1338),#1344,.T.);
#1338 = FACE_BOUND('',#1339,.T.);
#1339 = EDGE_LOOP('',(#1340,#1341,#1342,#1343));
#1340 = ORIENTED_EDGE('',*,*,#1231,.F.);
#1341 = ORIENTED_EDGE('',*,*,#1292,.T.);
#1342 = ORIENTED_EDGE('',*,*,#1271,.T.);
#1343 = ORIENTED_EDGE('',*,*,#1314,.F.);
#1344 = PLANE('',#1345);
#1345 = AXIS2_PLACEMENT_3D('',#1346,#1347,#1348);
#1346 = CARTESIAN_POINT('',(7.5,-2.21,0.82));
#1347 = DIRECTION('',(0.,0.,1.));
#1348 = DIRECTION('',(1.,0.,-0.));
#1349 = ( GEOMETRIC_REPRESENTATION_CONTEXT(3) 
GLOBAL_UNCERTAINTY_ASSIGNED_CONTEXT((#1353)) 
GLOBAL_UNIT_ASSIGNED_CONTEXT((#1350,#1351,#1352)) REPRESENTATION_CONTEXT
('Context #1','3D Context with UNIT and UNCERTAINTY') );
#1350 = ( LENGTH_UNIT() NAMED_UNIT(*) SI_UNIT(.MILLI.,.METRE.) );
#1351 = ( NAMED_UNIT(*) PLANE_ANGLE_UNIT() SI_UNIT($,.RADIAN.) );
#1352 = ( NAMED_UNIT(*) SI_UNIT($,.STERADIAN.) SOLID_ANGLE_UNIT() );
#1353 = UNCERTAINTY_MEASURE_WITH_UNIT(LENGTH_MEASURE(1.E-07),#1350,
  'distance_accuracy_value','confusion accuracy');
#1354 = CONTEXT_DEPENDENT_SHAPE_REPRESENTATION(#1355,#1357);
#1355 = ( REPRESENTATION_RELATIONSHIP('','',#1198,#10) 
REPRESENTATION_RELATIONSHIP_WITH_TRANSFORMATION(#1356) 
SHAPE_REPRESENTATION_RELATIONSHIP() );
#1356 = ITEM_DEFINED_TRANSFORMATION('','',#11,#39);
#1357 = PRODUCT_DEFINITION_SHAPE('Placement','Placement of an item',
  #1358);
#1358 = NEXT_ASSEMBLY_USAGE_OCCURRENCE('7','Pad 26','',#5,#1193,$);
#1359 = PRODUCT_RELATED_PRODUCT_CATEGORY('part',$,(#1195));
#1360 = SHAPE_DEFINITION_REPRESENTATION(#1361,#1367);
#1361 = PRODUCT_DEFINITION_SHAPE('','',#1362);
#1362 = PRODUCT_DEFINITION('design','',#1363,#1366);
#1363 = PRODUCT_DEFINITION_FORMATION('','',#1364);
#1364 = PRODUCT('Pad 4','Pad 4','',(#1365));
#1365 = PRODUCT_CONTEXT('',#2,'mechanical');
#1366 = PRODUCT_DEFINITION_CONTEXT('part definition',#2,'design');
#1367 = ADVANCED_BREP_SHAPE_REPRESENTATION('',(#11,#1368),#1518);
#1368 = MANIFOLD_SOLID_BREP('',#1369);
#1369 = CLOSED_SHELL('',(#1370,#1410,#1450,#1472,#1494,#1506));
#1370 = ADVANCED_FACE('',(#1371),#1405,.F.);
#1371 = FACE_BOUND('',#1372,.F.);
#1372 = EDGE_LOOP('',(#1373,#1383,#1391,#1399));
#1373 = ORIENTED_EDGE('',*,*,#1374,.F.);
#1374 = EDGE_CURVE('',#1375,#1377,#1379,.T.);
#1375 = VERTEX_POINT('',#1376);
#1376 = CARTESIAN_POINT('',(-8.7,-1.11,0.));
#1377 = VERTEX_POINT('',#1378);
#1378 = CARTESIAN_POINT('',(-8.7,-1.11,0.82));
#1379 = LINE('',#1380,#1381);
#1380 = CARTESIAN_POINT('',(-8.7,-1.11,0.));
#1381 = VECTOR('',#1382,1.);
#1382 = DIRECTION('',(0.,0.,1.));
#1383 = ORIENTED_EDGE('',*,*,#1384,.T.);
#1384 = EDGE_CURVE('',#1375,#1385,#1387,.T.);
#1385 = VERTEX_POINT('',#1386);
#1386 = CARTESIAN_POINT('',(-8.7,-0.31,0.));
#1387 = LINE('',#1388,#1389);
#1388 = CARTESIAN_POINT('',(-8.7,-1.11,0.));
#1389 = VECTOR('',#1390,1.);
#1390 = DIRECTION('',(-0.,1.,0.));
#1391 = ORIENTED_EDGE('',*,*,#1392,.T.);
#1392 = EDGE_CURVE('',#1385,#1393,#1395,.T.);
#1393 = VERTEX_POINT('',#1394);
#1394 = CARTESIAN_POINT('',(-8.7,-0.31,0.82));
#1395 = LINE('',#1396,#1397);
#1396 = CARTESIAN_POINT('',(-8.7,-0.31,0.));
#1397 = VECTOR('',#1398,1.);
#1398 = DIRECTION('',(0.,0.,1.));
#1399 = ORIENTED_EDGE('',*,*,#1400,.F.);
#1400 = EDGE_CURVE('',#1377,#1393,#1401,.T.);
#1401 = LINE('',#1402,#1403);
#1402 = CARTESIAN_POINT('',(-8.7,-1.11,0.82));
#1403 = VECTOR('',#1404,1.);
#1404 = DIRECTION('',(-0.,1.,0.));
#1405 = PLANE('',#1406);
#1406 = AXIS2_PLACEMENT_3D('',#1407,#1408,#1409);
#1407 = CARTESIAN_POINT('',(-8.7,-1.11,0.));
#1408 = DIRECTION('',(1.,0.,-0.));
#1409 = DIRECTION('',(0.,0.,1.));
#1410 = ADVANCED_FACE('',(#1411),#1445,.T.);
#1411 = FACE_BOUND('',#1412,.T.);
#1412 = EDGE_LOOP('',(#1413,#1423,#1431,#1439));
#1413 = ORIENTED_EDGE('',*,*,#1414,.F.);
#1414 = EDGE_CURVE('',#1415,#1417,#1419,.T.);
#1415 = VERTEX_POINT('',#1416);
#1416 = CARTESIAN_POINT('',(-7.5,-1.11,0.));
#1417 = VERTEX_POINT('',#1418);
#1418 = CARTESIAN_POINT('',(-7.5,-1.11,0.82));
#1419 = LINE('',#1420,#1421);
#1420 = CARTESIAN_POINT('',(-7.5,-1.11,0.));
#1421 = VECTOR('',#1422,1.);
#1422 = DIRECTION('',(0.,0.,1.));
#1423 = ORIENTED_EDGE('',*,*,#1424,.T.);
#1424 = EDGE_CURVE('',#1415,#1425,#1427,.T.);
#1425 = VERTEX_POINT('',#1426);
#1426 = CARTESIAN_POINT('',(-7.5,-0.31,0.));
#1427 = LINE('',#1428,#1429);
#1428 = CARTESIAN_POINT('',(-7.5,-1.11,0.));
#1429 = VECTOR('',#1430,1.);
#1430 = DIRECTION('',(-0.,1.,0.));
#1431 = ORIENTED_EDGE('',*,*,#1432,.T.);
#1432 = EDGE_CURVE('',#1425,#1433,#1435,.T.);
#1433 = VERTEX_POINT('',#1434);
#1434 = CARTESIAN_POINT('',(-7.5,-0.31,0.82));
#1435 = LINE('',#1436,#1437);
#1436 = CARTESIAN_POINT('',(-7.5,-0.31,0.));
#1437 = VECTOR('',#1438,1.);
#1438 = DIRECTION('',(0.,0.,1.));
#1439 = ORIENTED_EDGE('',*,*,#1440,.F.);
#1440 = EDGE_CURVE('',#1417,#1433,#1441,.T.);
#1441 = LINE('',#1442,#1443);
#1442 = CARTESIAN_POINT('',(-7.5,-1.11,0.82));
#1443 = VECTOR('',#1444,1.);
#1444 = DIRECTION('',(-0.,1.,0.));
#1445 = PLANE('',#1446);
#1446 = AXIS2_PLACEMENT_3D('',#1447,#1448,#1449);
#1447 = CARTESIAN_POINT('',(-7.5,-1.11,0.));
#1448 = DIRECTION('',(1.,0.,-0.));
#1449 = DIRECTION('',(0.,0.,1.));
#1450 = ADVANCED_FACE('',(#1451),#1467,.F.);
#1451 = FACE_BOUND('',#1452,.F.);
#1452 = EDGE_LOOP('',(#1453,#1459,#1460,#1466));
#1453 = ORIENTED_EDGE('',*,*,#1454,.F.);
#1454 = EDGE_CURVE('',#1375,#1415,#1455,.T.);
#1455 = LINE('',#1456,#1457);
#1456 = CARTESIAN_POINT('',(-8.7,-1.11,0.));
#1457 = VECTOR('',#1458,1.);
#1458 = DIRECTION('',(1.,0.,-0.));
#1459 = ORIENTED_EDGE('',*,*,#1374,.T.);
#1460 = ORIENTED_EDGE('',*,*,#1461,.T.);
#1461 = EDGE_CURVE('',#1377,#1417,#1462,.T.);
#1462 = LINE('',#1463,#1464);
#1463 = CARTESIAN_POINT('',(-8.7,-1.11,0.82));
#1464 = VECTOR('',#1465,1.);
#1465 = DIRECTION('',(1.,0.,-0.));
#1466 = ORIENTED_EDGE('',*,*,#1414,.F.);
#1467 = PLANE('',#1468);
#1468 = AXIS2_PLACEMENT_3D('',#1469,#1470,#1471);
#1469 = CARTESIAN_POINT('',(-8.7,-1.11,0.));
#1470 = DIRECTION('',(-0.,1.,0.));
#1471 = DIRECTION('',(0.,0.,1.));
#1472 = ADVANCED_FACE('',(#1473),#1489,.T.);
#1473 = FACE_BOUND('',#1474,.T.);
#1474 = EDGE_LOOP('',(#1475,#1481,#1482,#1488));
#1475 = ORIENTED_EDGE('',*,*,#1476,.F.);
#1476 = EDGE_CURVE('',#1385,#1425,#1477,.T.);
#1477 = LINE('',#1478,#1479);
#1478 = CARTESIAN_POINT('',(-8.7,-0.31,0.));
#1479 = VECTOR('',#1480,1.);
#1480 = DIRECTION('',(1.,0.,-0.));
#1481 = ORIENTED_EDGE('',*,*,#1392,.T.);
#1482 = ORIENTED_EDGE('',*,*,#1483,.T.);
#1483 = EDGE_CURVE('',#1393,#1433,#1484,.T.);
#1484 = LINE('',#1485,#1486);
#1485 = CARTESIAN_POINT('',(-8.7,-0.31,0.82));
#1486 = VECTOR('',#1487,1.);
#1487 = DIRECTION('',(1.,0.,-0.));
#1488 = ORIENTED_EDGE('',*,*,#1432,.F.);
#1489 = PLANE('',#1490);
#1490 = AXIS2_PLACEMENT_3D('',#1491,#1492,#1493);
#1491 = CARTESIAN_POINT('',(-8.7,-0.31,0.));
#1492 = DIRECTION('',(-0.,1.,0.));
#1493 = DIRECTION('',(0.,0.,1.));
#1494 = ADVANCED_FACE('',(#1495),#1501,.F.);
#1495 = FACE_BOUND('',#1496,.F.);
#1496 = EDGE_LOOP('',(#1497,#1498,#1499,#1500));
#1497 = ORIENTED_EDGE('',*,*,#1384,.F.);
#1498 = ORIENTED_EDGE('',*,*,#1454,.T.);
#1499 = ORIENTED_EDGE('',*,*,#1424,.T.);
#1500 = ORIENTED_EDGE('',*,*,#1476,.F.);
#1501 = PLANE('',#1502);
#1502 = AXIS2_PLACEMENT_3D('',#1503,#1504,#1505);
#1503 = CARTESIAN_POINT('',(-8.7,-1.11,0.));
#1504 = DIRECTION('',(0.,0.,1.));
#1505 = DIRECTION('',(1.,0.,-0.));
#1506 = ADVANCED_FACE('',(#1507),#1513,.T.);
#1507 = FACE_BOUND('',#1508,.T.);
#1508 = EDGE_LOOP('',(#1509,#1510,#1511,#1512));
#1509 = ORIENTED_EDGE('',*,*,#1400,.F.);
#1510 = ORIENTED_EDGE('',*,*,#1461,.T.);
#1511 = ORIENTED_EDGE('',*,*,#1440,.T.);
#1512 = ORIENTED_EDGE('',*,*,#1483,.F.);
#1513 = PLANE('',#1514);
#1514 = AXIS2_PLACEMENT_3D('',#1515,#1516,#1517);
#1515 = CARTESIAN_POINT('',(-8.7,-1.11,0.82));
#1516 = DIRECTION('',(0.,0.,1.));
#1517 = DIRECTION('',(1.,0.,-0.));
#1518 = ( GEOMETRIC_REPRESENTATION_CONTEXT(3) 
GLOBAL_UNCERTAINTY_ASSIGNED_CONTEXT((#1522)) 
GLOBAL_UNIT_ASSIGNED_CONTEXT((#1519,#1520,#1521)) REPRESENTATION_CONTEXT
('Context #1','3D Context with UNIT and UNCERTAINTY') );
#1519 = ( LENGTH_UNIT() NAMED_UNIT(*) SI_UNIT(.MILLI.,.METRE.) );
#1520 = ( NAMED_UNIT(*) PLANE_ANGLE_UNIT() SI_UNIT($,.RADIAN.) );
#1521 = ( NAMED_UNIT(*) SI_UNIT($,.STERADIAN.) SOLID_ANGLE_UNIT() );
#1522 = UNCERTAINTY_MEASURE_WITH_UNIT(LENGTH_MEASURE(1.E-07),#1519,
  'distance_accuracy_value','confusion accuracy');
#1523 = CONTEXT_DEPENDENT_SHAPE_REPRESENTATION(#1524,#1526);
#1524 = ( REPRESENTATION_RELATIONSHIP('','',#1367,#10) 
REPRESENTATION_RELATIONSHIP_WITH_TRANSFORMATION(#1525) 
SHAPE_REPRESENTATION_RELATIONSHIP() );
#1525 = ITEM_DEFINED_TRANSFORMATION('','',#11,#43);
#1526 = PRODUCT_DEFINITION_SHAPE('Placement','Placement of an item',
  #1527);
#1527 = NEXT_ASSEMBLY_USAGE_OCCURRENCE('8','Pad 4','',#5,#1362,$);
#1528 = PRODUCT_RELATED_PRODUCT_CATEGORY('part',$,(#1364));
#1529 = SHAPE_DEFINITION_REPRESENTATION(#1530,#1536);
#1530 = PRODUCT_DEFINITION_SHAPE('','',#1531);
#1531 = PRODUCT_DEFINITION('design','',#1532,#1535);
#1532 = PRODUCT_DEFINITION_FORMATION('','',#1533);
#1533 = PRODUCT('Pad 25','Pad 25','',(#1534));
#1534 = PRODUCT_CONTEXT('',#2,'mechanical');
#1535 = PRODUCT_DEFINITION_CONTEXT('part definition',#2,'design');
#1536 = ADVANCED_BREP_SHAPE_REPRESENTATION('',(#11,#1537),#1687);
#1537 = MANIFOLD_SOLID_BREP('',#1538);
#1538 = CLOSED_SHELL('',(#1539,#1579,#1619,#1641,#1663,#1675));
#1539 = ADVANCED_FACE('',(#1540),#1574,.F.);
#1540 = FACE_BOUND('',#1541,.F.);
#1541 = EDGE_LOOP('',(#1542,#1552,#1560,#1568));
#1542 = ORIENTED_EDGE('',*,*,#1543,.F.);
#1543 = EDGE_CURVE('',#1544,#1546,#1548,.T.);
#1544 = VERTEX_POINT('',#1545);
#1545 = CARTESIAN_POINT('',(7.5,-1.11,0.));
#1546 = VERTEX_POINT('',#1547);
#1547 = CARTESIAN_POINT('',(7.5,-1.11,0.82));
#1548 = LINE('',#1549,#1550);
#1549 = CARTESIAN_POINT('',(7.5,-1.11,0.));
#1550 = VECTOR('',#1551,1.);
#1551 = DIRECTION('',(0.,0.,1.));
#1552 = ORIENTED_EDGE('',*,*,#1553,.T.);
#1553 = EDGE_CURVE('',#1544,#1554,#1556,.T.);
#1554 = VERTEX_POINT('',#1555);
#1555 = CARTESIAN_POINT('',(7.5,-0.31,0.));
#1556 = LINE('',#1557,#1558);
#1557 = CARTESIAN_POINT('',(7.5,-1.11,0.));
#1558 = VECTOR('',#1559,1.);
#1559 = DIRECTION('',(-0.,1.,0.));
#1560 = ORIENTED_EDGE('',*,*,#1561,.T.);
#1561 = EDGE_CURVE('',#1554,#1562,#1564,.T.);
#1562 = VERTEX_POINT('',#1563);
#1563 = CARTESIAN_POINT('',(7.5,-0.31,0.82));
#1564 = LINE('',#1565,#1566);
#1565 = CARTESIAN_POINT('',(7.5,-0.31,0.));
#1566 = VECTOR('',#1567,1.);
#1567 = DIRECTION('',(0.,0.,1.));
#1568 = ORIENTED_EDGE('',*,*,#1569,.F.);
#1569 = EDGE_CURVE('',#1546,#1562,#1570,.T.);
#1570 = LINE('',#1571,#1572);
#1571 = CARTESIAN_POINT('',(7.5,-1.11,0.82));
#1572 = VECTOR('',#1573,1.);
#1573 = DIRECTION('',(-0.,1.,0.));
#1574 = PLANE('',#1575);
#1575 = AXIS2_PLACEMENT_3D('',#1576,#1577,#1578);
#1576 = CARTESIAN_POINT('',(7.5,-1.11,0.));
#1577 = DIRECTION('',(1.,0.,-0.));
#1578 = DIRECTION('',(0.,0.,1.));
#1579 = ADVANCED_FACE('',(#1580),#1614,.T.);
#1580 = FACE_BOUND('',#1581,.T.);
#1581 = EDGE_LOOP('',(#1582,#1592,#1600,#1608));
#1582 = ORIENTED_EDGE('',*,*,#1583,.F.);
#1583 = EDGE_CURVE('',#1584,#1586,#1588,.T.);
#1584 = VERTEX_POINT('',#1585);
#1585 = CARTESIAN_POINT('',(8.7,-1.11,0.));
#1586 = VERTEX_POINT('',#1587);
#1587 = CARTESIAN_POINT('',(8.7,-1.11,0.82));
#1588 = LINE('',#1589,#1590);
#1589 = CARTESIAN_POINT('',(8.7,-1.11,0.));
#1590 = VECTOR('',#1591,1.);
#1591 = DIRECTION('',(0.,0.,1.));
#1592 = ORIENTED_EDGE('',*,*,#1593,.T.);
#1593 = EDGE_CURVE('',#1584,#1594,#1596,.T.);
#1594 = VERTEX_POINT('',#1595);
#1595 = CARTESIAN_POINT('',(8.7,-0.31,0.));
#1596 = LINE('',#1597,#1598);
#1597 = CARTESIAN_POINT('',(8.7,-1.11,0.));
#1598 = VECTOR('',#1599,1.);
#1599 = DIRECTION('',(-0.,1.,0.));
#1600 = ORIENTED_EDGE('',*,*,#1601,.T.);
#1601 = EDGE_CURVE('',#1594,#1602,#1604,.T.);
#1602 = VERTEX_POINT('',#1603);
#1603 = CARTESIAN_POINT('',(8.7,-0.31,0.82));
#1604 = LINE('',#1605,#1606);
#1605 = CARTESIAN_POINT('',(8.7,-0.31,0.));
#1606 = VECTOR('',#1607,1.);
#1607 = DIRECTION('',(0.,0.,1.));
#1608 = ORIENTED_EDGE('',*,*,#1609,.F.);
#1609 = EDGE_CURVE('',#1586,#1602,#1610,.T.);
#1610 = LINE('',#1611,#1612);
#1611 = CARTESIAN_POINT('',(8.7,-1.11,0.82));
#1612 = VECTOR('',#1613,1.);
#1613 = DIRECTION('',(-0.,1.,0.));
#1614 = PLANE('',#1615);
#1615 = AXIS2_PLACEMENT_3D('',#1616,#1617,#1618);
#1616 = CARTESIAN_POINT('',(8.7,-1.11,0.));
#1617 = DIRECTION('',(1.,0.,-0.));
#1618 = DIRECTION('',(0.,0.,1.));
#1619 = ADVANCED_FACE('',(#1620),#1636,.F.);
#1620 = FACE_BOUND('',#1621,.F.);
#1621 = EDGE_LOOP('',(#1622,#1628,#1629,#1635));
#1622 = ORIENTED_EDGE('',*,*,#1623,.F.);
#1623 = EDGE_CURVE('',#1544,#1584,#1624,.T.);
#1624 = LINE('',#1625,#1626);
#1625 = CARTESIAN_POINT('',(7.5,-1.11,0.));
#1626 = VECTOR('',#1627,1.);
#1627 = DIRECTION('',(1.,0.,-0.));
#1628 = ORIENTED_EDGE('',*,*,#1543,.T.);
#1629 = ORIENTED_EDGE('',*,*,#1630,.T.);
#1630 = EDGE_CURVE('',#1546,#1586,#1631,.T.);
#1631 = LINE('',#1632,#1633);
#1632 = CARTESIAN_POINT('',(7.5,-1.11,0.82));
#1633 = VECTOR('',#1634,1.);
#1634 = DIRECTION('',(1.,0.,-0.));
#1635 = ORIENTED_EDGE('',*,*,#1583,.F.);
#1636 = PLANE('',#1637);
#1637 = AXIS2_PLACEMENT_3D('',#1638,#1639,#1640);
#1638 = CARTESIAN_POINT('',(7.5,-1.11,0.));
#1639 = DIRECTION('',(-0.,1.,0.));
#1640 = DIRECTION('',(0.,0.,1.));
#1641 = ADVANCED_FACE('',(#1642),#1658,.T.);
#1642 = FACE_BOUND('',#1643,.T.);
#1643 = EDGE_LOOP('',(#1644,#1650,#1651,#1657));
#1644 = ORIENTED_EDGE('',*,*,#1645,.F.);
#1645 = EDGE_CURVE('',#1554,#1594,#1646,.T.);
#1646 = LINE('',#1647,#1648);
#1647 = CARTESIAN_POINT('',(7.5,-0.31,0.));
#1648 = VECTOR('',#1649,1.);
#1649 = DIRECTION('',(1.,0.,-0.));
#1650 = ORIENTED_EDGE('',*,*,#1561,.T.);
#1651 = ORIENTED_EDGE('',*,*,#1652,.T.);
#1652 = EDGE_CURVE('',#1562,#1602,#1653,.T.);
#1653 = LINE('',#1654,#1655);
#1654 = CARTESIAN_POINT('',(7.5,-0.31,0.82));
#1655 = VECTOR('',#1656,1.);
#1656 = DIRECTION('',(1.,0.,-0.));
#1657 = ORIENTED_EDGE('',*,*,#1601,.F.);
#1658 = PLANE('',#1659);
#1659 = AXIS2_PLACEMENT_3D('',#1660,#1661,#1662);
#1660 = CARTESIAN_POINT('',(7.5,-0.31,0.));
#1661 = DIRECTION('',(-0.,1.,0.));
#1662 = DIRECTION('',(0.,0.,1.));
#1663 = ADVANCED_FACE('',(#1664),#1670,.F.);
#1664 = FACE_BOUND('',#1665,.F.);
#1665 = EDGE_LOOP('',(#1666,#1667,#1668,#1669));
#1666 = ORIENTED_EDGE('',*,*,#1553,.F.);
#1667 = ORIENTED_EDGE('',*,*,#1623,.T.);
#1668 = ORIENTED_EDGE('',*,*,#1593,.T.);
#1669 = ORIENTED_EDGE('',*,*,#1645,.F.);
#1670 = PLANE('',#1671);
#1671 = AXIS2_PLACEMENT_3D('',#1672,#1673,#1674);
#1672 = CARTESIAN_POINT('',(7.5,-1.11,0.));
#1673 = DIRECTION('',(0.,0.,1.));
#1674 = DIRECTION('',(1.,0.,-0.));
#1675 = ADVANCED_FACE('',(#1676),#1682,.T.);
#1676 = FACE_BOUND('',#1677,.T.);
#1677 = EDGE_LOOP('',(#1678,#1679,#1680,#1681));
#1678 = ORIENTED_EDGE('',*,*,#1569,.F.);
#1679 = ORIENTED_EDGE('',*,*,#1630,.T.);
#1680 = ORIENTED_EDGE('',*,*,#1609,.T.);
#1681 = ORIENTED_EDGE('',*,*,#1652,.F.);
#1682 = PLANE('',#1683);
#1683 = AXIS2_PLACEMENT_3D('',#1684,#1685,#1686);
#1684 = CARTESIAN_POINT('',(7.5,-1.11,0.82));
#1685 = DIRECTION('',(0.,0.,1.));
#1686 = DIRECTION('',(1.,0.,-0.));
#1687 = ( GEOMETRIC_REPRESENTATION_CONTEXT(3) 
GLOBAL_UNCERTAINTY_ASSIGNED_CONTEXT((#1691)) 
GLOBAL_UNIT_ASSIGNED_CONTEXT((#1688,#1689,#1690)) REPRESENTATION_CONTEXT
('Context #1','3D Context with UNIT and UNCERTAINTY') );
#1688 = ( LENGTH_UNIT() NAMED_UNIT(*) SI_UNIT(.MILLI.,.METRE.) );
#1689 = ( NAMED_UNIT(*) PLANE_ANGLE_UNIT() SI_UNIT($,.RADIAN.) );
#1690 = ( NAMED_UNIT(*) SI_UNIT($,.STERADIAN.) SOLID_ANGLE_UNIT() );
#1691 = UNCERTAINTY_MEASURE_WITH_UNIT(LENGTH_MEASURE(1.E-07),#1688,
  'distance_accuracy_value','confusion accuracy');
#1692 = CONTEXT_DEPENDENT_SHAPE_REPRESENTATION(#1693,#1695);
#1693 = ( REPRESENTATION_RELATIONSHIP('','',#1536,#10) 
REPRESENTATION_RELATIONSHIP_WITH_TRANSFORMATION(#1694) 
SHAPE_REPRESENTATION_RELATIONSHIP() );
#1694 = ITEM_DEFINED_TRANSFORMATION('','',#11,#47);
#1695 = PRODUCT_DEFINITION_SHAPE('Placement','Placement of an item',
  #1696);
#1696 = NEXT_ASSEMBLY_USAGE_OCCURRENCE('9','Pad 25','',#5,#1531,$);
#1697 = PRODUCT_RELATED_PRODUCT_CATEGORY('part',$,(#1533));
#1698 = SHAPE_DEFINITION_REPRESENTATION(#1699,#1705);
#1699 = PRODUCT_DEFINITION_SHAPE('','',#1700);
#1700 = PRODUCT_DEFINITION('design','',#1701,#1704);
#1701 = PRODUCT_DEFINITION_FORMATION('','',#1702);
#1702 = PRODUCT('Pad 5','Pad 5','',(#1703));
#1703 = PRODUCT_CONTEXT('',#2,'mechanical');
#1704 = PRODUCT_DEFINITION_CONTEXT('part definition',#2,'design');
#1705 = ADVANCED_BREP_SHAPE_REPRESENTATION('',(#11,#1706),#1856);
#1706 = MANIFOLD_SOLID_BREP('',#1707);
#1707 = CLOSED_SHELL('',(#1708,#1748,#1788,#1810,#1832,#1844));
#1708 = ADVANCED_FACE('',(#1709),#1743,.F.);
#1709 = FACE_BOUND('',#1710,.F.);
#1710 = EDGE_LOOP('',(#1711,#1721,#1729,#1737));
#1711 = ORIENTED_EDGE('',*,*,#1712,.F.);
#1712 = EDGE_CURVE('',#1713,#1715,#1717,.T.);
#1713 = VERTEX_POINT('',#1714);
#1714 = CARTESIAN_POINT('',(-8.7,-1.E-02,0.));
#1715 = VERTEX_POINT('',#1716);
#1716 = CARTESIAN_POINT('',(-8.7,-1.E-02,0.82));
#1717 = LINE('',#1718,#1719);
#1718 = CARTESIAN_POINT('',(-8.7,-1.E-02,0.));
#1719 = VECTOR('',#1720,1.);
#1720 = DIRECTION('',(0.,0.,1.));
#1721 = ORIENTED_EDGE('',*,*,#1722,.T.);
#1722 = EDGE_CURVE('',#1713,#1723,#1725,.T.);
#1723 = VERTEX_POINT('',#1724);
#1724 = CARTESIAN_POINT('',(-8.7,0.79,0.));
#1725 = LINE('',#1726,#1727);
#1726 = CARTESIAN_POINT('',(-8.7,-1.E-02,0.));
#1727 = VECTOR('',#1728,1.);
#1728 = DIRECTION('',(-0.,1.,0.));
#1729 = ORIENTED_EDGE('',*,*,#1730,.T.);
#1730 = EDGE_CURVE('',#1723,#1731,#1733,.T.);
#1731 = VERTEX_POINT('',#1732);
#1732 = CARTESIAN_POINT('',(-8.7,0.79,0.82));
#1733 = LINE('',#1734,#1735);
#1734 = CARTESIAN_POINT('',(-8.7,0.79,0.));
#1735 = VECTOR('',#1736,1.);
#1736 = DIRECTION('',(0.,0.,1.));
#1737 = ORIENTED_EDGE('',*,*,#1738,.F.);
#1738 = EDGE_CURVE('',#1715,#1731,#1739,.T.);
#1739 = LINE('',#1740,#1741);
#1740 = CARTESIAN_POINT('',(-8.7,-1.E-02,0.82));
#1741 = VECTOR('',#1742,1.);
#1742 = DIRECTION('',(-0.,1.,0.));
#1743 = PLANE('',#1744);
#1744 = AXIS2_PLACEMENT_3D('',#1745,#1746,#1747);
#1745 = CARTESIAN_POINT('',(-8.7,-1.E-02,0.));
#1746 = DIRECTION('',(1.,0.,-0.));
#1747 = DIRECTION('',(0.,0.,1.));
#1748 = ADVANCED_FACE('',(#1749),#1783,.T.);
#1749 = FACE_BOUND('',#1750,.T.);
#1750 = EDGE_LOOP('',(#1751,#1761,#1769,#1777));
#1751 = ORIENTED_EDGE('',*,*,#1752,.F.);
#1752 = EDGE_CURVE('',#1753,#1755,#1757,.T.);
#1753 = VERTEX_POINT('',#1754);
#1754 = CARTESIAN_POINT('',(-7.5,-1.E-02,0.));
#1755 = VERTEX_POINT('',#1756);
#1756 = CARTESIAN_POINT('',(-7.5,-1.E-02,0.82));
#1757 = LINE('',#1758,#1759);
#1758 = CARTESIAN_POINT('',(-7.5,-1.E-02,0.));
#1759 = VECTOR('',#1760,1.);
#1760 = DIRECTION('',(0.,0.,1.));
#1761 = ORIENTED_EDGE('',*,*,#1762,.T.);
#1762 = EDGE_CURVE('',#1753,#1763,#1765,.T.);
#1763 = VERTEX_POINT('',#1764);
#1764 = CARTESIAN_POINT('',(-7.5,0.79,0.));
#1765 = LINE('',#1766,#1767);
#1766 = CARTESIAN_POINT('',(-7.5,-1.E-02,0.));
#1767 = VECTOR('',#1768,1.);
#1768 = DIRECTION('',(-0.,1.,0.));
#1769 = ORIENTED_EDGE('',*,*,#1770,.T.);
#1770 = EDGE_CURVE('',#1763,#1771,#1773,.T.);
#1771 = VERTEX_POINT('',#1772);
#1772 = CARTESIAN_POINT('',(-7.5,0.79,0.82));
#1773 = LINE('',#1774,#1775);
#1774 = CARTESIAN_POINT('',(-7.5,0.79,0.));
#1775 = VECTOR('',#1776,1.);
#1776 = DIRECTION('',(0.,0.,1.));
#1777 = ORIENTED_EDGE('',*,*,#1778,.F.);
#1778 = EDGE_CURVE('',#1755,#1771,#1779,.T.);
#1779 = LINE('',#1780,#1781);
#1780 = CARTESIAN_POINT('',(-7.5,-1.E-02,0.82));
#1781 = VECTOR('',#1782,1.);
#1782 = DIRECTION('',(-0.,1.,0.));
#1783 = PLANE('',#1784);
#1784 = AXIS2_PLACEMENT_3D('',#1785,#1786,#1787);
#1785 = CARTESIAN_POINT('',(-7.5,-1.E-02,0.));
#1786 = DIRECTION('',(1.,0.,-0.));
#1787 = DIRECTION('',(0.,0.,1.));
#1788 = ADVANCED_FACE('',(#1789),#1805,.F.);
#1789 = FACE_BOUND('',#1790,.F.);
#1790 = EDGE_LOOP('',(#1791,#1797,#1798,#1804));
#1791 = ORIENTED_EDGE('',*,*,#1792,.F.);
#1792 = EDGE_CURVE('',#1713,#1753,#1793,.T.);
#1793 = LINE('',#1794,#1795);
#1794 = CARTESIAN_POINT('',(-8.7,-1.E-02,0.));
#1795 = VECTOR('',#1796,1.);
#1796 = DIRECTION('',(1.,0.,-0.));
#1797 = ORIENTED_EDGE('',*,*,#1712,.T.);
#1798 = ORIENTED_EDGE('',*,*,#1799,.T.);
#1799 = EDGE_CURVE('',#1715,#1755,#1800,.T.);
#1800 = LINE('',#1801,#1802);
#1801 = CARTESIAN_POINT('',(-8.7,-1.E-02,0.82));
#1802 = VECTOR('',#1803,1.);
#1803 = DIRECTION('',(1.,0.,-0.));
#1804 = ORIENTED_EDGE('',*,*,#1752,.F.);
#1805 = PLANE('',#1806);
#1806 = AXIS2_PLACEMENT_3D('',#1807,#1808,#1809);
#1807 = CARTESIAN_POINT('',(-8.7,-1.E-02,0.));
#1808 = DIRECTION('',(-0.,1.,0.));
#1809 = DIRECTION('',(0.,0.,1.));
#1810 = ADVANCED_FACE('',(#1811),#1827,.T.);
#1811 = FACE_BOUND('',#1812,.T.);
#1812 = EDGE_LOOP('',(#1813,#1819,#1820,#1826));
#1813 = ORIENTED_EDGE('',*,*,#1814,.F.);
#1814 = EDGE_CURVE('',#1723,#1763,#1815,.T.);
#1815 = LINE('',#1816,#1817);
#1816 = CARTESIAN_POINT('',(-8.7,0.79,0.));
#1817 = VECTOR('',#1818,1.);
#1818 = DIRECTION('',(1.,0.,-0.));
#1819 = ORIENTED_EDGE('',*,*,#1730,.T.);
#1820 = ORIENTED_EDGE('',*,*,#1821,.T.);
#1821 = EDGE_CURVE('',#1731,#1771,#1822,.T.);
#1822 = LINE('',#1823,#1824);
#1823 = CARTESIAN_POINT('',(-8.7,0.79,0.82));
#1824 = VECTOR('',#1825,1.);
#1825 = DIRECTION('',(1.,0.,-0.));
#1826 = ORIENTED_EDGE('',*,*,#1770,.F.);
#1827 = PLANE('',#1828);
#1828 = AXIS2_PLACEMENT_3D('',#1829,#1830,#1831);
#1829 = CARTESIAN_POINT('',(-8.7,0.79,0.));
#1830 = DIRECTION('',(-0.,1.,0.));
#1831 = DIRECTION('',(0.,0.,1.));
#1832 = ADVANCED_FACE('',(#1833),#1839,.F.);
#1833 = FACE_BOUND('',#1834,.F.);
#1834 = EDGE_LOOP('',(#1835,#1836,#1837,#1838));
#1835 = ORIENTED_EDGE('',*,*,#1722,.F.);
#1836 = ORIENTED_EDGE('',*,*,#1792,.T.);
#1837 = ORIENTED_EDGE('',*,*,#1762,.T.);
#1838 = ORIENTED_EDGE('',*,*,#1814,.F.);
#1839 = PLANE('',#1840);
#1840 = AXIS2_PLACEMENT_3D('',#1841,#1842,#1843);
#1841 = CARTESIAN_POINT('',(-8.7,-1.E-02,0.));
#1842 = DIRECTION('',(0.,0.,1.));
#1843 = DIRECTION('',(1.,0.,-0.));
#1844 = ADVANCED_FACE('',(#1845),#1851,.T.);
#1845 = FACE_BOUND('',#1846,.T.);
#1846 = EDGE_LOOP('',(#1847,#1848,#1849,#1850));
#1847 = ORIENTED_EDGE('',*,*,#1738,.F.);
#1848 = ORIENTED_EDGE('',*,*,#1799,.T.);
#1849 = ORIENTED_EDGE('',*,*,#1778,.T.);
#1850 = ORIENTED_EDGE('',*,*,#1821,.F.);
#1851 = PLANE('',#1852);
#1852 = AXIS2_PLACEMENT_3D('',#1853,#1854,#1855);
#1853 = CARTESIAN_POINT('',(-8.7,-1.E-02,0.82));
#1854 = DIRECTION('',(0.,0.,1.));
#1855 = DIRECTION('',(1.,0.,-0.));
#1856 = ( GEOMETRIC_REPRESENTATION_CONTEXT(3) 
GLOBAL_UNCERTAINTY_ASSIGNED_CONTEXT((#1860)) 
GLOBAL_UNIT_ASSIGNED_CONTEXT((#1857,#1858,#1859)) REPRESENTATION_CONTEXT
('Context #1','3D Context with UNIT and UNCERTAINTY') );
#1857 = ( LENGTH_UNIT() NAMED_UNIT(*) SI_UNIT(.MILLI.,.METRE.) );
#1858 = ( NAMED_UNIT(*) PLANE_ANGLE_UNIT() SI_UNIT($,.RADIAN.) );
#1859 = ( NAMED_UNIT(*) SI_UNIT($,.STERADIAN.) SOLID_ANGLE_UNIT() );
#1860 = UNCERTAINTY_MEASURE_WITH_UNIT(LENGTH_MEASURE(1.E-07),#1857,
  'distance_accuracy_value','confusion accuracy');
#1861 = CONTEXT_DEPENDENT_SHAPE_REPRESENTATION(#1862,#1864);
#1862 = ( REPRESENTATION_RELATIONSHIP('','',#1705,#10) 
REPRESENTATION_RELATIONSHIP_WITH_TRANSFORMATION(#1863) 
SHAPE_REPRESENTATION_RELATIONSHIP() );
#1863 = ITEM_DEFINED_TRANSFORMATION('','',#11,#51);
#1864 = PRODUCT_DEFINITION_SHAPE('Placement','Placement of an item',
  #1865);
#1865 = NEXT_ASSEMBLY_USAGE_OCCURRENCE('10','Pad 5','',#5,#1700,$);
#1866 = PRODUCT_RELATED_PRODUCT_CATEGORY('part',$,(#1702));
#1867 = SHAPE_DEFINITION_REPRESENTATION(#1868,#1874);
#1868 = PRODUCT_DEFINITION_SHAPE('','',#1869);
#1869 = PRODUCT_DEFINITION('design','',#1870,#1873);
#1870 = PRODUCT_DEFINITION_FORMATION('','',#1871);
#1871 = PRODUCT('Pad 24','Pad 24','',(#1872));
#1872 = PRODUCT_CONTEXT('',#2,'mechanical');
#1873 = PRODUCT_DEFINITION_CONTEXT('part definition',#2,'design');
#1874 = ADVANCED_BREP_SHAPE_REPRESENTATION('',(#11,#1875),#2025);
#1875 = MANIFOLD_SOLID_BREP('',#1876);
#1876 = CLOSED_SHELL('',(#1877,#1917,#1957,#1979,#2001,#2013));
#1877 = ADVANCED_FACE('',(#1878),#1912,.F.);
#1878 = FACE_BOUND('',#1879,.F.);
#1879 = EDGE_LOOP('',(#1880,#1890,#1898,#1906));
#1880 = ORIENTED_EDGE('',*,*,#1881,.F.);
#1881 = EDGE_CURVE('',#1882,#1884,#1886,.T.);
#1882 = VERTEX_POINT('',#1883);
#1883 = CARTESIAN_POINT('',(7.5,-1.E-02,0.));
#1884 = VERTEX_POINT('',#1885);
#1885 = CARTESIAN_POINT('',(7.5,-1.E-02,0.82));
#1886 = LINE('',#1887,#1888);
#1887 = CARTESIAN_POINT('',(7.5,-1.E-02,0.));
#1888 = VECTOR('',#1889,1.);
#1889 = DIRECTION('',(0.,0.,1.));
#1890 = ORIENTED_EDGE('',*,*,#1891,.T.);
#1891 = EDGE_CURVE('',#1882,#1892,#1894,.T.);
#1892 = VERTEX_POINT('',#1893);
#1893 = CARTESIAN_POINT('',(7.5,0.79,0.));
#1894 = LINE('',#1895,#1896);
#1895 = CARTESIAN_POINT('',(7.5,-1.E-02,0.));
#1896 = VECTOR('',#1897,1.);
#1897 = DIRECTION('',(-0.,1.,0.));
#1898 = ORIENTED_EDGE('',*,*,#1899,.T.);
#1899 = EDGE_CURVE('',#1892,#1900,#1902,.T.);
#1900 = VERTEX_POINT('',#1901);
#1901 = CARTESIAN_POINT('',(7.5,0.79,0.82));
#1902 = LINE('',#1903,#1904);
#1903 = CARTESIAN_POINT('',(7.5,0.79,0.));
#1904 = VECTOR('',#1905,1.);
#1905 = DIRECTION('',(0.,0.,1.));
#1906 = ORIENTED_EDGE('',*,*,#1907,.F.);
#1907 = EDGE_CURVE('',#1884,#1900,#1908,.T.);
#1908 = LINE('',#1909,#1910);
#1909 = CARTESIAN_POINT('',(7.5,-1.E-02,0.82));
#1910 = VECTOR('',#1911,1.);
#1911 = DIRECTION('',(-0.,1.,0.));
#1912 = PLANE('',#1913);
#1913 = AXIS2_PLACEMENT_3D('',#1914,#1915,#1916);
#1914 = CARTESIAN_POINT('',(7.5,-1.E-02,0.));
#1915 = DIRECTION('',(1.,0.,-0.));
#1916 = DIRECTION('',(0.,0.,1.));
#1917 = ADVANCED_FACE('',(#1918),#1952,.T.);
#1918 = FACE_BOUND('',#1919,.T.);
#1919 = EDGE_LOOP('',(#1920,#1930,#1938,#1946));
#1920 = ORIENTED_EDGE('',*,*,#1921,.F.);
#1921 = EDGE_CURVE('',#1922,#1924,#1926,.T.);
#1922 = VERTEX_POINT('',#1923);
#1923 = CARTESIAN_POINT('',(8.7,-1.E-02,0.));
#1924 = VERTEX_POINT('',#1925);
#1925 = CARTESIAN_POINT('',(8.7,-1.E-02,0.82));
#1926 = LINE('',#1927,#1928);
#1927 = CARTESIAN_POINT('',(8.7,-1.E-02,0.));
#1928 = VECTOR('',#1929,1.);
#1929 = DIRECTION('',(0.,0.,1.));
#1930 = ORIENTED_EDGE('',*,*,#1931,.T.);
#1931 = EDGE_CURVE('',#1922,#1932,#1934,.T.);
#1932 = VERTEX_POINT('',#1933);
#1933 = CARTESIAN_POINT('',(8.7,0.79,0.));
#1934 = LINE('',#1935,#1936);
#1935 = CARTESIAN_POINT('',(8.7,-1.E-02,0.));
#1936 = VECTOR('',#1937,1.);
#1937 = DIRECTION('',(-0.,1.,0.));
#1938 = ORIENTED_EDGE('',*,*,#1939,.T.);
#1939 = EDGE_CURVE('',#1932,#1940,#1942,.T.);
#1940 = VERTEX_POINT('',#1941);
#1941 = CARTESIAN_POINT('',(8.7,0.79,0.82));
#1942 = LINE('',#1943,#1944);
#1943 = CARTESIAN_POINT('',(8.7,0.79,0.));
#1944 = VECTOR('',#1945,1.);
#1945 = DIRECTION('',(0.,0.,1.));
#1946 = ORIENTED_EDGE('',*,*,#1947,.F.);
#1947 = EDGE_CURVE('',#1924,#1940,#1948,.T.);
#1948 = LINE('',#1949,#1950);
#1949 = CARTESIAN_POINT('',(8.7,-1.E-02,0.82));
#1950 = VECTOR('',#1951,1.);
#1951 = DIRECTION('',(-0.,1.,0.));
#1952 = PLANE('',#1953);
#1953 = AXIS2_PLACEMENT_3D('',#1954,#1955,#1956);
#1954 = CARTESIAN_POINT('',(8.7,-1.E-02,0.));
#1955 = DIRECTION('',(1.,0.,-0.));
#1956 = DIRECTION('',(0.,0.,1.));
#1957 = ADVANCED_FACE('',(#1958),#1974,.F.);
#1958 = FACE_BOUND('',#1959,.F.);
#1959 = EDGE_LOOP('',(#1960,#1966,#1967,#1973));
#1960 = ORIENTED_EDGE('',*,*,#1961,.F.);
#1961 = EDGE_CURVE('',#1882,#1922,#1962,.T.);
#1962 = LINE('',#1963,#1964);
#1963 = CARTESIAN_POINT('',(7.5,-1.E-02,0.));
#1964 = VECTOR('',#1965,1.);
#1965 = DIRECTION('',(1.,0.,-0.));
#1966 = ORIENTED_EDGE('',*,*,#1881,.T.);
#1967 = ORIENTED_EDGE('',*,*,#1968,.T.);
#1968 = EDGE_CURVE('',#1884,#1924,#1969,.T.);
#1969 = LINE('',#1970,#1971);
#1970 = CARTESIAN_POINT('',(7.5,-1.E-02,0.82));
#1971 = VECTOR('',#1972,1.);
#1972 = DIRECTION('',(1.,0.,-0.));
#1973 = ORIENTED_EDGE('',*,*,#1921,.F.);
#1974 = PLANE('',#1975);
#1975 = AXIS2_PLACEMENT_3D('',#1976,#1977,#1978);
#1976 = CARTESIAN_POINT('',(7.5,-1.E-02,0.));
#1977 = DIRECTION('',(-0.,1.,0.));
#1978 = DIRECTION('',(0.,0.,1.));
#1979 = ADVANCED_FACE('',(#1980),#1996,.T.);
#1980 = FACE_BOUND('',#1981,.T.);
#1981 = EDGE_LOOP('',(#1982,#1988,#1989,#1995));
#1982 = ORIENTED_EDGE('',*,*,#1983,.F.);
#1983 = EDGE_CURVE('',#1892,#1932,#1984,.T.);
#1984 = LINE('',#1985,#1986);
#1985 = CARTESIAN_POINT('',(7.5,0.79,0.));
#1986 = VECTOR('',#1987,1.);
#1987 = DIRECTION('',(1.,0.,-0.));
#1988 = ORIENTED_EDGE('',*,*,#1899,.T.);
#1989 = ORIENTED_EDGE('',*,*,#1990,.T.);
#1990 = EDGE_CURVE('',#1900,#1940,#1991,.T.);
#1991 = LINE('',#1992,#1993);
#1992 = CARTESIAN_POINT('',(7.5,0.79,0.82));
#1993 = VECTOR('',#1994,1.);
#1994 = DIRECTION('',(1.,0.,-0.));
#1995 = ORIENTED_EDGE('',*,*,#1939,.F.);
#1996 = PLANE('',#1997);
#1997 = AXIS2_PLACEMENT_3D('',#1998,#1999,#2000);
#1998 = CARTESIAN_POINT('',(7.5,0.79,0.));
#1999 = DIRECTION('',(-0.,1.,0.));
#2000 = DIRECTION('',(0.,0.,1.));
#2001 = ADVANCED_FACE('',(#2002),#2008,.F.);
#2002 = FACE_BOUND('',#2003,.F.);
#2003 = EDGE_LOOP('',(#2004,#2005,#2006,#2007));
#2004 = ORIENTED_EDGE('',*,*,#1891,.F.);
#2005 = ORIENTED_EDGE('',*,*,#1961,.T.);
#2006 = ORIENTED_EDGE('',*,*,#1931,.T.);
#2007 = ORIENTED_EDGE('',*,*,#1983,.F.);
#2008 = PLANE('',#2009);
#2009 = AXIS2_PLACEMENT_3D('',#2010,#2011,#2012);
#2010 = CARTESIAN_POINT('',(7.5,-1.E-02,0.));
#2011 = DIRECTION('',(0.,0.,1.));
#2012 = DIRECTION('',(1.,0.,-0.));
#2013 = ADVANCED_FACE('',(#2014),#2020,.T.);
#2014 = FACE_BOUND('',#2015,.T.);
#2015 = EDGE_LOOP('',(#2016,#2017,#2018,#2019));
#2016 = ORIENTED_EDGE('',*,*,#1907,.F.);
#2017 = ORIENTED_EDGE('',*,*,#1968,.T.);
#2018 = ORIENTED_EDGE('',*,*,#1947,.T.);
#2019 = ORIENTED_EDGE('',*,*,#1990,.F.);
#2020 = PLANE('',#2021);
#2021 = AXIS2_PLACEMENT_3D('',#2022,#2023,#2024);
#2022 = CARTESIAN_POINT('',(7.5,-1.E-02,0.82));
#2023 = DIRECTION('',(0.,0.,1.));
#2024 = DIRECTION('',(1.,0.,-0.));
#2025 = ( GEOMETRIC_REPRESENTATION_CONTEXT(3) 
GLOBAL_UNCERTAINTY_ASSIGNED_CONTEXT((#2029)) 
GLOBAL_UNIT_ASSIGNED_CONTEXT((#2026,#2027,#2028)) REPRESENTATION_CONTEXT
('Context #1','3D Context with UNIT and UNCERTAINTY') );
#2026 = ( LENGTH_UNIT() NAMED_UNIT(*) SI_UNIT(.MILLI.,.METRE.) );
#2027 = ( NAMED_UNIT(*) PLANE_ANGLE_UNIT() SI_UNIT($,.RADIAN.) );
#2028 = ( NAMED_UNIT(*) SI_UNIT($,.STERADIAN.) SOLID_ANGLE_UNIT() );
#2029 = UNCERTAINTY_MEASURE_WITH_UNIT(LENGTH_MEASURE(1.E-07),#2026,
  'distance_accuracy_value','confusion accuracy');
#2030 = CONTEXT_DEPENDENT_SHAPE_REPRESENTATION(#2031,#2033);
#2031 = ( REPRESENTATION_RELATIONSHIP('','',#1874,#10) 
REPRESENTATION_RELATIONSHIP_WITH_TRANSFORMATION(#2032) 
SHAPE_REPRESENTATION_RELATIONSHIP() );
#2032 = ITEM_DEFINED_TRANSFORMATION('','',#11,#55);
#2033 = PRODUCT_DEFINITION_SHAPE('Placement','Placement of an item',
  #2034);
#2034 = NEXT_ASSEMBLY_USAGE_OCCURRENCE('11','Pad 24','',#5,#1869,$);
#2035 = PRODUCT_RELATED_PRODUCT_CATEGORY('part',$,(#1871));
#2036 = SHAPE_DEFINITION_REPRESENTATION(#2037,#2043);
#2037 = PRODUCT_DEFINITION_SHAPE('','',#2038);
#2038 = PRODUCT_DEFINITION('design','',#2039,#2042);
#2039 = PRODUCT_DEFINITION_FORMATION('','',#2040);
#2040 = PRODUCT('Pad 6','Pad 6','',(#2041));
#2041 = PRODUCT_CONTEXT('',#2,'mechanical');
#2042 = PRODUCT_DEFINITION_CONTEXT('part definition',#2,'design');
#2043 = ADVANCED_BREP_SHAPE_REPRESENTATION('',(#11,#2044),#2194);
#2044 = MANIFOLD_SOLID_BREP('',#2045);
#2045 = CLOSED_SHELL('',(#2046,#2086,#2126,#2148,#2170,#2182));
#2046 = ADVANCED_FACE('',(#2047),#2081,.F.);
#2047 = FACE_BOUND('',#2048,.F.);
#2048 = EDGE_LOOP('',(#2049,#2059,#2067,#2075));
#2049 = ORIENTED_EDGE('',*,*,#2050,.F.);
#2050 = EDGE_CURVE('',#2051,#2053,#2055,.T.);
#2051 = VERTEX_POINT('',#2052);
#2052 = CARTESIAN_POINT('',(-8.7,1.09,0.));
#2053 = VERTEX_POINT('',#2054);
#2054 = CARTESIAN_POINT('',(-8.7,1.09,0.82));
#2055 = LINE('',#2056,#2057);
#2056 = CARTESIAN_POINT('',(-8.7,1.09,0.));
#2057 = VECTOR('',#2058,1.);
#2058 = DIRECTION('',(0.,0.,1.));
#2059 = ORIENTED_EDGE('',*,*,#2060,.T.);
#2060 = EDGE_CURVE('',#2051,#2061,#2063,.T.);
#2061 = VERTEX_POINT('',#2062);
#2062 = CARTESIAN_POINT('',(-8.7,1.89,0.));
#2063 = LINE('',#2064,#2065);
#2064 = CARTESIAN_POINT('',(-8.7,1.09,0.));
#2065 = VECTOR('',#2066,1.);
#2066 = DIRECTION('',(-0.,1.,0.));
#2067 = ORIENTED_EDGE('',*,*,#2068,.T.);
#2068 = EDGE_CURVE('',#2061,#2069,#2071,.T.);
#2069 = VERTEX_POINT('',#2070);
#2070 = CARTESIAN_POINT('',(-8.7,1.89,0.82));
#2071 = LINE('',#2072,#2073);
#2072 = CARTESIAN_POINT('',(-8.7,1.89,0.));
#2073 = VECTOR('',#2074,1.);
#2074 = DIRECTION('',(0.,0.,1.));
#2075 = ORIENTED_EDGE('',*,*,#2076,.F.);
#2076 = EDGE_CURVE('',#2053,#2069,#2077,.T.);
#2077 = LINE('',#2078,#2079);
#2078 = CARTESIAN_POINT('',(-8.7,1.09,0.82));
#2079 = VECTOR('',#2080,1.);
#2080 = DIRECTION('',(-0.,1.,0.));
#2081 = PLANE('',#2082);
#2082 = AXIS2_PLACEMENT_3D('',#2083,#2084,#2085);
#2083 = CARTESIAN_POINT('',(-8.7,1.09,0.));
#2084 = DIRECTION('',(1.,0.,-0.));
#2085 = DIRECTION('',(0.,0.,1.));
#2086 = ADVANCED_FACE('',(#2087),#2121,.T.);
#2087 = FACE_BOUND('',#2088,.T.);
#2088 = EDGE_LOOP('',(#2089,#2099,#2107,#2115));
#2089 = ORIENTED_EDGE('',*,*,#2090,.F.);
#2090 = EDGE_CURVE('',#2091,#2093,#2095,.T.);
#2091 = VERTEX_POINT('',#2092);
#2092 = CARTESIAN_POINT('',(-7.5,1.09,0.));
#2093 = VERTEX_POINT('',#2094);
#2094 = CARTESIAN_POINT('',(-7.5,1.09,0.82));
#2095 = LINE('',#2096,#2097);
#2096 = CARTESIAN_POINT('',(-7.5,1.09,0.));
#2097 = VECTOR('',#2098,1.);
#2098 = DIRECTION('',(0.,0.,1.));
#2099 = ORIENTED_EDGE('',*,*,#2100,.T.);
#2100 = EDGE_CURVE('',#2091,#2101,#2103,.T.);
#2101 = VERTEX_POINT('',#2102);
#2102 = CARTESIAN_POINT('',(-7.5,1.89,0.));
#2103 = LINE('',#2104,#2105);
#2104 = CARTESIAN_POINT('',(-7.5,1.09,0.));
#2105 = VECTOR('',#2106,1.);
#2106 = DIRECTION('',(-0.,1.,0.));
#2107 = ORIENTED_EDGE('',*,*,#2108,.T.);
#2108 = EDGE_CURVE('',#2101,#2109,#2111,.T.);
#2109 = VERTEX_POINT('',#2110);
#2110 = CARTESIAN_POINT('',(-7.5,1.89,0.82));
#2111 = LINE('',#2112,#2113);
#2112 = CARTESIAN_POINT('',(-7.5,1.89,0.));
#2113 = VECTOR('',#2114,1.);
#2114 = DIRECTION('',(0.,0.,1.));
#2115 = ORIENTED_EDGE('',*,*,#2116,.F.);
#2116 = EDGE_CURVE('',#2093,#2109,#2117,.T.);
#2117 = LINE('',#2118,#2119);
#2118 = CARTESIAN_POINT('',(-7.5,1.09,0.82));
#2119 = VECTOR('',#2120,1.);
#2120 = DIRECTION('',(-0.,1.,0.));
#2121 = PLANE('',#2122);
#2122 = AXIS2_PLACEMENT_3D('',#2123,#2124,#2125);
#2123 = CARTESIAN_POINT('',(-7.5,1.09,0.));
#2124 = DIRECTION('',(1.,0.,-0.));
#2125 = DIRECTION('',(0.,0.,1.));
#2126 = ADVANCED_FACE('',(#2127),#2143,.F.);
#2127 = FACE_BOUND('',#2128,.F.);
#2128 = EDGE_LOOP('',(#2129,#2135,#2136,#2142));
#2129 = ORIENTED_EDGE('',*,*,#2130,.F.);
#2130 = EDGE_CURVE('',#2051,#2091,#2131,.T.);
#2131 = LINE('',#2132,#2133);
#2132 = CARTESIAN_POINT('',(-8.7,1.09,0.));
#2133 = VECTOR('',#2134,1.);
#2134 = DIRECTION('',(1.,0.,-0.));
#2135 = ORIENTED_EDGE('',*,*,#2050,.T.);
#2136 = ORIENTED_EDGE('',*,*,#2137,.T.);
#2137 = EDGE_CURVE('',#2053,#2093,#2138,.T.);
#2138 = LINE('',#2139,#2140);
#2139 = CARTESIAN_POINT('',(-8.7,1.09,0.82));
#2140 = VECTOR('',#2141,1.);
#2141 = DIRECTION('',(1.,0.,-0.));
#2142 = ORIENTED_EDGE('',*,*,#2090,.F.);
#2143 = PLANE('',#2144);
#2144 = AXIS2_PLACEMENT_3D('',#2145,#2146,#2147);
#2145 = CARTESIAN_POINT('',(-8.7,1.09,0.));
#2146 = DIRECTION('',(-0.,1.,0.));
#2147 = DIRECTION('',(0.,0.,1.));
#2148 = ADVANCED_FACE('',(#2149),#2165,.T.);
#2149 = FACE_BOUND('',#2150,.T.);
#2150 = EDGE_LOOP('',(#2151,#2157,#2158,#2164));
#2151 = ORIENTED_EDGE('',*,*,#2152,.F.);
#2152 = EDGE_CURVE('',#2061,#2101,#2153,.T.);
#2153 = LINE('',#2154,#2155);
#2154 = CARTESIAN_POINT('',(-8.7,1.89,0.));
#2155 = VECTOR('',#2156,1.);
#2156 = DIRECTION('',(1.,0.,-0.));
#2157 = ORIENTED_EDGE('',*,*,#2068,.T.);
#2158 = ORIENTED_EDGE('',*,*,#2159,.T.);
#2159 = EDGE_CURVE('',#2069,#2109,#2160,.T.);
#2160 = LINE('',#2161,#2162);
#2161 = CARTESIAN_POINT('',(-8.7,1.89,0.82));
#2162 = VECTOR('',#2163,1.);
#2163 = DIRECTION('',(1.,0.,-0.));
#2164 = ORIENTED_EDGE('',*,*,#2108,.F.);
#2165 = PLANE('',#2166);
#2166 = AXIS2_PLACEMENT_3D('',#2167,#2168,#2169);
#2167 = CARTESIAN_POINT('',(-8.7,1.89,0.));
#2168 = DIRECTION('',(-0.,1.,0.));
#2169 = DIRECTION('',(0.,0.,1.));
#2170 = ADVANCED_FACE('',(#2171),#2177,.F.);
#2171 = FACE_BOUND('',#2172,.F.);
#2172 = EDGE_LOOP('',(#2173,#2174,#2175,#2176));
#2173 = ORIENTED_EDGE('',*,*,#2060,.F.);
#2174 = ORIENTED_EDGE('',*,*,#2130,.T.);
#2175 = ORIENTED_EDGE('',*,*,#2100,.T.);
#2176 = ORIENTED_EDGE('',*,*,#2152,.F.);
#2177 = PLANE('',#2178);
#2178 = AXIS2_PLACEMENT_3D('',#2179,#2180,#2181);
#2179 = CARTESIAN_POINT('',(-8.7,1.09,0.));
#2180 = DIRECTION('',(0.,0.,1.));
#2181 = DIRECTION('',(1.,0.,-0.));
#2182 = ADVANCED_FACE('',(#2183),#2189,.T.);
#2183 = FACE_BOUND('',#2184,.T.);
#2184 = EDGE_LOOP('',(#2185,#2186,#2187,#2188));
#2185 = ORIENTED_EDGE('',*,*,#2076,.F.);
#2186 = ORIENTED_EDGE('',*,*,#2137,.T.);
#2187 = ORIENTED_EDGE('',*,*,#2116,.T.);
#2188 = ORIENTED_EDGE('',*,*,#2159,.F.);
#2189 = PLANE('',#2190);
#2190 = AXIS2_PLACEMENT_3D('',#2191,#2192,#2193);
#2191 = CARTESIAN_POINT('',(-8.7,1.09,0.82));
#2192 = DIRECTION('',(0.,0.,1.));
#2193 = DIRECTION('',(1.,0.,-0.));
#2194 = ( GEOMETRIC_REPRESENTATION_CONTEXT(3) 
GLOBAL_UNCERTAINTY_ASSIGNED_CONTEXT((#2198)) 
GLOBAL_UNIT_ASSIGNED_CONTEXT((#2195,#2196,#2197)) REPRESENTATION_CONTEXT
('Context #1','3D Context with UNIT and UNCERTAINTY') );
#2195 = ( LENGTH_UNIT() NAMED_UNIT(*) SI_UNIT(.MILLI.,.METRE.) );
#2196 = ( NAMED_UNIT(*) PLANE_ANGLE_UNIT() SI_UNIT($,.RADIAN.) );
#2197 = ( NAMED_UNIT(*) SI_UNIT($,.STERADIAN.) SOLID_ANGLE_UNIT() );
#2198 = UNCERTAINTY_MEASURE_WITH_UNIT(LENGTH_MEASURE(1.E-07),#2195,
  'distance_accuracy_value','confusion accuracy');
#2199 = CONTEXT_DEPENDENT_SHAPE_REPRESENTATION(#2200,#2202);
#2200 = ( REPRESENTATION_RELATIONSHIP('','',#2043,#10) 
REPRESENTATION_RELATIONSHIP_WITH_TRANSFORMATION(#2201) 
SHAPE_REPRESENTATION_RELATIONSHIP() );
#2201 = ITEM_DEFINED_TRANSFORMATION('','',#11,#59);
#2202 = PRODUCT_DEFINITION_SHAPE('Placement','Placement of an item',
  #2203);
#2203 = NEXT_ASSEMBLY_USAGE_OCCURRENCE('12','Pad 6','',#5,#2038,$);
#2204 = PRODUCT_RELATED_PRODUCT_CATEGORY('part',$,(#2040));
#2205 = SHAPE_DEFINITION_REPRESENTATION(#2206,#2212);
#2206 = PRODUCT_DEFINITION_SHAPE('','',#2207);
#2207 = PRODUCT_DEFINITION('design','',#2208,#2211);
#2208 = PRODUCT_DEFINITION_FORMATION('','',#2209);
#2209 = PRODUCT('Pad 23','Pad 23','',(#2210));
#2210 = PRODUCT_CONTEXT('',#2,'mechanical');
#2211 = PRODUCT_DEFINITION_CONTEXT('part definition',#2,'design');
#2212 = ADVANCED_BREP_SHAPE_REPRESENTATION('',(#11,#2213),#2363);
#2213 = MANIFOLD_SOLID_BREP('',#2214);
#2214 = CLOSED_SHELL('',(#2215,#2255,#2295,#2317,#2339,#2351));
#2215 = ADVANCED_FACE('',(#2216),#2250,.F.);
#2216 = FACE_BOUND('',#2217,.F.);
#2217 = EDGE_LOOP('',(#2218,#2228,#2236,#2244));
#2218 = ORIENTED_EDGE('',*,*,#2219,.F.);
#2219 = EDGE_CURVE('',#2220,#2222,#2224,.T.);
#2220 = VERTEX_POINT('',#2221);
#2221 = CARTESIAN_POINT('',(7.5,1.09,0.));
#2222 = VERTEX_POINT('',#2223);
#2223 = CARTESIAN_POINT('',(7.5,1.09,0.82));
#2224 = LINE('',#2225,#2226);
#2225 = CARTESIAN_POINT('',(7.5,1.09,0.));
#2226 = VECTOR('',#2227,1.);
#2227 = DIRECTION('',(0.,0.,1.));
#2228 = ORIENTED_EDGE('',*,*,#2229,.T.);
#2229 = EDGE_CURVE('',#2220,#2230,#2232,.T.);
#2230 = VERTEX_POINT('',#2231);
#2231 = CARTESIAN_POINT('',(7.5,1.89,0.));
#2232 = LINE('',#2233,#2234);
#2233 = CARTESIAN_POINT('',(7.5,1.09,0.));
#2234 = VECTOR('',#2235,1.);
#2235 = DIRECTION('',(-0.,1.,0.));
#2236 = ORIENTED_EDGE('',*,*,#2237,.T.);
#2237 = EDGE_CURVE('',#2230,#2238,#2240,.T.);
#2238 = VERTEX_POINT('',#2239);
#2239 = CARTESIAN_POINT('',(7.5,1.89,0.82));
#2240 = LINE('',#2241,#2242);
#2241 = CARTESIAN_POINT('',(7.5,1.89,0.));
#2242 = VECTOR('',#2243,1.);
#2243 = DIRECTION('',(0.,0.,1.));
#2244 = ORIENTED_EDGE('',*,*,#2245,.F.);
#2245 = EDGE_CURVE('',#2222,#2238,#2246,.T.);
#2246 = LINE('',#2247,#2248);
#2247 = CARTESIAN_POINT('',(7.5,1.09,0.82));
#2248 = VECTOR('',#2249,1.);
#2249 = DIRECTION('',(-0.,1.,0.));
#2250 = PLANE('',#2251);
#2251 = AXIS2_PLACEMENT_3D('',#2252,#2253,#2254);
#2252 = CARTESIAN_POINT('',(7.5,1.09,0.));
#2253 = DIRECTION('',(1.,0.,-0.));
#2254 = DIRECTION('',(0.,0.,1.));
#2255 = ADVANCED_FACE('',(#2256),#2290,.T.);
#2256 = FACE_BOUND('',#2257,.T.);
#2257 = EDGE_LOOP('',(#2258,#2268,#2276,#2284));
#2258 = ORIENTED_EDGE('',*,*,#2259,.F.);
#2259 = EDGE_CURVE('',#2260,#2262,#2264,.T.);
#2260 = VERTEX_POINT('',#2261);
#2261 = CARTESIAN_POINT('',(8.7,1.09,0.));
#2262 = VERTEX_POINT('',#2263);
#2263 = CARTESIAN_POINT('',(8.7,1.09,0.82));
#2264 = LINE('',#2265,#2266);
#2265 = CARTESIAN_POINT('',(8.7,1.09,0.));
#2266 = VECTOR('',#2267,1.);
#2267 = DIRECTION('',(0.,0.,1.));
#2268 = ORIENTED_EDGE('',*,*,#2269,.T.);
#2269 = EDGE_CURVE('',#2260,#2270,#2272,.T.);
#2270 = VERTEX_POINT('',#2271);
#2271 = CARTESIAN_POINT('',(8.7,1.89,0.));
#2272 = LINE('',#2273,#2274);
#2273 = CARTESIAN_POINT('',(8.7,1.09,0.));
#2274 = VECTOR('',#2275,1.);
#2275 = DIRECTION('',(-0.,1.,0.));
#2276 = ORIENTED_EDGE('',*,*,#2277,.T.);
#2277 = EDGE_CURVE('',#2270,#2278,#2280,.T.);
#2278 = VERTEX_POINT('',#2279);
#2279 = CARTESIAN_POINT('',(8.7,1.89,0.82));
#2280 = LINE('',#2281,#2282);
#2281 = CARTESIAN_POINT('',(8.7,1.89,0.));
#2282 = VECTOR('',#2283,1.);
#2283 = DIRECTION('',(0.,0.,1.));
#2284 = ORIENTED_EDGE('',*,*,#2285,.F.);
#2285 = EDGE_CURVE('',#2262,#2278,#2286,.T.);
#2286 = LINE('',#2287,#2288);
#2287 = CARTESIAN_POINT('',(8.7,1.09,0.82));
#2288 = VECTOR('',#2289,1.);
#2289 = DIRECTION('',(-0.,1.,0.));
#2290 = PLANE('',#2291);
#2291 = AXIS2_PLACEMENT_3D('',#2292,#2293,#2294);
#2292 = CARTESIAN_POINT('',(8.7,1.09,0.));
#2293 = DIRECTION('',(1.,0.,-0.));
#2294 = DIRECTION('',(0.,0.,1.));
#2295 = ADVANCED_FACE('',(#2296),#2312,.F.);
#2296 = FACE_BOUND('',#2297,.F.);
#2297 = EDGE_LOOP('',(#2298,#2304,#2305,#2311));
#2298 = ORIENTED_EDGE('',*,*,#2299,.F.);
#2299 = EDGE_CURVE('',#2220,#2260,#2300,.T.);
#2300 = LINE('',#2301,#2302);
#2301 = CARTESIAN_POINT('',(7.5,1.09,0.));
#2302 = VECTOR('',#2303,1.);
#2303 = DIRECTION('',(1.,0.,-0.));
#2304 = ORIENTED_EDGE('',*,*,#2219,.T.);
#2305 = ORIENTED_EDGE('',*,*,#2306,.T.);
#2306 = EDGE_CURVE('',#2222,#2262,#2307,.T.);
#2307 = LINE('',#2308,#2309);
#2308 = CARTESIAN_POINT('',(7.5,1.09,0.82));
#2309 = VECTOR('',#2310,1.);
#2310 = DIRECTION('',(1.,0.,-0.));
#2311 = ORIENTED_EDGE('',*,*,#2259,.F.);
#2312 = PLANE('',#2313);
#2313 = AXIS2_PLACEMENT_3D('',#2314,#2315,#2316);
#2314 = CARTESIAN_POINT('',(7.5,1.09,0.));
#2315 = DIRECTION('',(-0.,1.,0.));
#2316 = DIRECTION('',(0.,0.,1.));
#2317 = ADVANCED_FACE('',(#2318),#2334,.T.);
#2318 = FACE_BOUND('',#2319,.T.);
#2319 = EDGE_LOOP('',(#2320,#2326,#2327,#2333));
#2320 = ORIENTED_EDGE('',*,*,#2321,.F.);
#2321 = EDGE_CURVE('',#2230,#2270,#2322,.T.);
#2322 = LINE('',#2323,#2324);
#2323 = CARTESIAN_POINT('',(7.5,1.89,0.));
#2324 = VECTOR('',#2325,1.);
#2325 = DIRECTION('',(1.,0.,-0.));
#2326 = ORIENTED_EDGE('',*,*,#2237,.T.);
#2327 = ORIENTED_EDGE('',*,*,#2328,.T.);
#2328 = EDGE_CURVE('',#2238,#2278,#2329,.T.);
#2329 = LINE('',#2330,#2331);
#2330 = CARTESIAN_POINT('',(7.5,1.89,0.82));
#2331 = VECTOR('',#2332,1.);
#2332 = DIRECTION('',(1.,0.,-0.));
#2333 = ORIENTED_EDGE('',*,*,#2277,.F.);
#2334 = PLANE('',#2335);
#2335 = AXIS2_PLACEMENT_3D('',#2336,#2337,#2338);
#2336 = CARTESIAN_POINT('',(7.5,1.89,0.));
#2337 = DIRECTION('',(-0.,1.,0.));
#2338 = DIRECTION('',(0.,0.,1.));
#2339 = ADVANCED_FACE('',(#2340),#2346,.F.);
#2340 = FACE_BOUND('',#2341,.F.);
#2341 = EDGE_LOOP('',(#2342,#2343,#2344,#2345));
#2342 = ORIENTED_EDGE('',*,*,#2229,.F.);
#2343 = ORIENTED_EDGE('',*,*,#2299,.T.);
#2344 = ORIENTED_EDGE('',*,*,#2269,.T.);
#2345 = ORIENTED_EDGE('',*,*,#2321,.F.);
#2346 = PLANE('',#2347);
#2347 = AXIS2_PLACEMENT_3D('',#2348,#2349,#2350);
#2348 = CARTESIAN_POINT('',(7.5,1.09,0.));
#2349 = DIRECTION('',(0.,0.,1.));
#2350 = DIRECTION('',(1.,0.,-0.));
#2351 = ADVANCED_FACE('',(#2352),#2358,.T.);
#2352 = FACE_BOUND('',#2353,.T.);
#2353 = EDGE_LOOP('',(#2354,#2355,#2356,#2357));
#2354 = ORIENTED_EDGE('',*,*,#2245,.F.);
#2355 = ORIENTED_EDGE('',*,*,#2306,.T.);
#2356 = ORIENTED_EDGE('',*,*,#2285,.T.);
#2357 = ORIENTED_EDGE('',*,*,#2328,.F.);
#2358 = PLANE('',#2359);
#2359 = AXIS2_PLACEMENT_3D('',#2360,#2361,#2362);
#2360 = CARTESIAN_POINT('',(7.5,1.09,0.82));
#2361 = DIRECTION('',(0.,0.,1.));
#2362 = DIRECTION('',(1.,0.,-0.));
#2363 = ( GEOMETRIC_REPRESENTATION_CONTEXT(3) 
GLOBAL_UNCERTAINTY_ASSIGNED_CONTEXT((#2367)) 
GLOBAL_UNIT_ASSIGNED_CONTEXT((#2364,#2365,#2366)) REPRESENTATION_CONTEXT
('Context #1','3D Context with UNIT and UNCERTAINTY') );
#2364 = ( LENGTH_UNIT() NAMED_UNIT(*) SI_UNIT(.MILLI.,.METRE.) );
#2365 = ( NAMED_UNIT(*) PLANE_ANGLE_UNIT() SI_UNIT($,.RADIAN.) );
#2366 = ( NAMED_UNIT(*) SI_UNIT($,.STERADIAN.) SOLID_ANGLE_UNIT() );
#2367 = UNCERTAINTY_MEASURE_WITH_UNIT(LENGTH_MEASURE(1.E-07),#2364,
  'distance_accuracy_value','confusion accuracy');
#2368 = CONTEXT_DEPENDENT_SHAPE_REPRESENTATION(#2369,#2371);
#2369 = ( REPRESENTATION_RELATIONSHIP('','',#2212,#10) 
REPRESENTATION_RELATIONSHIP_WITH_TRANSFORMATION(#2370) 
SHAPE_REPRESENTATION_RELATIONSHIP() );
#2370 = ITEM_DEFINED_TRANSFORMATION('','',#11,#63);
#2371 = PRODUCT_DEFINITION_SHAPE('Placement','Placement of an item',
  #2372);
#2372 = NEXT_ASSEMBLY_USAGE_OCCURRENCE('13','Pad 23','',#5,#2207,$);
#2373 = PRODUCT_RELATED_PRODUCT_CATEGORY('part',$,(#2209));
#2374 = SHAPE_DEFINITION_REPRESENTATION(#2375,#2381);
#2375 = PRODUCT_DEFINITION_SHAPE('','',#2376);
#2376 = PRODUCT_DEFINITION('design','',#2377,#2380);
#2377 = PRODUCT_DEFINITION_FORMATION('','',#2378);
#2378 = PRODUCT('Pad 7','Pad 7','',(#2379));
#2379 = PRODUCT_CONTEXT('',#2,'mechanical');
#2380 = PRODUCT_DEFINITION_CONTEXT('part definition',#2,'design');
#2381 = ADVANCED_BREP_SHAPE_REPRESENTATION('',(#11,#2382),#2532);
#2382 = MANIFOLD_SOLID_BREP('',#2383);
#2383 = CLOSED_SHELL('',(#2384,#2424,#2464,#2486,#2508,#2520));
#2384 = ADVANCED_FACE('',(#2385),#2419,.F.);
#2385 = FACE_BOUND('',#2386,.F.);
#2386 = EDGE_LOOP('',(#2387,#2397,#2405,#2413));
#2387 = ORIENTED_EDGE('',*,*,#2388,.F.);
#2388 = EDGE_CURVE('',#2389,#2391,#2393,.T.);
#2389 = VERTEX_POINT('',#2390);
#2390 = CARTESIAN_POINT('',(-8.7,2.19,0.));
#2391 = VERTEX_POINT('',#2392);
#2392 = CARTESIAN_POINT('',(-8.7,2.19,0.82));
#2393 = LINE('',#2394,#2395);
#2394 = CARTESIAN_POINT('',(-8.7,2.19,0.));
#2395 = VECTOR('',#2396,1.);
#2396 = DIRECTION('',(0.,0.,1.));
#2397 = ORIENTED_EDGE('',*,*,#2398,.T.);
#2398 = EDGE_CURVE('',#2389,#2399,#2401,.T.);
#2399 = VERTEX_POINT('',#2400);
#2400 = CARTESIAN_POINT('',(-8.7,2.99,0.));
#2401 = LINE('',#2402,#2403);
#2402 = CARTESIAN_POINT('',(-8.7,2.19,0.));
#2403 = VECTOR('',#2404,1.);
#2404 = DIRECTION('',(-0.,1.,0.));
#2405 = ORIENTED_EDGE('',*,*,#2406,.T.);
#2406 = EDGE_CURVE('',#2399,#2407,#2409,.T.);
#2407 = VERTEX_POINT('',#2408);
#2408 = CARTESIAN_POINT('',(-8.7,2.99,0.82));
#2409 = LINE('',#2410,#2411);
#2410 = CARTESIAN_POINT('',(-8.7,2.99,0.));
#2411 = VECTOR('',#2412,1.);
#2412 = DIRECTION('',(0.,0.,1.));
#2413 = ORIENTED_EDGE('',*,*,#2414,.F.);
#2414 = EDGE_CURVE('',#2391,#2407,#2415,.T.);
#2415 = LINE('',#2416,#2417);
#2416 = CARTESIAN_POINT('',(-8.7,2.19,0.82));
#2417 = VECTOR('',#2418,1.);
#2418 = DIRECTION('',(-0.,1.,0.));
#2419 = PLANE('',#2420);
#2420 = AXIS2_PLACEMENT_3D('',#2421,#2422,#2423);
#2421 = CARTESIAN_POINT('',(-8.7,2.19,0.));
#2422 = DIRECTION('',(1.,0.,-0.));
#2423 = DIRECTION('',(0.,0.,1.));
#2424 = ADVANCED_FACE('',(#2425),#2459,.T.);
#2425 = FACE_BOUND('',#2426,.T.);
#2426 = EDGE_LOOP('',(#2427,#2437,#2445,#2453));
#2427 = ORIENTED_EDGE('',*,*,#2428,.F.);
#2428 = EDGE_CURVE('',#2429,#2431,#2433,.T.);
#2429 = VERTEX_POINT('',#2430);
#2430 = CARTESIAN_POINT('',(-7.5,2.19,0.));
#2431 = VERTEX_POINT('',#2432);
#2432 = CARTESIAN_POINT('',(-7.5,2.19,0.82));
#2433 = LINE('',#2434,#2435);
#2434 = CARTESIAN_POINT('',(-7.5,2.19,0.));
#2435 = VECTOR('',#2436,1.);
#2436 = DIRECTION('',(0.,0.,1.));
#2437 = ORIENTED_EDGE('',*,*,#2438,.T.);
#2438 = EDGE_CURVE('',#2429,#2439,#2441,.T.);
#2439 = VERTEX_POINT('',#2440);
#2440 = CARTESIAN_POINT('',(-7.5,2.99,0.));
#2441 = LINE('',#2442,#2443);
#2442 = CARTESIAN_POINT('',(-7.5,2.19,0.));
#2443 = VECTOR('',#2444,1.);
#2444 = DIRECTION('',(-0.,1.,0.));
#2445 = ORIENTED_EDGE('',*,*,#2446,.T.);
#2446 = EDGE_CURVE('',#2439,#2447,#2449,.T.);
#2447 = VERTEX_POINT('',#2448);
#2448 = CARTESIAN_POINT('',(-7.5,2.99,0.82));
#2449 = LINE('',#2450,#2451);
#2450 = CARTESIAN_POINT('',(-7.5,2.99,0.));
#2451 = VECTOR('',#2452,1.);
#2452 = DIRECTION('',(0.,0.,1.));
#2453 = ORIENTED_EDGE('',*,*,#2454,.F.);
#2454 = EDGE_CURVE('',#2431,#2447,#2455,.T.);
#2455 = LINE('',#2456,#2457);
#2456 = CARTESIAN_POINT('',(-7.5,2.19,0.82));
#2457 = VECTOR('',#2458,1.);
#2458 = DIRECTION('',(-0.,1.,0.));
#2459 = PLANE('',#2460);
#2460 = AXIS2_PLACEMENT_3D('',#2461,#2462,#2463);
#2461 = CARTESIAN_POINT('',(-7.5,2.19,0.));
#2462 = DIRECTION('',(1.,0.,-0.));
#2463 = DIRECTION('',(0.,0.,1.));
#2464 = ADVANCED_FACE('',(#2465),#2481,.F.);
#2465 = FACE_BOUND('',#2466,.F.);
#2466 = EDGE_LOOP('',(#2467,#2473,#2474,#2480));
#2467 = ORIENTED_EDGE('',*,*,#2468,.F.);
#2468 = EDGE_CURVE('',#2389,#2429,#2469,.T.);
#2469 = LINE('',#2470,#2471);
#2470 = CARTESIAN_POINT('',(-8.7,2.19,0.));
#2471 = VECTOR('',#2472,1.);
#2472 = DIRECTION('',(1.,0.,-0.));
#2473 = ORIENTED_EDGE('',*,*,#2388,.T.);
#2474 = ORIENTED_EDGE('',*,*,#2475,.T.);
#2475 = EDGE_CURVE('',#2391,#2431,#2476,.T.);
#2476 = LINE('',#2477,#2478);
#2477 = CARTESIAN_POINT('',(-8.7,2.19,0.82));
#2478 = VECTOR('',#2479,1.);
#2479 = DIRECTION('',(1.,0.,-0.));
#2480 = ORIENTED_EDGE('',*,*,#2428,.F.);
#2481 = PLANE('',#2482);
#2482 = AXIS2_PLACEMENT_3D('',#2483,#2484,#2485);
#2483 = CARTESIAN_POINT('',(-8.7,2.19,0.));
#2484 = DIRECTION('',(-0.,1.,0.));
#2485 = DIRECTION('',(0.,0.,1.));
#2486 = ADVANCED_FACE('',(#2487),#2503,.T.);
#2487 = FACE_BOUND('',#2488,.T.);
#2488 = EDGE_LOOP('',(#2489,#2495,#2496,#2502));
#2489 = ORIENTED_EDGE('',*,*,#2490,.F.);
#2490 = EDGE_CURVE('',#2399,#2439,#2491,.T.);
#2491 = LINE('',#2492,#2493);
#2492 = CARTESIAN_POINT('',(-8.7,2.99,0.));
#2493 = VECTOR('',#2494,1.);
#2494 = DIRECTION('',(1.,0.,-0.));
#2495 = ORIENTED_EDGE('',*,*,#2406,.T.);
#2496 = ORIENTED_EDGE('',*,*,#2497,.T.);
#2497 = EDGE_CURVE('',#2407,#2447,#2498,.T.);
#2498 = LINE('',#2499,#2500);
#2499 = CARTESIAN_POINT('',(-8.7,2.99,0.82));
#2500 = VECTOR('',#2501,1.);
#2501 = DIRECTION('',(1.,0.,-0.));
#2502 = ORIENTED_EDGE('',*,*,#2446,.F.);
#2503 = PLANE('',#2504);
#2504 = AXIS2_PLACEMENT_3D('',#2505,#2506,#2507);
#2505 = CARTESIAN_POINT('',(-8.7,2.99,0.));
#2506 = DIRECTION('',(-0.,1.,0.));
#2507 = DIRECTION('',(0.,0.,1.));
#2508 = ADVANCED_FACE('',(#2509),#2515,.F.);
#2509 = FACE_BOUND('',#2510,.F.);
#2510 = EDGE_LOOP('',(#2511,#2512,#2513,#2514));
#2511 = ORIENTED_EDGE('',*,*,#2398,.F.);
#2512 = ORIENTED_EDGE('',*,*,#2468,.T.);
#2513 = ORIENTED_EDGE('',*,*,#2438,.T.);
#2514 = ORIENTED_EDGE('',*,*,#2490,.F.);
#2515 = PLANE('',#2516);
#2516 = AXIS2_PLACEMENT_3D('',#2517,#2518,#2519);
#2517 = CARTESIAN_POINT('',(-8.7,2.19,0.));
#2518 = DIRECTION('',(0.,0.,1.));
#2519 = DIRECTION('',(1.,0.,-0.));
#2520 = ADVANCED_FACE('',(#2521),#2527,.T.);
#2521 = FACE_BOUND('',#2522,.T.);
#2522 = EDGE_LOOP('',(#2523,#2524,#2525,#2526));
#2523 = ORIENTED_EDGE('',*,*,#2414,.F.);
#2524 = ORIENTED_EDGE('',*,*,#2475,.T.);
#2525 = ORIENTED_EDGE('',*,*,#2454,.T.);
#2526 = ORIENTED_EDGE('',*,*,#2497,.F.);
#2527 = PLANE('',#2528);
#2528 = AXIS2_PLACEMENT_3D('',#2529,#2530,#2531);
#2529 = CARTESIAN_POINT('',(-8.7,2.19,0.82));
#2530 = DIRECTION('',(0.,0.,1.));
#2531 = DIRECTION('',(1.,0.,-0.));
#2532 = ( GEOMETRIC_REPRESENTATION_CONTEXT(3) 
GLOBAL_UNCERTAINTY_ASSIGNED_CONTEXT((#2536)) 
GLOBAL_UNIT_ASSIGNED_CONTEXT((#2533,#2534,#2535)) REPRESENTATION_CONTEXT
('Context #1','3D Context with UNIT and UNCERTAINTY') );
#2533 = ( LENGTH_UNIT() NAMED_UNIT(*) SI_UNIT(.MILLI.,.METRE.) );
#2534 = ( NAMED_UNIT(*) PLANE_ANGLE_UNIT() SI_UNIT($,.RADIAN.) );
#2535 = ( NAMED_UNIT(*) SI_UNIT($,.STERADIAN.) SOLID_ANGLE_UNIT() );
#2536 = UNCERTAINTY_MEASURE_WITH_UNIT(LENGTH_MEASURE(1.E-07),#2533,
  'distance_accuracy_value','confusion accuracy');
#2537 = CONTEXT_DEPENDENT_SHAPE_REPRESENTATION(#2538,#2540);
#2538 = ( REPRESENTATION_RELATIONSHIP('','',#2381,#10) 
REPRESENTATION_RELATIONSHIP_WITH_TRANSFORMATION(#2539) 
SHAPE_REPRESENTATION_RELATIONSHIP() );
#2539 = ITEM_DEFINED_TRANSFORMATION('','',#11,#67);
#2540 = PRODUCT_DEFINITION_SHAPE('Placement','Placement of an item',
  #2541);
#2541 = NEXT_ASSEMBLY_USAGE_OCCURRENCE('14','Pad 7','',#5,#2376,$);
#2542 = PRODUCT_RELATED_PRODUCT_CATEGORY('part',$,(#2378));
#2543 = SHAPE_DEFINITION_REPRESENTATION(#2544,#2550);
#2544 = PRODUCT_DEFINITION_SHAPE('','',#2545);
#2545 = PRODUCT_DEFINITION('design','',#2546,#2549);
#2546 = PRODUCT_DEFINITION_FORMATION('','',#2547);
#2547 = PRODUCT('Pad 22','Pad 22','',(#2548));
#2548 = PRODUCT_CONTEXT('',#2,'mechanical');
#2549 = PRODUCT_DEFINITION_CONTEXT('part definition',#2,'design');
#2550 = ADVANCED_BREP_SHAPE_REPRESENTATION('',(#11,#2551),#2701);
#2551 = MANIFOLD_SOLID_BREP('',#2552);
#2552 = CLOSED_SHELL('',(#2553,#2593,#2633,#2655,#2677,#2689));
#2553 = ADVANCED_FACE('',(#2554),#2588,.F.);
#2554 = FACE_BOUND('',#2555,.F.);
#2555 = EDGE_LOOP('',(#2556,#2566,#2574,#2582));
#2556 = ORIENTED_EDGE('',*,*,#2557,.F.);
#2557 = EDGE_CURVE('',#2558,#2560,#2562,.T.);
#2558 = VERTEX_POINT('',#2559);
#2559 = CARTESIAN_POINT('',(7.5,2.19,0.));
#2560 = VERTEX_POINT('',#2561);
#2561 = CARTESIAN_POINT('',(7.5,2.19,0.82));
#2562 = LINE('',#2563,#2564);
#2563 = CARTESIAN_POINT('',(7.5,2.19,0.));
#2564 = VECTOR('',#2565,1.);
#2565 = DIRECTION('',(0.,0.,1.));
#2566 = ORIENTED_EDGE('',*,*,#2567,.T.);
#2567 = EDGE_CURVE('',#2558,#2568,#2570,.T.);
#2568 = VERTEX_POINT('',#2569);
#2569 = CARTESIAN_POINT('',(7.5,2.99,0.));
#2570 = LINE('',#2571,#2572);
#2571 = CARTESIAN_POINT('',(7.5,2.19,0.));
#2572 = VECTOR('',#2573,1.);
#2573 = DIRECTION('',(-0.,1.,0.));
#2574 = ORIENTED_EDGE('',*,*,#2575,.T.);
#2575 = EDGE_CURVE('',#2568,#2576,#2578,.T.);
#2576 = VERTEX_POINT('',#2577);
#2577 = CARTESIAN_POINT('',(7.5,2.99,0.82));
#2578 = LINE('',#2579,#2580);
#2579 = CARTESIAN_POINT('',(7.5,2.99,0.));
#2580 = VECTOR('',#2581,1.);
#2581 = DIRECTION('',(0.,0.,1.));
#2582 = ORIENTED_EDGE('',*,*,#2583,.F.);
#2583 = EDGE_CURVE('',#2560,#2576,#2584,.T.);
#2584 = LINE('',#2585,#2586);
#2585 = CARTESIAN_POINT('',(7.5,2.19,0.82));
#2586 = VECTOR('',#2587,1.);
#2587 = DIRECTION('',(-0.,1.,0.));
#2588 = PLANE('',#2589);
#2589 = AXIS2_PLACEMENT_3D('',#2590,#2591,#2592);
#2590 = CARTESIAN_POINT('',(7.5,2.19,0.));
#2591 = DIRECTION('',(1.,0.,-0.));
#2592 = DIRECTION('',(0.,0.,1.));
#2593 = ADVANCED_FACE('',(#2594),#2628,.T.);
#2594 = FACE_BOUND('',#2595,.T.);
#2595 = EDGE_LOOP('',(#2596,#2606,#2614,#2622));
#2596 = ORIENTED_EDGE('',*,*,#2597,.F.);
#2597 = EDGE_CURVE('',#2598,#2600,#2602,.T.);
#2598 = VERTEX_POINT('',#2599);
#2599 = CARTESIAN_POINT('',(8.7,2.19,0.));
#2600 = VERTEX_POINT('',#2601);
#2601 = CARTESIAN_POINT('',(8.7,2.19,0.82));
#2602 = LINE('',#2603,#2604);
#2603 = CARTESIAN_POINT('',(8.7,2.19,0.));
#2604 = VECTOR('',#2605,1.);
#2605 = DIRECTION('',(0.,0.,1.));
#2606 = ORIENTED_EDGE('',*,*,#2607,.T.);
#2607 = EDGE_CURVE('',#2598,#2608,#2610,.T.);
#2608 = VERTEX_POINT('',#2609);
#2609 = CARTESIAN_POINT('',(8.7,2.99,0.));
#2610 = LINE('',#2611,#2612);
#2611 = CARTESIAN_POINT('',(8.7,2.19,0.));
#2612 = VECTOR('',#2613,1.);
#2613 = DIRECTION('',(-0.,1.,0.));
#2614 = ORIENTED_EDGE('',*,*,#2615,.T.);
#2615 = EDGE_CURVE('',#2608,#2616,#2618,.T.);
#2616 = VERTEX_POINT('',#2617);
#2617 = CARTESIAN_POINT('',(8.7,2.99,0.82));
#2618 = LINE('',#2619,#2620);
#2619 = CARTESIAN_POINT('',(8.7,2.99,0.));
#2620 = VECTOR('',#2621,1.);
#2621 = DIRECTION('',(0.,0.,1.));
#2622 = ORIENTED_EDGE('',*,*,#2623,.F.);
#2623 = EDGE_CURVE('',#2600,#2616,#2624,.T.);
#2624 = LINE('',#2625,#2626);
#2625 = CARTESIAN_POINT('',(8.7,2.19,0.82));
#2626 = VECTOR('',#2627,1.);
#2627 = DIRECTION('',(-0.,1.,0.));
#2628 = PLANE('',#2629);
#2629 = AXIS2_PLACEMENT_3D('',#2630,#2631,#2632);
#2630 = CARTESIAN_POINT('',(8.7,2.19,0.));
#2631 = DIRECTION('',(1.,0.,-0.));
#2632 = DIRECTION('',(0.,0.,1.));
#2633 = ADVANCED_FACE('',(#2634),#2650,.F.);
#2634 = FACE_BOUND('',#2635,.F.);
#2635 = EDGE_LOOP('',(#2636,#2642,#2643,#2649));
#2636 = ORIENTED_EDGE('',*,*,#2637,.F.);
#2637 = EDGE_CURVE('',#2558,#2598,#2638,.T.);
#2638 = LINE('',#2639,#2640);
#2639 = CARTESIAN_POINT('',(7.5,2.19,0.));
#2640 = VECTOR('',#2641,1.);
#2641 = DIRECTION('',(1.,0.,-0.));
#2642 = ORIENTED_EDGE('',*,*,#2557,.T.);
#2643 = ORIENTED_EDGE('',*,*,#2644,.T.);
#2644 = EDGE_CURVE('',#2560,#2600,#2645,.T.);
#2645 = LINE('',#2646,#2647);
#2646 = CARTESIAN_POINT('',(7.5,2.19,0.82));
#2647 = VECTOR('',#2648,1.);
#2648 = DIRECTION('',(1.,0.,-0.));
#2649 = ORIENTED_EDGE('',*,*,#2597,.F.);
#2650 = PLANE('',#2651);
#2651 = AXIS2_PLACEMENT_3D('',#2652,#2653,#2654);
#2652 = CARTESIAN_POINT('',(7.5,2.19,0.));
#2653 = DIRECTION('',(-0.,1.,0.));
#2654 = DIRECTION('',(0.,0.,1.));
#2655 = ADVANCED_FACE('',(#2656),#2672,.T.);
#2656 = FACE_BOUND('',#2657,.T.);
#2657 = EDGE_LOOP('',(#2658,#2664,#2665,#2671));
#2658 = ORIENTED_EDGE('',*,*,#2659,.F.);
#2659 = EDGE_CURVE('',#2568,#2608,#2660,.T.);
#2660 = LINE('',#2661,#2662);
#2661 = CARTESIAN_POINT('',(7.5,2.99,0.));
#2662 = VECTOR('',#2663,1.);
#2663 = DIRECTION('',(1.,0.,-0.));
#2664 = ORIENTED_EDGE('',*,*,#2575,.T.);
#2665 = ORIENTED_EDGE('',*,*,#2666,.T.);
#2666 = EDGE_CURVE('',#2576,#2616,#2667,.T.);
#2667 = LINE('',#2668,#2669);
#2668 = CARTESIAN_POINT('',(7.5,2.99,0.82));
#2669 = VECTOR('',#2670,1.);
#2670 = DIRECTION('',(1.,0.,-0.));
#2671 = ORIENTED_EDGE('',*,*,#2615,.F.);
#2672 = PLANE('',#2673);
#2673 = AXIS2_PLACEMENT_3D('',#2674,#2675,#2676);
#2674 = CARTESIAN_POINT('',(7.5,2.99,0.));
#2675 = DIRECTION('',(-0.,1.,0.));
#2676 = DIRECTION('',(0.,0.,1.));
#2677 = ADVANCED_FACE('',(#2678),#2684,.F.);
#2678 = FACE_BOUND('',#2679,.F.);
#2679 = EDGE_LOOP('',(#2680,#2681,#2682,#2683));
#2680 = ORIENTED_EDGE('',*,*,#2567,.F.);
#2681 = ORIENTED_EDGE('',*,*,#2637,.T.);
#2682 = ORIENTED_EDGE('',*,*,#2607,.T.);
#2683 = ORIENTED_EDGE('',*,*,#2659,.F.);
#2684 = PLANE('',#2685);
#2685 = AXIS2_PLACEMENT_3D('',#2686,#2687,#2688);
#2686 = CARTESIAN_POINT('',(7.5,2.19,0.));
#2687 = DIRECTION('',(0.,0.,1.));
#2688 = DIRECTION('',(1.,0.,-0.));
#2689 = ADVANCED_FACE('',(#2690),#2696,.T.);
#2690 = FACE_BOUND('',#2691,.T.);
#2691 = EDGE_LOOP('',(#2692,#2693,#2694,#2695));
#2692 = ORIENTED_EDGE('',*,*,#2583,.F.);
#2693 = ORIENTED_EDGE('',*,*,#2644,.T.);
#2694 = ORIENTED_EDGE('',*,*,#2623,.T.);
#2695 = ORIENTED_EDGE('',*,*,#2666,.F.);
#2696 = PLANE('',#2697);
#2697 = AXIS2_PLACEMENT_3D('',#2698,#2699,#2700);
#2698 = CARTESIAN_POINT('',(7.5,2.19,0.82));
#2699 = DIRECTION('',(0.,0.,1.));
#2700 = DIRECTION('',(1.,0.,-0.));
#2701 = ( GEOMETRIC_REPRESENTATION_CONTEXT(3) 
GLOBAL_UNCERTAINTY_ASSIGNED_CONTEXT((#2705)) 
GLOBAL_UNIT_ASSIGNED_CONTEXT((#2702,#2703,#2704)) REPRESENTATION_CONTEXT
('Context #1','3D Context with UNIT and UNCERTAINTY') );
#2702 = ( LENGTH_UNIT() NAMED_UNIT(*) SI_UNIT(.MILLI.,.METRE.) );
#2703 = ( NAMED_UNIT(*) PLANE_ANGLE_UNIT() SI_UNIT($,.RADIAN.) );
#2704 = ( NAMED_UNIT(*) SI_UNIT($,.STERADIAN.) SOLID_ANGLE_UNIT() );
#2705 = UNCERTAINTY_MEASURE_WITH_UNIT(LENGTH_MEASURE(1.E-07),#2702,
  'distance_accuracy_value','confusion accuracy');
#2706 = CONTEXT_DEPENDENT_SHAPE_REPRESENTATION(#2707,#2709);
#2707 = ( REPRESENTATION_RELATIONSHIP('','',#2550,#10) 
REPRESENTATION_RELATIONSHIP_WITH_TRANSFORMATION(#2708) 
SHAPE_REPRESENTATION_RELATIONSHIP() );
#2708 = ITEM_DEFINED_TRANSFORMATION('','',#11,#71);
#2709 = PRODUCT_DEFINITION_SHAPE('Placement','Placement of an item',
  #2710);
#2710 = NEXT_ASSEMBLY_USAGE_OCCURRENCE('15','Pad 22','',#5,#2545,$);
#2711 = PRODUCT_RELATED_PRODUCT_CATEGORY('part',$,(#2547));
#2712 = SHAPE_DEFINITION_REPRESENTATION(#2713,#2719);
#2713 = PRODUCT_DEFINITION_SHAPE('','',#2714);
#2714 = PRODUCT_DEFINITION('design','',#2715,#2718);
#2715 = PRODUCT_DEFINITION_FORMATION('','',#2716);
#2716 = PRODUCT('Pad 8','Pad 8','',(#2717));
#2717 = PRODUCT_CONTEXT('',#2,'mechanical');
#2718 = PRODUCT_DEFINITION_CONTEXT('part definition',#2,'design');
#2719 = ADVANCED_BREP_SHAPE_REPRESENTATION('',(#11,#2720),#2870);
#2720 = MANIFOLD_SOLID_BREP('',#2721);
#2721 = CLOSED_SHELL('',(#2722,#2762,#2802,#2824,#2846,#2858));
#2722 = ADVANCED_FACE('',(#2723),#2757,.F.);
#2723 = FACE_BOUND('',#2724,.F.);
#2724 = EDGE_LOOP('',(#2725,#2735,#2743,#2751));
#2725 = ORIENTED_EDGE('',*,*,#2726,.F.);
#2726 = EDGE_CURVE('',#2727,#2729,#2731,.T.);
#2727 = VERTEX_POINT('',#2728);
#2728 = CARTESIAN_POINT('',(-8.7,3.29,0.));
#2729 = VERTEX_POINT('',#2730);
#2730 = CARTESIAN_POINT('',(-8.7,3.29,0.82));
#2731 = LINE('',#2732,#2733);
#2732 = CARTESIAN_POINT('',(-8.7,3.29,0.));
#2733 = VECTOR('',#2734,1.);
#2734 = DIRECTION('',(0.,0.,1.));
#2735 = ORIENTED_EDGE('',*,*,#2736,.T.);
#2736 = EDGE_CURVE('',#2727,#2737,#2739,.T.);
#2737 = VERTEX_POINT('',#2738);
#2738 = CARTESIAN_POINT('',(-8.7,4.09,0.));
#2739 = LINE('',#2740,#2741);
#2740 = CARTESIAN_POINT('',(-8.7,3.29,0.));
#2741 = VECTOR('',#2742,1.);
#2742 = DIRECTION('',(-0.,1.,0.));
#2743 = ORIENTED_EDGE('',*,*,#2744,.T.);
#2744 = EDGE_CURVE('',#2737,#2745,#2747,.T.);
#2745 = VERTEX_POINT('',#2746);
#2746 = CARTESIAN_POINT('',(-8.7,4.09,0.82));
#2747 = LINE('',#2748,#2749);
#2748 = CARTESIAN_POINT('',(-8.7,4.09,0.));
#2749 = VECTOR('',#2750,1.);
#2750 = DIRECTION('',(0.,0.,1.));
#2751 = ORIENTED_EDGE('',*,*,#2752,.F.);
#2752 = EDGE_CURVE('',#2729,#2745,#2753,.T.);
#2753 = LINE('',#2754,#2755);
#2754 = CARTESIAN_POINT('',(-8.7,3.29,0.82));
#2755 = VECTOR('',#2756,1.);
#2756 = DIRECTION('',(-0.,1.,0.));
#2757 = PLANE('',#2758);
#2758 = AXIS2_PLACEMENT_3D('',#2759,#2760,#2761);
#2759 = CARTESIAN_POINT('',(-8.7,3.29,0.));
#2760 = DIRECTION('',(1.,0.,-0.));
#2761 = DIRECTION('',(0.,0.,1.));
#2762 = ADVANCED_FACE('',(#2763),#2797,.T.);
#2763 = FACE_BOUND('',#2764,.T.);
#2764 = EDGE_LOOP('',(#2765,#2775,#2783,#2791));
#2765 = ORIENTED_EDGE('',*,*,#2766,.F.);
#2766 = EDGE_CURVE('',#2767,#2769,#2771,.T.);
#2767 = VERTEX_POINT('',#2768);
#2768 = CARTESIAN_POINT('',(-7.5,3.29,0.));
#2769 = VERTEX_POINT('',#2770);
#2770 = CARTESIAN_POINT('',(-7.5,3.29,0.82));
#2771 = LINE('',#2772,#2773);
#2772 = CARTESIAN_POINT('',(-7.5,3.29,0.));
#2773 = VECTOR('',#2774,1.);
#2774 = DIRECTION('',(0.,0.,1.));
#2775 = ORIENTED_EDGE('',*,*,#2776,.T.);
#2776 = EDGE_CURVE('',#2767,#2777,#2779,.T.);
#2777 = VERTEX_POINT('',#2778);
#2778 = CARTESIAN_POINT('',(-7.5,4.09,0.));
#2779 = LINE('',#2780,#2781);
#2780 = CARTESIAN_POINT('',(-7.5,3.29,0.));
#2781 = VECTOR('',#2782,1.);
#2782 = DIRECTION('',(-0.,1.,0.));
#2783 = ORIENTED_EDGE('',*,*,#2784,.T.);
#2784 = EDGE_CURVE('',#2777,#2785,#2787,.T.);
#2785 = VERTEX_POINT('',#2786);
#2786 = CARTESIAN_POINT('',(-7.5,4.09,0.82));
#2787 = LINE('',#2788,#2789);
#2788 = CARTESIAN_POINT('',(-7.5,4.09,0.));
#2789 = VECTOR('',#2790,1.);
#2790 = DIRECTION('',(0.,0.,1.));
#2791 = ORIENTED_EDGE('',*,*,#2792,.F.);
#2792 = EDGE_CURVE('',#2769,#2785,#2793,.T.);
#2793 = LINE('',#2794,#2795);
#2794 = CARTESIAN_POINT('',(-7.5,3.29,0.82));
#2795 = VECTOR('',#2796,1.);
#2796 = DIRECTION('',(-0.,1.,0.));
#2797 = PLANE('',#2798);
#2798 = AXIS2_PLACEMENT_3D('',#2799,#2800,#2801);
#2799 = CARTESIAN_POINT('',(-7.5,3.29,0.));
#2800 = DIRECTION('',(1.,0.,-0.));
#2801 = DIRECTION('',(0.,0.,1.));
#2802 = ADVANCED_FACE('',(#2803),#2819,.F.);
#2803 = FACE_BOUND('',#2804,.F.);
#2804 = EDGE_LOOP('',(#2805,#2811,#2812,#2818));
#2805 = ORIENTED_EDGE('',*,*,#2806,.F.);
#2806 = EDGE_CURVE('',#2727,#2767,#2807,.T.);
#2807 = LINE('',#2808,#2809);
#2808 = CARTESIAN_POINT('',(-8.7,3.29,0.));
#2809 = VECTOR('',#2810,1.);
#2810 = DIRECTION('',(1.,0.,-0.));
#2811 = ORIENTED_EDGE('',*,*,#2726,.T.);
#2812 = ORIENTED_EDGE('',*,*,#2813,.T.);
#2813 = EDGE_CURVE('',#2729,#2769,#2814,.T.);
#2814 = LINE('',#2815,#2816);
#2815 = CARTESIAN_POINT('',(-8.7,3.29,0.82));
#2816 = VECTOR('',#2817,1.);
#2817 = DIRECTION('',(1.,0.,-0.));
#2818 = ORIENTED_EDGE('',*,*,#2766,.F.);
#2819 = PLANE('',#2820);
#2820 = AXIS2_PLACEMENT_3D('',#2821,#2822,#2823);
#2821 = CARTESIAN_POINT('',(-8.7,3.29,0.));
#2822 = DIRECTION('',(-0.,1.,0.));
#2823 = DIRECTION('',(0.,0.,1.));
#2824 = ADVANCED_FACE('',(#2825),#2841,.T.);
#2825 = FACE_BOUND('',#2826,.T.);
#2826 = EDGE_LOOP('',(#2827,#2833,#2834,#2840));
#2827 = ORIENTED_EDGE('',*,*,#2828,.F.);
#2828 = EDGE_CURVE('',#2737,#2777,#2829,.T.);
#2829 = LINE('',#2830,#2831);
#2830 = CARTESIAN_POINT('',(-8.7,4.09,0.));
#2831 = VECTOR('',#2832,1.);
#2832 = DIRECTION('',(1.,0.,-0.));
#2833 = ORIENTED_EDGE('',*,*,#2744,.T.);
#2834 = ORIENTED_EDGE('',*,*,#2835,.T.);
#2835 = EDGE_CURVE('',#2745,#2785,#2836,.T.);
#2836 = LINE('',#2837,#2838);
#2837 = CARTESIAN_POINT('',(-8.7,4.09,0.82));
#2838 = VECTOR('',#2839,1.);
#2839 = DIRECTION('',(1.,0.,-0.));
#2840 = ORIENTED_EDGE('',*,*,#2784,.F.);
#2841 = PLANE('',#2842);
#2842 = AXIS2_PLACEMENT_3D('',#2843,#2844,#2845);
#2843 = CARTESIAN_POINT('',(-8.7,4.09,0.));
#2844 = DIRECTION('',(-0.,1.,0.));
#2845 = DIRECTION('',(0.,0.,1.));
#2846 = ADVANCED_FACE('',(#2847),#2853,.F.);
#2847 = FACE_BOUND('',#2848,.F.);
#2848 = EDGE_LOOP('',(#2849,#2850,#2851,#2852));
#2849 = ORIENTED_EDGE('',*,*,#2736,.F.);
#2850 = ORIENTED_EDGE('',*,*,#2806,.T.);
#2851 = ORIENTED_EDGE('',*,*,#2776,.T.);
#2852 = ORIENTED_EDGE('',*,*,#2828,.F.);
#2853 = PLANE('',#2854);
#2854 = AXIS2_PLACEMENT_3D('',#2855,#2856,#2857);
#2855 = CARTESIAN_POINT('',(-8.7,3.29,0.));
#2856 = DIRECTION('',(0.,0.,1.));
#2857 = DIRECTION('',(1.,0.,-0.));
#2858 = ADVANCED_FACE('',(#2859),#2865,.T.);
#2859 = FACE_BOUND('',#2860,.T.);
#2860 = EDGE_LOOP('',(#2861,#2862,#2863,#2864));
#2861 = ORIENTED_EDGE('',*,*,#2752,.F.);
#2862 = ORIENTED_EDGE('',*,*,#2813,.T.);
#2863 = ORIENTED_EDGE('',*,*,#2792,.T.);
#2864 = ORIENTED_EDGE('',*,*,#2835,.F.);
#2865 = PLANE('',#2866);
#2866 = AXIS2_PLACEMENT_3D('',#2867,#2868,#2869);
#2867 = CARTESIAN_POINT('',(-8.7,3.29,0.82));
#2868 = DIRECTION('',(0.,0.,1.));
#2869 = DIRECTION('',(1.,0.,-0.));
#2870 = ( GEOMETRIC_REPRESENTATION_CONTEXT(3) 
GLOBAL_UNCERTAINTY_ASSIGNED_CONTEXT((#2874)) 
GLOBAL_UNIT_ASSIGNED_CONTEXT((#2871,#2872,#2873)) REPRESENTATION_CONTEXT
('Context #1','3D Context with UNIT and UNCERTAINTY') );
#2871 = ( LENGTH_UNIT() NAMED_UNIT(*) SI_UNIT(.MILLI.,.METRE.) );
#2872 = ( NAMED_UNIT(*) PLANE_ANGLE_UNIT() SI_UNIT($,.RADIAN.) );
#2873 = ( NAMED_UNIT(*) SI_UNIT($,.STERADIAN.) SOLID_ANGLE_UNIT() );
#2874 = UNCERTAINTY_MEASURE_WITH_UNIT(LENGTH_MEASURE(1.E-07),#2871,
  'distance_accuracy_value','confusion accuracy');
#2875 = CONTEXT_DEPENDENT_SHAPE_REPRESENTATION(#2876,#2878);
#2876 = ( REPRESENTATION_RELATIONSHIP('','',#2719,#10) 
REPRESENTATION_RELATIONSHIP_WITH_TRANSFORMATION(#2877) 
SHAPE_REPRESENTATION_RELATIONSHIP() );
#2877 = ITEM_DEFINED_TRANSFORMATION('','',#11,#75);
#2878 = PRODUCT_DEFINITION_SHAPE('Placement','Placement of an item',
  #2879);
#2879 = NEXT_ASSEMBLY_USAGE_OCCURRENCE('16','Pad 8','',#5,#2714,$);
#2880 = PRODUCT_RELATED_PRODUCT_CATEGORY('part',$,(#2716));
#2881 = SHAPE_DEFINITION_REPRESENTATION(#2882,#2888);
#2882 = PRODUCT_DEFINITION_SHAPE('','',#2883);
#2883 = PRODUCT_DEFINITION('design','',#2884,#2887);
#2884 = PRODUCT_DEFINITION_FORMATION('','',#2885);
#2885 = PRODUCT('Pad 21','Pad 21','',(#2886));
#2886 = PRODUCT_CONTEXT('',#2,'mechanical');
#2887 = PRODUCT_DEFINITION_CONTEXT('part definition',#2,'design');
#2888 = ADVANCED_BREP_SHAPE_REPRESENTATION('',(#11,#2889),#3039);
#2889 = MANIFOLD_SOLID_BREP('',#2890);
#2890 = CLOSED_SHELL('',(#2891,#2931,#2971,#2993,#3015,#3027));
#2891 = ADVANCED_FACE('',(#2892),#2926,.F.);
#2892 = FACE_BOUND('',#2893,.F.);
#2893 = EDGE_LOOP('',(#2894,#2904,#2912,#2920));
#2894 = ORIENTED_EDGE('',*,*,#2895,.F.);
#2895 = EDGE_CURVE('',#2896,#2898,#2900,.T.);
#2896 = VERTEX_POINT('',#2897);
#2897 = CARTESIAN_POINT('',(7.5,3.29,0.));
#2898 = VERTEX_POINT('',#2899);
#2899 = CARTESIAN_POINT('',(7.5,3.29,0.82));
#2900 = LINE('',#2901,#2902);
#2901 = CARTESIAN_POINT('',(7.5,3.29,0.));
#2902 = VECTOR('',#2903,1.);
#2903 = DIRECTION('',(0.,0.,1.));
#2904 = ORIENTED_EDGE('',*,*,#2905,.T.);
#2905 = EDGE_CURVE('',#2896,#2906,#2908,.T.);
#2906 = VERTEX_POINT('',#2907);
#2907 = CARTESIAN_POINT('',(7.5,4.09,0.));
#2908 = LINE('',#2909,#2910);
#2909 = CARTESIAN_POINT('',(7.5,3.29,0.));
#2910 = VECTOR('',#2911,1.);
#2911 = DIRECTION('',(-0.,1.,0.));
#2912 = ORIENTED_EDGE('',*,*,#2913,.T.);
#2913 = EDGE_CURVE('',#2906,#2914,#2916,.T.);
#2914 = VERTEX_POINT('',#2915);
#2915 = CARTESIAN_POINT('',(7.5,4.09,0.82));
#2916 = LINE('',#2917,#2918);
#2917 = CARTESIAN_POINT('',(7.5,4.09,0.));
#2918 = VECTOR('',#2919,1.);
#2919 = DIRECTION('',(0.,0.,1.));
#2920 = ORIENTED_EDGE('',*,*,#2921,.F.);
#2921 = EDGE_CURVE('',#2898,#2914,#2922,.T.);
#2922 = LINE('',#2923,#2924);
#2923 = CARTESIAN_POINT('',(7.5,3.29,0.82));
#2924 = VECTOR('',#2925,1.);
#2925 = DIRECTION('',(-0.,1.,0.));
#2926 = PLANE('',#2927);
#2927 = AXIS2_PLACEMENT_3D('',#2928,#2929,#2930);
#2928 = CARTESIAN_POINT('',(7.5,3.29,0.));
#2929 = DIRECTION('',(1.,0.,-0.));
#2930 = DIRECTION('',(0.,0.,1.));
#2931 = ADVANCED_FACE('',(#2932),#2966,.T.);
#2932 = FACE_BOUND('',#2933,.T.);
#2933 = EDGE_LOOP('',(#2934,#2944,#2952,#2960));
#2934 = ORIENTED_EDGE('',*,*,#2935,.F.);
#2935 = EDGE_CURVE('',#2936,#2938,#2940,.T.);
#2936 = VERTEX_POINT('',#2937);
#2937 = CARTESIAN_POINT('',(8.7,3.29,0.));
#2938 = VERTEX_POINT('',#2939);
#2939 = CARTESIAN_POINT('',(8.7,3.29,0.82));
#2940 = LINE('',#2941,#2942);
#2941 = CARTESIAN_POINT('',(8.7,3.29,0.));
#2942 = VECTOR('',#2943,1.);
#2943 = DIRECTION('',(0.,0.,1.));
#2944 = ORIENTED_EDGE('',*,*,#2945,.T.);
#2945 = EDGE_CURVE('',#2936,#2946,#2948,.T.);
#2946 = VERTEX_POINT('',#2947);
#2947 = CARTESIAN_POINT('',(8.7,4.09,0.));
#2948 = LINE('',#2949,#2950);
#2949 = CARTESIAN_POINT('',(8.7,3.29,0.));
#2950 = VECTOR('',#2951,1.);
#2951 = DIRECTION('',(-0.,1.,0.));
#2952 = ORIENTED_EDGE('',*,*,#2953,.T.);
#2953 = EDGE_CURVE('',#2946,#2954,#2956,.T.);
#2954 = VERTEX_POINT('',#2955);
#2955 = CARTESIAN_POINT('',(8.7,4.09,0.82));
#2956 = LINE('',#2957,#2958);
#2957 = CARTESIAN_POINT('',(8.7,4.09,0.));
#2958 = VECTOR('',#2959,1.);
#2959 = DIRECTION('',(0.,0.,1.));
#2960 = ORIENTED_EDGE('',*,*,#2961,.F.);
#2961 = EDGE_CURVE('',#2938,#2954,#2962,.T.);
#2962 = LINE('',#2963,#2964);
#2963 = CARTESIAN_POINT('',(8.7,3.29,0.82));
#2964 = VECTOR('',#2965,1.);
#2965 = DIRECTION('',(-0.,1.,0.));
#2966 = PLANE('',#2967);
#2967 = AXIS2_PLACEMENT_3D('',#2968,#2969,#2970);
#2968 = CARTESIAN_POINT('',(8.7,3.29,0.));
#2969 = DIRECTION('',(1.,0.,-0.));
#2970 = DIRECTION('',(0.,0.,1.));
#2971 = ADVANCED_FACE('',(#2972),#2988,.F.);
#2972 = FACE_BOUND('',#2973,.F.);
#2973 = EDGE_LOOP('',(#2974,#2980,#2981,#2987));
#2974 = ORIENTED_EDGE('',*,*,#2975,.F.);
#2975 = EDGE_CURVE('',#2896,#2936,#2976,.T.);
#2976 = LINE('',#2977,#2978);
#2977 = CARTESIAN_POINT('',(7.5,3.29,0.));
#2978 = VECTOR('',#2979,1.);
#2979 = DIRECTION('',(1.,0.,-0.));
#2980 = ORIENTED_EDGE('',*,*,#2895,.T.);
#2981 = ORIENTED_EDGE('',*,*,#2982,.T.);
#2982 = EDGE_CURVE('',#2898,#2938,#2983,.T.);
#2983 = LINE('',#2984,#2985);
#2984 = CARTESIAN_POINT('',(7.5,3.29,0.82));
#2985 = VECTOR('',#2986,1.);
#2986 = DIRECTION('',(1.,0.,-0.));
#2987 = ORIENTED_EDGE('',*,*,#2935,.F.);
#2988 = PLANE('',#2989);
#2989 = AXIS2_PLACEMENT_3D('',#2990,#2991,#2992);
#2990 = CARTESIAN_POINT('',(7.5,3.29,0.));
#2991 = DIRECTION('',(-0.,1.,0.));
#2992 = DIRECTION('',(0.,0.,1.));
#2993 = ADVANCED_FACE('',(#2994),#3010,.T.);
#2994 = FACE_BOUND('',#2995,.T.);
#2995 = EDGE_LOOP('',(#2996,#3002,#3003,#3009));
#2996 = ORIENTED_EDGE('',*,*,#2997,.F.);
#2997 = EDGE_CURVE('',#2906,#2946,#2998,.T.);
#2998 = LINE('',#2999,#3000);
#2999 = CARTESIAN_POINT('',(7.5,4.09,0.));
#3000 = VECTOR('',#3001,1.);
#3001 = DIRECTION('',(1.,0.,-0.));
#3002 = ORIENTED_EDGE('',*,*,#2913,.T.);
#3003 = ORIENTED_EDGE('',*,*,#3004,.T.);
#3004 = EDGE_CURVE('',#2914,#2954,#3005,.T.);
#3005 = LINE('',#3006,#3007);
#3006 = CARTESIAN_POINT('',(7.5,4.09,0.82));
#3007 = VECTOR('',#3008,1.);
#3008 = DIRECTION('',(1.,0.,-0.));
#3009 = ORIENTED_EDGE('',*,*,#2953,.F.);
#3010 = PLANE('',#3011);
#3011 = AXIS2_PLACEMENT_3D('',#3012,#3013,#3014);
#3012 = CARTESIAN_POINT('',(7.5,4.09,0.));
#3013 = DIRECTION('',(-0.,1.,0.));
#3014 = DIRECTION('',(0.,0.,1.));
#3015 = ADVANCED_FACE('',(#3016),#3022,.F.);
#3016 = FACE_BOUND('',#3017,.F.);
#3017 = EDGE_LOOP('',(#3018,#3019,#3020,#3021));
#3018 = ORIENTED_EDGE('',*,*,#2905,.F.);
#3019 = ORIENTED_EDGE('',*,*,#2975,.T.);
#3020 = ORIENTED_EDGE('',*,*,#2945,.T.);
#3021 = ORIENTED_EDGE('',*,*,#2997,.F.);
#3022 = PLANE('',#3023);
#3023 = AXIS2_PLACEMENT_3D('',#3024,#3025,#3026);
#3024 = CARTESIAN_POINT('',(7.5,3.29,0.));
#3025 = DIRECTION('',(0.,0.,1.));
#3026 = DIRECTION('',(1.,0.,-0.));
#3027 = ADVANCED_FACE('',(#3028),#3034,.T.);
#3028 = FACE_BOUND('',#3029,.T.);
#3029 = EDGE_LOOP('',(#3030,#3031,#3032,#3033));
#3030 = ORIENTED_EDGE('',*,*,#2921,.F.);
#3031 = ORIENTED_EDGE('',*,*,#2982,.T.);
#3032 = ORIENTED_EDGE('',*,*,#2961,.T.);
#3033 = ORIENTED_EDGE('',*,*,#3004,.F.);
#3034 = PLANE('',#3035);
#3035 = AXIS2_PLACEMENT_3D('',#3036,#3037,#3038);
#3036 = CARTESIAN_POINT('',(7.5,3.29,0.82));
#3037 = DIRECTION('',(0.,0.,1.));
#3038 = DIRECTION('',(1.,0.,-0.));
#3039 = ( GEOMETRIC_REPRESENTATION_CONTEXT(3) 
GLOBAL_UNCERTAINTY_ASSIGNED_CONTEXT((#3043)) 
GLOBAL_UNIT_ASSIGNED_CONTEXT((#3040,#3041,#3042)) REPRESENTATION_CONTEXT
('Context #1','3D Context with UNIT and UNCERTAINTY') );
#3040 = ( LENGTH_UNIT() NAMED_UNIT(*) SI_UNIT(.MILLI.,.METRE.) );
#3041 = ( NAMED_UNIT(*) PLANE_ANGLE_UNIT() SI_UNIT($,.RADIAN.) );
#3042 = ( NAMED_UNIT(*) SI_UNIT($,.STERADIAN.) SOLID_ANGLE_UNIT() );
#3043 = UNCERTAINTY_MEASURE_WITH_UNIT(LENGTH_MEASURE(1.E-07),#3040,
  'distance_accuracy_value','confusion accuracy');
#3044 = CONTEXT_DEPENDENT_SHAPE_REPRESENTATION(#3045,#3047);
#3045 = ( REPRESENTATION_RELATIONSHIP('','',#2888,#10) 
REPRESENTATION_RELATIONSHIP_WITH_TRANSFORMATION(#3046) 
SHAPE_REPRESENTATION_RELATIONSHIP() );
#3046 = ITEM_DEFINED_TRANSFORMATION('','',#11,#79);
#3047 = PRODUCT_DEFINITION_SHAPE('Placement','Placement of an item',
  #3048);
#3048 = NEXT_ASSEMBLY_USAGE_OCCURRENCE('17','Pad 21','',#5,#2883,$);
#3049 = PRODUCT_RELATED_PRODUCT_CATEGORY('part',$,(#2885));
#3050 = SHAPE_DEFINITION_REPRESENTATION(#3051,#3057);
#3051 = PRODUCT_DEFINITION_SHAPE('','',#3052);
#3052 = PRODUCT_DEFINITION('design','',#3053,#3056);
#3053 = PRODUCT_DEFINITION_FORMATION('','',#3054);
#3054 = PRODUCT('Pad 9','Pad 9','',(#3055));
#3055 = PRODUCT_CONTEXT('',#2,'mechanical');
#3056 = PRODUCT_DEFINITION_CONTEXT('part definition',#2,'design');
#3057 = ADVANCED_BREP_SHAPE_REPRESENTATION('',(#11,#3058),#3208);
#3058 = MANIFOLD_SOLID_BREP('',#3059);
#3059 = CLOSED_SHELL('',(#3060,#3100,#3140,#3162,#3184,#3196));
#3060 = ADVANCED_FACE('',(#3061),#3095,.F.);
#3061 = FACE_BOUND('',#3062,.F.);
#3062 = EDGE_LOOP('',(#3063,#3073,#3081,#3089));
#3063 = ORIENTED_EDGE('',*,*,#3064,.F.);
#3064 = EDGE_CURVE('',#3065,#3067,#3069,.T.);
#3065 = VERTEX_POINT('',#3066);
#3066 = CARTESIAN_POINT('',(-8.7,4.39,0.));
#3067 = VERTEX_POINT('',#3068);
#3068 = CARTESIAN_POINT('',(-8.7,4.39,0.82));
#3069 = LINE('',#3070,#3071);
#3070 = CARTESIAN_POINT('',(-8.7,4.39,0.));
#3071 = VECTOR('',#3072,1.);
#3072 = DIRECTION('',(0.,0.,1.));
#3073 = ORIENTED_EDGE('',*,*,#3074,.T.);
#3074 = EDGE_CURVE('',#3065,#3075,#3077,.T.);
#3075 = VERTEX_POINT('',#3076);
#3076 = CARTESIAN_POINT('',(-8.7,5.19,0.));
#3077 = LINE('',#3078,#3079);
#3078 = CARTESIAN_POINT('',(-8.7,4.39,0.));
#3079 = VECTOR('',#3080,1.);
#3080 = DIRECTION('',(-0.,1.,0.));
#3081 = ORIENTED_EDGE('',*,*,#3082,.T.);
#3082 = EDGE_CURVE('',#3075,#3083,#3085,.T.);
#3083 = VERTEX_POINT('',#3084);
#3084 = CARTESIAN_POINT('',(-8.7,5.19,0.82));
#3085 = LINE('',#3086,#3087);
#3086 = CARTESIAN_POINT('',(-8.7,5.19,0.));
#3087 = VECTOR('',#3088,1.);
#3088 = DIRECTION('',(0.,0.,1.));
#3089 = ORIENTED_EDGE('',*,*,#3090,.F.);
#3090 = EDGE_CURVE('',#3067,#3083,#3091,.T.);
#3091 = LINE('',#3092,#3093);
#3092 = CARTESIAN_POINT('',(-8.7,4.39,0.82));
#3093 = VECTOR('',#3094,1.);
#3094 = DIRECTION('',(-0.,1.,0.));
#3095 = PLANE('',#3096);
#3096 = AXIS2_PLACEMENT_3D('',#3097,#3098,#3099);
#3097 = CARTESIAN_POINT('',(-8.7,4.39,0.));
#3098 = DIRECTION('',(1.,0.,-0.));
#3099 = DIRECTION('',(0.,0.,1.));
#3100 = ADVANCED_FACE('',(#3101),#3135,.T.);
#3101 = FACE_BOUND('',#3102,.T.);
#3102 = EDGE_LOOP('',(#3103,#3113,#3121,#3129));
#3103 = ORIENTED_EDGE('',*,*,#3104,.F.);
#3104 = EDGE_CURVE('',#3105,#3107,#3109,.T.);
#3105 = VERTEX_POINT('',#3106);
#3106 = CARTESIAN_POINT('',(-7.5,4.39,0.));
#3107 = VERTEX_POINT('',#3108);
#3108 = CARTESIAN_POINT('',(-7.5,4.39,0.82));
#3109 = LINE('',#3110,#3111);
#3110 = CARTESIAN_POINT('',(-7.5,4.39,0.));
#3111 = VECTOR('',#3112,1.);
#3112 = DIRECTION('',(0.,0.,1.));
#3113 = ORIENTED_EDGE('',*,*,#3114,.T.);
#3114 = EDGE_CURVE('',#3105,#3115,#3117,.T.);
#3115 = VERTEX_POINT('',#3116);
#3116 = CARTESIAN_POINT('',(-7.5,5.19,0.));
#3117 = LINE('',#3118,#3119);
#3118 = CARTESIAN_POINT('',(-7.5,4.39,0.));
#3119 = VECTOR('',#3120,1.);
#3120 = DIRECTION('',(-0.,1.,0.));
#3121 = ORIENTED_EDGE('',*,*,#3122,.T.);
#3122 = EDGE_CURVE('',#3115,#3123,#3125,.T.);
#3123 = VERTEX_POINT('',#3124);
#3124 = CARTESIAN_POINT('',(-7.5,5.19,0.82));
#3125 = LINE('',#3126,#3127);
#3126 = CARTESIAN_POINT('',(-7.5,5.19,0.));
#3127 = VECTOR('',#3128,1.);
#3128 = DIRECTION('',(0.,0.,1.));
#3129 = ORIENTED_EDGE('',*,*,#3130,.F.);
#3130 = EDGE_CURVE('',#3107,#3123,#3131,.T.);
#3131 = LINE('',#3132,#3133);
#3132 = CARTESIAN_POINT('',(-7.5,4.39,0.82));
#3133 = VECTOR('',#3134,1.);
#3134 = DIRECTION('',(-0.,1.,0.));
#3135 = PLANE('',#3136);
#3136 = AXIS2_PLACEMENT_3D('',#3137,#3138,#3139);
#3137 = CARTESIAN_POINT('',(-7.5,4.39,0.));
#3138 = DIRECTION('',(1.,0.,-0.));
#3139 = DIRECTION('',(0.,0.,1.));
#3140 = ADVANCED_FACE('',(#3141),#3157,.F.);
#3141 = FACE_BOUND('',#3142,.F.);
#3142 = EDGE_LOOP('',(#3143,#3149,#3150,#3156));
#3143 = ORIENTED_EDGE('',*,*,#3144,.F.);
#3144 = EDGE_CURVE('',#3065,#3105,#3145,.T.);
#3145 = LINE('',#3146,#3147);
#3146 = CARTESIAN_POINT('',(-8.7,4.39,0.));
#3147 = VECTOR('',#3148,1.);
#3148 = DIRECTION('',(1.,0.,-0.));
#3149 = ORIENTED_EDGE('',*,*,#3064,.T.);
#3150 = ORIENTED_EDGE('',*,*,#3151,.T.);
#3151 = EDGE_CURVE('',#3067,#3107,#3152,.T.);
#3152 = LINE('',#3153,#3154);
#3153 = CARTESIAN_POINT('',(-8.7,4.39,0.82));
#3154 = VECTOR('',#3155,1.);
#3155 = DIRECTION('',(1.,0.,-0.));
#3156 = ORIENTED_EDGE('',*,*,#3104,.F.);
#3157 = PLANE('',#3158);
#3158 = AXIS2_PLACEMENT_3D('',#3159,#3160,#3161);
#3159 = CARTESIAN_POINT('',(-8.7,4.39,0.));
#3160 = DIRECTION('',(-0.,1.,0.));
#3161 = DIRECTION('',(0.,0.,1.));
#3162 = ADVANCED_FACE('',(#3163),#3179,.T.);
#3163 = FACE_BOUND('',#3164,.T.);
#3164 = EDGE_LOOP('',(#3165,#3171,#3172,#3178));
#3165 = ORIENTED_EDGE('',*,*,#3166,.F.);
#3166 = EDGE_CURVE('',#3075,#3115,#3167,.T.);
#3167 = LINE('',#3168,#3169);
#3168 = CARTESIAN_POINT('',(-8.7,5.19,0.));
#3169 = VECTOR('',#3170,1.);
#3170 = DIRECTION('',(1.,0.,-0.));
#3171 = ORIENTED_EDGE('',*,*,#3082,.T.);
#3172 = ORIENTED_EDGE('',*,*,#3173,.T.);
#3173 = EDGE_CURVE('',#3083,#3123,#3174,.T.);
#3174 = LINE('',#3175,#3176);
#3175 = CARTESIAN_POINT('',(-8.7,5.19,0.82));
#3176 = VECTOR('',#3177,1.);
#3177 = DIRECTION('',(1.,0.,-0.));
#3178 = ORIENTED_EDGE('',*,*,#3122,.F.);
#3179 = PLANE('',#3180);
#3180 = AXIS2_PLACEMENT_3D('',#3181,#3182,#3183);
#3181 = CARTESIAN_POINT('',(-8.7,5.19,0.));
#3182 = DIRECTION('',(-0.,1.,0.));
#3183 = DIRECTION('',(0.,0.,1.));
#3184 = ADVANCED_FACE('',(#3185),#3191,.F.);
#3185 = FACE_BOUND('',#3186,.F.);
#3186 = EDGE_LOOP('',(#3187,#3188,#3189,#3190));
#3187 = ORIENTED_EDGE('',*,*,#3074,.F.);
#3188 = ORIENTED_EDGE('',*,*,#3144,.T.);
#3189 = ORIENTED_EDGE('',*,*,#3114,.T.);
#3190 = ORIENTED_EDGE('',*,*,#3166,.F.);
#3191 = PLANE('',#3192);
#3192 = AXIS2_PLACEMENT_3D('',#3193,#3194,#3195);
#3193 = CARTESIAN_POINT('',(-8.7,4.39,0.));
#3194 = DIRECTION('',(0.,0.,1.));
#3195 = DIRECTION('',(1.,0.,-0.));
#3196 = ADVANCED_FACE('',(#3197),#3203,.T.);
#3197 = FACE_BOUND('',#3198,.T.);
#3198 = EDGE_LOOP('',(#3199,#3200,#3201,#3202));
#3199 = ORIENTED_EDGE('',*,*,#3090,.F.);
#3200 = ORIENTED_EDGE('',*,*,#3151,.T.);
#3201 = ORIENTED_EDGE('',*,*,#3130,.T.);
#3202 = ORIENTED_EDGE('',*,*,#3173,.F.);
#3203 = PLANE('',#3204);
#3204 = AXIS2_PLACEMENT_3D('',#3205,#3206,#3207);
#3205 = CARTESIAN_POINT('',(-8.7,4.39,0.82));
#3206 = DIRECTION('',(0.,0.,1.));
#3207 = DIRECTION('',(1.,0.,-0.));
#3208 = ( GEOMETRIC_REPRESENTATION_CONTEXT(3) 
GLOBAL_UNCERTAINTY_ASSIGNED_CONTEXT((#3212)) 
GLOBAL_UNIT_ASSIGNED_CONTEXT((#3209,#3210,#3211)) REPRESENTATION_CONTEXT
('Context #1','3D Context with UNIT and UNCERTAINTY') );
#3209 = ( LENGTH_UNIT() NAMED_UNIT(*) SI_UNIT(.MILLI.,.METRE.) );
#3210 = ( NAMED_UNIT(*) PLANE_ANGLE_UNIT() SI_UNIT($,.RADIAN.) );
#3211 = ( NAMED_UNIT(*) SI_UNIT($,.STERADIAN.) SOLID_ANGLE_UNIT() );
#3212 = UNCERTAINTY_MEASURE_WITH_UNIT(LENGTH_MEASURE(1.E-07),#3209,
  'distance_accuracy_value','confusion accuracy');
#3213 = CONTEXT_DEPENDENT_SHAPE_REPRESENTATION(#3214,#3216);
#3214 = ( REPRESENTATION_RELATIONSHIP('','',#3057,#10) 
REPRESENTATION_RELATIONSHIP_WITH_TRANSFORMATION(#3215) 
SHAPE_REPRESENTATION_RELATIONSHIP() );
#3215 = ITEM_DEFINED_TRANSFORMATION('','',#11,#83);
#3216 = PRODUCT_DEFINITION_SHAPE('Placement','Placement of an item',
  #3217);
#3217 = NEXT_ASSEMBLY_USAGE_OCCURRENCE('18','Pad 9','',#5,#3052,$);
#3218 = PRODUCT_RELATED_PRODUCT_CATEGORY('part',$,(#3054));
#3219 = SHAPE_DEFINITION_REPRESENTATION(#3220,#3226);
#3220 = PRODUCT_DEFINITION_SHAPE('','',#3221);
#3221 = PRODUCT_DEFINITION('design','',#3222,#3225);
#3222 = PRODUCT_DEFINITION_FORMATION('','',#3223);
#3223 = PRODUCT('Pad 20','Pad 20','',(#3224));
#3224 = PRODUCT_CONTEXT('',#2,'mechanical');
#3225 = PRODUCT_DEFINITION_CONTEXT('part definition',#2,'design');
#3226 = ADVANCED_BREP_SHAPE_REPRESENTATION('',(#11,#3227),#3377);
#3227 = MANIFOLD_SOLID_BREP('',#3228);
#3228 = CLOSED_SHELL('',(#3229,#3269,#3309,#3331,#3353,#3365));
#3229 = ADVANCED_FACE('',(#3230),#3264,.F.);
#3230 = FACE_BOUND('',#3231,.F.);
#3231 = EDGE_LOOP('',(#3232,#3242,#3250,#3258));
#3232 = ORIENTED_EDGE('',*,*,#3233,.F.);
#3233 = EDGE_CURVE('',#3234,#3236,#3238,.T.);
#3234 = VERTEX_POINT('',#3235);
#3235 = CARTESIAN_POINT('',(7.5,4.39,0.));
#3236 = VERTEX_POINT('',#3237);
#3237 = CARTESIAN_POINT('',(7.5,4.39,0.82));
#3238 = LINE('',#3239,#3240);
#3239 = CARTESIAN_POINT('',(7.5,4.39,0.));
#3240 = VECTOR('',#3241,1.);
#3241 = DIRECTION('',(0.,0.,1.));
#3242 = ORIENTED_EDGE('',*,*,#3243,.T.);
#3243 = EDGE_CURVE('',#3234,#3244,#3246,.T.);
#3244 = VERTEX_POINT('',#3245);
#3245 = CARTESIAN_POINT('',(7.5,5.19,0.));
#3246 = LINE('',#3247,#3248);
#3247 = CARTESIAN_POINT('',(7.5,4.39,0.));
#3248 = VECTOR('',#3249,1.);
#3249 = DIRECTION('',(-0.,1.,0.));
#3250 = ORIENTED_EDGE('',*,*,#3251,.T.);
#3251 = EDGE_CURVE('',#3244,#3252,#3254,.T.);
#3252 = VERTEX_POINT('',#3253);
#3253 = CARTESIAN_POINT('',(7.5,5.19,0.82));
#3254 = LINE('',#3255,#3256);
#3255 = CARTESIAN_POINT('',(7.5,5.19,0.));
#3256 = VECTOR('',#3257,1.);
#3257 = DIRECTION('',(0.,0.,1.));
#3258 = ORIENTED_EDGE('',*,*,#3259,.F.);
#3259 = EDGE_CURVE('',#3236,#3252,#3260,.T.);
#3260 = LINE('',#3261,#3262);
#3261 = CARTESIAN_POINT('',(7.5,4.39,0.82));
#3262 = VECTOR('',#3263,1.);
#3263 = DIRECTION('',(-0.,1.,0.));
#3264 = PLANE('',#3265);
#3265 = AXIS2_PLACEMENT_3D('',#3266,#3267,#3268);
#3266 = CARTESIAN_POINT('',(7.5,4.39,0.));
#3267 = DIRECTION('',(1.,0.,-0.));
#3268 = DIRECTION('',(0.,0.,1.));
#3269 = ADVANCED_FACE('',(#3270),#3304,.T.);
#3270 = FACE_BOUND('',#3271,.T.);
#3271 = EDGE_LOOP('',(#3272,#3282,#3290,#3298));
#3272 = ORIENTED_EDGE('',*,*,#3273,.F.);
#3273 = EDGE_CURVE('',#3274,#3276,#3278,.T.);
#3274 = VERTEX_POINT('',#3275);
#3275 = CARTESIAN_POINT('',(8.7,4.39,0.));
#3276 = VERTEX_POINT('',#3277);
#3277 = CARTESIAN_POINT('',(8.7,4.39,0.82));
#3278 = LINE('',#3279,#3280);
#3279 = CARTESIAN_POINT('',(8.7,4.39,0.));
#3280 = VECTOR('',#3281,1.);
#3281 = DIRECTION('',(0.,0.,1.));
#3282 = ORIENTED_EDGE('',*,*,#3283,.T.);
#3283 = EDGE_CURVE('',#3274,#3284,#3286,.T.);
#3284 = VERTEX_POINT('',#3285);
#3285 = CARTESIAN_POINT('',(8.7,5.19,0.));
#3286 = LINE('',#3287,#3288);
#3287 = CARTESIAN_POINT('',(8.7,4.39,0.));
#3288 = VECTOR('',#3289,1.);
#3289 = DIRECTION('',(-0.,1.,0.));
#3290 = ORIENTED_EDGE('',*,*,#3291,.T.);
#3291 = EDGE_CURVE('',#3284,#3292,#3294,.T.);
#3292 = VERTEX_POINT('',#3293);
#3293 = CARTESIAN_POINT('',(8.7,5.19,0.82));
#3294 = LINE('',#3295,#3296);
#3295 = CARTESIAN_POINT('',(8.7,5.19,0.));
#3296 = VECTOR('',#3297,1.);
#3297 = DIRECTION('',(0.,0.,1.));
#3298 = ORIENTED_EDGE('',*,*,#3299,.F.);
#3299 = EDGE_CURVE('',#3276,#3292,#3300,.T.);
#3300 = LINE('',#3301,#3302);
#3301 = CARTESIAN_POINT('',(8.7,4.39,0.82));
#3302 = VECTOR('',#3303,1.);
#3303 = DIRECTION('',(-0.,1.,0.));
#3304 = PLANE('',#3305);
#3305 = AXIS2_PLACEMENT_3D('',#3306,#3307,#3308);
#3306 = CARTESIAN_POINT('',(8.7,4.39,0.));
#3307 = DIRECTION('',(1.,0.,-0.));
#3308 = DIRECTION('',(0.,0.,1.));
#3309 = ADVANCED_FACE('',(#3310),#3326,.F.);
#3310 = FACE_BOUND('',#3311,.F.);
#3311 = EDGE_LOOP('',(#3312,#3318,#3319,#3325));
#3312 = ORIENTED_EDGE('',*,*,#3313,.F.);
#3313 = EDGE_CURVE('',#3234,#3274,#3314,.T.);
#3314 = LINE('',#3315,#3316);
#3315 = CARTESIAN_POINT('',(7.5,4.39,0.));
#3316 = VECTOR('',#3317,1.);
#3317 = DIRECTION('',(1.,0.,-0.));
#3318 = ORIENTED_EDGE('',*,*,#3233,.T.);
#3319 = ORIENTED_EDGE('',*,*,#3320,.T.);
#3320 = EDGE_CURVE('',#3236,#3276,#3321,.T.);
#3321 = LINE('',#3322,#3323);
#3322 = CARTESIAN_POINT('',(7.5,4.39,0.82));
#3323 = VECTOR('',#3324,1.);
#3324 = DIRECTION('',(1.,0.,-0.));
#3325 = ORIENTED_EDGE('',*,*,#3273,.F.);
#3326 = PLANE('',#3327);
#3327 = AXIS2_PLACEMENT_3D('',#3328,#3329,#3330);
#3328 = CARTESIAN_POINT('',(7.5,4.39,0.));
#3329 = DIRECTION('',(-0.,1.,0.));
#3330 = DIRECTION('',(0.,0.,1.));
#3331 = ADVANCED_FACE('',(#3332),#3348,.T.);
#3332 = FACE_BOUND('',#3333,.T.);
#3333 = EDGE_LOOP('',(#3334,#3340,#3341,#3347));
#3334 = ORIENTED_EDGE('',*,*,#3335,.F.);
#3335 = EDGE_CURVE('',#3244,#3284,#3336,.T.);
#3336 = LINE('',#3337,#3338);
#3337 = CARTESIAN_POINT('',(7.5,5.19,0.));
#3338 = VECTOR('',#3339,1.);
#3339 = DIRECTION('',(1.,0.,-0.));
#3340 = ORIENTED_EDGE('',*,*,#3251,.T.);
#3341 = ORIENTED_EDGE('',*,*,#3342,.T.);
#3342 = EDGE_CURVE('',#3252,#3292,#3343,.T.);
#3343 = LINE('',#3344,#3345);
#3344 = CARTESIAN_POINT('',(7.5,5.19,0.82));
#3345 = VECTOR('',#3346,1.);
#3346 = DIRECTION('',(1.,0.,-0.));
#3347 = ORIENTED_EDGE('',*,*,#3291,.F.);
#3348 = PLANE('',#3349);
#3349 = AXIS2_PLACEMENT_3D('',#3350,#3351,#3352);
#3350 = CARTESIAN_POINT('',(7.5,5.19,0.));
#3351 = DIRECTION('',(-0.,1.,0.));
#3352 = DIRECTION('',(0.,0.,1.));
#3353 = ADVANCED_FACE('',(#3354),#3360,.F.);
#3354 = FACE_BOUND('',#3355,.F.);
#3355 = EDGE_LOOP('',(#3356,#3357,#3358,#3359));
#3356 = ORIENTED_EDGE('',*,*,#3243,.F.);
#3357 = ORIENTED_EDGE('',*,*,#3313,.T.);
#3358 = ORIENTED_EDGE('',*,*,#3283,.T.);
#3359 = ORIENTED_EDGE('',*,*,#3335,.F.);
#3360 = PLANE('',#3361);
#3361 = AXIS2_PLACEMENT_3D('',#3362,#3363,#3364);
#3362 = CARTESIAN_POINT('',(7.5,4.39,0.));
#3363 = DIRECTION('',(0.,0.,1.));
#3364 = DIRECTION('',(1.,0.,-0.));
#3365 = ADVANCED_FACE('',(#3366),#3372,.T.);
#3366 = FACE_BOUND('',#3367,.T.);
#3367 = EDGE_LOOP('',(#3368,#3369,#3370,#3371));
#3368 = ORIENTED_EDGE('',*,*,#3259,.F.);
#3369 = ORIENTED_EDGE('',*,*,#3320,.T.);
#3370 = ORIENTED_EDGE('',*,*,#3299,.T.);
#3371 = ORIENTED_EDGE('',*,*,#3342,.F.);
#3372 = PLANE('',#3373);
#3373 = AXIS2_PLACEMENT_3D('',#3374,#3375,#3376);
#3374 = CARTESIAN_POINT('',(7.5,4.39,0.82));
#3375 = DIRECTION('',(0.,0.,1.));
#3376 = DIRECTION('',(1.,0.,-0.));
#3377 = ( GEOMETRIC_REPRESENTATION_CONTEXT(3) 
GLOBAL_UNCERTAINTY_ASSIGNED_CONTEXT((#3381)) 
GLOBAL_UNIT_ASSIGNED_CONTEXT((#3378,#3379,#3380)) REPRESENTATION_CONTEXT
('Context #1','3D Context with UNIT and UNCERTAINTY') );
#3378 = ( LENGTH_UNIT() NAMED_UNIT(*) SI_UNIT(.MILLI.,.METRE.) );
#3379 = ( NAMED_UNIT(*) PLANE_ANGLE_UNIT() SI_UNIT($,.RADIAN.) );
#3380 = ( NAMED_UNIT(*) SI_UNIT($,.STERADIAN.) SOLID_ANGLE_UNIT() );
#3381 = UNCERTAINTY_MEASURE_WITH_UNIT(LENGTH_MEASURE(1.E-07),#3378,
  'distance_accuracy_value','confusion accuracy');
#3382 = CONTEXT_DEPENDENT_SHAPE_REPRESENTATION(#3383,#3385);
#3383 = ( REPRESENTATION_RELATIONSHIP('','',#3226,#10) 
REPRESENTATION_RELATIONSHIP_WITH_TRANSFORMATION(#3384) 
SHAPE_REPRESENTATION_RELATIONSHIP() );
#3384 = ITEM_DEFINED_TRANSFORMATION('','',#11,#87);
#3385 = PRODUCT_DEFINITION_SHAPE('Placement','Placement of an item',
  #3386);
#3386 = NEXT_ASSEMBLY_USAGE_OCCURRENCE('19','Pad 20','',#5,#3221,$);
#3387 = PRODUCT_RELATED_PRODUCT_CATEGORY('part',$,(#3223));
#3388 = SHAPE_DEFINITION_REPRESENTATION(#3389,#3395);
#3389 = PRODUCT_DEFINITION_SHAPE('','',#3390);
#3390 = PRODUCT_DEFINITION('design','',#3391,#3394);
#3391 = PRODUCT_DEFINITION_FORMATION('','',#3392);
#3392 = PRODUCT('Pad 10','Pad 10','',(#3393));
#3393 = PRODUCT_CONTEXT('',#2,'mechanical');
#3394 = PRODUCT_DEFINITION_CONTEXT('part definition',#2,'design');
#3395 = ADVANCED_BREP_SHAPE_REPRESENTATION('',(#11,#3396),#3546);
#3396 = MANIFOLD_SOLID_BREP('',#3397);
#3397 = CLOSED_SHELL('',(#3398,#3438,#3478,#3500,#3522,#3534));
#3398 = ADVANCED_FACE('',(#3399),#3433,.F.);
#3399 = FACE_BOUND('',#3400,.F.);
#3400 = EDGE_LOOP('',(#3401,#3411,#3419,#3427));
#3401 = ORIENTED_EDGE('',*,*,#3402,.F.);
#3402 = EDGE_CURVE('',#3403,#3405,#3407,.T.);
#3403 = VERTEX_POINT('',#3404);
#3404 = CARTESIAN_POINT('',(-8.7,5.49,0.));
#3405 = VERTEX_POINT('',#3406);
#3406 = CARTESIAN_POINT('',(-8.7,5.49,0.82));
#3407 = LINE('',#3408,#3409);
#3408 = CARTESIAN_POINT('',(-8.7,5.49,0.));
#3409 = VECTOR('',#3410,1.);
#3410 = DIRECTION('',(0.,0.,1.));
#3411 = ORIENTED_EDGE('',*,*,#3412,.T.);
#3412 = EDGE_CURVE('',#3403,#3413,#3415,.T.);
#3413 = VERTEX_POINT('',#3414);
#3414 = CARTESIAN_POINT('',(-8.7,6.29,0.));
#3415 = LINE('',#3416,#3417);
#3416 = CARTESIAN_POINT('',(-8.7,5.49,0.));
#3417 = VECTOR('',#3418,1.);
#3418 = DIRECTION('',(-0.,1.,0.));
#3419 = ORIENTED_EDGE('',*,*,#3420,.T.);
#3420 = EDGE_CURVE('',#3413,#3421,#3423,.T.);
#3421 = VERTEX_POINT('',#3422);
#3422 = CARTESIAN_POINT('',(-8.7,6.29,0.82));
#3423 = LINE('',#3424,#3425);
#3424 = CARTESIAN_POINT('',(-8.7,6.29,0.));
#3425 = VECTOR('',#3426,1.);
#3426 = DIRECTION('',(0.,0.,1.));
#3427 = ORIENTED_EDGE('',*,*,#3428,.F.);
#3428 = EDGE_CURVE('',#3405,#3421,#3429,.T.);
#3429 = LINE('',#3430,#3431);
#3430 = CARTESIAN_POINT('',(-8.7,5.49,0.82));
#3431 = VECTOR('',#3432,1.);
#3432 = DIRECTION('',(-0.,1.,0.));
#3433 = PLANE('',#3434);
#3434 = AXIS2_PLACEMENT_3D('',#3435,#3436,#3437);
#3435 = CARTESIAN_POINT('',(-8.7,5.49,0.));
#3436 = DIRECTION('',(1.,0.,-0.));
#3437 = DIRECTION('',(0.,0.,1.));
#3438 = ADVANCED_FACE('',(#3439),#3473,.T.);
#3439 = FACE_BOUND('',#3440,.T.);
#3440 = EDGE_LOOP('',(#3441,#3451,#3459,#3467));
#3441 = ORIENTED_EDGE('',*,*,#3442,.F.);
#3442 = EDGE_CURVE('',#3443,#3445,#3447,.T.);
#3443 = VERTEX_POINT('',#3444);
#3444 = CARTESIAN_POINT('',(-7.5,5.49,0.));
#3445 = VERTEX_POINT('',#3446);
#3446 = CARTESIAN_POINT('',(-7.5,5.49,0.82));
#3447 = LINE('',#3448,#3449);
#3448 = CARTESIAN_POINT('',(-7.5,5.49,0.));
#3449 = VECTOR('',#3450,1.);
#3450 = DIRECTION('',(0.,0.,1.));
#3451 = ORIENTED_EDGE('',*,*,#3452,.T.);
#3452 = EDGE_CURVE('',#3443,#3453,#3455,.T.);
#3453 = VERTEX_POINT('',#3454);
#3454 = CARTESIAN_POINT('',(-7.5,6.29,0.));
#3455 = LINE('',#3456,#3457);
#3456 = CARTESIAN_POINT('',(-7.5,5.49,0.));
#3457 = VECTOR('',#3458,1.);
#3458 = DIRECTION('',(-0.,1.,0.));
#3459 = ORIENTED_EDGE('',*,*,#3460,.T.);
#3460 = EDGE_CURVE('',#3453,#3461,#3463,.T.);
#3461 = VERTEX_POINT('',#3462);
#3462 = CARTESIAN_POINT('',(-7.5,6.29,0.82));
#3463 = LINE('',#3464,#3465);
#3464 = CARTESIAN_POINT('',(-7.5,6.29,0.));
#3465 = VECTOR('',#3466,1.);
#3466 = DIRECTION('',(0.,0.,1.));
#3467 = ORIENTED_EDGE('',*,*,#3468,.F.);
#3468 = EDGE_CURVE('',#3445,#3461,#3469,.T.);
#3469 = LINE('',#3470,#3471);
#3470 = CARTESIAN_POINT('',(-7.5,5.49,0.82));
#3471 = VECTOR('',#3472,1.);
#3472 = DIRECTION('',(-0.,1.,0.));
#3473 = PLANE('',#3474);
#3474 = AXIS2_PLACEMENT_3D('',#3475,#3476,#3477);
#3475 = CARTESIAN_POINT('',(-7.5,5.49,0.));
#3476 = DIRECTION('',(1.,0.,-0.));
#3477 = DIRECTION('',(0.,0.,1.));
#3478 = ADVANCED_FACE('',(#3479),#3495,.F.);
#3479 = FACE_BOUND('',#3480,.F.);
#3480 = EDGE_LOOP('',(#3481,#3487,#3488,#3494));
#3481 = ORIENTED_EDGE('',*,*,#3482,.F.);
#3482 = EDGE_CURVE('',#3403,#3443,#3483,.T.);
#3483 = LINE('',#3484,#3485);
#3484 = CARTESIAN_POINT('',(-8.7,5.49,0.));
#3485 = VECTOR('',#3486,1.);
#3486 = DIRECTION('',(1.,0.,-0.));
#3487 = ORIENTED_EDGE('',*,*,#3402,.T.);
#3488 = ORIENTED_EDGE('',*,*,#3489,.T.);
#3489 = EDGE_CURVE('',#3405,#3445,#3490,.T.);
#3490 = LINE('',#3491,#3492);
#3491 = CARTESIAN_POINT('',(-8.7,5.49,0.82));
#3492 = VECTOR('',#3493,1.);
#3493 = DIRECTION('',(1.,0.,-0.));
#3494 = ORIENTED_EDGE('',*,*,#3442,.F.);
#3495 = PLANE('',#3496);
#3496 = AXIS2_PLACEMENT_3D('',#3497,#3498,#3499);
#3497 = CARTESIAN_POINT('',(-8.7,5.49,0.));
#3498 = DIRECTION('',(-0.,1.,0.));
#3499 = DIRECTION('',(0.,0.,1.));
#3500 = ADVANCED_FACE('',(#3501),#3517,.T.);
#3501 = FACE_BOUND('',#3502,.T.);
#3502 = EDGE_LOOP('',(#3503,#3509,#3510,#3516));
#3503 = ORIENTED_EDGE('',*,*,#3504,.F.);
#3504 = EDGE_CURVE('',#3413,#3453,#3505,.T.);
#3505 = LINE('',#3506,#3507);
#3506 = CARTESIAN_POINT('',(-8.7,6.29,0.));
#3507 = VECTOR('',#3508,1.);
#3508 = DIRECTION('',(1.,0.,-0.));
#3509 = ORIENTED_EDGE('',*,*,#3420,.T.);
#3510 = ORIENTED_EDGE('',*,*,#3511,.T.);
#3511 = EDGE_CURVE('',#3421,#3461,#3512,.T.);
#3512 = LINE('',#3513,#3514);
#3513 = CARTESIAN_POINT('',(-8.7,6.29,0.82));
#3514 = VECTOR('',#3515,1.);
#3515 = DIRECTION('',(1.,0.,-0.));
#3516 = ORIENTED_EDGE('',*,*,#3460,.F.);
#3517 = PLANE('',#3518);
#3518 = AXIS2_PLACEMENT_3D('',#3519,#3520,#3521);
#3519 = CARTESIAN_POINT('',(-8.7,6.29,0.));
#3520 = DIRECTION('',(-0.,1.,0.));
#3521 = DIRECTION('',(0.,0.,1.));
#3522 = ADVANCED_FACE('',(#3523),#3529,.F.);
#3523 = FACE_BOUND('',#3524,.F.);
#3524 = EDGE_LOOP('',(#3525,#3526,#3527,#3528));
#3525 = ORIENTED_EDGE('',*,*,#3412,.F.);
#3526 = ORIENTED_EDGE('',*,*,#3482,.T.);
#3527 = ORIENTED_EDGE('',*,*,#3452,.T.);
#3528 = ORIENTED_EDGE('',*,*,#3504,.F.);
#3529 = PLANE('',#3530);
#3530 = AXIS2_PLACEMENT_3D('',#3531,#3532,#3533);
#3531 = CARTESIAN_POINT('',(-8.7,5.49,0.));
#3532 = DIRECTION('',(0.,0.,1.));
#3533 = DIRECTION('',(1.,0.,-0.));
#3534 = ADVANCED_FACE('',(#3535),#3541,.T.);
#3535 = FACE_BOUND('',#3536,.T.);
#3536 = EDGE_LOOP('',(#3537,#3538,#3539,#3540));
#3537 = ORIENTED_EDGE('',*,*,#3428,.F.);
#3538 = ORIENTED_EDGE('',*,*,#3489,.T.);
#3539 = ORIENTED_EDGE('',*,*,#3468,.T.);
#3540 = ORIENTED_EDGE('',*,*,#3511,.F.);
#3541 = PLANE('',#3542);
#3542 = AXIS2_PLACEMENT_3D('',#3543,#3544,#3545);
#3543 = CARTESIAN_POINT('',(-8.7,5.49,0.82));
#3544 = DIRECTION('',(0.,0.,1.));
#3545 = DIRECTION('',(1.,0.,-0.));
#3546 = ( GEOMETRIC_REPRESENTATION_CONTEXT(3) 
GLOBAL_UNCERTAINTY_ASSIGNED_CONTEXT((#3550)) 
GLOBAL_UNIT_ASSIGNED_CONTEXT((#3547,#3548,#3549)) REPRESENTATION_CONTEXT
('Context #1','3D Context with UNIT and UNCERTAINTY') );
#3547 = ( LENGTH_UNIT() NAMED_UNIT(*) SI_UNIT(.MILLI.,.METRE.) );
#3548 = ( NAMED_UNIT(*) PLANE_ANGLE_UNIT() SI_UNIT($,.RADIAN.) );
#3549 = ( NAMED_UNIT(*) SI_UNIT($,.STERADIAN.) SOLID_ANGLE_UNIT() );
#3550 = UNCERTAINTY_MEASURE_WITH_UNIT(LENGTH_MEASURE(1.E-07),#3547,
  'distance_accuracy_value','confusion accuracy');
#3551 = CONTEXT_DEPENDENT_SHAPE_REPRESENTATION(#3552,#3554);
#3552 = ( REPRESENTATION_RELATIONSHIP('','',#3395,#10) 
REPRESENTATION_RELATIONSHIP_WITH_TRANSFORMATION(#3553) 
SHAPE_REPRESENTATION_RELATIONSHIP() );
#3553 = ITEM_DEFINED_TRANSFORMATION('','',#11,#91);
#3554 = PRODUCT_DEFINITION_SHAPE('Placement','Placement of an item',
  #3555);
#3555 = NEXT_ASSEMBLY_USAGE_OCCURRENCE('20','Pad 10','',#5,#3390,$);
#3556 = PRODUCT_RELATED_PRODUCT_CATEGORY('part',$,(#3392));
#3557 = SHAPE_DEFINITION_REPRESENTATION(#3558,#3564);
#3558 = PRODUCT_DEFINITION_SHAPE('','',#3559);
#3559 = PRODUCT_DEFINITION('design','',#3560,#3563);
#3560 = PRODUCT_DEFINITION_FORMATION('','',#3561);
#3561 = PRODUCT('Pad 19','Pad 19','',(#3562));
#3562 = PRODUCT_CONTEXT('',#2,'mechanical');
#3563 = PRODUCT_DEFINITION_CONTEXT('part definition',#2,'design');
#3564 = ADVANCED_BREP_SHAPE_REPRESENTATION('',(#11,#3565),#3715);
#3565 = MANIFOLD_SOLID_BREP('',#3566);
#3566 = CLOSED_SHELL('',(#3567,#3607,#3647,#3669,#3691,#3703));
#3567 = ADVANCED_FACE('',(#3568),#3602,.F.);
#3568 = FACE_BOUND('',#3569,.F.);
#3569 = EDGE_LOOP('',(#3570,#3580,#3588,#3596));
#3570 = ORIENTED_EDGE('',*,*,#3571,.F.);
#3571 = EDGE_CURVE('',#3572,#3574,#3576,.T.);
#3572 = VERTEX_POINT('',#3573);
#3573 = CARTESIAN_POINT('',(7.5,5.49,0.));
#3574 = VERTEX_POINT('',#3575);
#3575 = CARTESIAN_POINT('',(7.5,5.49,0.82));
#3576 = LINE('',#3577,#3578);
#3577 = CARTESIAN_POINT('',(7.5,5.49,0.));
#3578 = VECTOR('',#3579,1.);
#3579 = DIRECTION('',(0.,0.,1.));
#3580 = ORIENTED_EDGE('',*,*,#3581,.T.);
#3581 = EDGE_CURVE('',#3572,#3582,#3584,.T.);
#3582 = VERTEX_POINT('',#3583);
#3583 = CARTESIAN_POINT('',(7.5,6.29,0.));
#3584 = LINE('',#3585,#3586);
#3585 = CARTESIAN_POINT('',(7.5,5.49,0.));
#3586 = VECTOR('',#3587,1.);
#3587 = DIRECTION('',(-0.,1.,0.));
#3588 = ORIENTED_EDGE('',*,*,#3589,.T.);
#3589 = EDGE_CURVE('',#3582,#3590,#3592,.T.);
#3590 = VERTEX_POINT('',#3591);
#3591 = CARTESIAN_POINT('',(7.5,6.29,0.82));
#3592 = LINE('',#3593,#3594);
#3593 = CARTESIAN_POINT('',(7.5,6.29,0.));
#3594 = VECTOR('',#3595,1.);
#3595 = DIRECTION('',(0.,0.,1.));
#3596 = ORIENTED_EDGE('',*,*,#3597,.F.);
#3597 = EDGE_CURVE('',#3574,#3590,#3598,.T.);
#3598 = LINE('',#3599,#3600);
#3599 = CARTESIAN_POINT('',(7.5,5.49,0.82));
#3600 = VECTOR('',#3601,1.);
#3601 = DIRECTION('',(-0.,1.,0.));
#3602 = PLANE('',#3603);
#3603 = AXIS2_PLACEMENT_3D('',#3604,#3605,#3606);
#3604 = CARTESIAN_POINT('',(7.5,5.49,0.));
#3605 = DIRECTION('',(1.,0.,-0.));
#3606 = DIRECTION('',(0.,0.,1.));
#3607 = ADVANCED_FACE('',(#3608),#3642,.T.);
#3608 = FACE_BOUND('',#3609,.T.);
#3609 = EDGE_LOOP('',(#3610,#3620,#3628,#3636));
#3610 = ORIENTED_EDGE('',*,*,#3611,.F.);
#3611 = EDGE_CURVE('',#3612,#3614,#3616,.T.);
#3612 = VERTEX_POINT('',#3613);
#3613 = CARTESIAN_POINT('',(8.7,5.49,0.));
#3614 = VERTEX_POINT('',#3615);
#3615 = CARTESIAN_POINT('',(8.7,5.49,0.82));
#3616 = LINE('',#3617,#3618);
#3617 = CARTESIAN_POINT('',(8.7,5.49,0.));
#3618 = VECTOR('',#3619,1.);
#3619 = DIRECTION('',(0.,0.,1.));
#3620 = ORIENTED_EDGE('',*,*,#3621,.T.);
#3621 = EDGE_CURVE('',#3612,#3622,#3624,.T.);
#3622 = VERTEX_POINT('',#3623);
#3623 = CARTESIAN_POINT('',(8.7,6.29,0.));
#3624 = LINE('',#3625,#3626);
#3625 = CARTESIAN_POINT('',(8.7,5.49,0.));
#3626 = VECTOR('',#3627,1.);
#3627 = DIRECTION('',(-0.,1.,0.));
#3628 = ORIENTED_EDGE('',*,*,#3629,.T.);
#3629 = EDGE_CURVE('',#3622,#3630,#3632,.T.);
#3630 = VERTEX_POINT('',#3631);
#3631 = CARTESIAN_POINT('',(8.7,6.29,0.82));
#3632 = LINE('',#3633,#3634);
#3633 = CARTESIAN_POINT('',(8.7,6.29,0.));
#3634 = VECTOR('',#3635,1.);
#3635 = DIRECTION('',(0.,0.,1.));
#3636 = ORIENTED_EDGE('',*,*,#3637,.F.);
#3637 = EDGE_CURVE('',#3614,#3630,#3638,.T.);
#3638 = LINE('',#3639,#3640);
#3639 = CARTESIAN_POINT('',(8.7,5.49,0.82));
#3640 = VECTOR('',#3641,1.);
#3641 = DIRECTION('',(-0.,1.,0.));
#3642 = PLANE('',#3643);
#3643 = AXIS2_PLACEMENT_3D('',#3644,#3645,#3646);
#3644 = CARTESIAN_POINT('',(8.7,5.49,0.));
#3645 = DIRECTION('',(1.,0.,-0.));
#3646 = DIRECTION('',(0.,0.,1.));
#3647 = ADVANCED_FACE('',(#3648),#3664,.F.);
#3648 = FACE_BOUND('',#3649,.F.);
#3649 = EDGE_LOOP('',(#3650,#3656,#3657,#3663));
#3650 = ORIENTED_EDGE('',*,*,#3651,.F.);
#3651 = EDGE_CURVE('',#3572,#3612,#3652,.T.);
#3652 = LINE('',#3653,#3654);
#3653 = CARTESIAN_POINT('',(7.5,5.49,0.));
#3654 = VECTOR('',#3655,1.);
#3655 = DIRECTION('',(1.,0.,-0.));
#3656 = ORIENTED_EDGE('',*,*,#3571,.T.);
#3657 = ORIENTED_EDGE('',*,*,#3658,.T.);
#3658 = EDGE_CURVE('',#3574,#3614,#3659,.T.);
#3659 = LINE('',#3660,#3661);
#3660 = CARTESIAN_POINT('',(7.5,5.49,0.82));
#3661 = VECTOR('',#3662,1.);
#3662 = DIRECTION('',(1.,0.,-0.));
#3663 = ORIENTED_EDGE('',*,*,#3611,.F.);
#3664 = PLANE('',#3665);
#3665 = AXIS2_PLACEMENT_3D('',#3666,#3667,#3668);
#3666 = CARTESIAN_POINT('',(7.5,5.49,0.));
#3667 = DIRECTION('',(-0.,1.,0.));
#3668 = DIRECTION('',(0.,0.,1.));
#3669 = ADVANCED_FACE('',(#3670),#3686,.T.);
#3670 = FACE_BOUND('',#3671,.T.);
#3671 = EDGE_LOOP('',(#3672,#3678,#3679,#3685));
#3672 = ORIENTED_EDGE('',*,*,#3673,.F.);
#3673 = EDGE_CURVE('',#3582,#3622,#3674,.T.);
#3674 = LINE('',#3675,#3676);
#3675 = CARTESIAN_POINT('',(7.5,6.29,0.));
#3676 = VECTOR('',#3677,1.);
#3677 = DIRECTION('',(1.,0.,-0.));
#3678 = ORIENTED_EDGE('',*,*,#3589,.T.);
#3679 = ORIENTED_EDGE('',*,*,#3680,.T.);
#3680 = EDGE_CURVE('',#3590,#3630,#3681,.T.);
#3681 = LINE('',#3682,#3683);
#3682 = CARTESIAN_POINT('',(7.5,6.29,0.82));
#3683 = VECTOR('',#3684,1.);
#3684 = DIRECTION('',(1.,0.,-0.));
#3685 = ORIENTED_EDGE('',*,*,#3629,.F.);
#3686 = PLANE('',#3687);
#3687 = AXIS2_PLACEMENT_3D('',#3688,#3689,#3690);
#3688 = CARTESIAN_POINT('',(7.5,6.29,0.));
#3689 = DIRECTION('',(-0.,1.,0.));
#3690 = DIRECTION('',(0.,0.,1.));
#3691 = ADVANCED_FACE('',(#3692),#3698,.F.);
#3692 = FACE_BOUND('',#3693,.F.);
#3693 = EDGE_LOOP('',(#3694,#3695,#3696,#3697));
#3694 = ORIENTED_EDGE('',*,*,#3581,.F.);
#3695 = ORIENTED_EDGE('',*,*,#3651,.T.);
#3696 = ORIENTED_EDGE('',*,*,#3621,.T.);
#3697 = ORIENTED_EDGE('',*,*,#3673,.F.);
#3698 = PLANE('',#3699);
#3699 = AXIS2_PLACEMENT_3D('',#3700,#3701,#3702);
#3700 = CARTESIAN_POINT('',(7.5,5.49,0.));
#3701 = DIRECTION('',(0.,0.,1.));
#3702 = DIRECTION('',(1.,0.,-0.));
#3703 = ADVANCED_FACE('',(#3704),#3710,.T.);
#3704 = FACE_BOUND('',#3705,.T.);
#3705 = EDGE_LOOP('',(#3706,#3707,#3708,#3709));
#3706 = ORIENTED_EDGE('',*,*,#3597,.F.);
#3707 = ORIENTED_EDGE('',*,*,#3658,.T.);
#3708 = ORIENTED_EDGE('',*,*,#3637,.T.);
#3709 = ORIENTED_EDGE('',*,*,#3680,.F.);
#3710 = PLANE('',#3711);
#3711 = AXIS2_PLACEMENT_3D('',#3712,#3713,#3714);
#3712 = CARTESIAN_POINT('',(7.5,5.49,0.82));
#3713 = DIRECTION('',(0.,0.,1.));
#3714 = DIRECTION('',(1.,0.,-0.));
#3715 = ( GEOMETRIC_REPRESENTATION_CONTEXT(3) 
GLOBAL_UNCERTAINTY_ASSIGNED_CONTEXT((#3719)) 
GLOBAL_UNIT_ASSIGNED_CONTEXT((#3716,#3717,#3718)) REPRESENTATION_CONTEXT
('Context #1','3D Context with UNIT and UNCERTAINTY') );
#3716 = ( LENGTH_UNIT() NAMED_UNIT(*) SI_UNIT(.MILLI.,.METRE.) );
#3717 = ( NAMED_UNIT(*) PLANE_ANGLE_UNIT() SI_UNIT($,.RADIAN.) );
#3718 = ( NAMED_UNIT(*) SI_UNIT($,.STERADIAN.) SOLID_ANGLE_UNIT() );
#3719 = UNCERTAINTY_MEASURE_WITH_UNIT(LENGTH_MEASURE(1.E-07),#3716,
  'distance_accuracy_value','confusion accuracy');
#3720 = CONTEXT_DEPENDENT_SHAPE_REPRESENTATION(#3721,#3723);
#3721 = ( REPRESENTATION_RELATIONSHIP('','',#3564,#10) 
REPRESENTATION_RELATIONSHIP_WITH_TRANSFORMATION(#3722) 
SHAPE_REPRESENTATION_RELATIONSHIP() );
#3722 = ITEM_DEFINED_TRANSFORMATION('','',#11,#95);
#3723 = PRODUCT_DEFINITION_SHAPE('Placement','Placement of an item',
  #3724);
#3724 = NEXT_ASSEMBLY_USAGE_OCCURRENCE('21','Pad 19','',#5,#3559,$);
#3725 = PRODUCT_RELATED_PRODUCT_CATEGORY('part',$,(#3561));
#3726 = SHAPE_DEFINITION_REPRESENTATION(#3727,#3733);
#3727 = PRODUCT_DEFINITION_SHAPE('','',#3728);
#3728 = PRODUCT_DEFINITION('design','',#3729,#3732);
#3729 = PRODUCT_DEFINITION_FORMATION('','',#3730);
#3730 = PRODUCT('Pad 11','Pad 11','',(#3731));
#3731 = PRODUCT_CONTEXT('',#2,'mechanical');
#3732 = PRODUCT_DEFINITION_CONTEXT('part definition',#2,'design');
#3733 = ADVANCED_BREP_SHAPE_REPRESENTATION('',(#11,#3734),#3884);
#3734 = MANIFOLD_SOLID_BREP('',#3735);
#3735 = CLOSED_SHELL('',(#3736,#3776,#3816,#3838,#3860,#3872));
#3736 = ADVANCED_FACE('',(#3737),#3771,.F.);
#3737 = FACE_BOUND('',#3738,.F.);
#3738 = EDGE_LOOP('',(#3739,#3749,#3757,#3765));
#3739 = ORIENTED_EDGE('',*,*,#3740,.F.);
#3740 = EDGE_CURVE('',#3741,#3743,#3745,.T.);
#3741 = VERTEX_POINT('',#3742);
#3742 = CARTESIAN_POINT('',(-8.7,6.59,0.));
#3743 = VERTEX_POINT('',#3744);
#3744 = CARTESIAN_POINT('',(-8.7,6.59,0.82));
#3745 = LINE('',#3746,#3747);
#3746 = CARTESIAN_POINT('',(-8.7,6.59,0.));
#3747 = VECTOR('',#3748,1.);
#3748 = DIRECTION('',(0.,0.,1.));
#3749 = ORIENTED_EDGE('',*,*,#3750,.T.);
#3750 = EDGE_CURVE('',#3741,#3751,#3753,.T.);
#3751 = VERTEX_POINT('',#3752);
#3752 = CARTESIAN_POINT('',(-8.7,7.39,0.));
#3753 = LINE('',#3754,#3755);
#3754 = CARTESIAN_POINT('',(-8.7,6.59,0.));
#3755 = VECTOR('',#3756,1.);
#3756 = DIRECTION('',(-0.,1.,0.));
#3757 = ORIENTED_EDGE('',*,*,#3758,.T.);
#3758 = EDGE_CURVE('',#3751,#3759,#3761,.T.);
#3759 = VERTEX_POINT('',#3760);
#3760 = CARTESIAN_POINT('',(-8.7,7.39,0.82));
#3761 = LINE('',#3762,#3763);
#3762 = CARTESIAN_POINT('',(-8.7,7.39,0.));
#3763 = VECTOR('',#3764,1.);
#3764 = DIRECTION('',(0.,0.,1.));
#3765 = ORIENTED_EDGE('',*,*,#3766,.F.);
#3766 = EDGE_CURVE('',#3743,#3759,#3767,.T.);
#3767 = LINE('',#3768,#3769);
#3768 = CARTESIAN_POINT('',(-8.7,6.59,0.82));
#3769 = VECTOR('',#3770,1.);
#3770 = DIRECTION('',(-0.,1.,0.));
#3771 = PLANE('',#3772);
#3772 = AXIS2_PLACEMENT_3D('',#3773,#3774,#3775);
#3773 = CARTESIAN_POINT('',(-8.7,6.59,0.));
#3774 = DIRECTION('',(1.,0.,-0.));
#3775 = DIRECTION('',(0.,0.,1.));
#3776 = ADVANCED_FACE('',(#3777),#3811,.T.);
#3777 = FACE_BOUND('',#3778,.T.);
#3778 = EDGE_LOOP('',(#3779,#3789,#3797,#3805));
#3779 = ORIENTED_EDGE('',*,*,#3780,.F.);
#3780 = EDGE_CURVE('',#3781,#3783,#3785,.T.);
#3781 = VERTEX_POINT('',#3782);
#3782 = CARTESIAN_POINT('',(-7.5,6.59,0.));
#3783 = VERTEX_POINT('',#3784);
#3784 = CARTESIAN_POINT('',(-7.5,6.59,0.82));
#3785 = LINE('',#3786,#3787);
#3786 = CARTESIAN_POINT('',(-7.5,6.59,0.));
#3787 = VECTOR('',#3788,1.);
#3788 = DIRECTION('',(0.,0.,1.));
#3789 = ORIENTED_EDGE('',*,*,#3790,.T.);
#3790 = EDGE_CURVE('',#3781,#3791,#3793,.T.);
#3791 = VERTEX_POINT('',#3792);
#3792 = CARTESIAN_POINT('',(-7.5,7.39,0.));
#3793 = LINE('',#3794,#3795);
#3794 = CARTESIAN_POINT('',(-7.5,6.59,0.));
#3795 = VECTOR('',#3796,1.);
#3796 = DIRECTION('',(-0.,1.,0.));
#3797 = ORIENTED_EDGE('',*,*,#3798,.T.);
#3798 = EDGE_CURVE('',#3791,#3799,#3801,.T.);
#3799 = VERTEX_POINT('',#3800);
#3800 = CARTESIAN_POINT('',(-7.5,7.39,0.82));
#3801 = LINE('',#3802,#3803);
#3802 = CARTESIAN_POINT('',(-7.5,7.39,0.));
#3803 = VECTOR('',#3804,1.);
#3804 = DIRECTION('',(0.,0.,1.));
#3805 = ORIENTED_EDGE('',*,*,#3806,.F.);
#3806 = EDGE_CURVE('',#3783,#3799,#3807,.T.);
#3807 = LINE('',#3808,#3809);
#3808 = CARTESIAN_POINT('',(-7.5,6.59,0.82));
#3809 = VECTOR('',#3810,1.);
#3810 = DIRECTION('',(-0.,1.,0.));
#3811 = PLANE('',#3812);
#3812 = AXIS2_PLACEMENT_3D('',#3813,#3814,#3815);
#3813 = CARTESIAN_POINT('',(-7.5,6.59,0.));
#3814 = DIRECTION('',(1.,0.,-0.));
#3815 = DIRECTION('',(0.,0.,1.));
#3816 = ADVANCED_FACE('',(#3817),#3833,.F.);
#3817 = FACE_BOUND('',#3818,.F.);
#3818 = EDGE_LOOP('',(#3819,#3825,#3826,#3832));
#3819 = ORIENTED_EDGE('',*,*,#3820,.F.);
#3820 = EDGE_CURVE('',#3741,#3781,#3821,.T.);
#3821 = LINE('',#3822,#3823);
#3822 = CARTESIAN_POINT('',(-8.7,6.59,0.));
#3823 = VECTOR('',#3824,1.);
#3824 = DIRECTION('',(1.,0.,-0.));
#3825 = ORIENTED_EDGE('',*,*,#3740,.T.);
#3826 = ORIENTED_EDGE('',*,*,#3827,.T.);
#3827 = EDGE_CURVE('',#3743,#3783,#3828,.T.);
#3828 = LINE('',#3829,#3830);
#3829 = CARTESIAN_POINT('',(-8.7,6.59,0.82));
#3830 = VECTOR('',#3831,1.);
#3831 = DIRECTION('',(1.,0.,-0.));
#3832 = ORIENTED_EDGE('',*,*,#3780,.F.);
#3833 = PLANE('',#3834);
#3834 = AXIS2_PLACEMENT_3D('',#3835,#3836,#3837);
#3835 = CARTESIAN_POINT('',(-8.7,6.59,0.));
#3836 = DIRECTION('',(-0.,1.,0.));
#3837 = DIRECTION('',(0.,0.,1.));
#3838 = ADVANCED_FACE('',(#3839),#3855,.T.);
#3839 = FACE_BOUND('',#3840,.T.);
#3840 = EDGE_LOOP('',(#3841,#3847,#3848,#3854));
#3841 = ORIENTED_EDGE('',*,*,#3842,.F.);
#3842 = EDGE_CURVE('',#3751,#3791,#3843,.T.);
#3843 = LINE('',#3844,#3845);
#3844 = CARTESIAN_POINT('',(-8.7,7.39,0.));
#3845 = VECTOR('',#3846,1.);
#3846 = DIRECTION('',(1.,0.,-0.));
#3847 = ORIENTED_EDGE('',*,*,#3758,.T.);
#3848 = ORIENTED_EDGE('',*,*,#3849,.T.);
#3849 = EDGE_CURVE('',#3759,#3799,#3850,.T.);
#3850 = LINE('',#3851,#3852);
#3851 = CARTESIAN_POINT('',(-8.7,7.39,0.82));
#3852 = VECTOR('',#3853,1.);
#3853 = DIRECTION('',(1.,0.,-0.));
#3854 = ORIENTED_EDGE('',*,*,#3798,.F.);
#3855 = PLANE('',#3856);
#3856 = AXIS2_PLACEMENT_3D('',#3857,#3858,#3859);
#3857 = CARTESIAN_POINT('',(-8.7,7.39,0.));
#3858 = DIRECTION('',(-0.,1.,0.));
#3859 = DIRECTION('',(0.,0.,1.));
#3860 = ADVANCED_FACE('',(#3861),#3867,.F.);
#3861 = FACE_BOUND('',#3862,.F.);
#3862 = EDGE_LOOP('',(#3863,#3864,#3865,#3866));
#3863 = ORIENTED_EDGE('',*,*,#3750,.F.);
#3864 = ORIENTED_EDGE('',*,*,#3820,.T.);
#3865 = ORIENTED_EDGE('',*,*,#3790,.T.);
#3866 = ORIENTED_EDGE('',*,*,#3842,.F.);
#3867 = PLANE('',#3868);
#3868 = AXIS2_PLACEMENT_3D('',#3869,#3870,#3871);
#3869 = CARTESIAN_POINT('',(-8.7,6.59,0.));
#3870 = DIRECTION('',(0.,0.,1.));
#3871 = DIRECTION('',(1.,0.,-0.));
#3872 = ADVANCED_FACE('',(#3873),#3879,.T.);
#3873 = FACE_BOUND('',#3874,.T.);
#3874 = EDGE_LOOP('',(#3875,#3876,#3877,#3878));
#3875 = ORIENTED_EDGE('',*,*,#3766,.F.);
#3876 = ORIENTED_EDGE('',*,*,#3827,.T.);
#3877 = ORIENTED_EDGE('',*,*,#3806,.T.);
#3878 = ORIENTED_EDGE('',*,*,#3849,.F.);
#3879 = PLANE('',#3880);
#3880 = AXIS2_PLACEMENT_3D('',#3881,#3882,#3883);
#3881 = CARTESIAN_POINT('',(-8.7,6.59,0.82));
#3882 = DIRECTION('',(0.,0.,1.));
#3883 = DIRECTION('',(1.,0.,-0.));
#3884 = ( GEOMETRIC_REPRESENTATION_CONTEXT(3) 
GLOBAL_UNCERTAINTY_ASSIGNED_CONTEXT((#3888)) 
GLOBAL_UNIT_ASSIGNED_CONTEXT((#3885,#3886,#3887)) REPRESENTATION_CONTEXT
('Context #1','3D Context with UNIT and UNCERTAINTY') );
#3885 = ( LENGTH_UNIT() NAMED_UNIT(*) SI_UNIT(.MILLI.,.METRE.) );
#3886 = ( NAMED_UNIT(*) PLANE_ANGLE_UNIT() SI_UNIT($,.RADIAN.) );
#3887 = ( NAMED_UNIT(*) SI_UNIT($,.STERADIAN.) SOLID_ANGLE_UNIT() );
#3888 = UNCERTAINTY_MEASURE_WITH_UNIT(LENGTH_MEASURE(1.E-07),#3885,
  'distance_accuracy_value','confusion accuracy');
#3889 = CONTEXT_DEPENDENT_SHAPE_REPRESENTATION(#3890,#3892);
#3890 = ( REPRESENTATION_RELATIONSHIP('','',#3733,#10) 
REPRESENTATION_RELATIONSHIP_WITH_TRANSFORMATION(#3891) 
SHAPE_REPRESENTATION_RELATIONSHIP() );
#3891 = ITEM_DEFINED_TRANSFORMATION('','',#11,#99);
#3892 = PRODUCT_DEFINITION_SHAPE('Placement','Placement of an item',
  #3893);
#3893 = NEXT_ASSEMBLY_USAGE_OCCURRENCE('22','Pad 11','',#5,#3728,$);
#3894 = PRODUCT_RELATED_PRODUCT_CATEGORY('part',$,(#3730));
#3895 = SHAPE_DEFINITION_REPRESENTATION(#3896,#3902);
#3896 = PRODUCT_DEFINITION_SHAPE('','',#3897);
#3897 = PRODUCT_DEFINITION('design','',#3898,#3901);
#3898 = PRODUCT_DEFINITION_FORMATION('','',#3899);
#3899 = PRODUCT('Pad 18','Pad 18','',(#3900));
#3900 = PRODUCT_CONTEXT('',#2,'mechanical');
#3901 = PRODUCT_DEFINITION_CONTEXT('part definition',#2,'design');
#3902 = ADVANCED_BREP_SHAPE_REPRESENTATION('',(#11,#3903),#4053);
#3903 = MANIFOLD_SOLID_BREP('',#3904);
#3904 = CLOSED_SHELL('',(#3905,#3945,#3985,#4007,#4029,#4041));
#3905 = ADVANCED_FACE('',(#3906),#3940,.F.);
#3906 = FACE_BOUND('',#3907,.F.);
#3907 = EDGE_LOOP('',(#3908,#3918,#3926,#3934));
#3908 = ORIENTED_EDGE('',*,*,#3909,.F.);
#3909 = EDGE_CURVE('',#3910,#3912,#3914,.T.);
#3910 = VERTEX_POINT('',#3911);
#3911 = CARTESIAN_POINT('',(7.5,6.59,0.));
#3912 = VERTEX_POINT('',#3913);
#3913 = CARTESIAN_POINT('',(7.5,6.59,0.82));
#3914 = LINE('',#3915,#3916);
#3915 = CARTESIAN_POINT('',(7.5,6.59,0.));
#3916 = VECTOR('',#3917,1.);
#3917 = DIRECTION('',(0.,0.,1.));
#3918 = ORIENTED_EDGE('',*,*,#3919,.T.);
#3919 = EDGE_CURVE('',#3910,#3920,#3922,.T.);
#3920 = VERTEX_POINT('',#3921);
#3921 = CARTESIAN_POINT('',(7.5,7.39,0.));
#3922 = LINE('',#3923,#3924);
#3923 = CARTESIAN_POINT('',(7.5,6.59,0.));
#3924 = VECTOR('',#3925,1.);
#3925 = DIRECTION('',(-0.,1.,0.));
#3926 = ORIENTED_EDGE('',*,*,#3927,.T.);
#3927 = EDGE_CURVE('',#3920,#3928,#3930,.T.);
#3928 = VERTEX_POINT('',#3929);
#3929 = CARTESIAN_POINT('',(7.5,7.39,0.82));
#3930 = LINE('',#3931,#3932);
#3931 = CARTESIAN_POINT('',(7.5,7.39,0.));
#3932 = VECTOR('',#3933,1.);
#3933 = DIRECTION('',(0.,0.,1.));
#3934 = ORIENTED_EDGE('',*,*,#3935,.F.);
#3935 = EDGE_CURVE('',#3912,#3928,#3936,.T.);
#3936 = LINE('',#3937,#3938);
#3937 = CARTESIAN_POINT('',(7.5,6.59,0.82));
#3938 = VECTOR('',#3939,1.);
#3939 = DIRECTION('',(-0.,1.,0.));
#3940 = PLANE('',#3941);
#3941 = AXIS2_PLACEMENT_3D('',#3942,#3943,#3944);
#3942 = CARTESIAN_POINT('',(7.5,6.59,0.));
#3943 = DIRECTION('',(1.,0.,-0.));
#3944 = DIRECTION('',(0.,0.,1.));
#3945 = ADVANCED_FACE('',(#3946),#3980,.T.);
#3946 = FACE_BOUND('',#3947,.T.);
#3947 = EDGE_LOOP('',(#3948,#3958,#3966,#3974));
#3948 = ORIENTED_EDGE('',*,*,#3949,.F.);
#3949 = EDGE_CURVE('',#3950,#3952,#3954,.T.);
#3950 = VERTEX_POINT('',#3951);
#3951 = CARTESIAN_POINT('',(8.7,6.59,0.));
#3952 = VERTEX_POINT('',#3953);
#3953 = CARTESIAN_POINT('',(8.7,6.59,0.82));
#3954 = LINE('',#3955,#3956);
#3955 = CARTESIAN_POINT('',(8.7,6.59,0.));
#3956 = VECTOR('',#3957,1.);
#3957 = DIRECTION('',(0.,0.,1.));
#3958 = ORIENTED_EDGE('',*,*,#3959,.T.);
#3959 = EDGE_CURVE('',#3950,#3960,#3962,.T.);
#3960 = VERTEX_POINT('',#3961);
#3961 = CARTESIAN_POINT('',(8.7,7.39,0.));
#3962 = LINE('',#3963,#3964);
#3963 = CARTESIAN_POINT('',(8.7,6.59,0.));
#3964 = VECTOR('',#3965,1.);
#3965 = DIRECTION('',(-0.,1.,0.));
#3966 = ORIENTED_EDGE('',*,*,#3967,.T.);
#3967 = EDGE_CURVE('',#3960,#3968,#3970,.T.);
#3968 = VERTEX_POINT('',#3969);
#3969 = CARTESIAN_POINT('',(8.7,7.39,0.82));
#3970 = LINE('',#3971,#3972);
#3971 = CARTESIAN_POINT('',(8.7,7.39,0.));
#3972 = VECTOR('',#3973,1.);
#3973 = DIRECTION('',(0.,0.,1.));
#3974 = ORIENTED_EDGE('',*,*,#3975,.F.);
#3975 = EDGE_CURVE('',#3952,#3968,#3976,.T.);
#3976 = LINE('',#3977,#3978);
#3977 = CARTESIAN_POINT('',(8.7,6.59,0.82));
#3978 = VECTOR('',#3979,1.);
#3979 = DIRECTION('',(-0.,1.,0.));
#3980 = PLANE('',#3981);
#3981 = AXIS2_PLACEMENT_3D('',#3982,#3983,#3984);
#3982 = CARTESIAN_POINT('',(8.7,6.59,0.));
#3983 = DIRECTION('',(1.,0.,-0.));
#3984 = DIRECTION('',(0.,0.,1.));
#3985 = ADVANCED_FACE('',(#3986),#4002,.F.);
#3986 = FACE_BOUND('',#3987,.F.);
#3987 = EDGE_LOOP('',(#3988,#3994,#3995,#4001));
#3988 = ORIENTED_EDGE('',*,*,#3989,.F.);
#3989 = EDGE_CURVE('',#3910,#3950,#3990,.T.);
#3990 = LINE('',#3991,#3992);
#3991 = CARTESIAN_POINT('',(7.5,6.59,0.));
#3992 = VECTOR('',#3993,1.);
#3993 = DIRECTION('',(1.,0.,-0.));
#3994 = ORIENTED_EDGE('',*,*,#3909,.T.);
#3995 = ORIENTED_EDGE('',*,*,#3996,.T.);
#3996 = EDGE_CURVE('',#3912,#3952,#3997,.T.);
#3997 = LINE('',#3998,#3999);
#3998 = CARTESIAN_POINT('',(7.5,6.59,0.82));
#3999 = VECTOR('',#4000,1.);
#4000 = DIRECTION('',(1.,0.,-0.));
#4001 = ORIENTED_EDGE('',*,*,#3949,.F.);
#4002 = PLANE('',#4003);
#4003 = AXIS2_PLACEMENT_3D('',#4004,#4005,#4006);
#4004 = CARTESIAN_POINT('',(7.5,6.59,0.));
#4005 = DIRECTION('',(-0.,1.,0.));
#4006 = DIRECTION('',(0.,0.,1.));
#4007 = ADVANCED_FACE('',(#4008),#4024,.T.);
#4008 = FACE_BOUND('',#4009,.T.);
#4009 = EDGE_LOOP('',(#4010,#4016,#4017,#4023));
#4010 = ORIENTED_EDGE('',*,*,#4011,.F.);
#4011 = EDGE_CURVE('',#3920,#3960,#4012,.T.);
#4012 = LINE('',#4013,#4014);
#4013 = CARTESIAN_POINT('',(7.5,7.39,0.));
#4014 = VECTOR('',#4015,1.);
#4015 = DIRECTION('',(1.,0.,-0.));
#4016 = ORIENTED_EDGE('',*,*,#3927,.T.);
#4017 = ORIENTED_EDGE('',*,*,#4018,.T.);
#4018 = EDGE_CURVE('',#3928,#3968,#4019,.T.);
#4019 = LINE('',#4020,#4021);
#4020 = CARTESIAN_POINT('',(7.5,7.39,0.82));
#4021 = VECTOR('',#4022,1.);
#4022 = DIRECTION('',(1.,0.,-0.));
#4023 = ORIENTED_EDGE('',*,*,#3967,.F.);
#4024 = PLANE('',#4025);
#4025 = AXIS2_PLACEMENT_3D('',#4026,#4027,#4028);
#4026 = CARTESIAN_POINT('',(7.5,7.39,0.));
#4027 = DIRECTION('',(-0.,1.,0.));
#4028 = DIRECTION('',(0.,0.,1.));
#4029 = ADVANCED_FACE('',(#4030),#4036,.F.);
#4030 = FACE_BOUND('',#4031,.F.);
#4031 = EDGE_LOOP('',(#4032,#4033,#4034,#4035));
#4032 = ORIENTED_EDGE('',*,*,#3919,.F.);
#4033 = ORIENTED_EDGE('',*,*,#3989,.T.);
#4034 = ORIENTED_EDGE('',*,*,#3959,.T.);
#4035 = ORIENTED_EDGE('',*,*,#4011,.F.);
#4036 = PLANE('',#4037);
#4037 = AXIS2_PLACEMENT_3D('',#4038,#4039,#4040);
#4038 = CARTESIAN_POINT('',(7.5,6.59,0.));
#4039 = DIRECTION('',(0.,0.,1.));
#4040 = DIRECTION('',(1.,0.,-0.));
#4041 = ADVANCED_FACE('',(#4042),#4048,.T.);
#4042 = FACE_BOUND('',#4043,.T.);
#4043 = EDGE_LOOP('',(#4044,#4045,#4046,#4047));
#4044 = ORIENTED_EDGE('',*,*,#3935,.F.);
#4045 = ORIENTED_EDGE('',*,*,#3996,.T.);
#4046 = ORIENTED_EDGE('',*,*,#3975,.T.);
#4047 = ORIENTED_EDGE('',*,*,#4018,.F.);
#4048 = PLANE('',#4049);
#4049 = AXIS2_PLACEMENT_3D('',#4050,#4051,#4052);
#4050 = CARTESIAN_POINT('',(7.5,6.59,0.82));
#4051 = DIRECTION('',(0.,0.,1.));
#4052 = DIRECTION('',(1.,0.,-0.));
#4053 = ( GEOMETRIC_REPRESENTATION_CONTEXT(3) 
GLOBAL_UNCERTAINTY_ASSIGNED_CONTEXT((#4057)) 
GLOBAL_UNIT_ASSIGNED_CONTEXT((#4054,#4055,#4056)) REPRESENTATION_CONTEXT
('Context #1','3D Context with UNIT and UNCERTAINTY') );
#4054 = ( LENGTH_UNIT() NAMED_UNIT(*) SI_UNIT(.MILLI.,.METRE.) );
#4055 = ( NAMED_UNIT(*) PLANE_ANGLE_UNIT() SI_UNIT($,.RADIAN.) );
#4056 = ( NAMED_UNIT(*) SI_UNIT($,.STERADIAN.) SOLID_ANGLE_UNIT() );
#4057 = UNCERTAINTY_MEASURE_WITH_UNIT(LENGTH_MEASURE(1.E-07),#4054,
  'distance_accuracy_value','confusion accuracy');
#4058 = CONTEXT_DEPENDENT_SHAPE_REPRESENTATION(#4059,#4061);
#4059 = ( REPRESENTATION_RELATIONSHIP('','',#3902,#10) 
REPRESENTATION_RELATIONSHIP_WITH_TRANSFORMATION(#4060) 
SHAPE_REPRESENTATION_RELATIONSHIP() );
#4060 = ITEM_DEFINED_TRANSFORMATION('','',#11,#103);
#4061 = PRODUCT_DEFINITION_SHAPE('Placement','Placement of an item',
  #4062);
#4062 = NEXT_ASSEMBLY_USAGE_OCCURRENCE('23','Pad 18','',#5,#3897,$);
#4063 = PRODUCT_RELATED_PRODUCT_CATEGORY('part',$,(#3899));
#4064 = SHAPE_DEFINITION_REPRESENTATION(#4065,#4071);
#4065 = PRODUCT_DEFINITION_SHAPE('','',#4066);
#4066 = PRODUCT_DEFINITION('design','',#4067,#4070);
#4067 = PRODUCT_DEFINITION_FORMATION('','',#4068);
#4068 = PRODUCT('Pad 12','Pad 12','',(#4069));
#4069 = PRODUCT_CONTEXT('',#2,'mechanical');
#4070 = PRODUCT_DEFINITION_CONTEXT('part definition',#2,'design');
#4071 = ADVANCED_BREP_SHAPE_REPRESENTATION('',(#11,#4072),#4222);
#4072 = MANIFOLD_SOLID_BREP('',#4073);
#4073 = CLOSED_SHELL('',(#4074,#4114,#4154,#4176,#4198,#4210));
#4074 = ADVANCED_FACE('',(#4075),#4109,.F.);
#4075 = FACE_BOUND('',#4076,.F.);
#4076 = EDGE_LOOP('',(#4077,#4087,#4095,#4103));
#4077 = ORIENTED_EDGE('',*,*,#4078,.F.);
#4078 = EDGE_CURVE('',#4079,#4081,#4083,.T.);
#4079 = VERTEX_POINT('',#4080);
#4080 = CARTESIAN_POINT('',(-8.7,7.69,0.));
#4081 = VERTEX_POINT('',#4082);
#4082 = CARTESIAN_POINT('',(-8.7,7.69,0.82));
#4083 = LINE('',#4084,#4085);
#4084 = CARTESIAN_POINT('',(-8.7,7.69,0.));
#4085 = VECTOR('',#4086,1.);
#4086 = DIRECTION('',(0.,0.,1.));
#4087 = ORIENTED_EDGE('',*,*,#4088,.T.);
#4088 = EDGE_CURVE('',#4079,#4089,#4091,.T.);
#4089 = VERTEX_POINT('',#4090);
#4090 = CARTESIAN_POINT('',(-8.7,8.49,0.));
#4091 = LINE('',#4092,#4093);
#4092 = CARTESIAN_POINT('',(-8.7,7.69,0.));
#4093 = VECTOR('',#4094,1.);
#4094 = DIRECTION('',(-0.,1.,0.));
#4095 = ORIENTED_EDGE('',*,*,#4096,.T.);
#4096 = EDGE_CURVE('',#4089,#4097,#4099,.T.);
#4097 = VERTEX_POINT('',#4098);
#4098 = CARTESIAN_POINT('',(-8.7,8.49,0.82));
#4099 = LINE('',#4100,#4101);
#4100 = CARTESIAN_POINT('',(-8.7,8.49,0.));
#4101 = VECTOR('',#4102,1.);
#4102 = DIRECTION('',(0.,0.,1.));
#4103 = ORIENTED_EDGE('',*,*,#4104,.F.);
#4104 = EDGE_CURVE('',#4081,#4097,#4105,.T.);
#4105 = LINE('',#4106,#4107);
#4106 = CARTESIAN_POINT('',(-8.7,7.69,0.82));
#4107 = VECTOR('',#4108,1.);
#4108 = DIRECTION('',(-0.,1.,0.));
#4109 = PLANE('',#4110);
#4110 = AXIS2_PLACEMENT_3D('',#4111,#4112,#4113);
#4111 = CARTESIAN_POINT('',(-8.7,7.69,0.));
#4112 = DIRECTION('',(1.,0.,-0.));
#4113 = DIRECTION('',(0.,0.,1.));
#4114 = ADVANCED_FACE('',(#4115),#4149,.T.);
#4115 = FACE_BOUND('',#4116,.T.);
#4116 = EDGE_LOOP('',(#4117,#4127,#4135,#4143));
#4117 = ORIENTED_EDGE('',*,*,#4118,.F.);
#4118 = EDGE_CURVE('',#4119,#4121,#4123,.T.);
#4119 = VERTEX_POINT('',#4120);
#4120 = CARTESIAN_POINT('',(-7.5,7.69,0.));
#4121 = VERTEX_POINT('',#4122);
#4122 = CARTESIAN_POINT('',(-7.5,7.69,0.82));
#4123 = LINE('',#4124,#4125);
#4124 = CARTESIAN_POINT('',(-7.5,7.69,0.));
#4125 = VECTOR('',#4126,1.);
#4126 = DIRECTION('',(0.,0.,1.));
#4127 = ORIENTED_EDGE('',*,*,#4128,.T.);
#4128 = EDGE_CURVE('',#4119,#4129,#4131,.T.);
#4129 = VERTEX_POINT('',#4130);
#4130 = CARTESIAN_POINT('',(-7.5,8.49,0.));
#4131 = LINE('',#4132,#4133);
#4132 = CARTESIAN_POINT('',(-7.5,7.69,0.));
#4133 = VECTOR('',#4134,1.);
#4134 = DIRECTION('',(-0.,1.,0.));
#4135 = ORIENTED_EDGE('',*,*,#4136,.T.);
#4136 = EDGE_CURVE('',#4129,#4137,#4139,.T.);
#4137 = VERTEX_POINT('',#4138);
#4138 = CARTESIAN_POINT('',(-7.5,8.49,0.82));
#4139 = LINE('',#4140,#4141);
#4140 = CARTESIAN_POINT('',(-7.5,8.49,0.));
#4141 = VECTOR('',#4142,1.);
#4142 = DIRECTION('',(0.,0.,1.));
#4143 = ORIENTED_EDGE('',*,*,#4144,.F.);
#4144 = EDGE_CURVE('',#4121,#4137,#4145,.T.);
#4145 = LINE('',#4146,#4147);
#4146 = CARTESIAN_POINT('',(-7.5,7.69,0.82));
#4147 = VECTOR('',#4148,1.);
#4148 = DIRECTION('',(-0.,1.,0.));
#4149 = PLANE('',#4150);
#4150 = AXIS2_PLACEMENT_3D('',#4151,#4152,#4153);
#4151 = CARTESIAN_POINT('',(-7.5,7.69,0.));
#4152 = DIRECTION('',(1.,0.,-0.));
#4153 = DIRECTION('',(0.,0.,1.));
#4154 = ADVANCED_FACE('',(#4155),#4171,.F.);
#4155 = FACE_BOUND('',#4156,.F.);
#4156 = EDGE_LOOP('',(#4157,#4163,#4164,#4170));
#4157 = ORIENTED_EDGE('',*,*,#4158,.F.);
#4158 = EDGE_CURVE('',#4079,#4119,#4159,.T.);
#4159 = LINE('',#4160,#4161);
#4160 = CARTESIAN_POINT('',(-8.7,7.69,0.));
#4161 = VECTOR('',#4162,1.);
#4162 = DIRECTION('',(1.,0.,-0.));
#4163 = ORIENTED_EDGE('',*,*,#4078,.T.);
#4164 = ORIENTED_EDGE('',*,*,#4165,.T.);
#4165 = EDGE_CURVE('',#4081,#4121,#4166,.T.);
#4166 = LINE('',#4167,#4168);
#4167 = CARTESIAN_POINT('',(-8.7,7.69,0.82));
#4168 = VECTOR('',#4169,1.);
#4169 = DIRECTION('',(1.,0.,-0.));
#4170 = ORIENTED_EDGE('',*,*,#4118,.F.);
#4171 = PLANE('',#4172);
#4172 = AXIS2_PLACEMENT_3D('',#4173,#4174,#4175);
#4173 = CARTESIAN_POINT('',(-8.7,7.69,0.));
#4174 = DIRECTION('',(-0.,1.,0.));
#4175 = DIRECTION('',(0.,0.,1.));
#4176 = ADVANCED_FACE('',(#4177),#4193,.T.);
#4177 = FACE_BOUND('',#4178,.T.);
#4178 = EDGE_LOOP('',(#4179,#4185,#4186,#4192));
#4179 = ORIENTED_EDGE('',*,*,#4180,.F.);
#4180 = EDGE_CURVE('',#4089,#4129,#4181,.T.);
#4181 = LINE('',#4182,#4183);
#4182 = CARTESIAN_POINT('',(-8.7,8.49,0.));
#4183 = VECTOR('',#4184,1.);
#4184 = DIRECTION('',(1.,0.,-0.));
#4185 = ORIENTED_EDGE('',*,*,#4096,.T.);
#4186 = ORIENTED_EDGE('',*,*,#4187,.T.);
#4187 = EDGE_CURVE('',#4097,#4137,#4188,.T.);
#4188 = LINE('',#4189,#4190);
#4189 = CARTESIAN_POINT('',(-8.7,8.49,0.82));
#4190 = VECTOR('',#4191,1.);
#4191 = DIRECTION('',(1.,0.,-0.));
#4192 = ORIENTED_EDGE('',*,*,#4136,.F.);
#4193 = PLANE('',#4194);
#4194 = AXIS2_PLACEMENT_3D('',#4195,#4196,#4197);
#4195 = CARTESIAN_POINT('',(-8.7,8.49,0.));
#4196 = DIRECTION('',(-0.,1.,0.));
#4197 = DIRECTION('',(0.,0.,1.));
#4198 = ADVANCED_FACE('',(#4199),#4205,.F.);
#4199 = FACE_BOUND('',#4200,.F.);
#4200 = EDGE_LOOP('',(#4201,#4202,#4203,#4204));
#4201 = ORIENTED_EDGE('',*,*,#4088,.F.);
#4202 = ORIENTED_EDGE('',*,*,#4158,.T.);
#4203 = ORIENTED_EDGE('',*,*,#4128,.T.);
#4204 = ORIENTED_EDGE('',*,*,#4180,.F.);
#4205 = PLANE('',#4206);
#4206 = AXIS2_PLACEMENT_3D('',#4207,#4208,#4209);
#4207 = CARTESIAN_POINT('',(-8.7,7.69,0.));
#4208 = DIRECTION('',(0.,0.,1.));
#4209 = DIRECTION('',(1.,0.,-0.));
#4210 = ADVANCED_FACE('',(#4211),#4217,.T.);
#4211 = FACE_BOUND('',#4212,.T.);
#4212 = EDGE_LOOP('',(#4213,#4214,#4215,#4216));
#4213 = ORIENTED_EDGE('',*,*,#4104,.F.);
#4214 = ORIENTED_EDGE('',*,*,#4165,.T.);
#4215 = ORIENTED_EDGE('',*,*,#4144,.T.);
#4216 = ORIENTED_EDGE('',*,*,#4187,.F.);
#4217 = PLANE('',#4218);
#4218 = AXIS2_PLACEMENT_3D('',#4219,#4220,#4221);
#4219 = CARTESIAN_POINT('',(-8.7,7.69,0.82));
#4220 = DIRECTION('',(0.,0.,1.));
#4221 = DIRECTION('',(1.,0.,-0.));
#4222 = ( GEOMETRIC_REPRESENTATION_CONTEXT(3) 
GLOBAL_UNCERTAINTY_ASSIGNED_CONTEXT((#4226)) 
GLOBAL_UNIT_ASSIGNED_CONTEXT((#4223,#4224,#4225)) REPRESENTATION_CONTEXT
('Context #1','3D Context with UNIT and UNCERTAINTY') );
#4223 = ( LENGTH_UNIT() NAMED_UNIT(*) SI_UNIT(.MILLI.,.METRE.) );
#4224 = ( NAMED_UNIT(*) PLANE_ANGLE_UNIT() SI_UNIT($,.RADIAN.) );
#4225 = ( NAMED_UNIT(*) SI_UNIT($,.STERADIAN.) SOLID_ANGLE_UNIT() );
#4226 = UNCERTAINTY_MEASURE_WITH_UNIT(LENGTH_MEASURE(1.E-07),#4223,
  'distance_accuracy_value','confusion accuracy');
#4227 = CONTEXT_DEPENDENT_SHAPE_REPRESENTATION(#4228,#4230);
#4228 = ( REPRESENTATION_RELATIONSHIP('','',#4071,#10) 
REPRESENTATION_RELATIONSHIP_WITH_TRANSFORMATION(#4229) 
SHAPE_REPRESENTATION_RELATIONSHIP() );
#4229 = ITEM_DEFINED_TRANSFORMATION('','',#11,#107);
#4230 = PRODUCT_DEFINITION_SHAPE('Placement','Placement of an item',
  #4231);
#4231 = NEXT_ASSEMBLY_USAGE_OCCURRENCE('24','Pad 12','',#5,#4066,$);
#4232 = PRODUCT_RELATED_PRODUCT_CATEGORY('part',$,(#4068));
#4233 = SHAPE_DEFINITION_REPRESENTATION(#4234,#4240);
#4234 = PRODUCT_DEFINITION_SHAPE('','',#4235);
#4235 = PRODUCT_DEFINITION('design','',#4236,#4239);
#4236 = PRODUCT_DEFINITION_FORMATION('','',#4237);
#4237 = PRODUCT('Pad 17','Pad 17','',(#4238));
#4238 = PRODUCT_CONTEXT('',#2,'mechanical');
#4239 = PRODUCT_DEFINITION_CONTEXT('part definition',#2,'design');
#4240 = ADVANCED_BREP_SHAPE_REPRESENTATION('',(#11,#4241),#4391);
#4241 = MANIFOLD_SOLID_BREP('',#4242);
#4242 = CLOSED_SHELL('',(#4243,#4283,#4323,#4345,#4367,#4379));
#4243 = ADVANCED_FACE('',(#4244),#4278,.F.);
#4244 = FACE_BOUND('',#4245,.F.);
#4245 = EDGE_LOOP('',(#4246,#4256,#4264,#4272));
#4246 = ORIENTED_EDGE('',*,*,#4247,.F.);
#4247 = EDGE_CURVE('',#4248,#4250,#4252,.T.);
#4248 = VERTEX_POINT('',#4249);
#4249 = CARTESIAN_POINT('',(7.5,7.69,0.));
#4250 = VERTEX_POINT('',#4251);
#4251 = CARTESIAN_POINT('',(7.5,7.69,0.82));
#4252 = LINE('',#4253,#4254);
#4253 = CARTESIAN_POINT('',(7.5,7.69,0.));
#4254 = VECTOR('',#4255,1.);
#4255 = DIRECTION('',(0.,0.,1.));
#4256 = ORIENTED_EDGE('',*,*,#4257,.T.);
#4257 = EDGE_CURVE('',#4248,#4258,#4260,.T.);
#4258 = VERTEX_POINT('',#4259);
#4259 = CARTESIAN_POINT('',(7.5,8.49,0.));
#4260 = LINE('',#4261,#4262);
#4261 = CARTESIAN_POINT('',(7.5,7.69,0.));
#4262 = VECTOR('',#4263,1.);
#4263 = DIRECTION('',(-0.,1.,0.));
#4264 = ORIENTED_EDGE('',*,*,#4265,.T.);
#4265 = EDGE_CURVE('',#4258,#4266,#4268,.T.);
#4266 = VERTEX_POINT('',#4267);
#4267 = CARTESIAN_POINT('',(7.5,8.49,0.82));
#4268 = LINE('',#4269,#4270);
#4269 = CARTESIAN_POINT('',(7.5,8.49,0.));
#4270 = VECTOR('',#4271,1.);
#4271 = DIRECTION('',(0.,0.,1.));
#4272 = ORIENTED_EDGE('',*,*,#4273,.F.);
#4273 = EDGE_CURVE('',#4250,#4266,#4274,.T.);
#4274 = LINE('',#4275,#4276);
#4275 = CARTESIAN_POINT('',(7.5,7.69,0.82));
#4276 = VECTOR('',#4277,1.);
#4277 = DIRECTION('',(-0.,1.,0.));
#4278 = PLANE('',#4279);
#4279 = AXIS2_PLACEMENT_3D('',#4280,#4281,#4282);
#4280 = CARTESIAN_POINT('',(7.5,7.69,0.));
#4281 = DIRECTION('',(1.,0.,-0.));
#4282 = DIRECTION('',(0.,0.,1.));
#4283 = ADVANCED_FACE('',(#4284),#4318,.T.);
#4284 = FACE_BOUND('',#4285,.T.);
#4285 = EDGE_LOOP('',(#4286,#4296,#4304,#4312));
#4286 = ORIENTED_EDGE('',*,*,#4287,.F.);
#4287 = EDGE_CURVE('',#4288,#4290,#4292,.T.);
#4288 = VERTEX_POINT('',#4289);
#4289 = CARTESIAN_POINT('',(8.7,7.69,0.));
#4290 = VERTEX_POINT('',#4291);
#4291 = CARTESIAN_POINT('',(8.7,7.69,0.82));
#4292 = LINE('',#4293,#4294);
#4293 = CARTESIAN_POINT('',(8.7,7.69,0.));
#4294 = VECTOR('',#4295,1.);
#4295 = DIRECTION('',(0.,0.,1.));
#4296 = ORIENTED_EDGE('',*,*,#4297,.T.);
#4297 = EDGE_CURVE('',#4288,#4298,#4300,.T.);
#4298 = VERTEX_POINT('',#4299);
#4299 = CARTESIAN_POINT('',(8.7,8.49,0.));
#4300 = LINE('',#4301,#4302);
#4301 = CARTESIAN_POINT('',(8.7,7.69,0.));
#4302 = VECTOR('',#4303,1.);
#4303 = DIRECTION('',(-0.,1.,0.));
#4304 = ORIENTED_EDGE('',*,*,#4305,.T.);
#4305 = EDGE_CURVE('',#4298,#4306,#4308,.T.);
#4306 = VERTEX_POINT('',#4307);
#4307 = CARTESIAN_POINT('',(8.7,8.49,0.82));
#4308 = LINE('',#4309,#4310);
#4309 = CARTESIAN_POINT('',(8.7,8.49,0.));
#4310 = VECTOR('',#4311,1.);
#4311 = DIRECTION('',(0.,0.,1.));
#4312 = ORIENTED_EDGE('',*,*,#4313,.F.);
#4313 = EDGE_CURVE('',#4290,#4306,#4314,.T.);
#4314 = LINE('',#4315,#4316);
#4315 = CARTESIAN_POINT('',(8.7,7.69,0.82));
#4316 = VECTOR('',#4317,1.);
#4317 = DIRECTION('',(-0.,1.,0.));
#4318 = PLANE('',#4319);
#4319 = AXIS2_PLACEMENT_3D('',#4320,#4321,#4322);
#4320 = CARTESIAN_POINT('',(8.7,7.69,0.));
#4321 = DIRECTION('',(1.,0.,-0.));
#4322 = DIRECTION('',(0.,0.,1.));
#4323 = ADVANCED_FACE('',(#4324),#4340,.F.);
#4324 = FACE_BOUND('',#4325,.F.);
#4325 = EDGE_LOOP('',(#4326,#4332,#4333,#4339));
#4326 = ORIENTED_EDGE('',*,*,#4327,.F.);
#4327 = EDGE_CURVE('',#4248,#4288,#4328,.T.);
#4328 = LINE('',#4329,#4330);
#4329 = CARTESIAN_POINT('',(7.5,7.69,0.));
#4330 = VECTOR('',#4331,1.);
#4331 = DIRECTION('',(1.,0.,-0.));
#4332 = ORIENTED_EDGE('',*,*,#4247,.T.);
#4333 = ORIENTED_EDGE('',*,*,#4334,.T.);
#4334 = EDGE_CURVE('',#4250,#4290,#4335,.T.);
#4335 = LINE('',#4336,#4337);
#4336 = CARTESIAN_POINT('',(7.5,7.69,0.82));
#4337 = VECTOR('',#4338,1.);
#4338 = DIRECTION('',(1.,0.,-0.));
#4339 = ORIENTED_EDGE('',*,*,#4287,.F.);
#4340 = PLANE('',#4341);
#4341 = AXIS2_PLACEMENT_3D('',#4342,#4343,#4344);
#4342 = CARTESIAN_POINT('',(7.5,7.69,0.));
#4343 = DIRECTION('',(-0.,1.,0.));
#4344 = DIRECTION('',(0.,0.,1.));
#4345 = ADVANCED_FACE('',(#4346),#4362,.T.);
#4346 = FACE_BOUND('',#4347,.T.);
#4347 = EDGE_LOOP('',(#4348,#4354,#4355,#4361));
#4348 = ORIENTED_EDGE('',*,*,#4349,.F.);
#4349 = EDGE_CURVE('',#4258,#4298,#4350,.T.);
#4350 = LINE('',#4351,#4352);
#4351 = CARTESIAN_POINT('',(7.5,8.49,0.));
#4352 = VECTOR('',#4353,1.);
#4353 = DIRECTION('',(1.,0.,-0.));
#4354 = ORIENTED_EDGE('',*,*,#4265,.T.);
#4355 = ORIENTED_EDGE('',*,*,#4356,.T.);
#4356 = EDGE_CURVE('',#4266,#4306,#4357,.T.);
#4357 = LINE('',#4358,#4359);
#4358 = CARTESIAN_POINT('',(7.5,8.49,0.82));
#4359 = VECTOR('',#4360,1.);
#4360 = DIRECTION('',(1.,0.,-0.));
#4361 = ORIENTED_EDGE('',*,*,#4305,.F.);
#4362 = PLANE('',#4363);
#4363 = AXIS2_PLACEMENT_3D('',#4364,#4365,#4366);
#4364 = CARTESIAN_POINT('',(7.5,8.49,0.));
#4365 = DIRECTION('',(-0.,1.,0.));
#4366 = DIRECTION('',(0.,0.,1.));
#4367 = ADVANCED_FACE('',(#4368),#4374,.F.);
#4368 = FACE_BOUND('',#4369,.F.);
#4369 = EDGE_LOOP('',(#4370,#4371,#4372,#4373));
#4370 = ORIENTED_EDGE('',*,*,#4257,.F.);
#4371 = ORIENTED_EDGE('',*,*,#4327,.T.);
#4372 = ORIENTED_EDGE('',*,*,#4297,.T.);
#4373 = ORIENTED_EDGE('',*,*,#4349,.F.);
#4374 = PLANE('',#4375);
#4375 = AXIS2_PLACEMENT_3D('',#4376,#4377,#4378);
#4376 = CARTESIAN_POINT('',(7.5,7.69,0.));
#4377 = DIRECTION('',(0.,0.,1.));
#4378 = DIRECTION('',(1.,0.,-0.));
#4379 = ADVANCED_FACE('',(#4380),#4386,.T.);
#4380 = FACE_BOUND('',#4381,.T.);
#4381 = EDGE_LOOP('',(#4382,#4383,#4384,#4385));
#4382 = ORIENTED_EDGE('',*,*,#4273,.F.);
#4383 = ORIENTED_EDGE('',*,*,#4334,.T.);
#4384 = ORIENTED_EDGE('',*,*,#4313,.T.);
#4385 = ORIENTED_EDGE('',*,*,#4356,.F.);
#4386 = PLANE('',#4387);
#4387 = AXIS2_PLACEMENT_3D('',#4388,#4389,#4390);
#4388 = CARTESIAN_POINT('',(7.5,7.69,0.82));
#4389 = DIRECTION('',(0.,0.,1.));
#4390 = DIRECTION('',(1.,0.,-0.));
#4391 = ( GEOMETRIC_REPRESENTATION_CONTEXT(3) 
GLOBAL_UNCERTAINTY_ASSIGNED_CONTEXT((#4395)) 
GLOBAL_UNIT_ASSIGNED_CONTEXT((#4392,#4393,#4394)) REPRESENTATION_CONTEXT
('Context #1','3D Context with UNIT and UNCERTAINTY') );
#4392 = ( LENGTH_UNIT() NAMED_UNIT(*) SI_UNIT(.MILLI.,.METRE.) );
#4393 = ( NAMED_UNIT(*) PLANE_ANGLE_UNIT() SI_UNIT($,.RADIAN.) );
#4394 = ( NAMED_UNIT(*) SI_UNIT($,.STERADIAN.) SOLID_ANGLE_UNIT() );
#4395 = UNCERTAINTY_MEASURE_WITH_UNIT(LENGTH_MEASURE(1.E-07),#4392,
  'distance_accuracy_value','confusion accuracy');
#4396 = CONTEXT_DEPENDENT_SHAPE_REPRESENTATION(#4397,#4399);
#4397 = ( REPRESENTATION_RELATIONSHIP('','',#4240,#10) 
REPRESENTATION_RELATIONSHIP_WITH_TRANSFORMATION(#4398) 
SHAPE_REPRESENTATION_RELATIONSHIP() );
#4398 = ITEM_DEFINED_TRANSFORMATION('','',#11,#111);
#4399 = PRODUCT_DEFINITION_SHAPE('Placement','Placement of an item',
  #4400);
#4400 = NEXT_ASSEMBLY_USAGE_OCCURRENCE('25','Pad 17','',#5,#4235,$);
#4401 = PRODUCT_RELATED_PRODUCT_CATEGORY('part',$,(#4237));
#4402 = SHAPE_DEFINITION_REPRESENTATION(#4403,#4409);
#4403 = PRODUCT_DEFINITION_SHAPE('','',#4404);
#4404 = PRODUCT_DEFINITION('design','',#4405,#4408);
#4405 = PRODUCT_DEFINITION_FORMATION('','',#4406);
#4406 = PRODUCT('Pad 13','Pad 13','',(#4407));
#4407 = PRODUCT_CONTEXT('',#2,'mechanical');
#4408 = PRODUCT_DEFINITION_CONTEXT('part definition',#2,'design');
#4409 = ADVANCED_BREP_SHAPE_REPRESENTATION('',(#11,#4410),#4560);
#4410 = MANIFOLD_SOLID_BREP('',#4411);
#4411 = CLOSED_SHELL('',(#4412,#4452,#4492,#4514,#4536,#4548));
#4412 = ADVANCED_FACE('',(#4413),#4447,.F.);
#4413 = FACE_BOUND('',#4414,.F.);
#4414 = EDGE_LOOP('',(#4415,#4425,#4433,#4441));
#4415 = ORIENTED_EDGE('',*,*,#4416,.F.);
#4416 = EDGE_CURVE('',#4417,#4419,#4421,.T.);
#4417 = VERTEX_POINT('',#4418);
#4418 = CARTESIAN_POINT('',(-8.7,8.79,0.));
#4419 = VERTEX_POINT('',#4420);
#4420 = CARTESIAN_POINT('',(-8.7,8.79,0.82));
#4421 = LINE('',#4422,#4423);
#4422 = CARTESIAN_POINT('',(-8.7,8.79,0.));
#4423 = VECTOR('',#4424,1.);
#4424 = DIRECTION('',(0.,0.,1.));
#4425 = ORIENTED_EDGE('',*,*,#4426,.T.);
#4426 = EDGE_CURVE('',#4417,#4427,#4429,.T.);
#4427 = VERTEX_POINT('',#4428);
#4428 = CARTESIAN_POINT('',(-8.7,9.59,0.));
#4429 = LINE('',#4430,#4431);
#4430 = CARTESIAN_POINT('',(-8.7,8.79,0.));
#4431 = VECTOR('',#4432,1.);
#4432 = DIRECTION('',(-0.,1.,0.));
#4433 = ORIENTED_EDGE('',*,*,#4434,.T.);
#4434 = EDGE_CURVE('',#4427,#4435,#4437,.T.);
#4435 = VERTEX_POINT('',#4436);
#4436 = CARTESIAN_POINT('',(-8.7,9.59,0.82));
#4437 = LINE('',#4438,#4439);
#4438 = CARTESIAN_POINT('',(-8.7,9.59,0.));
#4439 = VECTOR('',#4440,1.);
#4440 = DIRECTION('',(0.,0.,1.));
#4441 = ORIENTED_EDGE('',*,*,#4442,.F.);
#4442 = EDGE_CURVE('',#4419,#4435,#4443,.T.);
#4443 = LINE('',#4444,#4445);
#4444 = CARTESIAN_POINT('',(-8.7,8.79,0.82));
#4445 = VECTOR('',#4446,1.);
#4446 = DIRECTION('',(-0.,1.,0.));
#4447 = PLANE('',#4448);
#4448 = AXIS2_PLACEMENT_3D('',#4449,#4450,#4451);
#4449 = CARTESIAN_POINT('',(-8.7,8.79,0.));
#4450 = DIRECTION('',(1.,0.,-0.));
#4451 = DIRECTION('',(0.,0.,1.));
#4452 = ADVANCED_FACE('',(#4453),#4487,.T.);
#4453 = FACE_BOUND('',#4454,.T.);
#4454 = EDGE_LOOP('',(#4455,#4465,#4473,#4481));
#4455 = ORIENTED_EDGE('',*,*,#4456,.F.);
#4456 = EDGE_CURVE('',#4457,#4459,#4461,.T.);
#4457 = VERTEX_POINT('',#4458);
#4458 = CARTESIAN_POINT('',(-7.5,8.79,0.));
#4459 = VERTEX_POINT('',#4460);
#4460 = CARTESIAN_POINT('',(-7.5,8.79,0.82));
#4461 = LINE('',#4462,#4463);
#4462 = CARTESIAN_POINT('',(-7.5,8.79,0.));
#4463 = VECTOR('',#4464,1.);
#4464 = DIRECTION('',(0.,0.,1.));
#4465 = ORIENTED_EDGE('',*,*,#4466,.T.);
#4466 = EDGE_CURVE('',#4457,#4467,#4469,.T.);
#4467 = VERTEX_POINT('',#4468);
#4468 = CARTESIAN_POINT('',(-7.5,9.59,0.));
#4469 = LINE('',#4470,#4471);
#4470 = CARTESIAN_POINT('',(-7.5,8.79,0.));
#4471 = VECTOR('',#4472,1.);
#4472 = DIRECTION('',(-0.,1.,0.));
#4473 = ORIENTED_EDGE('',*,*,#4474,.T.);
#4474 = EDGE_CURVE('',#4467,#4475,#4477,.T.);
#4475 = VERTEX_POINT('',#4476);
#4476 = CARTESIAN_POINT('',(-7.5,9.59,0.82));
#4477 = LINE('',#4478,#4479);
#4478 = CARTESIAN_POINT('',(-7.5,9.59,0.));
#4479 = VECTOR('',#4480,1.);
#4480 = DIRECTION('',(0.,0.,1.));
#4481 = ORIENTED_EDGE('',*,*,#4482,.F.);
#4482 = EDGE_CURVE('',#4459,#4475,#4483,.T.);
#4483 = LINE('',#4484,#4485);
#4484 = CARTESIAN_POINT('',(-7.5,8.79,0.82));
#4485 = VECTOR('',#4486,1.);
#4486 = DIRECTION('',(-0.,1.,0.));
#4487 = PLANE('',#4488);
#4488 = AXIS2_PLACEMENT_3D('',#4489,#4490,#4491);
#4489 = CARTESIAN_POINT('',(-7.5,8.79,0.));
#4490 = DIRECTION('',(1.,0.,-0.));
#4491 = DIRECTION('',(0.,0.,1.));
#4492 = ADVANCED_FACE('',(#4493),#4509,.F.);
#4493 = FACE_BOUND('',#4494,.F.);
#4494 = EDGE_LOOP('',(#4495,#4501,#4502,#4508));
#4495 = ORIENTED_EDGE('',*,*,#4496,.F.);
#4496 = EDGE_CURVE('',#4417,#4457,#4497,.T.);
#4497 = LINE('',#4498,#4499);
#4498 = CARTESIAN_POINT('',(-8.7,8.79,0.));
#4499 = VECTOR('',#4500,1.);
#4500 = DIRECTION('',(1.,0.,-0.));
#4501 = ORIENTED_EDGE('',*,*,#4416,.T.);
#4502 = ORIENTED_EDGE('',*,*,#4503,.T.);
#4503 = EDGE_CURVE('',#4419,#4459,#4504,.T.);
#4504 = LINE('',#4505,#4506);
#4505 = CARTESIAN_POINT('',(-8.7,8.79,0.82));
#4506 = VECTOR('',#4507,1.);
#4507 = DIRECTION('',(1.,0.,-0.));
#4508 = ORIENTED_EDGE('',*,*,#4456,.F.);
#4509 = PLANE('',#4510);
#4510 = AXIS2_PLACEMENT_3D('',#4511,#4512,#4513);
#4511 = CARTESIAN_POINT('',(-8.7,8.79,0.));
#4512 = DIRECTION('',(-0.,1.,0.));
#4513 = DIRECTION('',(0.,0.,1.));
#4514 = ADVANCED_FACE('',(#4515),#4531,.T.);
#4515 = FACE_BOUND('',#4516,.T.);
#4516 = EDGE_LOOP('',(#4517,#4523,#4524,#4530));
#4517 = ORIENTED_EDGE('',*,*,#4518,.F.);
#4518 = EDGE_CURVE('',#4427,#4467,#4519,.T.);
#4519 = LINE('',#4520,#4521);
#4520 = CARTESIAN_POINT('',(-8.7,9.59,0.));
#4521 = VECTOR('',#4522,1.);
#4522 = DIRECTION('',(1.,0.,-0.));
#4523 = ORIENTED_EDGE('',*,*,#4434,.T.);
#4524 = ORIENTED_EDGE('',*,*,#4525,.T.);
#4525 = EDGE_CURVE('',#4435,#4475,#4526,.T.);
#4526 = LINE('',#4527,#4528);
#4527 = CARTESIAN_POINT('',(-8.7,9.59,0.82));
#4528 = VECTOR('',#4529,1.);
#4529 = DIRECTION('',(1.,0.,-0.));
#4530 = ORIENTED_EDGE('',*,*,#4474,.F.);
#4531 = PLANE('',#4532);
#4532 = AXIS2_PLACEMENT_3D('',#4533,#4534,#4535);
#4533 = CARTESIAN_POINT('',(-8.7,9.59,0.));
#4534 = DIRECTION('',(-0.,1.,0.));
#4535 = DIRECTION('',(0.,0.,1.));
#4536 = ADVANCED_FACE('',(#4537),#4543,.F.);
#4537 = FACE_BOUND('',#4538,.F.);
#4538 = EDGE_LOOP('',(#4539,#4540,#4541,#4542));
#4539 = ORIENTED_EDGE('',*,*,#4426,.F.);
#4540 = ORIENTED_EDGE('',*,*,#4496,.T.);
#4541 = ORIENTED_EDGE('',*,*,#4466,.T.);
#4542 = ORIENTED_EDGE('',*,*,#4518,.F.);
#4543 = PLANE('',#4544);
#4544 = AXIS2_PLACEMENT_3D('',#4545,#4546,#4547);
#4545 = CARTESIAN_POINT('',(-8.7,8.79,0.));
#4546 = DIRECTION('',(0.,0.,1.));
#4547 = DIRECTION('',(1.,0.,-0.));
#4548 = ADVANCED_FACE('',(#4549),#4555,.T.);
#4549 = FACE_BOUND('',#4550,.T.);
#4550 = EDGE_LOOP('',(#4551,#4552,#4553,#4554));
#4551 = ORIENTED_EDGE('',*,*,#4442,.F.);
#4552 = ORIENTED_EDGE('',*,*,#4503,.T.);
#4553 = ORIENTED_EDGE('',*,*,#4482,.T.);
#4554 = ORIENTED_EDGE('',*,*,#4525,.F.);
#4555 = PLANE('',#4556);
#4556 = AXIS2_PLACEMENT_3D('',#4557,#4558,#4559);
#4557 = CARTESIAN_POINT('',(-8.7,8.79,0.82));
#4558 = DIRECTION('',(0.,0.,1.));
#4559 = DIRECTION('',(1.,0.,-0.));
#4560 = ( GEOMETRIC_REPRESENTATION_CONTEXT(3) 
GLOBAL_UNCERTAINTY_ASSIGNED_CONTEXT((#4564)) 
GLOBAL_UNIT_ASSIGNED_CONTEXT((#4561,#4562,#4563)) REPRESENTATION_CONTEXT
('Context #1','3D Context with UNIT and UNCERTAINTY') );
#4561 = ( LENGTH_UNIT() NAMED_UNIT(*) SI_UNIT(.MILLI.,.METRE.) );
#4562 = ( NAMED_UNIT(*) PLANE_ANGLE_UNIT() SI_UNIT($,.RADIAN.) );
#4563 = ( NAMED_UNIT(*) SI_UNIT($,.STERADIAN.) SOLID_ANGLE_UNIT() );
#4564 = UNCERTAINTY_MEASURE_WITH_UNIT(LENGTH_MEASURE(1.E-07),#4561,
  'distance_accuracy_value','confusion accuracy');
#4565 = CONTEXT_DEPENDENT_SHAPE_REPRESENTATION(#4566,#4568);
#4566 = ( REPRESENTATION_RELATIONSHIP('','',#4409,#10) 
REPRESENTATION_RELATIONSHIP_WITH_TRANSFORMATION(#4567) 
SHAPE_REPRESENTATION_RELATIONSHIP() );
#4567 = ITEM_DEFINED_TRANSFORMATION('','',#11,#115);
#4568 = PRODUCT_DEFINITION_SHAPE('Placement','Placement of an item',
  #4569);
#4569 = NEXT_ASSEMBLY_USAGE_OCCURRENCE('26','Pad 13','',#5,#4404,$);
#4570 = PRODUCT_RELATED_PRODUCT_CATEGORY('part',$,(#4406));
#4571 = SHAPE_DEFINITION_REPRESENTATION(#4572,#4578);
#4572 = PRODUCT_DEFINITION_SHAPE('','',#4573);
#4573 = PRODUCT_DEFINITION('design','',#4574,#4577);
#4574 = PRODUCT_DEFINITION_FORMATION('','',#4575);
#4575 = PRODUCT('Pad 16','Pad 16','',(#4576));
#4576 = PRODUCT_CONTEXT('',#2,'mechanical');
#4577 = PRODUCT_DEFINITION_CONTEXT('part definition',#2,'design');
#4578 = ADVANCED_BREP_SHAPE_REPRESENTATION('',(#11,#4579),#4729);
#4579 = MANIFOLD_SOLID_BREP('',#4580);
#4580 = CLOSED_SHELL('',(#4581,#4621,#4661,#4683,#4705,#4717));
#4581 = ADVANCED_FACE('',(#4582),#4616,.F.);
#4582 = FACE_BOUND('',#4583,.F.);
#4583 = EDGE_LOOP('',(#4584,#4594,#4602,#4610));
#4584 = ORIENTED_EDGE('',*,*,#4585,.F.);
#4585 = EDGE_CURVE('',#4586,#4588,#4590,.T.);
#4586 = VERTEX_POINT('',#4587);
#4587 = CARTESIAN_POINT('',(7.5,8.79,0.));
#4588 = VERTEX_POINT('',#4589);
#4589 = CARTESIAN_POINT('',(7.5,8.79,0.82));
#4590 = LINE('',#4591,#4592);
#4591 = CARTESIAN_POINT('',(7.5,8.79,0.));
#4592 = VECTOR('',#4593,1.);
#4593 = DIRECTION('',(0.,0.,1.));
#4594 = ORIENTED_EDGE('',*,*,#4595,.T.);
#4595 = EDGE_CURVE('',#4586,#4596,#4598,.T.);
#4596 = VERTEX_POINT('',#4597);
#4597 = CARTESIAN_POINT('',(7.5,9.59,0.));
#4598 = LINE('',#4599,#4600);
#4599 = CARTESIAN_POINT('',(7.5,8.79,0.));
#4600 = VECTOR('',#4601,1.);
#4601 = DIRECTION('',(-0.,1.,0.));
#4602 = ORIENTED_EDGE('',*,*,#4603,.T.);
#4603 = EDGE_CURVE('',#4596,#4604,#4606,.T.);
#4604 = VERTEX_POINT('',#4605);
#4605 = CARTESIAN_POINT('',(7.5,9.59,0.82));
#4606 = LINE('',#4607,#4608);
#4607 = CARTESIAN_POINT('',(7.5,9.59,0.));
#4608 = VECTOR('',#4609,1.);
#4609 = DIRECTION('',(0.,0.,1.));
#4610 = ORIENTED_EDGE('',*,*,#4611,.F.);
#4611 = EDGE_CURVE('',#4588,#4604,#4612,.T.);
#4612 = LINE('',#4613,#4614);
#4613 = CARTESIAN_POINT('',(7.5,8.79,0.82));
#4614 = VECTOR('',#4615,1.);
#4615 = DIRECTION('',(-0.,1.,0.));
#4616 = PLANE('',#4617);
#4617 = AXIS2_PLACEMENT_3D('',#4618,#4619,#4620);
#4618 = CARTESIAN_POINT('',(7.5,8.79,0.));
#4619 = DIRECTION('',(1.,0.,-0.));
#4620 = DIRECTION('',(0.,0.,1.));
#4621 = ADVANCED_FACE('',(#4622),#4656,.T.);
#4622 = FACE_BOUND('',#4623,.T.);
#4623 = EDGE_LOOP('',(#4624,#4634,#4642,#4650));
#4624 = ORIENTED_EDGE('',*,*,#4625,.F.);
#4625 = EDGE_CURVE('',#4626,#4628,#4630,.T.);
#4626 = VERTEX_POINT('',#4627);
#4627 = CARTESIAN_POINT('',(8.7,8.79,0.));
#4628 = VERTEX_POINT('',#4629);
#4629 = CARTESIAN_POINT('',(8.7,8.79,0.82));
#4630 = LINE('',#4631,#4632);
#4631 = CARTESIAN_POINT('',(8.7,8.79,0.));
#4632 = VECTOR('',#4633,1.);
#4633 = DIRECTION('',(0.,0.,1.));
#4634 = ORIENTED_EDGE('',*,*,#4635,.T.);
#4635 = EDGE_CURVE('',#4626,#4636,#4638,.T.);
#4636 = VERTEX_POINT('',#4637);
#4637 = CARTESIAN_POINT('',(8.7,9.59,0.));
#4638 = LINE('',#4639,#4640);
#4639 = CARTESIAN_POINT('',(8.7,8.79,0.));
#4640 = VECTOR('',#4641,1.);
#4641 = DIRECTION('',(-0.,1.,0.));
#4642 = ORIENTED_EDGE('',*,*,#4643,.T.);
#4643 = EDGE_CURVE('',#4636,#4644,#4646,.T.);
#4644 = VERTEX_POINT('',#4645);
#4645 = CARTESIAN_POINT('',(8.7,9.59,0.82));
#4646 = LINE('',#4647,#4648);
#4647 = CARTESIAN_POINT('',(8.7,9.59,0.));
#4648 = VECTOR('',#4649,1.);
#4649 = DIRECTION('',(0.,0.,1.));
#4650 = ORIENTED_EDGE('',*,*,#4651,.F.);
#4651 = EDGE_CURVE('',#4628,#4644,#4652,.T.);
#4652 = LINE('',#4653,#4654);
#4653 = CARTESIAN_POINT('',(8.7,8.79,0.82));
#4654 = VECTOR('',#4655,1.);
#4655 = DIRECTION('',(-0.,1.,0.));
#4656 = PLANE('',#4657);
#4657 = AXIS2_PLACEMENT_3D('',#4658,#4659,#4660);
#4658 = CARTESIAN_POINT('',(8.7,8.79,0.));
#4659 = DIRECTION('',(1.,0.,-0.));
#4660 = DIRECTION('',(0.,0.,1.));
#4661 = ADVANCED_FACE('',(#4662),#4678,.F.);
#4662 = FACE_BOUND('',#4663,.F.);
#4663 = EDGE_LOOP('',(#4664,#4670,#4671,#4677));
#4664 = ORIENTED_EDGE('',*,*,#4665,.F.);
#4665 = EDGE_CURVE('',#4586,#4626,#4666,.T.);
#4666 = LINE('',#4667,#4668);
#4667 = CARTESIAN_POINT('',(7.5,8.79,0.));
#4668 = VECTOR('',#4669,1.);
#4669 = DIRECTION('',(1.,0.,-0.));
#4670 = ORIENTED_EDGE('',*,*,#4585,.T.);
#4671 = ORIENTED_EDGE('',*,*,#4672,.T.);
#4672 = EDGE_CURVE('',#4588,#4628,#4673,.T.);
#4673 = LINE('',#4674,#4675);
#4674 = CARTESIAN_POINT('',(7.5,8.79,0.82));
#4675 = VECTOR('',#4676,1.);
#4676 = DIRECTION('',(1.,0.,-0.));
#4677 = ORIENTED_EDGE('',*,*,#4625,.F.);
#4678 = PLANE('',#4679);
#4679 = AXIS2_PLACEMENT_3D('',#4680,#4681,#4682);
#4680 = CARTESIAN_POINT('',(7.5,8.79,0.));
#4681 = DIRECTION('',(-0.,1.,0.));
#4682 = DIRECTION('',(0.,0.,1.));
#4683 = ADVANCED_FACE('',(#4684),#4700,.T.);
#4684 = FACE_BOUND('',#4685,.T.);
#4685 = EDGE_LOOP('',(#4686,#4692,#4693,#4699));
#4686 = ORIENTED_EDGE('',*,*,#4687,.F.);
#4687 = EDGE_CURVE('',#4596,#4636,#4688,.T.);
#4688 = LINE('',#4689,#4690);
#4689 = CARTESIAN_POINT('',(7.5,9.59,0.));
#4690 = VECTOR('',#4691,1.);
#4691 = DIRECTION('',(1.,0.,-0.));
#4692 = ORIENTED_EDGE('',*,*,#4603,.T.);
#4693 = ORIENTED_EDGE('',*,*,#4694,.T.);
#4694 = EDGE_CURVE('',#4604,#4644,#4695,.T.);
#4695 = LINE('',#4696,#4697);
#4696 = CARTESIAN_POINT('',(7.5,9.59,0.82));
#4697 = VECTOR('',#4698,1.);
#4698 = DIRECTION('',(1.,0.,-0.));
#4699 = ORIENTED_EDGE('',*,*,#4643,.F.);
#4700 = PLANE('',#4701);
#4701 = AXIS2_PLACEMENT_3D('',#4702,#4703,#4704);
#4702 = CARTESIAN_POINT('',(7.5,9.59,0.));
#4703 = DIRECTION('',(-0.,1.,0.));
#4704 = DIRECTION('',(0.,0.,1.));
#4705 = ADVANCED_FACE('',(#4706),#4712,.F.);
#4706 = FACE_BOUND('',#4707,.F.);
#4707 = EDGE_LOOP('',(#4708,#4709,#4710,#4711));
#4708 = ORIENTED_EDGE('',*,*,#4595,.F.);
#4709 = ORIENTED_EDGE('',*,*,#4665,.T.);
#4710 = ORIENTED_EDGE('',*,*,#4635,.T.);
#4711 = ORIENTED_EDGE('',*,*,#4687,.F.);
#4712 = PLANE('',#4713);
#4713 = AXIS2_PLACEMENT_3D('',#4714,#4715,#4716);
#4714 = CARTESIAN_POINT('',(7.5,8.79,0.));
#4715 = DIRECTION('',(0.,0.,1.));
#4716 = DIRECTION('',(1.,0.,-0.));
#4717 = ADVANCED_FACE('',(#4718),#4724,.T.);
#4718 = FACE_BOUND('',#4719,.T.);
#4719 = EDGE_LOOP('',(#4720,#4721,#4722,#4723));
#4720 = ORIENTED_EDGE('',*,*,#4611,.F.);
#4721 = ORIENTED_EDGE('',*,*,#4672,.T.);
#4722 = ORIENTED_EDGE('',*,*,#4651,.T.);
#4723 = ORIENTED_EDGE('',*,*,#4694,.F.);
#4724 = PLANE('',#4725);
#4725 = AXIS2_PLACEMENT_3D('',#4726,#4727,#4728);
#4726 = CARTESIAN_POINT('',(7.5,8.79,0.82));
#4727 = DIRECTION('',(0.,0.,1.));
#4728 = DIRECTION('',(1.,0.,-0.));
#4729 = ( GEOMETRIC_REPRESENTATION_CONTEXT(3) 
GLOBAL_UNCERTAINTY_ASSIGNED_CONTEXT((#4733)) 
GLOBAL_UNIT_ASSIGNED_CONTEXT((#4730,#4731,#4732)) REPRESENTATION_CONTEXT
('Context #1','3D Context with UNIT and UNCERTAINTY') );
#4730 = ( LENGTH_UNIT() NAMED_UNIT(*) SI_UNIT(.MILLI.,.METRE.) );
#4731 = ( NAMED_UNIT(*) PLANE_ANGLE_UNIT() SI_UNIT($,.RADIAN.) );
#4732 = ( NAMED_UNIT(*) SI_UNIT($,.STERADIAN.) SOLID_ANGLE_UNIT() );
#4733 = UNCERTAINTY_MEASURE_WITH_UNIT(LENGTH_MEASURE(1.E-07),#4730,
  'distance_accuracy_value','confusion accuracy');
#4734 = CONTEXT_DEPENDENT_SHAPE_REPRESENTATION(#4735,#4737);
#4735 = ( REPRESENTATION_RELATIONSHIP('','',#4578,#10) 
REPRESENTATION_RELATIONSHIP_WITH_TRANSFORMATION(#4736) 
SHAPE_REPRESENTATION_RELATIONSHIP() );
#4736 = ITEM_DEFINED_TRANSFORMATION('','',#11,#119);
#4737 = PRODUCT_DEFINITION_SHAPE('Placement','Placement of an item',
  #4738);
#4738 = NEXT_ASSEMBLY_USAGE_OCCURRENCE('27','Pad 16','',#5,#4573,$);
#4739 = PRODUCT_RELATED_PRODUCT_CATEGORY('part',$,(#4575));
#4740 = SHAPE_DEFINITION_REPRESENTATION(#4741,#4747);
#4741 = PRODUCT_DEFINITION_SHAPE('','',#4742);
#4742 = PRODUCT_DEFINITION('design','',#4743,#4746);
#4743 = PRODUCT_DEFINITION_FORMATION('','',#4744);
#4744 = PRODUCT('Pad 14','Pad 14','',(#4745));
#4745 = PRODUCT_CONTEXT('',#2,'mechanical');
#4746 = PRODUCT_DEFINITION_CONTEXT('part definition',#2,'design');
#4747 = ADVANCED_BREP_SHAPE_REPRESENTATION('',(#11,#4748),#4898);
#4748 = MANIFOLD_SOLID_BREP('',#4749);
#4749 = CLOSED_SHELL('',(#4750,#4790,#4830,#4852,#4874,#4886));
#4750 = ADVANCED_FACE('',(#4751),#4785,.F.);
#4751 = FACE_BOUND('',#4752,.F.);
#4752 = EDGE_LOOP('',(#4753,#4763,#4771,#4779));
#4753 = ORIENTED_EDGE('',*,*,#4754,.F.);
#4754 = EDGE_CURVE('',#4755,#4757,#4759,.T.);
#4755 = VERTEX_POINT('',#4756);
#4756 = CARTESIAN_POINT('',(-8.7,9.89,0.));
#4757 = VERTEX_POINT('',#4758);
#4758 = CARTESIAN_POINT('',(-8.7,9.89,0.82));
#4759 = LINE('',#4760,#4761);
#4760 = CARTESIAN_POINT('',(-8.7,9.89,0.));
#4761 = VECTOR('',#4762,1.);
#4762 = DIRECTION('',(0.,0.,1.));
#4763 = ORIENTED_EDGE('',*,*,#4764,.T.);
#4764 = EDGE_CURVE('',#4755,#4765,#4767,.T.);
#4765 = VERTEX_POINT('',#4766);
#4766 = CARTESIAN_POINT('',(-8.7,10.69,0.));
#4767 = LINE('',#4768,#4769);
#4768 = CARTESIAN_POINT('',(-8.7,9.89,0.));
#4769 = VECTOR('',#4770,1.);
#4770 = DIRECTION('',(-0.,1.,0.));
#4771 = ORIENTED_EDGE('',*,*,#4772,.T.);
#4772 = EDGE_CURVE('',#4765,#4773,#4775,.T.);
#4773 = VERTEX_POINT('',#4774);
#4774 = CARTESIAN_POINT('',(-8.7,10.69,0.82));
#4775 = LINE('',#4776,#4777);
#4776 = CARTESIAN_POINT('',(-8.7,10.69,0.));
#4777 = VECTOR('',#4778,1.);
#4778 = DIRECTION('',(0.,0.,1.));
#4779 = ORIENTED_EDGE('',*,*,#4780,.F.);
#4780 = EDGE_CURVE('',#4757,#4773,#4781,.T.);
#4781 = LINE('',#4782,#4783);
#4782 = CARTESIAN_POINT('',(-8.7,9.89,0.82));
#4783 = VECTOR('',#4784,1.);
#4784 = DIRECTION('',(-0.,1.,0.));
#4785 = PLANE('',#4786);
#4786 = AXIS2_PLACEMENT_3D('',#4787,#4788,#4789);
#4787 = CARTESIAN_POINT('',(-8.7,9.89,0.));
#4788 = DIRECTION('',(1.,0.,-0.));
#4789 = DIRECTION('',(0.,0.,1.));
#4790 = ADVANCED_FACE('',(#4791),#4825,.T.);
#4791 = FACE_BOUND('',#4792,.T.);
#4792 = EDGE_LOOP('',(#4793,#4803,#4811,#4819));
#4793 = ORIENTED_EDGE('',*,*,#4794,.F.);
#4794 = EDGE_CURVE('',#4795,#4797,#4799,.T.);
#4795 = VERTEX_POINT('',#4796);
#4796 = CARTESIAN_POINT('',(-7.5,9.89,0.));
#4797 = VERTEX_POINT('',#4798);
#4798 = CARTESIAN_POINT('',(-7.5,9.89,0.82));
#4799 = LINE('',#4800,#4801);
#4800 = CARTESIAN_POINT('',(-7.5,9.89,0.));
#4801 = VECTOR('',#4802,1.);
#4802 = DIRECTION('',(0.,0.,1.));
#4803 = ORIENTED_EDGE('',*,*,#4804,.T.);
#4804 = EDGE_CURVE('',#4795,#4805,#4807,.T.);
#4805 = VERTEX_POINT('',#4806);
#4806 = CARTESIAN_POINT('',(-7.5,10.69,0.));
#4807 = LINE('',#4808,#4809);
#4808 = CARTESIAN_POINT('',(-7.5,9.89,0.));
#4809 = VECTOR('',#4810,1.);
#4810 = DIRECTION('',(-0.,1.,0.));
#4811 = ORIENTED_EDGE('',*,*,#4812,.T.);
#4812 = EDGE_CURVE('',#4805,#4813,#4815,.T.);
#4813 = VERTEX_POINT('',#4814);
#4814 = CARTESIAN_POINT('',(-7.5,10.69,0.82));
#4815 = LINE('',#4816,#4817);
#4816 = CARTESIAN_POINT('',(-7.5,10.69,0.));
#4817 = VECTOR('',#4818,1.);
#4818 = DIRECTION('',(0.,0.,1.));
#4819 = ORIENTED_EDGE('',*,*,#4820,.F.);
#4820 = EDGE_CURVE('',#4797,#4813,#4821,.T.);
#4821 = LINE('',#4822,#4823);
#4822 = CARTESIAN_POINT('',(-7.5,9.89,0.82));
#4823 = VECTOR('',#4824,1.);
#4824 = DIRECTION('',(-0.,1.,0.));
#4825 = PLANE('',#4826);
#4826 = AXIS2_PLACEMENT_3D('',#4827,#4828,#4829);
#4827 = CARTESIAN_POINT('',(-7.5,9.89,0.));
#4828 = DIRECTION('',(1.,0.,-0.));
#4829 = DIRECTION('',(0.,0.,1.));
#4830 = ADVANCED_FACE('',(#4831),#4847,.F.);
#4831 = FACE_BOUND('',#4832,.F.);
#4832 = EDGE_LOOP('',(#4833,#4839,#4840,#4846));
#4833 = ORIENTED_EDGE('',*,*,#4834,.F.);
#4834 = EDGE_CURVE('',#4755,#4795,#4835,.T.);
#4835 = LINE('',#4836,#4837);
#4836 = CARTESIAN_POINT('',(-8.7,9.89,0.));
#4837 = VECTOR('',#4838,1.);
#4838 = DIRECTION('',(1.,0.,-0.));
#4839 = ORIENTED_EDGE('',*,*,#4754,.T.);
#4840 = ORIENTED_EDGE('',*,*,#4841,.T.);
#4841 = EDGE_CURVE('',#4757,#4797,#4842,.T.);
#4842 = LINE('',#4843,#4844);
#4843 = CARTESIAN_POINT('',(-8.7,9.89,0.82));
#4844 = VECTOR('',#4845,1.);
#4845 = DIRECTION('',(1.,0.,-0.));
#4846 = ORIENTED_EDGE('',*,*,#4794,.F.);
#4847 = PLANE('',#4848);
#4848 = AXIS2_PLACEMENT_3D('',#4849,#4850,#4851);
#4849 = CARTESIAN_POINT('',(-8.7,9.89,0.));
#4850 = DIRECTION('',(-0.,1.,0.));
#4851 = DIRECTION('',(0.,0.,1.));
#4852 = ADVANCED_FACE('',(#4853),#4869,.T.);
#4853 = FACE_BOUND('',#4854,.T.);
#4854 = EDGE_LOOP('',(#4855,#4861,#4862,#4868));
#4855 = ORIENTED_EDGE('',*,*,#4856,.F.);
#4856 = EDGE_CURVE('',#4765,#4805,#4857,.T.);
#4857 = LINE('',#4858,#4859);
#4858 = CARTESIAN_POINT('',(-8.7,10.69,0.));
#4859 = VECTOR('',#4860,1.);
#4860 = DIRECTION('',(1.,0.,-0.));
#4861 = ORIENTED_EDGE('',*,*,#4772,.T.);
#4862 = ORIENTED_EDGE('',*,*,#4863,.T.);
#4863 = EDGE_CURVE('',#4773,#4813,#4864,.T.);
#4864 = LINE('',#4865,#4866);
#4865 = CARTESIAN_POINT('',(-8.7,10.69,0.82));
#4866 = VECTOR('',#4867,1.);
#4867 = DIRECTION('',(1.,0.,-0.));
#4868 = ORIENTED_EDGE('',*,*,#4812,.F.);
#4869 = PLANE('',#4870);
#4870 = AXIS2_PLACEMENT_3D('',#4871,#4872,#4873);
#4871 = CARTESIAN_POINT('',(-8.7,10.69,0.));
#4872 = DIRECTION('',(-0.,1.,0.));
#4873 = DIRECTION('',(0.,0.,1.));
#4874 = ADVANCED_FACE('',(#4875),#4881,.F.);
#4875 = FACE_BOUND('',#4876,.F.);
#4876 = EDGE_LOOP('',(#4877,#4878,#4879,#4880));
#4877 = ORIENTED_EDGE('',*,*,#4764,.F.);
#4878 = ORIENTED_EDGE('',*,*,#4834,.T.);
#4879 = ORIENTED_EDGE('',*,*,#4804,.T.);
#4880 = ORIENTED_EDGE('',*,*,#4856,.F.);
#4881 = PLANE('',#4882);
#4882 = AXIS2_PLACEMENT_3D('',#4883,#4884,#4885);
#4883 = CARTESIAN_POINT('',(-8.7,9.89,0.));
#4884 = DIRECTION('',(0.,0.,1.));
#4885 = DIRECTION('',(1.,0.,-0.));
#4886 = ADVANCED_FACE('',(#4887),#4893,.T.);
#4887 = FACE_BOUND('',#4888,.T.);
#4888 = EDGE_LOOP('',(#4889,#4890,#4891,#4892));
#4889 = ORIENTED_EDGE('',*,*,#4780,.F.);
#4890 = ORIENTED_EDGE('',*,*,#4841,.T.);
#4891 = ORIENTED_EDGE('',*,*,#4820,.T.);
#4892 = ORIENTED_EDGE('',*,*,#4863,.F.);
#4893 = PLANE('',#4894);
#4894 = AXIS2_PLACEMENT_3D('',#4895,#4896,#4897);
#4895 = CARTESIAN_POINT('',(-8.7,9.89,0.82));
#4896 = DIRECTION('',(0.,0.,1.));
#4897 = DIRECTION('',(1.,0.,-0.));
#4898 = ( GEOMETRIC_REPRESENTATION_CONTEXT(3) 
GLOBAL_UNCERTAINTY_ASSIGNED_CONTEXT((#4902)) 
GLOBAL_UNIT_ASSIGNED_CONTEXT((#4899,#4900,#4901)) REPRESENTATION_CONTEXT
('Context #1','3D Context with UNIT and UNCERTAINTY') );
#4899 = ( LENGTH_UNIT() NAMED_UNIT(*) SI_UNIT(.MILLI.,.METRE.) );
#4900 = ( NAMED_UNIT(*) PLANE_ANGLE_UNIT() SI_UNIT($,.RADIAN.) );
#4901 = ( NAMED_UNIT(*) SI_UNIT($,.STERADIAN.) SOLID_ANGLE_UNIT() );
#4902 = UNCERTAINTY_MEASURE_WITH_UNIT(LENGTH_MEASURE(1.E-07),#4899,
  'distance_accuracy_value','confusion accuracy');
#4903 = CONTEXT_DEPENDENT_SHAPE_REPRESENTATION(#4904,#4906);
#4904 = ( REPRESENTATION_RELATIONSHIP('','',#4747,#10) 
REPRESENTATION_RELATIONSHIP_WITH_TRANSFORMATION(#4905) 
SHAPE_REPRESENTATION_RELATIONSHIP() );
#4905 = ITEM_DEFINED_TRANSFORMATION('','',#11,#123);
#4906 = PRODUCT_DEFINITION_SHAPE('Placement','Placement of an item',
  #4907);
#4907 = NEXT_ASSEMBLY_USAGE_OCCURRENCE('28','Pad 14','',#5,#4742,$);
#4908 = PRODUCT_RELATED_PRODUCT_CATEGORY('part',$,(#4744));
#4909 = SHAPE_DEFINITION_REPRESENTATION(#4910,#4916);
#4910 = PRODUCT_DEFINITION_SHAPE('','',#4911);
#4911 = PRODUCT_DEFINITION('design','',#4912,#4915);
#4912 = PRODUCT_DEFINITION_FORMATION('','',#4913);
#4913 = PRODUCT('Pad 15','Pad 15','',(#4914));
#4914 = PRODUCT_CONTEXT('',#2,'mechanical');
#4915 = PRODUCT_DEFINITION_CONTEXT('part definition',#2,'design');
#4916 = ADVANCED_BREP_SHAPE_REPRESENTATION('',(#11,#4917),#5067);
#4917 = MANIFOLD_SOLID_BREP('',#4918);
#4918 = CLOSED_SHELL('',(#4919,#4959,#4999,#5021,#5043,#5055));
#4919 = ADVANCED_FACE('',(#4920),#4954,.F.);
#4920 = FACE_BOUND('',#4921,.F.);
#4921 = EDGE_LOOP('',(#4922,#4932,#4940,#4948));
#4922 = ORIENTED_EDGE('',*,*,#4923,.F.);
#4923 = EDGE_CURVE('',#4924,#4926,#4928,.T.);
#4924 = VERTEX_POINT('',#4925);
#4925 = CARTESIAN_POINT('',(7.5,9.89,0.));
#4926 = VERTEX_POINT('',#4927);
#4927 = CARTESIAN_POINT('',(7.5,9.89,0.82));
#4928 = LINE('',#4929,#4930);
#4929 = CARTESIAN_POINT('',(7.5,9.89,0.));
#4930 = VECTOR('',#4931,1.);
#4931 = DIRECTION('',(0.,0.,1.));
#4932 = ORIENTED_EDGE('',*,*,#4933,.T.);
#4933 = EDGE_CURVE('',#4924,#4934,#4936,.T.);
#4934 = VERTEX_POINT('',#4935);
#4935 = CARTESIAN_POINT('',(7.5,10.69,0.));
#4936 = LINE('',#4937,#4938);
#4937 = CARTESIAN_POINT('',(7.5,9.89,0.));
#4938 = VECTOR('',#4939,1.);
#4939 = DIRECTION('',(-0.,1.,0.));
#4940 = ORIENTED_EDGE('',*,*,#4941,.T.);
#4941 = EDGE_CURVE('',#4934,#4942,#4944,.T.);
#4942 = VERTEX_POINT('',#4943);
#4943 = CARTESIAN_POINT('',(7.5,10.69,0.82));
#4944 = LINE('',#4945,#4946);
#4945 = CARTESIAN_POINT('',(7.5,10.69,0.));
#4946 = VECTOR('',#4947,1.);
#4947 = DIRECTION('',(0.,0.,1.));
#4948 = ORIENTED_EDGE('',*,*,#4949,.F.);
#4949 = EDGE_CURVE('',#4926,#4942,#4950,.T.);
#4950 = LINE('',#4951,#4952);
#4951 = CARTESIAN_POINT('',(7.5,9.89,0.82));
#4952 = VECTOR('',#4953,1.);
#4953 = DIRECTION('',(-0.,1.,0.));
#4954 = PLANE('',#4955);
#4955 = AXIS2_PLACEMENT_3D('',#4956,#4957,#4958);
#4956 = CARTESIAN_POINT('',(7.5,9.89,0.));
#4957 = DIRECTION('',(1.,0.,-0.));
#4958 = DIRECTION('',(0.,0.,1.));
#4959 = ADVANCED_FACE('',(#4960),#4994,.T.);
#4960 = FACE_BOUND('',#4961,.T.);
#4961 = EDGE_LOOP('',(#4962,#4972,#4980,#4988));
#4962 = ORIENTED_EDGE('',*,*,#4963,.F.);
#4963 = EDGE_CURVE('',#4964,#4966,#4968,.T.);
#4964 = VERTEX_POINT('',#4965);
#4965 = CARTESIAN_POINT('',(8.7,9.89,0.));
#4966 = VERTEX_POINT('',#4967);
#4967 = CARTESIAN_POINT('',(8.7,9.89,0.82));
#4968 = LINE('',#4969,#4970);
#4969 = CARTESIAN_POINT('',(8.7,9.89,0.));
#4970 = VECTOR('',#4971,1.);
#4971 = DIRECTION('',(0.,0.,1.));
#4972 = ORIENTED_EDGE('',*,*,#4973,.T.);
#4973 = EDGE_CURVE('',#4964,#4974,#4976,.T.);
#4974 = VERTEX_POINT('',#4975);
#4975 = CARTESIAN_POINT('',(8.7,10.69,0.));
#4976 = LINE('',#4977,#4978);
#4977 = CARTESIAN_POINT('',(8.7,9.89,0.));
#4978 = VECTOR('',#4979,1.);
#4979 = DIRECTION('',(-0.,1.,0.));
#4980 = ORIENTED_EDGE('',*,*,#4981,.T.);
#4981 = EDGE_CURVE('',#4974,#4982,#4984,.T.);
#4982 = VERTEX_POINT('',#4983);
#4983 = CARTESIAN_POINT('',(8.7,10.69,0.82));
#4984 = LINE('',#4985,#4986);
#4985 = CARTESIAN_POINT('',(8.7,10.69,0.));
#4986 = VECTOR('',#4987,1.);
#4987 = DIRECTION('',(0.,0.,1.));
#4988 = ORIENTED_EDGE('',*,*,#4989,.F.);
#4989 = EDGE_CURVE('',#4966,#4982,#4990,.T.);
#4990 = LINE('',#4991,#4992);
#4991 = CARTESIAN_POINT('',(8.7,9.89,0.82));
#4992 = VECTOR('',#4993,1.);
#4993 = DIRECTION('',(-0.,1.,0.));
#4994 = PLANE('',#4995);
#4995 = AXIS2_PLACEMENT_3D('',#4996,#4997,#4998);
#4996 = CARTESIAN_POINT('',(8.7,9.89,0.));
#4997 = DIRECTION('',(1.,0.,-0.));
#4998 = DIRECTION('',(0.,0.,1.));
#4999 = ADVANCED_FACE('',(#5000),#5016,.F.);
#5000 = FACE_BOUND('',#5001,.F.);
#5001 = EDGE_LOOP('',(#5002,#5008,#5009,#5015));
#5002 = ORIENTED_EDGE('',*,*,#5003,.F.);
#5003 = EDGE_CURVE('',#4924,#4964,#5004,.T.);
#5004 = LINE('',#5005,#5006);
#5005 = CARTESIAN_POINT('',(7.5,9.89,0.));
#5006 = VECTOR('',#5007,1.);
#5007 = DIRECTION('',(1.,0.,-0.));
#5008 = ORIENTED_EDGE('',*,*,#4923,.T.);
#5009 = ORIENTED_EDGE('',*,*,#5010,.T.);
#5010 = EDGE_CURVE('',#4926,#4966,#5011,.T.);
#5011 = LINE('',#5012,#5013);
#5012 = CARTESIAN_POINT('',(7.5,9.89,0.82));
#5013 = VECTOR('',#5014,1.);
#5014 = DIRECTION('',(1.,0.,-0.));
#5015 = ORIENTED_EDGE('',*,*,#4963,.F.);
#5016 = PLANE('',#5017);
#5017 = AXIS2_PLACEMENT_3D('',#5018,#5019,#5020);
#5018 = CARTESIAN_POINT('',(7.5,9.89,0.));
#5019 = DIRECTION('',(-0.,1.,0.));
#5020 = DIRECTION('',(0.,0.,1.));
#5021 = ADVANCED_FACE('',(#5022),#5038,.T.);
#5022 = FACE_BOUND('',#5023,.T.);
#5023 = EDGE_LOOP('',(#5024,#5030,#5031,#5037));
#5024 = ORIENTED_EDGE('',*,*,#5025,.F.);
#5025 = EDGE_CURVE('',#4934,#4974,#5026,.T.);
#5026 = LINE('',#5027,#5028);
#5027 = CARTESIAN_POINT('',(7.5,10.69,0.));
#5028 = VECTOR('',#5029,1.);
#5029 = DIRECTION('',(1.,0.,-0.));
#5030 = ORIENTED_EDGE('',*,*,#4941,.T.);
#5031 = ORIENTED_EDGE('',*,*,#5032,.T.);
#5032 = EDGE_CURVE('',#4942,#4982,#5033,.T.);
#5033 = LINE('',#5034,#5035);
#5034 = CARTESIAN_POINT('',(7.5,10.69,0.82));
#5035 = VECTOR('',#5036,1.);
#5036 = DIRECTION('',(1.,0.,-0.));
#5037 = ORIENTED_EDGE('',*,*,#4981,.F.);
#5038 = PLANE('',#5039);
#5039 = AXIS2_PLACEMENT_3D('',#5040,#5041,#5042);
#5040 = CARTESIAN_POINT('',(7.5,10.69,0.));
#5041 = DIRECTION('',(-0.,1.,0.));
#5042 = DIRECTION('',(0.,0.,1.));
#5043 = ADVANCED_FACE('',(#5044),#5050,.F.);
#5044 = FACE_BOUND('',#5045,.F.);
#5045 = EDGE_LOOP('',(#5046,#5047,#5048,#5049));
#5046 = ORIENTED_EDGE('',*,*,#4933,.F.);
#5047 = ORIENTED_EDGE('',*,*,#5003,.T.);
#5048 = ORIENTED_EDGE('',*,*,#4973,.T.);
#5049 = ORIENTED_EDGE('',*,*,#5025,.F.);
#5050 = PLANE('',#5051);
#5051 = AXIS2_PLACEMENT_3D('',#5052,#5053,#5054);
#5052 = CARTESIAN_POINT('',(7.5,9.89,0.));
#5053 = DIRECTION('',(0.,0.,1.));
#5054 = DIRECTION('',(1.,0.,-0.));
#5055 = ADVANCED_FACE('',(#5056),#5062,.T.);
#5056 = FACE_BOUND('',#5057,.T.);
#5057 = EDGE_LOOP('',(#5058,#5059,#5060,#5061));
#5058 = ORIENTED_EDGE('',*,*,#4949,.F.);
#5059 = ORIENTED_EDGE('',*,*,#5010,.T.);
#5060 = ORIENTED_EDGE('',*,*,#4989,.T.);
#5061 = ORIENTED_EDGE('',*,*,#5032,.F.);
#5062 = PLANE('',#5063);
#5063 = AXIS2_PLACEMENT_3D('',#5064,#5065,#5066);
#5064 = CARTESIAN_POINT('',(7.5,9.89,0.82));
#5065 = DIRECTION('',(0.,0.,1.));
#5066 = DIRECTION('',(1.,0.,-0.));
#5067 = ( GEOMETRIC_REPRESENTATION_CONTEXT(3) 
GLOBAL_UNCERTAINTY_ASSIGNED_CONTEXT((#5071)) 
GLOBAL_UNIT_ASSIGNED_CONTEXT((#5068,#5069,#5070)) REPRESENTATION_CONTEXT
('Context #1','3D Context with UNIT and UNCERTAINTY') );
#5068 = ( LENGTH_UNIT() NAMED_UNIT(*) SI_UNIT(.MILLI.,.METRE.) );
#5069 = ( NAMED_UNIT(*) PLANE_ANGLE_UNIT() SI_UNIT($,.RADIAN.) );
#5070 = ( NAMED_UNIT(*) SI_UNIT($,.STERADIAN.) SOLID_ANGLE_UNIT() );
#5071 = UNCERTAINTY_MEASURE_WITH_UNIT(LENGTH_MEASURE(1.E-07),#5068,
  'distance_accuracy_value','confusion accuracy');
#5072 = CONTEXT_DEPENDENT_SHAPE_REPRESENTATION(#5073,#5075);
#5073 = ( REPRESENTATION_RELATIONSHIP('','',#4916,#10) 
REPRESENTATION_RELATIONSHIP_WITH_TRANSFORMATION(#5074) 
SHAPE_REPRESENTATION_RELATIONSHIP() );
#5074 = ITEM_DEFINED_TRANSFORMATION('','',#11,#127);
#5075 = PRODUCT_DEFINITION_SHAPE('Placement','Placement of an item',
  #5076);
#5076 = NEXT_ASSEMBLY_USAGE_OCCURRENCE('29','Pad 15','',#5,#4911,$);
#5077 = PRODUCT_RELATED_PRODUCT_CATEGORY('part',$,(#4913));
#5078 = SHAPE_DEFINITION_REPRESENTATION(#5079,#5085);
#5079 = PRODUCT_DEFINITION_SHAPE('','',#5080);
#5080 = PRODUCT_DEFINITION('design','',#5081,#5084);
#5081 = PRODUCT_DEFINITION_FORMATION('','',#5082);
#5082 = PRODUCT('RF shield','RF shield','',(#5083));
#5083 = PRODUCT_CONTEXT('',#2,'mechanical');
#5084 = PRODUCT_DEFINITION_CONTEXT('part definition',#2,'design');
#5085 = ADVANCED_BREP_SHAPE_REPRESENTATION('',(#11,#5086),#5236);
#5086 = MANIFOLD_SOLID_BREP('',#5087);
#5087 = CLOSED_SHELL('',(#5088,#5128,#5168,#5190,#5212,#5224));
#5088 = ADVANCED_FACE('',(#5089),#5123,.F.);
#5089 = FACE_BOUND('',#5090,.F.);
#5090 = EDGE_LOOP('',(#5091,#5101,#5109,#5117));
#5091 = ORIENTED_EDGE('',*,*,#5092,.F.);
#5092 = EDGE_CURVE('',#5093,#5095,#5097,.T.);
#5093 = VERTEX_POINT('',#5094);
#5094 = CARTESIAN_POINT('',(-7.3,-4.75,0.8));
#5095 = VERTEX_POINT('',#5096);
#5096 = CARTESIAN_POINT('',(-7.3,-4.75,1.95));
#5097 = LINE('',#5098,#5099);
#5098 = CARTESIAN_POINT('',(-7.3,-4.75,0.8));
#5099 = VECTOR('',#5100,1.);
#5100 = DIRECTION('',(0.,0.,1.));
#5101 = ORIENTED_EDGE('',*,*,#5102,.T.);
#5102 = EDGE_CURVE('',#5093,#5103,#5105,.T.);
#5103 = VERTEX_POINT('',#5104);
#5104 = CARTESIAN_POINT('',(-7.3,11.25,0.8));
#5105 = LINE('',#5106,#5107);
#5106 = CARTESIAN_POINT('',(-7.3,-4.75,0.8));
#5107 = VECTOR('',#5108,1.);
#5108 = DIRECTION('',(-0.,1.,0.));
#5109 = ORIENTED_EDGE('',*,*,#5110,.T.);
#5110 = EDGE_CURVE('',#5103,#5111,#5113,.T.);
#5111 = VERTEX_POINT('',#5112);
#5112 = CARTESIAN_POINT('',(-7.3,11.25,1.95));
#5113 = LINE('',#5114,#5115);
#5114 = CARTESIAN_POINT('',(-7.3,11.25,0.8));
#5115 = VECTOR('',#5116,1.);
#5116 = DIRECTION('',(0.,0.,1.));
#5117 = ORIENTED_EDGE('',*,*,#5118,.F.);
#5118 = EDGE_CURVE('',#5095,#5111,#5119,.T.);
#5119 = LINE('',#5120,#5121);
#5120 = CARTESIAN_POINT('',(-7.3,-4.75,1.95));
#5121 = VECTOR('',#5122,1.);
#5122 = DIRECTION('',(-0.,1.,0.));
#5123 = PLANE('',#5124);
#5124 = AXIS2_PLACEMENT_3D('',#5125,#5126,#5127);
#5125 = CARTESIAN_POINT('',(-7.3,-4.75,0.8));
#5126 = DIRECTION('',(1.,0.,-0.));
#5127 = DIRECTION('',(0.,0.,1.));
#5128 = ADVANCED_FACE('',(#5129),#5163,.T.);
#5129 = FACE_BOUND('',#5130,.T.);
#5130 = EDGE_LOOP('',(#5131,#5141,#5149,#5157));
#5131 = ORIENTED_EDGE('',*,*,#5132,.F.);
#5132 = EDGE_CURVE('',#5133,#5135,#5137,.T.);
#5133 = VERTEX_POINT('',#5134);
#5134 = CARTESIAN_POINT('',(7.3,-4.75,0.8));
#5135 = VERTEX_POINT('',#5136);
#5136 = CARTESIAN_POINT('',(7.3,-4.75,1.95));
#5137 = LINE('',#5138,#5139);
#5138 = CARTESIAN_POINT('',(7.3,-4.75,0.8));
#5139 = VECTOR('',#5140,1.);
#5140 = DIRECTION('',(0.,0.,1.));
#5141 = ORIENTED_EDGE('',*,*,#5142,.T.);
#5142 = EDGE_CURVE('',#5133,#5143,#5145,.T.);
#5143 = VERTEX_POINT('',#5144);
#5144 = CARTESIAN_POINT('',(7.3,11.25,0.8));
#5145 = LINE('',#5146,#5147);
#5146 = CARTESIAN_POINT('',(7.3,-4.75,0.8));
#5147 = VECTOR('',#5148,1.);
#5148 = DIRECTION('',(-0.,1.,0.));
#5149 = ORIENTED_EDGE('',*,*,#5150,.T.);
#5150 = EDGE_CURVE('',#5143,#5151,#5153,.T.);
#5151 = VERTEX_POINT('',#5152);
#5152 = CARTESIAN_POINT('',(7.3,11.25,1.95));
#5153 = LINE('',#5154,#5155);
#5154 = CARTESIAN_POINT('',(7.3,11.25,0.8));
#5155 = VECTOR('',#5156,1.);
#5156 = DIRECTION('',(0.,0.,1.));
#5157 = ORIENTED_EDGE('',*,*,#5158,.F.);
#5158 = EDGE_CURVE('',#5135,#5151,#5159,.T.);
#5159 = LINE('',#5160,#5161);
#5160 = CARTESIAN_POINT('',(7.3,-4.75,1.95));
#5161 = VECTOR('',#5162,1.);
#5162 = DIRECTION('',(-0.,1.,0.));
#5163 = PLANE('',#5164);
#5164 = AXIS2_PLACEMENT_3D('',#5165,#5166,#5167);
#5165 = CARTESIAN_POINT('',(7.3,-4.75,0.8));
#5166 = DIRECTION('',(1.,0.,-0.));
#5167 = DIRECTION('',(0.,0.,1.));
#5168 = ADVANCED_FACE('',(#5169),#5185,.F.);
#5169 = FACE_BOUND('',#5170,.F.);
#5170 = EDGE_LOOP('',(#5171,#5177,#5178,#5184));
#5171 = ORIENTED_EDGE('',*,*,#5172,.F.);
#5172 = EDGE_CURVE('',#5093,#5133,#5173,.T.);
#5173 = LINE('',#5174,#5175);
#5174 = CARTESIAN_POINT('',(-7.3,-4.75,0.8));
#5175 = VECTOR('',#5176,1.);
#5176 = DIRECTION('',(1.,0.,-0.));
#5177 = ORIENTED_EDGE('',*,*,#5092,.T.);
#5178 = ORIENTED_EDGE('',*,*,#5179,.T.);
#5179 = EDGE_CURVE('',#5095,#5135,#5180,.T.);
#5180 = LINE('',#5181,#5182);
#5181 = CARTESIAN_POINT('',(-7.3,-4.75,1.95));
#5182 = VECTOR('',#5183,1.);
#5183 = DIRECTION('',(1.,0.,-0.));
#5184 = ORIENTED_EDGE('',*,*,#5132,.F.);
#5185 = PLANE('',#5186);
#5186 = AXIS2_PLACEMENT_3D('',#5187,#5188,#5189);
#5187 = CARTESIAN_POINT('',(-7.3,-4.75,0.8));
#5188 = DIRECTION('',(-0.,1.,0.));
#5189 = DIRECTION('',(0.,0.,1.));
#5190 = ADVANCED_FACE('',(#5191),#5207,.T.);
#5191 = FACE_BOUND('',#5192,.T.);
#5192 = EDGE_LOOP('',(#5193,#5199,#5200,#5206));
#5193 = ORIENTED_EDGE('',*,*,#5194,.F.);
#5194 = EDGE_CURVE('',#5103,#5143,#5195,.T.);
#5195 = LINE('',#5196,#5197);
#5196 = CARTESIAN_POINT('',(-7.3,11.25,0.8));
#5197 = VECTOR('',#5198,1.);
#5198 = DIRECTION('',(1.,0.,-0.));
#5199 = ORIENTED_EDGE('',*,*,#5110,.T.);
#5200 = ORIENTED_EDGE('',*,*,#5201,.T.);
#5201 = EDGE_CURVE('',#5111,#5151,#5202,.T.);
#5202 = LINE('',#5203,#5204);
#5203 = CARTESIAN_POINT('',(-7.3,11.25,1.95));
#5204 = VECTOR('',#5205,1.);
#5205 = DIRECTION('',(1.,0.,-0.));
#5206 = ORIENTED_EDGE('',*,*,#5150,.F.);
#5207 = PLANE('',#5208);
#5208 = AXIS2_PLACEMENT_3D('',#5209,#5210,#5211);
#5209 = CARTESIAN_POINT('',(-7.3,11.25,0.8));
#5210 = DIRECTION('',(-0.,1.,0.));
#5211 = DIRECTION('',(0.,0.,1.));
#5212 = ADVANCED_FACE('',(#5213),#5219,.F.);
#5213 = FACE_BOUND('',#5214,.F.);
#5214 = EDGE_LOOP('',(#5215,#5216,#5217,#5218));
#5215 = ORIENTED_EDGE('',*,*,#5102,.F.);
#5216 = ORIENTED_EDGE('',*,*,#5172,.T.);
#5217 = ORIENTED_EDGE('',*,*,#5142,.T.);
#5218 = ORIENTED_EDGE('',*,*,#5194,.F.);
#5219 = PLANE('',#5220);
#5220 = AXIS2_PLACEMENT_3D('',#5221,#5222,#5223);
#5221 = CARTESIAN_POINT('',(-7.3,-4.75,0.8));
#5222 = DIRECTION('',(0.,0.,1.));
#5223 = DIRECTION('',(1.,0.,-0.));
#5224 = ADVANCED_FACE('',(#5225),#5231,.T.);
#5225 = FACE_BOUND('',#5226,.T.);
#5226 = EDGE_LOOP('',(#5227,#5228,#5229,#5230));
#5227 = ORIENTED_EDGE('',*,*,#5118,.F.);
#5228 = ORIENTED_EDGE('',*,*,#5179,.T.);
#5229 = ORIENTED_EDGE('',*,*,#5158,.T.);
#5230 = ORIENTED_EDGE('',*,*,#5201,.F.);
#5231 = PLANE('',#5232);
#5232 = AXIS2_PLACEMENT_3D('',#5233,#5234,#5235);
#5233 = CARTESIAN_POINT('',(-7.3,-4.75,1.95));
#5234 = DIRECTION('',(0.,0.,1.));
#5235 = DIRECTION('',(1.,0.,-0.));
#5236 = ( GEOMETRIC_REPRESENTATION_CONTEXT(3) 
GLOBAL_UNCERTAINTY_ASSIGNED_CONTEXT((#5240)) 
GLOBAL_UNIT_ASSIGNED_CONTEXT((#5237,#5238,#5239)) REPRESENTATION_CONTEXT
('Context #1','3D Context with UNIT and UNCERTAINTY') );
#5237 = ( LENGTH_UNIT() NAMED_UNIT(*) SI_UNIT(.MILLI.,.METRE.) );
#5238 = ( NAMED_UNIT(*) PLANE_ANGLE_UNIT() SI_UNIT($,.RADIAN.) );
#5239 = ( NAMED_UNIT(*) SI_UNIT($,.STERADIAN.) SOLID_ANGLE_UNIT() );
#5240 = UNCERTAINTY_MEASURE_WITH_UNIT(LENGTH_MEASURE(1.E-07),#5237,
  'distance_accuracy_value','confusion accuracy');
#5241 = CONTEXT_DEPENDENT_SHAPE_REPRESENTATION(#5242,#5244);
#5242 = ( REPRESENTATION_RELATIONSHIP('','',#5085,#10) 
REPRESENTATION_RELATIONSHIP_WITH_TRANSFORMATION(#5243) 
SHAPE_REPRESENTATION_RELATIONSHIP() );
#5243 = ITEM_DEFINED_TRANSFORMATION('','',#11,#131);
#5244 = PRODUCT_DEFINITION_SHAPE('Placement','Placement of an item',
  #5245);
#5245 = NEXT_ASSEMBLY_USAGE_OCCURRENCE('30','RF shield','',#5,#5080,$);
#5246 = PRODUCT_RELATED_PRODUCT_CATEGORY('part',$,(#5082));
#5247 = SHAPE_DEFINITION_REPRESENTATION(#5248,#5254);
#5248 = PRODUCT_DEFINITION_SHAPE('','',#5249);
#5249 = PRODUCT_DEFINITION('design','',#5250,#5253);
#5250 = PRODUCT_DEFINITION_FORMATION('','',#5251);
#5251 = PRODUCT('Pin 1 mark','Pin 1 mark','',(#5252));
#5252 = PRODUCT_CONTEXT('',#2,'mechanical');
#5253 = PRODUCT_DEFINITION_CONTEXT('part definition',#2,'design');
#5254 = ADVANCED_BREP_SHAPE_REPRESENTATION('',(#11,#5255),#5308);
#5255 = MANIFOLD_SOLID_BREP('',#5256);
#5256 = CLOSED_SHELL('',(#5257,#5290,#5299));
#5257 = ADVANCED_FACE('',(#5258),#5285,.T.);
#5258 = FACE_BOUND('',#5259,.T.);
#5259 = EDGE_LOOP('',(#5260,#5269,#5277,#5284));
#5260 = ORIENTED_EDGE('',*,*,#5261,.F.);
#5261 = EDGE_CURVE('',#5262,#5262,#5264,.T.);
#5262 = VERTEX_POINT('',#5263);
#5263 = CARTESIAN_POINT('',(-5.55,-3.55,1.98));
#5264 = CIRCLE('',#5265,0.55);
#5265 = AXIS2_PLACEMENT_3D('',#5266,#5267,#5268);
#5266 = CARTESIAN_POINT('',(-6.1,-3.55,1.98));
#5267 = DIRECTION('',(0.,0.,1.));
#5268 = DIRECTION('',(1.,0.,-0.));
#5269 = ORIENTED_EDGE('',*,*,#5270,.F.);
#5270 = EDGE_CURVE('',#5271,#5262,#5273,.T.);
#5271 = VERTEX_POINT('',#5272);
#5272 = CARTESIAN_POINT('',(-5.55,-3.55,1.95));
#5273 = LINE('',#5274,#5275);
#5274 = CARTESIAN_POINT('',(-5.55,-3.55,1.95));
#5275 = VECTOR('',#5276,1.);
#5276 = DIRECTION('',(0.,0.,1.));
#5277 = ORIENTED_EDGE('',*,*,#5278,.T.);
#5278 = EDGE_CURVE('',#5271,#5271,#5279,.T.);
#5279 = CIRCLE('',#5280,0.55);
#5280 = AXIS2_PLACEMENT_3D('',#5281,#5282,#5283);
#5281 = CARTESIAN_POINT('',(-6.1,-3.55,1.95));
#5282 = DIRECTION('',(0.,0.,1.));
#5283 = DIRECTION('',(1.,0.,-0.));
#5284 = ORIENTED_EDGE('',*,*,#5270,.T.);
#5285 = CYLINDRICAL_SURFACE('',#5286,0.55);
#5286 = AXIS2_PLACEMENT_3D('',#5287,#5288,#5289);
#5287 = CARTESIAN_POINT('',(-6.1,-3.55,1.95));
#5288 = DIRECTION('',(0.,0.,1.));
#5289 = DIRECTION('',(1.,0.,-0.));
#5290 = ADVANCED_FACE('',(#5291),#5294,.T.);
#5291 = FACE_BOUND('',#5292,.T.);
#5292 = EDGE_LOOP('',(#5293));
#5293 = ORIENTED_EDGE('',*,*,#5261,.T.);
#5294 = PLANE('',#5295);
#5295 = AXIS2_PLACEMENT_3D('',#5296,#5297,#5298);
#5296 = CARTESIAN_POINT('',(-6.1,-3.55,1.98));
#5297 = DIRECTION('',(0.,0.,1.));
#5298 = DIRECTION('',(1.,0.,-0.));
#5299 = ADVANCED_FACE('',(#5300),#5303,.F.);
#5300 = FACE_BOUND('',#5301,.T.);
#5301 = EDGE_LOOP('',(#5302));
#5302 = ORIENTED_EDGE('',*,*,#5278,.F.);
#5303 = PLANE('',#5304);
#5304 = AXIS2_PLACEMENT_3D('',#5305,#5306,#5307);
#5305 = CARTESIAN_POINT('',(-6.1,-3.55,1.95));
#5306 = DIRECTION('',(0.,0.,1.));
#5307 = DIRECTION('',(1.,0.,-0.));
#5308 = ( GEOMETRIC_REPRESENTATION_CONTEXT(3) 
GLOBAL_UNCERTAINTY_ASSIGNED_CONTEXT((#5312)) 
GLOBAL_UNIT_ASSIGNED_CONTEXT((#5309,#5310,#5311)) REPRESENTATION_CONTEXT
('Context #1','3D Context with UNIT and UNCERTAINTY') );
#5309 = ( LENGTH_UNIT() NAMED_UNIT(*) SI_UNIT(.MILLI.,.METRE.) );
#5310 = ( NAMED_UNIT(*) PLANE_ANGLE_UNIT() SI_UNIT($,.RADIAN.) );
#5311 = ( NAMED_UNIT(*) SI_UNIT($,.STERADIAN.) SOLID_ANGLE_UNIT() );
#5312 = UNCERTAINTY_MEASURE_WITH_UNIT(LENGTH_MEASURE(1.E-07),#5309,
  'distance_accuracy_value','confusion accuracy');
#5313 = CONTEXT_DEPENDENT_SHAPE_REPRESENTATION(#5314,#5316);
#5314 = ( REPRESENTATION_RELATIONSHIP('','',#5254,#10) 
REPRESENTATION_RELATIONSHIP_WITH_TRANSFORMATION(#5315) 
SHAPE_REPRESENTATION_RELATIONSHIP() );
#5315 = ITEM_DEFINED_TRANSFORMATION('','',#11,#135);
#5316 = PRODUCT_DEFINITION_SHAPE('Placement','Placement of an item',
  #5317);
#5317 = NEXT_ASSEMBLY_USAGE_OCCURRENCE('31','Pin 1 mark','',#5,#5249,$);
#5318 = PRODUCT_RELATED_PRODUCT_CATEGORY('part',$,(#5251));
#5319 = SHAPE_DEFINITION_REPRESENTATION(#5320,#5326);
#5320 = PRODUCT_DEFINITION_SHAPE('','',#5321);
#5321 = PRODUCT_DEFINITION('design','',#5322,#5325);
#5322 = PRODUCT_DEFINITION_FORMATION('','',#5323);
#5323 = PRODUCT('PCB antenna','PCB antenna','',(#5324));
#5324 = PRODUCT_CONTEXT('',#2,'mechanical');
#5325 = PRODUCT_DEFINITION_CONTEXT('part definition',#2,'design');
#5326 = ADVANCED_BREP_SHAPE_REPRESENTATION('',(#11,#5327),#5477);
#5327 = MANIFOLD_SOLID_BREP('',#5328);
#5328 = CLOSED_SHELL('',(#5329,#5369,#5409,#5431,#5453,#5465));
#5329 = ADVANCED_FACE('',(#5330),#5364,.F.);
#5330 = FACE_BOUND('',#5331,.F.);
#5331 = EDGE_LOOP('',(#5332,#5342,#5350,#5358));
#5332 = ORIENTED_EDGE('',*,*,#5333,.F.);
#5333 = EDGE_CURVE('',#5334,#5336,#5338,.T.);
#5334 = VERTEX_POINT('',#5335);
#5335 = CARTESIAN_POINT('',(-7.1,-10.7,0.8));
#5336 = VERTEX_POINT('',#5337);
#5337 = CARTESIAN_POINT('',(-7.1,-10.7,0.84));
#5338 = LINE('',#5339,#5340);
#5339 = CARTESIAN_POINT('',(-7.1,-10.7,0.8));
#5340 = VECTOR('',#5341,1.);
#5341 = DIRECTION('',(0.,0.,1.));
#5342 = ORIENTED_EDGE('',*,*,#5343,.T.);
#5343 = EDGE_CURVE('',#5334,#5344,#5346,.T.);
#5344 = VERTEX_POINT('',#5345);
#5345 = CARTESIAN_POINT('',(-7.1,-10.25,0.8));
#5346 = LINE('',#5347,#5348);
#5347 = CARTESIAN_POINT('',(-7.1,-10.7,0.8));
#5348 = VECTOR('',#5349,1.);
#5349 = DIRECTION('',(-0.,1.,0.));
#5350 = ORIENTED_EDGE('',*,*,#5351,.T.);
#5351 = EDGE_CURVE('',#5344,#5352,#5354,.T.);
#5352 = VERTEX_POINT('',#5353);
#5353 = CARTESIAN_POINT('',(-7.1,-10.25,0.84));
#5354 = LINE('',#5355,#5356);
#5355 = CARTESIAN_POINT('',(-7.1,-10.25,0.8));
#5356 = VECTOR('',#5357,1.);
#5357 = DIRECTION('',(0.,0.,1.));
#5358 = ORIENTED_EDGE('',*,*,#5359,.F.);
#5359 = EDGE_CURVE('',#5336,#5352,#5360,.T.);
#5360 = LINE('',#5361,#5362);
#5361 = CARTESIAN_POINT('',(-7.1,-10.7,0.84));
#5362 = VECTOR('',#5363,1.);
#5363 = DIRECTION('',(-0.,1.,0.));
#5364 = PLANE('',#5365);
#5365 = AXIS2_PLACEMENT_3D('',#5366,#5367,#5368);
#5366 = CARTESIAN_POINT('',(-7.1,-10.7,0.8));
#5367 = DIRECTION('',(1.,0.,-0.));
#5368 = DIRECTION('',(0.,0.,1.));
#5369 = ADVANCED_FACE('',(#5370),#5404,.T.);
#5370 = FACE_BOUND('',#5371,.T.);
#5371 = EDGE_LOOP('',(#5372,#5382,#5390,#5398));
#5372 = ORIENTED_EDGE('',*,*,#5373,.F.);
#5373 = EDGE_CURVE('',#5374,#5376,#5378,.T.);
#5374 = VERTEX_POINT('',#5375);
#5375 = CARTESIAN_POINT('',(6.7,-10.7,0.8));
#5376 = VERTEX_POINT('',#5377);
#5377 = CARTESIAN_POINT('',(6.7,-10.7,0.84));
#5378 = LINE('',#5379,#5380);
#5379 = CARTESIAN_POINT('',(6.7,-10.7,0.8));
#5380 = VECTOR('',#5381,1.);
#5381 = DIRECTION('',(0.,0.,1.));
#5382 = ORIENTED_EDGE('',*,*,#5383,.T.);
#5383 = EDGE_CURVE('',#5374,#5384,#5386,.T.);
#5384 = VERTEX_POINT('',#5385);
#5385 = CARTESIAN_POINT('',(6.7,-10.25,0.8));
#5386 = LINE('',#5387,#5388);
#5387 = CARTESIAN_POINT('',(6.7,-10.7,0.8));
#5388 = VECTOR('',#5389,1.);
#5389 = DIRECTION('',(-0.,1.,0.));
#5390 = ORIENTED_EDGE('',*,*,#5391,.T.);
#5391 = EDGE_CURVE('',#5384,#5392,#5394,.T.);
#5392 = VERTEX_POINT('',#5393);
#5393 = CARTESIAN_POINT('',(6.7,-10.25,0.84));
#5394 = LINE('',#5395,#5396);
#5395 = CARTESIAN_POINT('',(6.7,-10.25,0.8));
#5396 = VECTOR('',#5397,1.);
#5397 = DIRECTION('',(0.,0.,1.));
#5398 = ORIENTED_EDGE('',*,*,#5399,.F.);
#5399 = EDGE_CURVE('',#5376,#5392,#5400,.T.);
#5400 = LINE('',#5401,#5402);
#5401 = CARTESIAN_POINT('',(6.7,-10.7,0.84));
#5402 = VECTOR('',#5403,1.);
#5403 = DIRECTION('',(-0.,1.,0.));
#5404 = PLANE('',#5405);
#5405 = AXIS2_PLACEMENT_3D('',#5406,#5407,#5408);
#5406 = CARTESIAN_POINT('',(6.7,-10.7,0.8));
#5407 = DIRECTION('',(1.,0.,-0.));
#5408 = DIRECTION('',(0.,0.,1.));
#5409 = ADVANCED_FACE('',(#5410),#5426,.F.);
#5410 = FACE_BOUND('',#5411,.F.);
#5411 = EDGE_LOOP('',(#5412,#5418,#5419,#5425));
#5412 = ORIENTED_EDGE('',*,*,#5413,.F.);
#5413 = EDGE_CURVE('',#5334,#5374,#5414,.T.);
#5414 = LINE('',#5415,#5416);
#5415 = CARTESIAN_POINT('',(-7.1,-10.7,0.8));
#5416 = VECTOR('',#5417,1.);
#5417 = DIRECTION('',(1.,0.,-0.));
#5418 = ORIENTED_EDGE('',*,*,#5333,.T.);
#5419 = ORIENTED_EDGE('',*,*,#5420,.T.);
#5420 = EDGE_CURVE('',#5336,#5376,#5421,.T.);
#5421 = LINE('',#5422,#5423);
#5422 = CARTESIAN_POINT('',(-7.1,-10.7,0.84));
#5423 = VECTOR('',#5424,1.);
#5424 = DIRECTION('',(1.,0.,-0.));
#5425 = ORIENTED_EDGE('',*,*,#5373,.F.);
#5426 = PLANE('',#5427);
#5427 = AXIS2_PLACEMENT_3D('',#5428,#5429,#5430);
#5428 = CARTESIAN_POINT('',(-7.1,-10.7,0.8));
#5429 = DIRECTION('',(-0.,1.,0.));
#5430 = DIRECTION('',(0.,0.,1.));
#5431 = ADVANCED_FACE('',(#5432),#5448,.T.);
#5432 = FACE_BOUND('',#5433,.T.);
#5433 = EDGE_LOOP('',(#5434,#5440,#5441,#5447));
#5434 = ORIENTED_EDGE('',*,*,#5435,.F.);
#5435 = EDGE_CURVE('',#5344,#5384,#5436,.T.);
#5436 = LINE('',#5437,#5438);
#5437 = CARTESIAN_POINT('',(-7.1,-10.25,0.8));
#5438 = VECTOR('',#5439,1.);
#5439 = DIRECTION('',(1.,0.,-0.));
#5440 = ORIENTED_EDGE('',*,*,#5351,.T.);
#5441 = ORIENTED_EDGE('',*,*,#5442,.T.);
#5442 = EDGE_CURVE('',#5352,#5392,#5443,.T.);
#5443 = LINE('',#5444,#5445);
#5444 = CARTESIAN_POINT('',(-7.1,-10.25,0.84));
#5445 = VECTOR('',#5446,1.);
#5446 = DIRECTION('',(1.,0.,-0.));
#5447 = ORIENTED_EDGE('',*,*,#5391,.F.);
#5448 = PLANE('',#5449);
#5449 = AXIS2_PLACEMENT_3D('',#5450,#5451,#5452);
#5450 = CARTESIAN_POINT('',(-7.1,-10.25,0.8));
#5451 = DIRECTION('',(-0.,1.,0.));
#5452 = DIRECTION('',(0.,0.,1.));
#5453 = ADVANCED_FACE('',(#5454),#5460,.F.);
#5454 = FACE_BOUND('',#5455,.F.);
#5455 = EDGE_LOOP('',(#5456,#5457,#5458,#5459));
#5456 = ORIENTED_EDGE('',*,*,#5343,.F.);
#5457 = ORIENTED_EDGE('',*,*,#5413,.T.);
#5458 = ORIENTED_EDGE('',*,*,#5383,.T.);
#5459 = ORIENTED_EDGE('',*,*,#5435,.F.);
#5460 = PLANE('',#5461);
#5461 = AXIS2_PLACEMENT_3D('',#5462,#5463,#5464);
#5462 = CARTESIAN_POINT('',(-7.1,-10.7,0.8));
#5463 = DIRECTION('',(0.,0.,1.));
#5464 = DIRECTION('',(1.,0.,-0.));
#5465 = ADVANCED_FACE('',(#5466),#5472,.T.);
#5466 = FACE_BOUND('',#5467,.T.);
#5467 = EDGE_LOOP('',(#5468,#5469,#5470,#5471));
#5468 = ORIENTED_EDGE('',*,*,#5359,.F.);
#5469 = ORIENTED_EDGE('',*,*,#5420,.T.);
#5470 = ORIENTED_EDGE('',*,*,#5399,.T.);
#5471 = ORIENTED_EDGE('',*,*,#5442,.F.);
#5472 = PLANE('',#5473);
#5473 = AXIS2_PLACEMENT_3D('',#5474,#5475,#5476);
#5474 = CARTESIAN_POINT('',(-7.1,-10.7,0.84));
#5475 = DIRECTION('',(0.,0.,1.));
#5476 = DIRECTION('',(1.,0.,-0.));
#5477 = ( GEOMETRIC_REPRESENTATION_CONTEXT(3) 
GLOBAL_UNCERTAINTY_ASSIGNED_CONTEXT((#5481)) 
GLOBAL_UNIT_ASSIGNED_CONTEXT((#5478,#5479,#5480)) REPRESENTATION_CONTEXT
('Context #1','3D Context with UNIT and UNCERTAINTY') );
#5478 = ( LENGTH_UNIT() NAMED_UNIT(*) SI_UNIT(.MILLI.,.METRE.) );
#5479 = ( NAMED_UNIT(*) PLANE_ANGLE_UNIT() SI_UNIT($,.RADIAN.) );
#5480 = ( NAMED_UNIT(*) SI_UNIT($,.STERADIAN.) SOLID_ANGLE_UNIT() );
#5481 = UNCERTAINTY_MEASURE_WITH_UNIT(LENGTH_MEASURE(1.E-07),#5478,
  'distance_accuracy_value','confusion accuracy');
#5482 = CONTEXT_DEPENDENT_SHAPE_REPRESENTATION(#5483,#5485);
#5483 = ( REPRESENTATION_RELATIONSHIP('','',#5326,#10) 
REPRESENTATION_RELATIONSHIP_WITH_TRANSFORMATION(#5484) 
SHAPE_REPRESENTATION_RELATIONSHIP() );
#5484 = ITEM_DEFINED_TRANSFORMATION('','',#11,#139);
#5485 = PRODUCT_DEFINITION_SHAPE('Placement','Placement of an item',
  #5486);
#5486 = NEXT_ASSEMBLY_USAGE_OCCURRENCE('32','PCB antenna','',#5,#5321,$
  );
#5487 = PRODUCT_RELATED_PRODUCT_CATEGORY('part',$,(#5323));
#5488 = SHAPE_DEFINITION_REPRESENTATION(#5489,#5495);
#5489 = PRODUCT_DEFINITION_SHAPE('','',#5490);
#5490 = PRODUCT_DEFINITION('design','',#5491,#5494);
#5491 = PRODUCT_DEFINITION_FORMATION('','',#5492);
#5492 = PRODUCT('PCB antenna001','PCB antenna001','',(#5493));
#5493 = PRODUCT_CONTEXT('',#2,'mechanical');
#5494 = PRODUCT_DEFINITION_CONTEXT('part definition',#2,'design');
#5495 = ADVANCED_BREP_SHAPE_REPRESENTATION('',(#11,#5496),#5646);
#5496 = MANIFOLD_SOLID_BREP('',#5497);
#5497 = CLOSED_SHELL('',(#5498,#5538,#5578,#5600,#5622,#5634));
#5498 = ADVANCED_FACE('',(#5499),#5533,.F.);
#5499 = FACE_BOUND('',#5500,.F.);
#5500 = EDGE_LOOP('',(#5501,#5511,#5519,#5527));
#5501 = ORIENTED_EDGE('',*,*,#5502,.F.);
#5502 = EDGE_CURVE('',#5503,#5505,#5507,.T.);
#5503 = VERTEX_POINT('',#5504);
#5504 = CARTESIAN_POINT('',(-7.1,-10.7,0.8));
#5505 = VERTEX_POINT('',#5506);
#5506 = CARTESIAN_POINT('',(-7.1,-10.7,0.84));
#5507 = LINE('',#5508,#5509);
#5508 = CARTESIAN_POINT('',(-7.1,-10.7,0.8));
#5509 = VECTOR('',#5510,1.);
#5510 = DIRECTION('',(0.,0.,1.));
#5511 = ORIENTED_EDGE('',*,*,#5512,.T.);
#5512 = EDGE_CURVE('',#5503,#5513,#5515,.T.);
#5513 = VERTEX_POINT('',#5514);
#5514 = CARTESIAN_POINT('',(-7.1,-7.2,0.8));
#5515 = LINE('',#5516,#5517);
#5516 = CARTESIAN_POINT('',(-7.1,-10.7,0.8));
#5517 = VECTOR('',#5518,1.);
#5518 = DIRECTION('',(-0.,1.,0.));
#5519 = ORIENTED_EDGE('',*,*,#5520,.T.);
#5520 = EDGE_CURVE('',#5513,#5521,#5523,.T.);
#5521 = VERTEX_POINT('',#5522);
#5522 = CARTESIAN_POINT('',(-7.1,-7.2,0.84));
#5523 = LINE('',#5524,#5525);
#5524 = CARTESIAN_POINT('',(-7.1,-7.2,0.8));
#5525 = VECTOR('',#5526,1.);
#5526 = DIRECTION('',(0.,0.,1.));
#5527 = ORIENTED_EDGE('',*,*,#5528,.F.);
#5528 = EDGE_CURVE('',#5505,#5521,#5529,.T.);
#5529 = LINE('',#5530,#5531);
#5530 = CARTESIAN_POINT('',(-7.1,-10.7,0.84));
#5531 = VECTOR('',#5532,1.);
#5532 = DIRECTION('',(-0.,1.,0.));
#5533 = PLANE('',#5534);
#5534 = AXIS2_PLACEMENT_3D('',#5535,#5536,#5537);
#5535 = CARTESIAN_POINT('',(-7.1,-10.7,0.8));
#5536 = DIRECTION('',(1.,0.,-0.));
#5537 = DIRECTION('',(0.,0.,1.));
#5538 = ADVANCED_FACE('',(#5539),#5573,.T.);
#5539 = FACE_BOUND('',#5540,.T.);
#5540 = EDGE_LOOP('',(#5541,#5551,#5559,#5567));
#5541 = ORIENTED_EDGE('',*,*,#5542,.F.);
#5542 = EDGE_CURVE('',#5543,#5545,#5547,.T.);
#5543 = VERTEX_POINT('',#5544);
#5544 = CARTESIAN_POINT('',(-6.65,-10.7,0.8));
#5545 = VERTEX_POINT('',#5546);
#5546 = CARTESIAN_POINT('',(-6.65,-10.7,0.84));
#5547 = LINE('',#5548,#5549);
#5548 = CARTESIAN_POINT('',(-6.65,-10.7,0.8));
#5549 = VECTOR('',#5550,1.);
#5550 = DIRECTION('',(0.,0.,1.));
#5551 = ORIENTED_EDGE('',*,*,#5552,.T.);
#5552 = EDGE_CURVE('',#5543,#5553,#5555,.T.);
#5553 = VERTEX_POINT('',#5554);
#5554 = CARTESIAN_POINT('',(-6.65,-7.2,0.8));
#5555 = LINE('',#5556,#5557);
#5556 = CARTESIAN_POINT('',(-6.65,-10.7,0.8));
#5557 = VECTOR('',#5558,1.);
#5558 = DIRECTION('',(-0.,1.,0.));
#5559 = ORIENTED_EDGE('',*,*,#5560,.T.);
#5560 = EDGE_CURVE('',#5553,#5561,#5563,.T.);
#5561 = VERTEX_POINT('',#5562);
#5562 = CARTESIAN_POINT('',(-6.65,-7.2,0.84));
#5563 = LINE('',#5564,#5565);
#5564 = CARTESIAN_POINT('',(-6.65,-7.2,0.8));
#5565 = VECTOR('',#5566,1.);
#5566 = DIRECTION('',(0.,0.,1.));
#5567 = ORIENTED_EDGE('',*,*,#5568,.F.);
#5568 = EDGE_CURVE('',#5545,#5561,#5569,.T.);
#5569 = LINE('',#5570,#5571);
#5570 = CARTESIAN_POINT('',(-6.65,-10.7,0.84));
#5571 = VECTOR('',#5572,1.);
#5572 = DIRECTION('',(-0.,1.,0.));
#5573 = PLANE('',#5574);
#5574 = AXIS2_PLACEMENT_3D('',#5575,#5576,#5577);
#5575 = CARTESIAN_POINT('',(-6.65,-10.7,0.8));
#5576 = DIRECTION('',(1.,0.,-0.));
#5577 = DIRECTION('',(0.,0.,1.));
#5578 = ADVANCED_FACE('',(#5579),#5595,.F.);
#5579 = FACE_BOUND('',#5580,.F.);
#5580 = EDGE_LOOP('',(#5581,#5587,#5588,#5594));
#5581 = ORIENTED_EDGE('',*,*,#5582,.F.);
#5582 = EDGE_CURVE('',#5503,#5543,#5583,.T.);
#5583 = LINE('',#5584,#5585);
#5584 = CARTESIAN_POINT('',(-7.1,-10.7,0.8));
#5585 = VECTOR('',#5586,1.);
#5586 = DIRECTION('',(1.,0.,-0.));
#5587 = ORIENTED_EDGE('',*,*,#5502,.T.);
#5588 = ORIENTED_EDGE('',*,*,#5589,.T.);
#5589 = EDGE_CURVE('',#5505,#5545,#5590,.T.);
#5590 = LINE('',#5591,#5592);
#5591 = CARTESIAN_POINT('',(-7.1,-10.7,0.84));
#5592 = VECTOR('',#5593,1.);
#5593 = DIRECTION('',(1.,0.,-0.));
#5594 = ORIENTED_EDGE('',*,*,#5542,.F.);
#5595 = PLANE('',#5596);
#5596 = AXIS2_PLACEMENT_3D('',#5597,#5598,#5599);
#5597 = CARTESIAN_POINT('',(-7.1,-10.7,0.8));
#5598 = DIRECTION('',(-0.,1.,0.));
#5599 = DIRECTION('',(0.,0.,1.));
#5600 = ADVANCED_FACE('',(#5601),#5617,.T.);
#5601 = FACE_BOUND('',#5602,.T.);
#5602 = EDGE_LOOP('',(#5603,#5609,#5610,#5616));
#5603 = ORIENTED_EDGE('',*,*,#5604,.F.);
#5604 = EDGE_CURVE('',#5513,#5553,#5605,.T.);
#5605 = LINE('',#5606,#5607);
#5606 = CARTESIAN_POINT('',(-7.1,-7.2,0.8));
#5607 = VECTOR('',#5608,1.);
#5608 = DIRECTION('',(1.,0.,-0.));
#5609 = ORIENTED_EDGE('',*,*,#5520,.T.);
#5610 = ORIENTED_EDGE('',*,*,#5611,.T.);
#5611 = EDGE_CURVE('',#5521,#5561,#5612,.T.);
#5612 = LINE('',#5613,#5614);
#5613 = CARTESIAN_POINT('',(-7.1,-7.2,0.84));
#5614 = VECTOR('',#5615,1.);
#5615 = DIRECTION('',(1.,0.,-0.));
#5616 = ORIENTED_EDGE('',*,*,#5560,.F.);
#5617 = PLANE('',#5618);
#5618 = AXIS2_PLACEMENT_3D('',#5619,#5620,#5621);
#5619 = CARTESIAN_POINT('',(-7.1,-7.2,0.8));
#5620 = DIRECTION('',(-0.,1.,0.));
#5621 = DIRECTION('',(0.,0.,1.));
#5622 = ADVANCED_FACE('',(#5623),#5629,.F.);
#5623 = FACE_BOUND('',#5624,.F.);
#5624 = EDGE_LOOP('',(#5625,#5626,#5627,#5628));
#5625 = ORIENTED_EDGE('',*,*,#5512,.F.);
#5626 = ORIENTED_EDGE('',*,*,#5582,.T.);
#5627 = ORIENTED_EDGE('',*,*,#5552,.T.);
#5628 = ORIENTED_EDGE('',*,*,#5604,.F.);
#5629 = PLANE('',#5630);
#5630 = AXIS2_PLACEMENT_3D('',#5631,#5632,#5633);
#5631 = CARTESIAN_POINT('',(-7.1,-10.7,0.8));
#5632 = DIRECTION('',(0.,0.,1.));
#5633 = DIRECTION('',(1.,0.,-0.));
#5634 = ADVANCED_FACE('',(#5635),#5641,.T.);
#5635 = FACE_BOUND('',#5636,.T.);
#5636 = EDGE_LOOP('',(#5637,#5638,#5639,#5640));
#5637 = ORIENTED_EDGE('',*,*,#5528,.F.);
#5638 = ORIENTED_EDGE('',*,*,#5589,.T.);
#5639 = ORIENTED_EDGE('',*,*,#5568,.T.);
#5640 = ORIENTED_EDGE('',*,*,#5611,.F.);
#5641 = PLANE('',#5642);
#5642 = AXIS2_PLACEMENT_3D('',#5643,#5644,#5645);
#5643 = CARTESIAN_POINT('',(-7.1,-10.7,0.84));
#5644 = DIRECTION('',(0.,0.,1.));
#5645 = DIRECTION('',(1.,0.,-0.));
#5646 = ( GEOMETRIC_REPRESENTATION_CONTEXT(3) 
GLOBAL_UNCERTAINTY_ASSIGNED_CONTEXT((#5650)) 
GLOBAL_UNIT_ASSIGNED_CONTEXT((#5647,#5648,#5649)) REPRESENTATION_CONTEXT
('Context #1','3D Context with UNIT and UNCERTAINTY') );
#5647 = ( LENGTH_UNIT() NAMED_UNIT(*) SI_UNIT(.MILLI.,.METRE.) );
#5648 = ( NAMED_UNIT(*) PLANE_ANGLE_UNIT() SI_UNIT($,.RADIAN.) );
#5649 = ( NAMED_UNIT(*) SI_UNIT($,.STERADIAN.) SOLID_ANGLE_UNIT() );
#5650 = UNCERTAINTY_MEASURE_WITH_UNIT(LENGTH_MEASURE(1.E-07),#5647,
  'distance_accuracy_value','confusion accuracy');
#5651 = CONTEXT_DEPENDENT_SHAPE_REPRESENTATION(#5652,#5654);
#5652 = ( REPRESENTATION_RELATIONSHIP('','',#5495,#10) 
REPRESENTATION_RELATIONSHIP_WITH_TRANSFORMATION(#5653) 
SHAPE_REPRESENTATION_RELATIONSHIP() );
#5653 = ITEM_DEFINED_TRANSFORMATION('','',#11,#143);
#5654 = PRODUCT_DEFINITION_SHAPE('Placement','Placement of an item',
  #5655);
#5655 = NEXT_ASSEMBLY_USAGE_OCCURRENCE('33','PCB antenna001','',#5,#5490
  ,$);
#5656 = PRODUCT_RELATED_PRODUCT_CATEGORY('part',$,(#5492));
#5657 = SHAPE_DEFINITION_REPRESENTATION(#5658,#5664);
#5658 = PRODUCT_DEFINITION_SHAPE('','',#5659);
#5659 = PRODUCT_DEFINITION('design','',#5660,#5663);
#5660 = PRODUCT_DEFINITION_FORMATION('','',#5661);
#5661 = PRODUCT('PCB antenna002','PCB antenna002','',(#5662));
#5662 = PRODUCT_CONTEXT('',#2,'mechanical');
#5663 = PRODUCT_DEFINITION_CONTEXT('part definition',#2,'design');
#5664 = ADVANCED_BREP_SHAPE_REPRESENTATION('',(#11,#5665),#5815);
#5665 = MANIFOLD_SOLID_BREP('',#5666);
#5666 = CLOSED_SHELL('',(#5667,#5707,#5747,#5769,#5791,#5803));
#5667 = ADVANCED_FACE('',(#5668),#5702,.F.);
#5668 = FACE_BOUND('',#5669,.F.);
#5669 = EDGE_LOOP('',(#5670,#5680,#5688,#5696));
#5670 = ORIENTED_EDGE('',*,*,#5671,.F.);
#5671 = EDGE_CURVE('',#5672,#5674,#5676,.T.);
#5672 = VERTEX_POINT('',#5673);
#5673 = CARTESIAN_POINT('',(-7.1,-7.65,0.8));
#5674 = VERTEX_POINT('',#5675);
#5675 = CARTESIAN_POINT('',(-7.1,-7.65,0.84));
#5676 = LINE('',#5677,#5678);
#5677 = CARTESIAN_POINT('',(-7.1,-7.65,0.8));
#5678 = VECTOR('',#5679,1.);
#5679 = DIRECTION('',(0.,0.,1.));
#5680 = ORIENTED_EDGE('',*,*,#5681,.T.);
#5681 = EDGE_CURVE('',#5672,#5682,#5684,.T.);
#5682 = VERTEX_POINT('',#5683);
#5683 = CARTESIAN_POINT('',(-7.1,-7.2,0.8));
#5684 = LINE('',#5685,#5686);
#5685 = CARTESIAN_POINT('',(-7.1,-7.65,0.8));
#5686 = VECTOR('',#5687,1.);
#5687 = DIRECTION('',(-0.,1.,0.));
#5688 = ORIENTED_EDGE('',*,*,#5689,.T.);
#5689 = EDGE_CURVE('',#5682,#5690,#5692,.T.);
#5690 = VERTEX_POINT('',#5691);
#5691 = CARTESIAN_POINT('',(-7.1,-7.2,0.84));
#5692 = LINE('',#5693,#5694);
#5693 = CARTESIAN_POINT('',(-7.1,-7.2,0.8));
#5694 = VECTOR('',#5695,1.);
#5695 = DIRECTION('',(0.,0.,1.));
#5696 = ORIENTED_EDGE('',*,*,#5697,.F.);
#5697 = EDGE_CURVE('',#5674,#5690,#5698,.T.);
#5698 = LINE('',#5699,#5700);
#5699 = CARTESIAN_POINT('',(-7.1,-7.65,0.84));
#5700 = VECTOR('',#5701,1.);
#5701 = DIRECTION('',(-0.,1.,0.));
#5702 = PLANE('',#5703);
#5703 = AXIS2_PLACEMENT_3D('',#5704,#5705,#5706);
#5704 = CARTESIAN_POINT('',(-7.1,-7.65,0.8));
#5705 = DIRECTION('',(1.,0.,-0.));
#5706 = DIRECTION('',(0.,0.,1.));
#5707 = ADVANCED_FACE('',(#5708),#5742,.T.);
#5708 = FACE_BOUND('',#5709,.T.);
#5709 = EDGE_LOOP('',(#5710,#5720,#5728,#5736));
#5710 = ORIENTED_EDGE('',*,*,#5711,.F.);
#5711 = EDGE_CURVE('',#5712,#5714,#5716,.T.);
#5712 = VERTEX_POINT('',#5713);
#5713 = CARTESIAN_POINT('',(-3.1,-7.65,0.8));
#5714 = VERTEX_POINT('',#5715);
#5715 = CARTESIAN_POINT('',(-3.1,-7.65,0.84));
#5716 = LINE('',#5717,#5718);
#5717 = CARTESIAN_POINT('',(-3.1,-7.65,0.8));
#5718 = VECTOR('',#5719,1.);
#5719 = DIRECTION('',(0.,0.,1.));
#5720 = ORIENTED_EDGE('',*,*,#5721,.T.);
#5721 = EDGE_CURVE('',#5712,#5722,#5724,.T.);
#5722 = VERTEX_POINT('',#5723);
#5723 = CARTESIAN_POINT('',(-3.1,-7.2,0.8));
#5724 = LINE('',#5725,#5726);
#5725 = CARTESIAN_POINT('',(-3.1,-7.65,0.8));
#5726 = VECTOR('',#5727,1.);
#5727 = DIRECTION('',(-0.,1.,0.));
#5728 = ORIENTED_EDGE('',*,*,#5729,.T.);
#5729 = EDGE_CURVE('',#5722,#5730,#5732,.T.);
#5730 = VERTEX_POINT('',#5731);
#5731 = CARTESIAN_POINT('',(-3.1,-7.2,0.84));
#5732 = LINE('',#5733,#5734);
#5733 = CARTESIAN_POINT('',(-3.1,-7.2,0.8));
#5734 = VECTOR('',#5735,1.);
#5735 = DIRECTION('',(0.,0.,1.));
#5736 = ORIENTED_EDGE('',*,*,#5737,.F.);
#5737 = EDGE_CURVE('',#5714,#5730,#5738,.T.);
#5738 = LINE('',#5739,#5740);
#5739 = CARTESIAN_POINT('',(-3.1,-7.65,0.84));
#5740 = VECTOR('',#5741,1.);
#5741 = DIRECTION('',(-0.,1.,0.));
#5742 = PLANE('',#5743);
#5743 = AXIS2_PLACEMENT_3D('',#5744,#5745,#5746);
#5744 = CARTESIAN_POINT('',(-3.1,-7.65,0.8));
#5745 = DIRECTION('',(1.,0.,-0.));
#5746 = DIRECTION('',(0.,0.,1.));
#5747 = ADVANCED_FACE('',(#5748),#5764,.F.);
#5748 = FACE_BOUND('',#5749,.F.);
#5749 = EDGE_LOOP('',(#5750,#5756,#5757,#5763));
#5750 = ORIENTED_EDGE('',*,*,#5751,.F.);
#5751 = EDGE_CURVE('',#5672,#5712,#5752,.T.);
#5752 = LINE('',#5753,#5754);
#5753 = CARTESIAN_POINT('',(-7.1,-7.65,0.8));
#5754 = VECTOR('',#5755,1.);
#5755 = DIRECTION('',(1.,0.,-0.));
#5756 = ORIENTED_EDGE('',*,*,#5671,.T.);
#5757 = ORIENTED_EDGE('',*,*,#5758,.T.);
#5758 = EDGE_CURVE('',#5674,#5714,#5759,.T.);
#5759 = LINE('',#5760,#5761);
#5760 = CARTESIAN_POINT('',(-7.1,-7.65,0.84));
#5761 = VECTOR('',#5762,1.);
#5762 = DIRECTION('',(1.,0.,-0.));
#5763 = ORIENTED_EDGE('',*,*,#5711,.F.);
#5764 = PLANE('',#5765);
#5765 = AXIS2_PLACEMENT_3D('',#5766,#5767,#5768);
#5766 = CARTESIAN_POINT('',(-7.1,-7.65,0.8));
#5767 = DIRECTION('',(-0.,1.,0.));
#5768 = DIRECTION('',(0.,0.,1.));
#5769 = ADVANCED_FACE('',(#5770),#5786,.T.);
#5770 = FACE_BOUND('',#5771,.T.);
#5771 = EDGE_LOOP('',(#5772,#5778,#5779,#5785));
#5772 = ORIENTED_EDGE('',*,*,#5773,.F.);
#5773 = EDGE_CURVE('',#5682,#5722,#5774,.T.);
#5774 = LINE('',#5775,#5776);
#5775 = CARTESIAN_POINT('',(-7.1,-7.2,0.8));
#5776 = VECTOR('',#5777,1.);
#5777 = DIRECTION('',(1.,0.,-0.));
#5778 = ORIENTED_EDGE('',*,*,#5689,.T.);
#5779 = ORIENTED_EDGE('',*,*,#5780,.T.);
#5780 = EDGE_CURVE('',#5690,#5730,#5781,.T.);
#5781 = LINE('',#5782,#5783);
#5782 = CARTESIAN_POINT('',(-7.1,-7.2,0.84));
#5783 = VECTOR('',#5784,1.);
#5784 = DIRECTION('',(1.,0.,-0.));
#5785 = ORIENTED_EDGE('',*,*,#5729,.F.);
#5786 = PLANE('',#5787);
#5787 = AXIS2_PLACEMENT_3D('',#5788,#5789,#5790);
#5788 = CARTESIAN_POINT('',(-7.1,-7.2,0.8));
#5789 = DIRECTION('',(-0.,1.,0.));
#5790 = DIRECTION('',(0.,0.,1.));
#5791 = ADVANCED_FACE('',(#5792),#5798,.F.);
#5792 = FACE_BOUND('',#5793,.F.);
#5793 = EDGE_LOOP('',(#5794,#5795,#5796,#5797));
#5794 = ORIENTED_EDGE('',*,*,#5681,.F.);
#5795 = ORIENTED_EDGE('',*,*,#5751,.T.);
#5796 = ORIENTED_EDGE('',*,*,#5721,.T.);
#5797 = ORIENTED_EDGE('',*,*,#5773,.F.);
#5798 = PLANE('',#5799);
#5799 = AXIS2_PLACEMENT_3D('',#5800,#5801,#5802);
#5800 = CARTESIAN_POINT('',(-7.1,-7.65,0.8));
#5801 = DIRECTION('',(0.,0.,1.));
#5802 = DIRECTION('',(1.,0.,-0.));
#5803 = ADVANCED_FACE('',(#5804),#5810,.T.);
#5804 = FACE_BOUND('',#5805,.T.);
#5805 = EDGE_LOOP('',(#5806,#5807,#5808,#5809));
#5806 = ORIENTED_EDGE('',*,*,#5697,.F.);
#5807 = ORIENTED_EDGE('',*,*,#5758,.T.);
#5808 = ORIENTED_EDGE('',*,*,#5737,.T.);
#5809 = ORIENTED_EDGE('',*,*,#5780,.F.);
#5810 = PLANE('',#5811);
#5811 = AXIS2_PLACEMENT_3D('',#5812,#5813,#5814);
#5812 = CARTESIAN_POINT('',(-7.1,-7.65,0.84));
#5813 = DIRECTION('',(0.,0.,1.));
#5814 = DIRECTION('',(1.,0.,-0.));
#5815 = ( GEOMETRIC_REPRESENTATION_CONTEXT(3) 
GLOBAL_UNCERTAINTY_ASSIGNED_CONTEXT((#5819)) 
GLOBAL_UNIT_ASSIGNED_CONTEXT((#5816,#5817,#5818)) REPRESENTATION_CONTEXT
('Context #1','3D Context with UNIT and UNCERTAINTY') );
#5816 = ( LENGTH_UNIT() NAMED_UNIT(*) SI_UNIT(.MILLI.,.METRE.) );
#5817 = ( NAMED_UNIT(*) PLANE_ANGLE_UNIT() SI_UNIT($,.RADIAN.) );
#5818 = ( NAMED_UNIT(*) SI_UNIT($,.STERADIAN.) SOLID_ANGLE_UNIT() );
#5819 = UNCERTAINTY_MEASURE_WITH_UNIT(LENGTH_MEASURE(1.E-07),#5816,
  'distance_accuracy_value','confusion accuracy');
#5820 = CONTEXT_DEPENDENT_SHAPE_REPRESENTATION(#5821,#5823);
#5821 = ( REPRESENTATION_RELATIONSHIP('','',#5664,#10) 
REPRESENTATION_RELATIONSHIP_WITH_TRANSFORMATION(#5822) 
SHAPE_REPRESENTATION_RELATIONSHIP() );
#5822 = ITEM_DEFINED_TRANSFORMATION('','',#11,#147);
#5823 = PRODUCT_DEFINITION_SHAPE('Placement','Placement of an item',
  #5824);
#5824 = NEXT_ASSEMBLY_USAGE_OCCURRENCE('34','PCB antenna002','',#5,#5659
  ,$);
#5825 = PRODUCT_RELATED_PRODUCT_CATEGORY('part',$,(#5661));
#5826 = SHAPE_DEFINITION_REPRESENTATION(#5827,#5833);
#5827 = PRODUCT_DEFINITION_SHAPE('','',#5828);
#5828 = PRODUCT_DEFINITION('design','',#5829,#5832);
#5829 = PRODUCT_DEFINITION_FORMATION('','',#5830);
#5830 = PRODUCT('PCB antenna003','PCB antenna003','',(#5831));
#5831 = PRODUCT_CONTEXT('',#2,'mechanical');
#5832 = PRODUCT_DEFINITION_CONTEXT('part definition',#2,'design');
#5833 = ADVANCED_BREP_SHAPE_REPRESENTATION('',(#11,#5834),#5984);
#5834 = MANIFOLD_SOLID_BREP('',#5835);
#5835 = CLOSED_SHELL('',(#5836,#5876,#5916,#5938,#5960,#5972));
#5836 = ADVANCED_FACE('',(#5837),#5871,.F.);
#5837 = FACE_BOUND('',#5838,.F.);
#5838 = EDGE_LOOP('',(#5839,#5849,#5857,#5865));
#5839 = ORIENTED_EDGE('',*,*,#5840,.F.);
#5840 = EDGE_CURVE('',#5841,#5843,#5845,.T.);
#5841 = VERTEX_POINT('',#5842);
#5842 = CARTESIAN_POINT('',(-3.55,-9.2,0.8));
#5843 = VERTEX_POINT('',#5844);
#5844 = CARTESIAN_POINT('',(-3.55,-9.2,0.84));
#5845 = LINE('',#5846,#5847);
#5846 = CARTESIAN_POINT('',(-3.55,-9.2,0.8));
#5847 = VECTOR('',#5848,1.);
#5848 = DIRECTION('',(0.,0.,1.));
#5849 = ORIENTED_EDGE('',*,*,#5850,.T.);
#5850 = EDGE_CURVE('',#5841,#5851,#5853,.T.);
#5851 = VERTEX_POINT('',#5852);
#5852 = CARTESIAN_POINT('',(-3.55,-7.2,0.8));
#5853 = LINE('',#5854,#5855);
#5854 = CARTESIAN_POINT('',(-3.55,-9.2,0.8));
#5855 = VECTOR('',#5856,1.);
#5856 = DIRECTION('',(-0.,1.,0.));
#5857 = ORIENTED_EDGE('',*,*,#5858,.T.);
#5858 = EDGE_CURVE('',#5851,#5859,#5861,.T.);
#5859 = VERTEX_POINT('',#5860);
#5860 = CARTESIAN_POINT('',(-3.55,-7.2,0.84));
#5861 = LINE('',#5862,#5863);
#5862 = CARTESIAN_POINT('',(-3.55,-7.2,0.8));
#5863 = VECTOR('',#5864,1.);
#5864 = DIRECTION('',(0.,0.,1.));
#5865 = ORIENTED_EDGE('',*,*,#5866,.F.);
#5866 = EDGE_CURVE('',#5843,#5859,#5867,.T.);
#5867 = LINE('',#5868,#5869);
#5868 = CARTESIAN_POINT('',(-3.55,-9.2,0.84));
#5869 = VECTOR('',#5870,1.);
#5870 = DIRECTION('',(-0.,1.,0.));
#5871 = PLANE('',#5872);
#5872 = AXIS2_PLACEMENT_3D('',#5873,#5874,#5875);
#5873 = CARTESIAN_POINT('',(-3.55,-9.2,0.8));
#5874 = DIRECTION('',(1.,0.,-0.));
#5875 = DIRECTION('',(0.,0.,1.));
#5876 = ADVANCED_FACE('',(#5877),#5911,.T.);
#5877 = FACE_BOUND('',#5878,.T.);
#5878 = EDGE_LOOP('',(#5879,#5889,#5897,#5905));
#5879 = ORIENTED_EDGE('',*,*,#5880,.F.);
#5880 = EDGE_CURVE('',#5881,#5883,#5885,.T.);
#5881 = VERTEX_POINT('',#5882);
#5882 = CARTESIAN_POINT('',(-3.1,-9.2,0.8));
#5883 = VERTEX_POINT('',#5884);
#5884 = CARTESIAN_POINT('',(-3.1,-9.2,0.84));
#5885 = LINE('',#5886,#5887);
#5886 = CARTESIAN_POINT('',(-3.1,-9.2,0.8));
#5887 = VECTOR('',#5888,1.);
#5888 = DIRECTION('',(0.,0.,1.));
#5889 = ORIENTED_EDGE('',*,*,#5890,.T.);
#5890 = EDGE_CURVE('',#5881,#5891,#5893,.T.);
#5891 = VERTEX_POINT('',#5892);
#5892 = CARTESIAN_POINT('',(-3.1,-7.2,0.8));
#5893 = LINE('',#5894,#5895);
#5894 = CARTESIAN_POINT('',(-3.1,-9.2,0.8));
#5895 = VECTOR('',#5896,1.);
#5896 = DIRECTION('',(-0.,1.,0.));
#5897 = ORIENTED_EDGE('',*,*,#5898,.T.);
#5898 = EDGE_CURVE('',#5891,#5899,#5901,.T.);
#5899 = VERTEX_POINT('',#5900);
#5900 = CARTESIAN_POINT('',(-3.1,-7.2,0.84));
#5901 = LINE('',#5902,#5903);
#5902 = CARTESIAN_POINT('',(-3.1,-7.2,0.8));
#5903 = VECTOR('',#5904,1.);
#5904 = DIRECTION('',(0.,0.,1.));
#5905 = ORIENTED_EDGE('',*,*,#5906,.F.);
#5906 = EDGE_CURVE('',#5883,#5899,#5907,.T.);
#5907 = LINE('',#5908,#5909);
#5908 = CARTESIAN_POINT('',(-3.1,-9.2,0.84));
#5909 = VECTOR('',#5910,1.);
#5910 = DIRECTION('',(-0.,1.,0.));
#5911 = PLANE('',#5912);
#5912 = AXIS2_PLACEMENT_3D('',#5913,#5914,#5915);
#5913 = CARTESIAN_POINT('',(-3.1,-9.2,0.8));
#5914 = DIRECTION('',(1.,0.,-0.));
#5915 = DIRECTION('',(0.,0.,1.));
#5916 = ADVANCED_FACE('',(#5917),#5933,.F.);
#5917 = FACE_BOUND('',#5918,.F.);
#5918 = EDGE_LOOP('',(#5919,#5925,#5926,#5932));
#5919 = ORIENTED_EDGE('',*,*,#5920,.F.);
#5920 = EDGE_CURVE('',#5841,#5881,#5921,.T.);
#5921 = LINE('',#5922,#5923);
#5922 = CARTESIAN_POINT('',(-3.55,-9.2,0.8));
#5923 = VECTOR('',#5924,1.);
#5924 = DIRECTION('',(1.,0.,-0.));
#5925 = ORIENTED_EDGE('',*,*,#5840,.T.);
#5926 = ORIENTED_EDGE('',*,*,#5927,.T.);
#5927 = EDGE_CURVE('',#5843,#5883,#5928,.T.);
#5928 = LINE('',#5929,#5930);
#5929 = CARTESIAN_POINT('',(-3.55,-9.2,0.84));
#5930 = VECTOR('',#5931,1.);
#5931 = DIRECTION('',(1.,0.,-0.));
#5932 = ORIENTED_EDGE('',*,*,#5880,.F.);
#5933 = PLANE('',#5934);
#5934 = AXIS2_PLACEMENT_3D('',#5935,#5936,#5937);
#5935 = CARTESIAN_POINT('',(-3.55,-9.2,0.8));
#5936 = DIRECTION('',(-0.,1.,0.));
#5937 = DIRECTION('',(0.,0.,1.));
#5938 = ADVANCED_FACE('',(#5939),#5955,.T.);
#5939 = FACE_BOUND('',#5940,.T.);
#5940 = EDGE_LOOP('',(#5941,#5947,#5948,#5954));
#5941 = ORIENTED_EDGE('',*,*,#5942,.F.);
#5942 = EDGE_CURVE('',#5851,#5891,#5943,.T.);
#5943 = LINE('',#5944,#5945);
#5944 = CARTESIAN_POINT('',(-3.55,-7.2,0.8));
#5945 = VECTOR('',#5946,1.);
#5946 = DIRECTION('',(1.,0.,-0.));
#5947 = ORIENTED_EDGE('',*,*,#5858,.T.);
#5948 = ORIENTED_EDGE('',*,*,#5949,.T.);
#5949 = EDGE_CURVE('',#5859,#5899,#5950,.T.);
#5950 = LINE('',#5951,#5952);
#5951 = CARTESIAN_POINT('',(-3.55,-7.2,0.84));
#5952 = VECTOR('',#5953,1.);
#5953 = DIRECTION('',(1.,0.,-0.));
#5954 = ORIENTED_EDGE('',*,*,#5898,.F.);
#5955 = PLANE('',#5956);
#5956 = AXIS2_PLACEMENT_3D('',#5957,#5958,#5959);
#5957 = CARTESIAN_POINT('',(-3.55,-7.2,0.8));
#5958 = DIRECTION('',(-0.,1.,0.));
#5959 = DIRECTION('',(0.,0.,1.));
#5960 = ADVANCED_FACE('',(#5961),#5967,.F.);
#5961 = FACE_BOUND('',#5962,.F.);
#5962 = EDGE_LOOP('',(#5963,#5964,#5965,#5966));
#5963 = ORIENTED_EDGE('',*,*,#5850,.F.);
#5964 = ORIENTED_EDGE('',*,*,#5920,.T.);
#5965 = ORIENTED_EDGE('',*,*,#5890,.T.);
#5966 = ORIENTED_EDGE('',*,*,#5942,.F.);
#5967 = PLANE('',#5968);
#5968 = AXIS2_PLACEMENT_3D('',#5969,#5970,#5971);
#5969 = CARTESIAN_POINT('',(-3.55,-9.2,0.8));
#5970 = DIRECTION('',(0.,0.,1.));
#5971 = DIRECTION('',(1.,0.,-0.));
#5972 = ADVANCED_FACE('',(#5973),#5979,.T.);
#5973 = FACE_BOUND('',#5974,.T.);
#5974 = EDGE_LOOP('',(#5975,#5976,#5977,#5978));
#5975 = ORIENTED_EDGE('',*,*,#5866,.F.);
#5976 = ORIENTED_EDGE('',*,*,#5927,.T.);
#5977 = ORIENTED_EDGE('',*,*,#5906,.T.);
#5978 = ORIENTED_EDGE('',*,*,#5949,.F.);
#5979 = PLANE('',#5980);
#5980 = AXIS2_PLACEMENT_3D('',#5981,#5982,#5983);
#5981 = CARTESIAN_POINT('',(-3.55,-9.2,0.84));
#5982 = DIRECTION('',(0.,0.,1.));
#5983 = DIRECTION('',(1.,0.,-0.));
#5984 = ( GEOMETRIC_REPRESENTATION_CONTEXT(3) 
GLOBAL_UNCERTAINTY_ASSIGNED_CONTEXT((#5988)) 
GLOBAL_UNIT_ASSIGNED_CONTEXT((#5985,#5986,#5987)) REPRESENTATION_CONTEXT
('Context #1','3D Context with UNIT and UNCERTAINTY') );
#5985 = ( LENGTH_UNIT() NAMED_UNIT(*) SI_UNIT(.MILLI.,.METRE.) );
#5986 = ( NAMED_UNIT(*) PLANE_ANGLE_UNIT() SI_UNIT($,.RADIAN.) );
#5987 = ( NAMED_UNIT(*) SI_UNIT($,.STERADIAN.) SOLID_ANGLE_UNIT() );
#5988 = UNCERTAINTY_MEASURE_WITH_UNIT(LENGTH_MEASURE(1.E-07),#5985,
  'distance_accuracy_value','confusion accuracy');
#5989 = CONTEXT_DEPENDENT_SHAPE_REPRESENTATION(#5990,#5992);
#5990 = ( REPRESENTATION_RELATIONSHIP('','',#5833,#10) 
REPRESENTATION_RELATIONSHIP_WITH_TRANSFORMATION(#5991) 
SHAPE_REPRESENTATION_RELATIONSHIP() );
#5991 = ITEM_DEFINED_TRANSFORMATION('','',#11,#151);
#5992 = PRODUCT_DEFINITION_SHAPE('Placement','Placement of an item',
  #5993);
#5993 = NEXT_ASSEMBLY_USAGE_OCCURRENCE('35','PCB antenna003','',#5,#5828
  ,$);
#5994 = PRODUCT_RELATED_PRODUCT_CATEGORY('part',$,(#5830));
#5995 = SHAPE_DEFINITION_REPRESENTATION(#5996,#6002);
#5996 = PRODUCT_DEFINITION_SHAPE('','',#5997);
#5997 = PRODUCT_DEFINITION('design','',#5998,#6001);
#5998 = PRODUCT_DEFINITION_FORMATION('','',#5999);
#5999 = PRODUCT('PCB antenna004','PCB antenna004','',(#6000));
#6000 = PRODUCT_CONTEXT('',#2,'mechanical');
#6001 = PRODUCT_DEFINITION_CONTEXT('part definition',#2,'design');
#6002 = ADVANCED_BREP_SHAPE_REPRESENTATION('',(#11,#6003),#6153);
#6003 = MANIFOLD_SOLID_BREP('',#6004);
#6004 = CLOSED_SHELL('',(#6005,#6045,#6085,#6107,#6129,#6141));
#6005 = ADVANCED_FACE('',(#6006),#6040,.F.);
#6006 = FACE_BOUND('',#6007,.F.);
#6007 = EDGE_LOOP('',(#6008,#6018,#6026,#6034));
#6008 = ORIENTED_EDGE('',*,*,#6009,.F.);
#6009 = EDGE_CURVE('',#6010,#6012,#6014,.T.);
#6010 = VERTEX_POINT('',#6011);
#6011 = CARTESIAN_POINT('',(-3.55,-9.2,0.8));
#6012 = VERTEX_POINT('',#6013);
#6013 = CARTESIAN_POINT('',(-3.55,-9.2,0.84));
#6014 = LINE('',#6015,#6016);
#6015 = CARTESIAN_POINT('',(-3.55,-9.2,0.8));
#6016 = VECTOR('',#6017,1.);
#6017 = DIRECTION('',(0.,0.,1.));
#6018 = ORIENTED_EDGE('',*,*,#6019,.T.);
#6019 = EDGE_CURVE('',#6010,#6020,#6022,.T.);
#6020 = VERTEX_POINT('',#6021);
#6021 = CARTESIAN_POINT('',(-3.55,-8.75,0.8));
#6022 = LINE('',#6023,#6024);
#6023 = CARTESIAN_POINT('',(-3.55,-9.2,0.8));
#6024 = VECTOR('',#6025,1.);
#6025 = DIRECTION('',(-0.,1.,0.));
#6026 = ORIENTED_EDGE('',*,*,#6027,.T.);
#6027 = EDGE_CURVE('',#6020,#6028,#6030,.T.);
#6028 = VERTEX_POINT('',#6029);
#6029 = CARTESIAN_POINT('',(-3.55,-8.75,0.84));
#6030 = LINE('',#6031,#6032);
#6031 = CARTESIAN_POINT('',(-3.55,-8.75,0.8));
#6032 = VECTOR('',#6033,1.);
#6033 = DIRECTION('',(0.,0.,1.));
#6034 = ORIENTED_EDGE('',*,*,#6035,.F.);
#6035 = EDGE_CURVE('',#6012,#6028,#6036,.T.);
#6036 = LINE('',#6037,#6038);
#6037 = CARTESIAN_POINT('',(-3.55,-9.2,0.84));
#6038 = VECTOR('',#6039,1.);
#6039 = DIRECTION('',(-0.,1.,0.));
#6040 = PLANE('',#6041);
#6041 = AXIS2_PLACEMENT_3D('',#6042,#6043,#6044);
#6042 = CARTESIAN_POINT('',(-3.55,-9.2,0.8));
#6043 = DIRECTION('',(1.,0.,-0.));
#6044 = DIRECTION('',(0.,0.,1.));
#6045 = ADVANCED_FACE('',(#6046),#6080,.T.);
#6046 = FACE_BOUND('',#6047,.T.);
#6047 = EDGE_LOOP('',(#6048,#6058,#6066,#6074));
#6048 = ORIENTED_EDGE('',*,*,#6049,.F.);
#6049 = EDGE_CURVE('',#6050,#6052,#6054,.T.);
#6050 = VERTEX_POINT('',#6051);
#6051 = CARTESIAN_POINT('',(3.45,-9.2,0.8));
#6052 = VERTEX_POINT('',#6053);
#6053 = CARTESIAN_POINT('',(3.45,-9.2,0.84));
#6054 = LINE('',#6055,#6056);
#6055 = CARTESIAN_POINT('',(3.45,-9.2,0.8));
#6056 = VECTOR('',#6057,1.);
#6057 = DIRECTION('',(0.,0.,1.));
#6058 = ORIENTED_EDGE('',*,*,#6059,.T.);
#6059 = EDGE_CURVE('',#6050,#6060,#6062,.T.);
#6060 = VERTEX_POINT('',#6061);
#6061 = CARTESIAN_POINT('',(3.45,-8.75,0.8));
#6062 = LINE('',#6063,#6064);
#6063 = CARTESIAN_POINT('',(3.45,-9.2,0.8));
#6064 = VECTOR('',#6065,1.);
#6065 = DIRECTION('',(-0.,1.,0.));
#6066 = ORIENTED_EDGE('',*,*,#6067,.T.);
#6067 = EDGE_CURVE('',#6060,#6068,#6070,.T.);
#6068 = VERTEX_POINT('',#6069);
#6069 = CARTESIAN_POINT('',(3.45,-8.75,0.84));
#6070 = LINE('',#6071,#6072);
#6071 = CARTESIAN_POINT('',(3.45,-8.75,0.8));
#6072 = VECTOR('',#6073,1.);
#6073 = DIRECTION('',(0.,0.,1.));
#6074 = ORIENTED_EDGE('',*,*,#6075,.F.);
#6075 = EDGE_CURVE('',#6052,#6068,#6076,.T.);
#6076 = LINE('',#6077,#6078);
#6077 = CARTESIAN_POINT('',(3.45,-9.2,0.84));
#6078 = VECTOR('',#6079,1.);
#6079 = DIRECTION('',(-0.,1.,0.));
#6080 = PLANE('',#6081);
#6081 = AXIS2_PLACEMENT_3D('',#6082,#6083,#6084);
#6082 = CARTESIAN_POINT('',(3.45,-9.2,0.8));
#6083 = DIRECTION('',(1.,0.,-0.));
#6084 = DIRECTION('',(0.,0.,1.));
#6085 = ADVANCED_FACE('',(#6086),#6102,.F.);
#6086 = FACE_BOUND('',#6087,.F.);
#6087 = EDGE_LOOP('',(#6088,#6094,#6095,#6101));
#6088 = ORIENTED_EDGE('',*,*,#6089,.F.);
#6089 = EDGE_CURVE('',#6010,#6050,#6090,.T.);
#6090 = LINE('',#6091,#6092);
#6091 = CARTESIAN_POINT('',(-3.55,-9.2,0.8));
#6092 = VECTOR('',#6093,1.);
#6093 = DIRECTION('',(1.,0.,-0.));
#6094 = ORIENTED_EDGE('',*,*,#6009,.T.);
#6095 = ORIENTED_EDGE('',*,*,#6096,.T.);
#6096 = EDGE_CURVE('',#6012,#6052,#6097,.T.);
#6097 = LINE('',#6098,#6099);
#6098 = CARTESIAN_POINT('',(-3.55,-9.2,0.84));
#6099 = VECTOR('',#6100,1.);
#6100 = DIRECTION('',(1.,0.,-0.));
#6101 = ORIENTED_EDGE('',*,*,#6049,.F.);
#6102 = PLANE('',#6103);
#6103 = AXIS2_PLACEMENT_3D('',#6104,#6105,#6106);
#6104 = CARTESIAN_POINT('',(-3.55,-9.2,0.8));
#6105 = DIRECTION('',(-0.,1.,0.));
#6106 = DIRECTION('',(0.,0.,1.));
#6107 = ADVANCED_FACE('',(#6108),#6124,.T.);
#6108 = FACE_BOUND('',#6109,.T.);
#6109 = EDGE_LOOP('',(#6110,#6116,#6117,#6123));
#6110 = ORIENTED_EDGE('',*,*,#6111,.F.);
#6111 = EDGE_CURVE('',#6020,#6060,#6112,.T.);
#6112 = LINE('',#6113,#6114);
#6113 = CARTESIAN_POINT('',(-3.55,-8.75,0.8));
#6114 = VECTOR('',#6115,1.);
#6115 = DIRECTION('',(1.,0.,-0.));
#6116 = ORIENTED_EDGE('',*,*,#6027,.T.);
#6117 = ORIENTED_EDGE('',*,*,#6118,.T.);
#6118 = EDGE_CURVE('',#6028,#6068,#6119,.T.);
#6119 = LINE('',#6120,#6121);
#6120 = CARTESIAN_POINT('',(-3.55,-8.75,0.84));
#6121 = VECTOR('',#6122,1.);
#6122 = DIRECTION('',(1.,0.,-0.));
#6123 = ORIENTED_EDGE('',*,*,#6067,.F.);
#6124 = PLANE('',#6125);
#6125 = AXIS2_PLACEMENT_3D('',#6126,#6127,#6128);
#6126 = CARTESIAN_POINT('',(-3.55,-8.75,0.8));
#6127 = DIRECTION('',(-0.,1.,0.));
#6128 = DIRECTION('',(0.,0.,1.));
#6129 = ADVANCED_FACE('',(#6130),#6136,.F.);
#6130 = FACE_BOUND('',#6131,.F.);
#6131 = EDGE_LOOP('',(#6132,#6133,#6134,#6135));
#6132 = ORIENTED_EDGE('',*,*,#6019,.F.);
#6133 = ORIENTED_EDGE('',*,*,#6089,.T.);
#6134 = ORIENTED_EDGE('',*,*,#6059,.T.);
#6135 = ORIENTED_EDGE('',*,*,#6111,.F.);
#6136 = PLANE('',#6137);
#6137 = AXIS2_PLACEMENT_3D('',#6138,#6139,#6140);
#6138 = CARTESIAN_POINT('',(-3.55,-9.2,0.8));
#6139 = DIRECTION('',(0.,0.,1.));
#6140 = DIRECTION('',(1.,0.,-0.));
#6141 = ADVANCED_FACE('',(#6142),#6148,.T.);
#6142 = FACE_BOUND('',#6143,.T.);
#6143 = EDGE_LOOP('',(#6144,#6145,#6146,#6147));
#6144 = ORIENTED_EDGE('',*,*,#6035,.F.);
#6145 = ORIENTED_EDGE('',*,*,#6096,.T.);
#6146 = ORIENTED_EDGE('',*,*,#6075,.T.);
#6147 = ORIENTED_EDGE('',*,*,#6118,.F.);
#6148 = PLANE('',#6149);
#6149 = AXIS2_PLACEMENT_3D('',#6150,#6151,#6152);
#6150 = CARTESIAN_POINT('',(-3.55,-9.2,0.84));
#6151 = DIRECTION('',(0.,0.,1.));
#6152 = DIRECTION('',(1.,0.,-0.));
#6153 = ( GEOMETRIC_REPRESENTATION_CONTEXT(3) 
GLOBAL_UNCERTAINTY_ASSIGNED_CONTEXT((#6157)) 
GLOBAL_UNIT_ASSIGNED_CONTEXT((#6154,#6155,#6156)) REPRESENTATION_CONTEXT
('Context #1','3D Context with UNIT and UNCERTAINTY') );
#6154 = ( LENGTH_UNIT() NAMED_UNIT(*) SI_UNIT(.MILLI.,.METRE.) );
#6155 = ( NAMED_UNIT(*) PLANE_ANGLE_UNIT() SI_UNIT($,.RADIAN.) );
#6156 = ( NAMED_UNIT(*) SI_UNIT($,.STERADIAN.) SOLID_ANGLE_UNIT() );
#6157 = UNCERTAINTY_MEASURE_WITH_UNIT(LENGTH_MEASURE(1.E-07),#6154,
  'distance_accuracy_value','confusion accuracy');
#6158 = CONTEXT_DEPENDENT_SHAPE_REPRESENTATION(#6159,#6161);
#6159 = ( REPRESENTATION_RELATIONSHIP('','',#6002,#10) 
REPRESENTATION_RELATIONSHIP_WITH_TRANSFORMATION(#6160) 
SHAPE_REPRESENTATION_RELATIONSHIP() );
#6160 = ITEM_DEFINED_TRANSFORMATION('','',#11,#155);
#6161 = PRODUCT_DEFINITION_SHAPE('Placement','Placement of an item',
  #6162);
#6162 = NEXT_ASSEMBLY_USAGE_OCCURRENCE('36','PCB antenna004','',#5,#5997
  ,$);
#6163 = PRODUCT_RELATED_PRODUCT_CATEGORY('part',$,(#5999));
#6164 = SHAPE_DEFINITION_REPRESENTATION(#6165,#6171);
#6165 = PRODUCT_DEFINITION_SHAPE('','',#6166);
#6166 = PRODUCT_DEFINITION('design','',#6167,#6170);
#6167 = PRODUCT_DEFINITION_FORMATION('','',#6168);
#6168 = PRODUCT('PCB antenna005','PCB antenna005','',(#6169));
#6169 = PRODUCT_CONTEXT('',#2,'mechanical');
#6170 = PRODUCT_DEFINITION_CONTEXT('part definition',#2,'design');
#6171 = ADVANCED_BREP_SHAPE_REPRESENTATION('',(#11,#6172),#6322);
#6172 = MANIFOLD_SOLID_BREP('',#6173);
#6173 = CLOSED_SHELL('',(#6174,#6214,#6254,#6276,#6298,#6310));
#6174 = ADVANCED_FACE('',(#6175),#6209,.F.);
#6175 = FACE_BOUND('',#6176,.F.);
#6176 = EDGE_LOOP('',(#6177,#6187,#6195,#6203));
#6177 = ORIENTED_EDGE('',*,*,#6178,.F.);
#6178 = EDGE_CURVE('',#6179,#6181,#6183,.T.);
#6179 = VERTEX_POINT('',#6180);
#6180 = CARTESIAN_POINT('',(3.,-10.7,0.8));
#6181 = VERTEX_POINT('',#6182);
#6182 = CARTESIAN_POINT('',(3.,-10.7,0.84));
#6183 = LINE('',#6184,#6185);
#6184 = CARTESIAN_POINT('',(3.,-10.7,0.8));
#6185 = VECTOR('',#6186,1.);
#6186 = DIRECTION('',(0.,0.,1.));
#6187 = ORIENTED_EDGE('',*,*,#6188,.T.);
#6188 = EDGE_CURVE('',#6179,#6189,#6191,.T.);
#6189 = VERTEX_POINT('',#6190);
#6190 = CARTESIAN_POINT('',(3.,-8.75,0.8));
#6191 = LINE('',#6192,#6193);
#6192 = CARTESIAN_POINT('',(3.,-10.7,0.8));
#6193 = VECTOR('',#6194,1.);
#6194 = DIRECTION('',(-0.,1.,0.));
#6195 = ORIENTED_EDGE('',*,*,#6196,.T.);
#6196 = EDGE_CURVE('',#6189,#6197,#6199,.T.);
#6197 = VERTEX_POINT('',#6198);
#6198 = CARTESIAN_POINT('',(3.,-8.75,0.84));
#6199 = LINE('',#6200,#6201);
#6200 = CARTESIAN_POINT('',(3.,-8.75,0.8));
#6201 = VECTOR('',#6202,1.);
#6202 = DIRECTION('',(0.,0.,1.));
#6203 = ORIENTED_EDGE('',*,*,#6204,.F.);
#6204 = EDGE_CURVE('',#6181,#6197,#6205,.T.);
#6205 = LINE('',#6206,#6207);
#6206 = CARTESIAN_POINT('',(3.,-10.7,0.84));
#6207 = VECTOR('',#6208,1.);
#6208 = DIRECTION('',(-0.,1.,0.));
#6209 = PLANE('',#6210);
#6210 = AXIS2_PLACEMENT_3D('',#6211,#6212,#6213);
#6211 = CARTESIAN_POINT('',(3.,-10.7,0.8));
#6212 = DIRECTION('',(1.,0.,-0.));
#6213 = DIRECTION('',(0.,0.,1.));
#6214 = ADVANCED_FACE('',(#6215),#6249,.T.);
#6215 = FACE_BOUND('',#6216,.T.);
#6216 = EDGE_LOOP('',(#6217,#6227,#6235,#6243));
#6217 = ORIENTED_EDGE('',*,*,#6218,.F.);
#6218 = EDGE_CURVE('',#6219,#6221,#6223,.T.);
#6219 = VERTEX_POINT('',#6220);
#6220 = CARTESIAN_POINT('',(3.45,-10.7,0.8));
#6221 = VERTEX_POINT('',#6222);
#6222 = CARTESIAN_POINT('',(3.45,-10.7,0.84));
#6223 = LINE('',#6224,#6225);
#6224 = CARTESIAN_POINT('',(3.45,-10.7,0.8));
#6225 = VECTOR('',#6226,1.);
#6226 = DIRECTION('',(0.,0.,1.));
#6227 = ORIENTED_EDGE('',*,*,#6228,.T.);
#6228 = EDGE_CURVE('',#6219,#6229,#6231,.T.);
#6229 = VERTEX_POINT('',#6230);
#6230 = CARTESIAN_POINT('',(3.45,-8.75,0.8));
#6231 = LINE('',#6232,#6233);
#6232 = CARTESIAN_POINT('',(3.45,-10.7,0.8));
#6233 = VECTOR('',#6234,1.);
#6234 = DIRECTION('',(-0.,1.,0.));
#6235 = ORIENTED_EDGE('',*,*,#6236,.T.);
#6236 = EDGE_CURVE('',#6229,#6237,#6239,.T.);
#6237 = VERTEX_POINT('',#6238);
#6238 = CARTESIAN_POINT('',(3.45,-8.75,0.84));
#6239 = LINE('',#6240,#6241);
#6240 = CARTESIAN_POINT('',(3.45,-8.75,0.8));
#6241 = VECTOR('',#6242,1.);
#6242 = DIRECTION('',(0.,0.,1.));
#6243 = ORIENTED_EDGE('',*,*,#6244,.F.);
#6244 = EDGE_CURVE('',#6221,#6237,#6245,.T.);
#6245 = LINE('',#6246,#6247);
#6246 = CARTESIAN_POINT('',(3.45,-10.7,0.84));
#6247 = VECTOR('',#6248,1.);
#6248 = DIRECTION('',(-0.,1.,0.));
#6249 = PLANE('',#6250);
#6250 = AXIS2_PLACEMENT_3D('',#6251,#6252,#6253);
#6251 = CARTESIAN_POINT('',(3.45,-10.7,0.8));
#6252 = DIRECTION('',(1.,0.,-0.));
#6253 = DIRECTION('',(0.,0.,1.));
#6254 = ADVANCED_FACE('',(#6255),#6271,.F.);
#6255 = FACE_BOUND('',#6256,.F.);
#6256 = EDGE_LOOP('',(#6257,#6263,#6264,#6270));
#6257 = ORIENTED_EDGE('',*,*,#6258,.F.);
#6258 = EDGE_CURVE('',#6179,#6219,#6259,.T.);
#6259 = LINE('',#6260,#6261);
#6260 = CARTESIAN_POINT('',(3.,-10.7,0.8));
#6261 = VECTOR('',#6262,1.);
#6262 = DIRECTION('',(1.,0.,-0.));
#6263 = ORIENTED_EDGE('',*,*,#6178,.T.);
#6264 = ORIENTED_EDGE('',*,*,#6265,.T.);
#6265 = EDGE_CURVE('',#6181,#6221,#6266,.T.);
#6266 = LINE('',#6267,#6268);
#6267 = CARTESIAN_POINT('',(3.,-10.7,0.84));
#6268 = VECTOR('',#6269,1.);
#6269 = DIRECTION('',(1.,0.,-0.));
#6270 = ORIENTED_EDGE('',*,*,#6218,.F.);
#6271 = PLANE('',#6272);
#6272 = AXIS2_PLACEMENT_3D('',#6273,#6274,#6275);
#6273 = CARTESIAN_POINT('',(3.,-10.7,0.8));
#6274 = DIRECTION('',(-0.,1.,0.));
#6275 = DIRECTION('',(0.,0.,1.));
#6276 = ADVANCED_FACE('',(#6277),#6293,.T.);
#6277 = FACE_BOUND('',#6278,.T.);
#6278 = EDGE_LOOP('',(#6279,#6285,#6286,#6292));
#6279 = ORIENTED_EDGE('',*,*,#6280,.F.);
#6280 = EDGE_CURVE('',#6189,#6229,#6281,.T.);
#6281 = LINE('',#6282,#6283);
#6282 = CARTESIAN_POINT('',(3.,-8.75,0.8));
#6283 = VECTOR('',#6284,1.);
#6284 = DIRECTION('',(1.,0.,-0.));
#6285 = ORIENTED_EDGE('',*,*,#6196,.T.);
#6286 = ORIENTED_EDGE('',*,*,#6287,.T.);
#6287 = EDGE_CURVE('',#6197,#6237,#6288,.T.);
#6288 = LINE('',#6289,#6290);
#6289 = CARTESIAN_POINT('',(3.,-8.75,0.84));
#6290 = VECTOR('',#6291,1.);
#6291 = DIRECTION('',(1.,0.,-0.));
#6292 = ORIENTED_EDGE('',*,*,#6236,.F.);
#6293 = PLANE('',#6294);
#6294 = AXIS2_PLACEMENT_3D('',#6295,#6296,#6297);
#6295 = CARTESIAN_POINT('',(3.,-8.75,0.8));
#6296 = DIRECTION('',(-0.,1.,0.));
#6297 = DIRECTION('',(0.,0.,1.));
#6298 = ADVANCED_FACE('',(#6299),#6305,.F.);
#6299 = FACE_BOUND('',#6300,.F.);
#6300 = EDGE_LOOP('',(#6301,#6302,#6303,#6304));
#6301 = ORIENTED_EDGE('',*,*,#6188,.F.);
#6302 = ORIENTED_EDGE('',*,*,#6258,.T.);
#6303 = ORIENTED_EDGE('',*,*,#6228,.T.);
#6304 = ORIENTED_EDGE('',*,*,#6280,.F.);
#6305 = PLANE('',#6306);
#6306 = AXIS2_PLACEMENT_3D('',#6307,#6308,#6309);
#6307 = CARTESIAN_POINT('',(3.,-10.7,0.8));
#6308 = DIRECTION('',(0.,0.,1.));
#6309 = DIRECTION('',(1.,0.,-0.));
#6310 = ADVANCED_FACE('',(#6311),#6317,.T.);
#6311 = FACE_BOUND('',#6312,.T.);
#6312 = EDGE_LOOP('',(#6313,#6314,#6315,#6316));
#6313 = ORIENTED_EDGE('',*,*,#6204,.F.);
#6314 = ORIENTED_EDGE('',*,*,#6265,.T.);
#6315 = ORIENTED_EDGE('',*,*,#6244,.T.);
#6316 = ORIENTED_EDGE('',*,*,#6287,.F.);
#6317 = PLANE('',#6318);
#6318 = AXIS2_PLACEMENT_3D('',#6319,#6320,#6321);
#6319 = CARTESIAN_POINT('',(3.,-10.7,0.84));
#6320 = DIRECTION('',(0.,0.,1.));
#6321 = DIRECTION('',(1.,0.,-0.));
#6322 = ( GEOMETRIC_REPRESENTATION_CONTEXT(3) 
GLOBAL_UNCERTAINTY_ASSIGNED_CONTEXT((#6326)) 
GLOBAL_UNIT_ASSIGNED_CONTEXT((#6323,#6324,#6325)) REPRESENTATION_CONTEXT
('Context #1','3D Context with UNIT and UNCERTAINTY') );
#6323 = ( LENGTH_UNIT() NAMED_UNIT(*) SI_UNIT(.MILLI.,.METRE.) );
#6324 = ( NAMED_UNIT(*) PLANE_ANGLE_UNIT() SI_UNIT($,.RADIAN.) );
#6325 = ( NAMED_UNIT(*) SI_UNIT($,.STERADIAN.) SOLID_ANGLE_UNIT() );
#6326 = UNCERTAINTY_MEASURE_WITH_UNIT(LENGTH_MEASURE(1.E-07),#6323,
  'distance_accuracy_value','confusion accuracy');
#6327 = CONTEXT_DEPENDENT_SHAPE_REPRESENTATION(#6328,#6330);
#6328 = ( REPRESENTATION_RELATIONSHIP('','',#6171,#10) 
REPRESENTATION_RELATIONSHIP_WITH_TRANSFORMATION(#6329) 
SHAPE_REPRESENTATION_RELATIONSHIP() );
#6329 = ITEM_DEFINED_TRANSFORMATION('','',#11,#159);
#6330 = PRODUCT_DEFINITION_SHAPE('Placement','Placement of an item',
  #6331);
#6331 = NEXT_ASSEMBLY_USAGE_OCCURRENCE('37','PCB antenna005','',#5,#6166
  ,$);
#6332 = PRODUCT_RELATED_PRODUCT_CATEGORY('part',$,(#6168));
#6333 = SHAPE_DEFINITION_REPRESENTATION(#6334,#6340);
#6334 = PRODUCT_DEFINITION_SHAPE('','',#6335);
#6335 = PRODUCT_DEFINITION('design','',#6336,#6339);
#6336 = PRODUCT_DEFINITION_FORMATION('','',#6337);
#6337 = PRODUCT('PCB antenna006','PCB antenna006','',(#6338));
#6338 = PRODUCT_CONTEXT('',#2,'mechanical');
#6339 = PRODUCT_DEFINITION_CONTEXT('part definition',#2,'design');
#6340 = ADVANCED_BREP_SHAPE_REPRESENTATION('',(#11,#6341),#6491);
#6341 = MANIFOLD_SOLID_BREP('',#6342);
#6342 = CLOSED_SHELL('',(#6343,#6383,#6423,#6445,#6467,#6479));
#6343 = ADVANCED_FACE('',(#6344),#6378,.F.);
#6344 = FACE_BOUND('',#6345,.F.);
#6345 = EDGE_LOOP('',(#6346,#6356,#6364,#6372));
#6346 = ORIENTED_EDGE('',*,*,#6347,.F.);
#6347 = EDGE_CURVE('',#6348,#6350,#6352,.T.);
#6348 = VERTEX_POINT('',#6349);
#6349 = CARTESIAN_POINT('',(3.,-10.7,0.8));
#6350 = VERTEX_POINT('',#6351);
#6351 = CARTESIAN_POINT('',(3.,-10.7,0.84));
#6352 = LINE('',#6353,#6354);
#6353 = CARTESIAN_POINT('',(3.,-10.7,0.8));
#6354 = VECTOR('',#6355,1.);
#6355 = DIRECTION('',(0.,0.,1.));
#6356 = ORIENTED_EDGE('',*,*,#6357,.T.);
#6357 = EDGE_CURVE('',#6348,#6358,#6360,.T.);
#6358 = VERTEX_POINT('',#6359);
#6359 = CARTESIAN_POINT('',(3.,-10.25,0.8));
#6360 = LINE('',#6361,#6362);
#6361 = CARTESIAN_POINT('',(3.,-10.7,0.8));
#6362 = VECTOR('',#6363,1.);
#6363 = DIRECTION('',(-0.,1.,0.));
#6364 = ORIENTED_EDGE('',*,*,#6365,.T.);
#6365 = EDGE_CURVE('',#6358,#6366,#6368,.T.);
#6366 = VERTEX_POINT('',#6367);
#6367 = CARTESIAN_POINT('',(3.,-10.25,0.84));
#6368 = LINE('',#6369,#6370);
#6369 = CARTESIAN_POINT('',(3.,-10.25,0.8));
#6370 = VECTOR('',#6371,1.);
#6371 = DIRECTION('',(0.,0.,1.));
#6372 = ORIENTED_EDGE('',*,*,#6373,.F.);
#6373 = EDGE_CURVE('',#6350,#6366,#6374,.T.);
#6374 = LINE('',#6375,#6376);
#6375 = CARTESIAN_POINT('',(3.,-10.7,0.84));
#6376 = VECTOR('',#6377,1.);
#6377 = DIRECTION('',(-0.,1.,0.));
#6378 = PLANE('',#6379);
#6379 = AXIS2_PLACEMENT_3D('',#6380,#6381,#6382);
#6380 = CARTESIAN_POINT('',(3.,-10.7,0.8));
#6381 = DIRECTION('',(1.,0.,-0.));
#6382 = DIRECTION('',(0.,0.,1.));
#6383 = ADVANCED_FACE('',(#6384),#6418,.T.);
#6384 = FACE_BOUND('',#6385,.T.);
#6385 = EDGE_LOOP('',(#6386,#6396,#6404,#6412));
#6386 = ORIENTED_EDGE('',*,*,#6387,.F.);
#6387 = EDGE_CURVE('',#6388,#6390,#6392,.T.);
#6388 = VERTEX_POINT('',#6389);
#6389 = CARTESIAN_POINT('',(7.1,-10.7,0.8));
#6390 = VERTEX_POINT('',#6391);
#6391 = CARTESIAN_POINT('',(7.1,-10.7,0.84));
#6392 = LINE('',#6393,#6394);
#6393 = CARTESIAN_POINT('',(7.1,-10.7,0.8));
#6394 = VECTOR('',#6395,1.);
#6395 = DIRECTION('',(0.,0.,1.));
#6396 = ORIENTED_EDGE('',*,*,#6397,.T.);
#6397 = EDGE_CURVE('',#6388,#6398,#6400,.T.);
#6398 = VERTEX_POINT('',#6399);
#6399 = CARTESIAN_POINT('',(7.1,-10.25,0.8));
#6400 = LINE('',#6401,#6402);
#6401 = CARTESIAN_POINT('',(7.1,-10.7,0.8));
#6402 = VECTOR('',#6403,1.);
#6403 = DIRECTION('',(-0.,1.,0.));
#6404 = ORIENTED_EDGE('',*,*,#6405,.T.);
#6405 = EDGE_CURVE('',#6398,#6406,#6408,.T.);
#6406 = VERTEX_POINT('',#6407);
#6407 = CARTESIAN_POINT('',(7.1,-10.25,0.84));
#6408 = LINE('',#6409,#6410);
#6409 = CARTESIAN_POINT('',(7.1,-10.25,0.8));
#6410 = VECTOR('',#6411,1.);
#6411 = DIRECTION('',(0.,0.,1.));
#6412 = ORIENTED_EDGE('',*,*,#6413,.F.);
#6413 = EDGE_CURVE('',#6390,#6406,#6414,.T.);
#6414 = LINE('',#6415,#6416);
#6415 = CARTESIAN_POINT('',(7.1,-10.7,0.84));
#6416 = VECTOR('',#6417,1.);
#6417 = DIRECTION('',(-0.,1.,0.));
#6418 = PLANE('',#6419);
#6419 = AXIS2_PLACEMENT_3D('',#6420,#6421,#6422);
#6420 = CARTESIAN_POINT('',(7.1,-10.7,0.8));
#6421 = DIRECTION('',(1.,0.,-0.));
#6422 = DIRECTION('',(0.,0.,1.));
#6423 = ADVANCED_FACE('',(#6424),#6440,.F.);
#6424 = FACE_BOUND('',#6425,.F.);
#6425 = EDGE_LOOP('',(#6426,#6432,#6433,#6439));
#6426 = ORIENTED_EDGE('',*,*,#6427,.F.);
#6427 = EDGE_CURVE('',#6348,#6388,#6428,.T.);
#6428 = LINE('',#6429,#6430);
#6429 = CARTESIAN_POINT('',(3.,-10.7,0.8));
#6430 = VECTOR('',#6431,1.);
#6431 = DIRECTION('',(1.,0.,-0.));
#6432 = ORIENTED_EDGE('',*,*,#6347,.T.);
#6433 = ORIENTED_EDGE('',*,*,#6434,.T.);
#6434 = EDGE_CURVE('',#6350,#6390,#6435,.T.);
#6435 = LINE('',#6436,#6437);
#6436 = CARTESIAN_POINT('',(3.,-10.7,0.84));
#6437 = VECTOR('',#6438,1.);
#6438 = DIRECTION('',(1.,0.,-0.));
#6439 = ORIENTED_EDGE('',*,*,#6387,.F.);
#6440 = PLANE('',#6441);
#6441 = AXIS2_PLACEMENT_3D('',#6442,#6443,#6444);
#6442 = CARTESIAN_POINT('',(3.,-10.7,0.8));
#6443 = DIRECTION('',(-0.,1.,0.));
#6444 = DIRECTION('',(0.,0.,1.));
#6445 = ADVANCED_FACE('',(#6446),#6462,.T.);
#6446 = FACE_BOUND('',#6447,.T.);
#6447 = EDGE_LOOP('',(#6448,#6454,#6455,#6461));
#6448 = ORIENTED_EDGE('',*,*,#6449,.F.);
#6449 = EDGE_CURVE('',#6358,#6398,#6450,.T.);
#6450 = LINE('',#6451,#6452);
#6451 = CARTESIAN_POINT('',(3.,-10.25,0.8));
#6452 = VECTOR('',#6453,1.);
#6453 = DIRECTION('',(1.,0.,-0.));
#6454 = ORIENTED_EDGE('',*,*,#6365,.T.);
#6455 = ORIENTED_EDGE('',*,*,#6456,.T.);
#6456 = EDGE_CURVE('',#6366,#6406,#6457,.T.);
#6457 = LINE('',#6458,#6459);
#6458 = CARTESIAN_POINT('',(3.,-10.25,0.84));
#6459 = VECTOR('',#6460,1.);
#6460 = DIRECTION('',(1.,0.,-0.));
#6461 = ORIENTED_EDGE('',*,*,#6405,.F.);
#6462 = PLANE('',#6463);
#6463 = AXIS2_PLACEMENT_3D('',#6464,#6465,#6466);
#6464 = CARTESIAN_POINT('',(3.,-10.25,0.8));
#6465 = DIRECTION('',(-0.,1.,0.));
#6466 = DIRECTION('',(0.,0.,1.));
#6467 = ADVANCED_FACE('',(#6468),#6474,.F.);
#6468 = FACE_BOUND('',#6469,.F.);
#6469 = EDGE_LOOP('',(#6470,#6471,#6472,#6473));
#6470 = ORIENTED_EDGE('',*,*,#6357,.F.);
#6471 = ORIENTED_EDGE('',*,*,#6427,.T.);
#6472 = ORIENTED_EDGE('',*,*,#6397,.T.);
#6473 = ORIENTED_EDGE('',*,*,#6449,.F.);
#6474 = PLANE('',#6475);
#6475 = AXIS2_PLACEMENT_3D('',#6476,#6477,#6478);
#6476 = CARTESIAN_POINT('',(3.,-10.7,0.8));
#6477 = DIRECTION('',(0.,0.,1.));
#6478 = DIRECTION('',(1.,0.,-0.));
#6479 = ADVANCED_FACE('',(#6480),#6486,.T.);
#6480 = FACE_BOUND('',#6481,.T.);
#6481 = EDGE_LOOP('',(#6482,#6483,#6484,#6485));
#6482 = ORIENTED_EDGE('',*,*,#6373,.F.);
#6483 = ORIENTED_EDGE('',*,*,#6434,.T.);
#6484 = ORIENTED_EDGE('',*,*,#6413,.T.);
#6485 = ORIENTED_EDGE('',*,*,#6456,.F.);
#6486 = PLANE('',#6487);
#6487 = AXIS2_PLACEMENT_3D('',#6488,#6489,#6490);
#6488 = CARTESIAN_POINT('',(3.,-10.7,0.84));
#6489 = DIRECTION('',(0.,0.,1.));
#6490 = DIRECTION('',(1.,0.,-0.));
#6491 = ( GEOMETRIC_REPRESENTATION_CONTEXT(3) 
GLOBAL_UNCERTAINTY_ASSIGNED_CONTEXT((#6495)) 
GLOBAL_UNIT_ASSIGNED_CONTEXT((#6492,#6493,#6494)) REPRESENTATION_CONTEXT
('Context #1','3D Context with UNIT and UNCERTAINTY') );
#6492 = ( LENGTH_UNIT() NAMED_UNIT(*) SI_UNIT(.MILLI.,.METRE.) );
#6493 = ( NAMED_UNIT(*) PLANE_ANGLE_UNIT() SI_UNIT($,.RADIAN.) );
#6494 = ( NAMED_UNIT(*) SI_UNIT($,.STERADIAN.) SOLID_ANGLE_UNIT() );
#6495 = UNCERTAINTY_MEASURE_WITH_UNIT(LENGTH_MEASURE(1.E-07),#6492,
  'distance_accuracy_value','confusion accuracy');
#6496 = CONTEXT_DEPENDENT_SHAPE_REPRESENTATION(#6497,#6499);
#6497 = ( REPRESENTATION_RELATIONSHIP('','',#6340,#10) 
REPRESENTATION_RELATIONSHIP_WITH_TRANSFORMATION(#6498) 
SHAPE_REPRESENTATION_RELATIONSHIP() );
#6498 = ITEM_DEFINED_TRANSFORMATION('','',#11,#163);
#6499 = PRODUCT_DEFINITION_SHAPE('Placement','Placement of an item',
  #6500);
#6500 = NEXT_ASSEMBLY_USAGE_OCCURRENCE('38','PCB antenna006','',#5,#6335
  ,$);
#6501 = PRODUCT_RELATED_PRODUCT_CATEGORY('part',$,(#6337));
#6502 = SHAPE_DEFINITION_REPRESENTATION(#6503,#6509);
#6503 = PRODUCT_DEFINITION_SHAPE('','',#6504);
#6504 = PRODUCT_DEFINITION('design','',#6505,#6508);
#6505 = PRODUCT_DEFINITION_FORMATION('','',#6506);
#6506 = PRODUCT('PCB antenna007','PCB antenna007','',(#6507));
#6507 = PRODUCT_CONTEXT('',#2,'mechanical');
#6508 = PRODUCT_DEFINITION_CONTEXT('part definition',#2,'design');
#6509 = ADVANCED_BREP_SHAPE_REPRESENTATION('',(#11,#6510),#6660);
#6510 = MANIFOLD_SOLID_BREP('',#6511);
#6511 = CLOSED_SHELL('',(#6512,#6552,#6592,#6614,#6636,#6648));
#6512 = ADVANCED_FACE('',(#6513),#6547,.F.);
#6513 = FACE_BOUND('',#6514,.F.);
#6514 = EDGE_LOOP('',(#6515,#6525,#6533,#6541));
#6515 = ORIENTED_EDGE('',*,*,#6516,.F.);
#6516 = EDGE_CURVE('',#6517,#6519,#6521,.T.);
#6517 = VERTEX_POINT('',#6518);
#6518 = CARTESIAN_POINT('',(6.65,-10.7,0.8));
#6519 = VERTEX_POINT('',#6520);
#6520 = CARTESIAN_POINT('',(6.65,-10.7,0.84));
#6521 = LINE('',#6522,#6523);
#6522 = CARTESIAN_POINT('',(6.65,-10.7,0.8));
#6523 = VECTOR('',#6524,1.);
#6524 = DIRECTION('',(0.,0.,1.));
#6525 = ORIENTED_EDGE('',*,*,#6526,.T.);
#6526 = EDGE_CURVE('',#6517,#6527,#6529,.T.);
#6527 = VERTEX_POINT('',#6528);
#6528 = CARTESIAN_POINT('',(6.65,-7.2,0.8));
#6529 = LINE('',#6530,#6531);
#6530 = CARTESIAN_POINT('',(6.65,-10.7,0.8));
#6531 = VECTOR('',#6532,1.);
#6532 = DIRECTION('',(-0.,1.,0.));
#6533 = ORIENTED_EDGE('',*,*,#6534,.T.);
#6534 = EDGE_CURVE('',#6527,#6535,#6537,.T.);
#6535 = VERTEX_POINT('',#6536);
#6536 = CARTESIAN_POINT('',(6.65,-7.2,0.84));
#6537 = LINE('',#6538,#6539);
#6538 = CARTESIAN_POINT('',(6.65,-7.2,0.8));
#6539 = VECTOR('',#6540,1.);
#6540 = DIRECTION('',(0.,0.,1.));
#6541 = ORIENTED_EDGE('',*,*,#6542,.F.);
#6542 = EDGE_CURVE('',#6519,#6535,#6543,.T.);
#6543 = LINE('',#6544,#6545);
#6544 = CARTESIAN_POINT('',(6.65,-10.7,0.84));
#6545 = VECTOR('',#6546,1.);
#6546 = DIRECTION('',(-0.,1.,0.));
#6547 = PLANE('',#6548);
#6548 = AXIS2_PLACEMENT_3D('',#6549,#6550,#6551);
#6549 = CARTESIAN_POINT('',(6.65,-10.7,0.8));
#6550 = DIRECTION('',(1.,0.,-0.));
#6551 = DIRECTION('',(0.,0.,1.));
#6552 = ADVANCED_FACE('',(#6553),#6587,.T.);
#6553 = FACE_BOUND('',#6554,.T.);
#6554 = EDGE_LOOP('',(#6555,#6565,#6573,#6581));
#6555 = ORIENTED_EDGE('',*,*,#6556,.F.);
#6556 = EDGE_CURVE('',#6557,#6559,#6561,.T.);
#6557 = VERTEX_POINT('',#6558);
#6558 = CARTESIAN_POINT('',(7.1,-10.7,0.8));
#6559 = VERTEX_POINT('',#6560);
#6560 = CARTESIAN_POINT('',(7.1,-10.7,0.84));
#6561 = LINE('',#6562,#6563);
#6562 = CARTESIAN_POINT('',(7.1,-10.7,0.8));
#6563 = VECTOR('',#6564,1.);
#6564 = DIRECTION('',(0.,0.,1.));
#6565 = ORIENTED_EDGE('',*,*,#6566,.T.);
#6566 = EDGE_CURVE('',#6557,#6567,#6569,.T.);
#6567 = VERTEX_POINT('',#6568);
#6568 = CARTESIAN_POINT('',(7.1,-7.2,0.8));
#6569 = LINE('',#6570,#6571);
#6570 = CARTESIAN_POINT('',(7.1,-10.7,0.8));
#6571 = VECTOR('',#6572,1.);
#6572 = DIRECTION('',(-0.,1.,0.));
#6573 = ORIENTED_EDGE('',*,*,#6574,.T.);
#6574 = EDGE_CURVE('',#6567,#6575,#6577,.T.);
#6575 = VERTEX_POINT('',#6576);
#6576 = CARTESIAN_POINT('',(7.1,-7.2,0.84));
#6577 = LINE('',#6578,#6579);
#6578 = CARTESIAN_POINT('',(7.1,-7.2,0.8));
#6579 = VECTOR('',#6580,1.);
#6580 = DIRECTION('',(0.,0.,1.));
#6581 = ORIENTED_EDGE('',*,*,#6582,.F.);
#6582 = EDGE_CURVE('',#6559,#6575,#6583,.T.);
#6583 = LINE('',#6584,#6585);
#6584 = CARTESIAN_POINT('',(7.1,-10.7,0.84));
#6585 = VECTOR('',#6586,1.);
#6586 = DIRECTION('',(-0.,1.,0.));
#6587 = PLANE('',#6588);
#6588 = AXIS2_PLACEMENT_3D('',#6589,#6590,#6591);
#6589 = CARTESIAN_POINT('',(7.1,-10.7,0.8));
#6590 = DIRECTION('',(1.,0.,-0.));
#6591 = DIRECTION('',(0.,0.,1.));
#6592 = ADVANCED_FACE('',(#6593),#6609,.F.);
#6593 = FACE_BOUND('',#6594,.F.);
#6594 = EDGE_LOOP('',(#6595,#6601,#6602,#6608));
#6595 = ORIENTED_EDGE('',*,*,#6596,.F.);
#6596 = EDGE_CURVE('',#6517,#6557,#6597,.T.);
#6597 = LINE('',#6598,#6599);
#6598 = CARTESIAN_POINT('',(6.65,-10.7,0.8));
#6599 = VECTOR('',#6600,1.);
#6600 = DIRECTION('',(1.,0.,-0.));
#6601 = ORIENTED_EDGE('',*,*,#6516,.T.);
#6602 = ORIENTED_EDGE('',*,*,#6603,.T.);
#6603 = EDGE_CURVE('',#6519,#6559,#6604,.T.);
#6604 = LINE('',#6605,#6606);
#6605 = CARTESIAN_POINT('',(6.65,-10.7,0.84));
#6606 = VECTOR('',#6607,1.);
#6607 = DIRECTION('',(1.,0.,-0.));
#6608 = ORIENTED_EDGE('',*,*,#6556,.F.);
#6609 = PLANE('',#6610);
#6610 = AXIS2_PLACEMENT_3D('',#6611,#6612,#6613);
#6611 = CARTESIAN_POINT('',(6.65,-10.7,0.8));
#6612 = DIRECTION('',(-0.,1.,0.));
#6613 = DIRECTION('',(0.,0.,1.));
#6614 = ADVANCED_FACE('',(#6615),#6631,.T.);
#6615 = FACE_BOUND('',#6616,.T.);
#6616 = EDGE_LOOP('',(#6617,#6623,#6624,#6630));
#6617 = ORIENTED_EDGE('',*,*,#6618,.F.);
#6618 = EDGE_CURVE('',#6527,#6567,#6619,.T.);
#6619 = LINE('',#6620,#6621);
#6620 = CARTESIAN_POINT('',(6.65,-7.2,0.8));
#6621 = VECTOR('',#6622,1.);
#6622 = DIRECTION('',(1.,0.,-0.));
#6623 = ORIENTED_EDGE('',*,*,#6534,.T.);
#6624 = ORIENTED_EDGE('',*,*,#6625,.T.);
#6625 = EDGE_CURVE('',#6535,#6575,#6626,.T.);
#6626 = LINE('',#6627,#6628);
#6627 = CARTESIAN_POINT('',(6.65,-7.2,0.84));
#6628 = VECTOR('',#6629,1.);
#6629 = DIRECTION('',(1.,0.,-0.));
#6630 = ORIENTED_EDGE('',*,*,#6574,.F.);
#6631 = PLANE('',#6632);
#6632 = AXIS2_PLACEMENT_3D('',#6633,#6634,#6635);
#6633 = CARTESIAN_POINT('',(6.65,-7.2,0.8));
#6634 = DIRECTION('',(-0.,1.,0.));
#6635 = DIRECTION('',(0.,0.,1.));
#6636 = ADVANCED_FACE('',(#6637),#6643,.F.);
#6637 = FACE_BOUND('',#6638,.F.);
#6638 = EDGE_LOOP('',(#6639,#6640,#6641,#6642));
#6639 = ORIENTED_EDGE('',*,*,#6526,.F.);
#6640 = ORIENTED_EDGE('',*,*,#6596,.T.);
#6641 = ORIENTED_EDGE('',*,*,#6566,.T.);
#6642 = ORIENTED_EDGE('',*,*,#6618,.F.);
#6643 = PLANE('',#6644);
#6644 = AXIS2_PLACEMENT_3D('',#6645,#6646,#6647);
#6645 = CARTESIAN_POINT('',(6.65,-10.7,0.8));
#6646 = DIRECTION('',(0.,0.,1.));
#6647 = DIRECTION('',(1.,0.,-0.));
#6648 = ADVANCED_FACE('',(#6649),#6655,.T.);
#6649 = FACE_BOUND('',#6650,.T.);
#6650 = EDGE_LOOP('',(#6651,#6652,#6653,#6654));
#6651 = ORIENTED_EDGE('',*,*,#6542,.F.);
#6652 = ORIENTED_EDGE('',*,*,#6603,.T.);
#6653 = ORIENTED_EDGE('',*,*,#6582,.T.);
#6654 = ORIENTED_EDGE('',*,*,#6625,.F.);
#6655 = PLANE('',#6656);
#6656 = AXIS2_PLACEMENT_3D('',#6657,#6658,#6659);
#6657 = CARTESIAN_POINT('',(6.65,-10.7,0.84));
#6658 = DIRECTION('',(0.,0.,1.));
#6659 = DIRECTION('',(1.,0.,-0.));
#6660 = ( GEOMETRIC_REPRESENTATION_CONTEXT(3) 
GLOBAL_UNCERTAINTY_ASSIGNED_CONTEXT((#6664)) 
GLOBAL_UNIT_ASSIGNED_CONTEXT((#6661,#6662,#6663)) REPRESENTATION_CONTEXT
('Context #1','3D Context with UNIT and UNCERTAINTY') );
#6661 = ( LENGTH_UNIT() NAMED_UNIT(*) SI_UNIT(.MILLI.,.METRE.) );
#6662 = ( NAMED_UNIT(*) PLANE_ANGLE_UNIT() SI_UNIT($,.RADIAN.) );
#6663 = ( NAMED_UNIT(*) SI_UNIT($,.STERADIAN.) SOLID_ANGLE_UNIT() );
#6664 = UNCERTAINTY_MEASURE_WITH_UNIT(LENGTH_MEASURE(1.E-07),#6661,
  'distance_accuracy_value','confusion accuracy');
#6665 = CONTEXT_DEPENDENT_SHAPE_REPRESENTATION(#6666,#6668);
#6666 = ( REPRESENTATION_RELATIONSHIP('','',#6509,#10) 
REPRESENTATION_RELATIONSHIP_WITH_TRANSFORMATION(#6667) 
SHAPE_REPRESENTATION_RELATIONSHIP() );
#6667 = ITEM_DEFINED_TRANSFORMATION('','',#11,#167);
#6668 = PRODUCT_DEFINITION_SHAPE('Placement','Placement of an item',
  #6669);
#6669 = NEXT_ASSEMBLY_USAGE_OCCURRENCE('39','PCB antenna007','',#5,#6504
  ,$);
#6670 = PRODUCT_RELATED_PRODUCT_CATEGORY('part',$,(#6506));
ENDSEC;
END-ISO-10303-21;
