ISO-10303-21;
HEADER;
/* Generated by software containing ST-Developer
 * from STEP Tools, Inc. (www.steptools.com) 
 */

FILE_DESCRIPTION(
/* description */ (''),
/* implementation_level */ '2;1');

FILE_NAME(
/* name */ 'Takachi_BS-S-1632.step',
/* time_stamp */ '2026-09-09T17:17:52+09:00',
/* author */ (''),
/* organization */ (''),
/* preprocessor_version */ 'ST-DEVELOPER v20.2',
/* originating_system */ 'Autodesk Translation Framework v15.15.0.0',
/* authorisation */ '');

FILE_SCHEMA (('AUTOMOTIVE_DESIGN { 1 0 10303 214 3 1 1 }'));
ENDSEC;

DATA;
#10=MECHANICAL_DESIGN_GEOMETRIC_PRESENTATION_REPRESENTATION('',(#13),#4007);
#11=SHAPE_REPRESENTATION_RELATIONSHIP('SRR','None',#4014,#12);
#12=ADVANCED_BREP_SHAPE_REPRESENTATION('',(#14),#4006);
#13=STYLED_ITEM('',(#4023),#14);
#14=MANIFOLD_SOLID_BREP('\X2\30DC30C730A3\X0\1',#2315);
#15=FACE_BOUND('',#340,.T.);
#16=FACE_BOUND('',#341,.T.);
#17=FACE_BOUND('',#342,.T.);
#18=FACE_BOUND('',#394,.T.);
#19=FACE_BOUND('',#395,.T.);
#20=B_SPLINE_SURFACE_WITH_KNOTS('',3,3,((#3428,#3429,#3430,#3431),(#3432,
#3433,#3434,#3435),(#3436,#3437,#3438,#3439),(#3440,#3441,#3442,#3443),
(#3444,#3445,#3446,#3447)),.UNSPECIFIED.,.F.,.F.,.F.,(4,1,4),(4,4),(-3.27951491822945E-17,
0.0211582934577819,0.0423165869155638),(-2.77555756156284E-17,0.025),
 .UNSPECIFIED.);
#21=B_SPLINE_SURFACE_WITH_KNOTS('',3,3,((#3457,#3458,#3459,#3460),(#3461,
#3462,#3463,#3464),(#3465,#3466,#3467,#3468),(#3469,#3470,#3471,#3472),
(#3473,#3474,#3475,#3476)),.UNSPECIFIED.,.F.,.F.,.F.,(4,1,4),(4,4),(0.,
0.0257520757551168,0.0515041515102337),(-1.38777878078156E-17,0.025),
 .UNSPECIFIED.);
#22=B_SPLINE_SURFACE_WITH_KNOTS('',3,3,((#3498,#3499,#3500,#3501),(#3502,
#3503,#3504,#3505),(#3506,#3507,#3508,#3509),(#3510,#3511,#3512,#3513),
(#3514,#3515,#3516,#3517)),.UNSPECIFIED.,.F.,.F.,.F.,(4,1,4),(4,4),(0.,
0.0207474201206061,0.0414948402412121),(0.,0.025),.UNSPECIFIED.);
#23=B_SPLINE_SURFACE_WITH_KNOTS('',3,3,((#3896,#3897,#3898,#3899),(#3900,
#3901,#3902,#3903),(#3904,#3905,#3906,#3907),(#3908,#3909,#3910,#3911),
(#3912,#3913,#3914,#3915)),.UNSPECIFIED.,.F.,.F.,.F.,(4,1,4),(4,4),(-3.27951491822945E-17,
0.0211582934577819,0.0423165869155638),(-2.77555756156284E-17,0.025),
 .UNSPECIFIED.);
#24=B_SPLINE_SURFACE_WITH_KNOTS('',3,3,((#3924,#3925,#3926,#3927),(#3928,
#3929,#3930,#3931),(#3932,#3933,#3934,#3935),(#3936,#3937,#3938,#3939),
(#3940,#3941,#3942,#3943)),.UNSPECIFIED.,.F.,.F.,.F.,(4,1,4),(4,4),(0.,
0.0257520757551168,0.0515041515102337),(-1.38777878078156E-17,0.025),
 .UNSPECIFIED.);
#25=B_SPLINE_SURFACE_WITH_KNOTS('',3,3,((#3968,#3969,#3970,#3971),(#3972,
#3973,#3974,#3975),(#3976,#3977,#3978,#3979),(#3980,#3981,#3982,#3983),
(#3984,#3985,#3986,#3987)),.UNSPECIFIED.,.F.,.F.,.F.,(4,1,4),(4,4),(0.,
0.0207474201206061,0.0414948402412121),(0.,0.025),.UNSPECIFIED.);
#26=B_SPLINE_CURVE_WITH_KNOTS('',3,(#3409,#3410,#3411,#3412,#3413,#3414,
#3415),.UNSPECIFIED.,.F.,.F.,(4,3,4),(0.,0.785398163397415,1.57079632679484),
 .UNSPECIFIED.);
#27=B_SPLINE_CURVE_WITH_KNOTS('',3,(#3418,#3419,#3420,#3421,#3422,#3423,
#3424),.UNSPECIFIED.,.F.,.F.,(4,3,4),(0.,0.78539816339744,1.57079632679484),
 .UNSPECIFIED.);
#28=B_SPLINE_CURVE_WITH_KNOTS('',3,(#3449,#3450,#3451,#3452,#3453,#3454,
#3455),.UNSPECIFIED.,.F.,.F.,(4,3,4),(0.,0.785398163397422,1.57079632679484),
 .UNSPECIFIED.);
#29=B_SPLINE_CURVE_WITH_KNOTS('',3,(#3478,#3479,#3480,#3481,#3482,#3483,
#3484),.UNSPECIFIED.,.F.,.F.,(4,3,4),(0.,0.785398163397408,1.57079632679484),
 .UNSPECIFIED.);
#30=B_SPLINE_CURVE_WITH_KNOTS('',3,(#3519,#3520,#3521,#3522,#3523,#3524,
#3525),.UNSPECIFIED.,.F.,.F.,(4,3,4),(0.,0.785398163397414,1.57079632679486),
 .UNSPECIFIED.);
#31=B_SPLINE_CURVE_WITH_KNOTS('',3,(#3527,#3528,#3529,#3530,#3531,#3532,
#3533),.UNSPECIFIED.,.F.,.F.,(4,3,4),(0.,0.785398163397432,1.57079632679486),
 .UNSPECIFIED.);
#32=B_SPLINE_CURVE_WITH_KNOTS('',3,(#3585,#3586,#3587,#3588,#3589,#3590,
#3591),.UNSPECIFIED.,.F.,.F.,(4,3,4),(0.,0.785398163397414,1.57079632679486),
 .UNSPECIFIED.);
#33=B_SPLINE_CURVE_WITH_KNOTS('',3,(#3879,#3880,#3881,#3882,#3883,#3884,
#3885),.UNSPECIFIED.,.F.,.F.,(4,3,4),(0.,0.78539816339744,1.57079632679484),
 .UNSPECIFIED.);
#34=B_SPLINE_CURVE_WITH_KNOTS('',3,(#3886,#3887,#3888,#3889,#3890,#3891,
#3892),.UNSPECIFIED.,.F.,.F.,(4,3,4),(0.,0.785398163397415,1.57079632679484),
 .UNSPECIFIED.);
#35=B_SPLINE_CURVE_WITH_KNOTS('',3,(#3916,#3917,#3918,#3919,#3920,#3921,
#3922),.UNSPECIFIED.,.F.,.F.,(4,3,4),(0.,0.785398163397422,1.57079632679484),
 .UNSPECIFIED.);
#36=B_SPLINE_CURVE_WITH_KNOTS('',3,(#3944,#3945,#3946,#3947,#3948,#3949,
#3950),.UNSPECIFIED.,.F.,.F.,(4,3,4),(0.,0.785398163397408,1.57079632679484),
 .UNSPECIFIED.);
#37=B_SPLINE_CURVE_WITH_KNOTS('',3,(#3961,#3962,#3963,#3964,#3965,#3966,
#3967),.UNSPECIFIED.,.F.,.F.,(4,3,4),(0.,0.785398163397432,1.57079632679486),
 .UNSPECIFIED.);
#38=PLANE('',#2335);
#39=PLANE('',#2336);
#40=PLANE('',#2337);
#41=PLANE('',#2339);
#42=PLANE('',#2341);
#43=PLANE('',#2343);
#44=PLANE('',#2344);
#45=PLANE('',#2345);
#46=PLANE('',#2349);
#47=PLANE('',#2350);
#48=PLANE('',#2352);
#49=PLANE('',#2355);
#50=PLANE('',#2356);
#51=PLANE('',#2357);
#52=PLANE('',#2360);
#53=PLANE('',#2361);
#54=PLANE('',#2364);
#55=PLANE('',#2370);
#56=PLANE('',#2377);
#57=PLANE('',#2378);
#58=PLANE('',#2379);
#59=PLANE('',#2381);
#60=PLANE('',#2383);
#61=PLANE('',#2385);
#62=PLANE('',#2386);
#63=PLANE('',#2387);
#64=PLANE('',#2388);
#65=PLANE('',#2389);
#66=PLANE('',#2390);
#67=PLANE('',#2391);
#68=PLANE('',#2392);
#69=PLANE('',#2393);
#70=PLANE('',#2396);
#71=PLANE('',#2401);
#72=PLANE('',#2402);
#73=PLANE('',#2404);
#74=PLANE('',#2405);
#75=PLANE('',#2407);
#76=PLANE('',#2414);
#77=PLANE('',#2415);
#78=PLANE('',#2416);
#79=PLANE('',#2417);
#80=PLANE('',#2418);
#81=PLANE('',#2419);
#82=PLANE('',#2420);
#83=PLANE('',#2423);
#84=PLANE('',#2427);
#85=PLANE('',#2434);
#86=PLANE('',#2435);
#87=PLANE('',#2436);
#88=PLANE('',#2438);
#89=PLANE('',#2440);
#90=PLANE('',#2442);
#91=PLANE('',#2443);
#92=PLANE('',#2444);
#93=PLANE('',#2448);
#94=PLANE('',#2449);
#95=PLANE('',#2451);
#96=PLANE('',#2454);
#97=PLANE('',#2455);
#98=PLANE('',#2456);
#99=PLANE('',#2459);
#100=PLANE('',#2460);
#101=PLANE('',#2463);
#102=PLANE('',#2466);
#103=PLANE('',#2469);
#104=PLANE('',#2476);
#105=PLANE('',#2477);
#106=PLANE('',#2478);
#107=PLANE('',#2480);
#108=PLANE('',#2482);
#109=PLANE('',#2484);
#110=PLANE('',#2485);
#111=PLANE('',#2486);
#112=PLANE('',#2487);
#113=PLANE('',#2488);
#114=PLANE('',#2489);
#115=PLANE('',#2490);
#116=PLANE('',#2491);
#117=PLANE('',#2492);
#118=PLANE('',#2495);
#119=PLANE('',#2500);
#120=PLANE('',#2501);
#121=PLANE('',#2502);
#122=PLANE('',#2506);
#123=PLANE('',#2508);
#124=PLANE('',#2509);
#125=PLANE('',#2511);
#126=PLANE('',#2514);
#127=PLANE('',#2516);
#128=PLANE('',#2517);
#129=PLANE('',#2518);
#130=PLANE('',#2519);
#131=PLANE('',#2520);
#132=PLANE('',#2521);
#133=PLANE('',#2522);
#134=FACE_OUTER_BOUND('',#273,.T.);
#135=FACE_OUTER_BOUND('',#274,.T.);
#136=FACE_OUTER_BOUND('',#275,.T.);
#137=FACE_OUTER_BOUND('',#276,.T.);
#138=FACE_OUTER_BOUND('',#277,.T.);
#139=FACE_OUTER_BOUND('',#278,.T.);
#140=FACE_OUTER_BOUND('',#279,.T.);
#141=FACE_OUTER_BOUND('',#280,.T.);
#142=FACE_OUTER_BOUND('',#281,.T.);
#143=FACE_OUTER_BOUND('',#282,.T.);
#144=FACE_OUTER_BOUND('',#283,.T.);
#145=FACE_OUTER_BOUND('',#284,.T.);
#146=FACE_OUTER_BOUND('',#285,.T.);
#147=FACE_OUTER_BOUND('',#286,.T.);
#148=FACE_OUTER_BOUND('',#287,.T.);
#149=FACE_OUTER_BOUND('',#288,.T.);
#150=FACE_OUTER_BOUND('',#289,.T.);
#151=FACE_OUTER_BOUND('',#290,.T.);
#152=FACE_OUTER_BOUND('',#291,.T.);
#153=FACE_OUTER_BOUND('',#292,.T.);
#154=FACE_OUTER_BOUND('',#293,.T.);
#155=FACE_OUTER_BOUND('',#294,.T.);
#156=FACE_OUTER_BOUND('',#295,.T.);
#157=FACE_OUTER_BOUND('',#296,.T.);
#158=FACE_OUTER_BOUND('',#297,.T.);
#159=FACE_OUTER_BOUND('',#298,.T.);
#160=FACE_OUTER_BOUND('',#299,.T.);
#161=FACE_OUTER_BOUND('',#300,.T.);
#162=FACE_OUTER_BOUND('',#301,.T.);
#163=FACE_OUTER_BOUND('',#302,.T.);
#164=FACE_OUTER_BOUND('',#303,.T.);
#165=FACE_OUTER_BOUND('',#304,.T.);
#166=FACE_OUTER_BOUND('',#305,.T.);
#167=FACE_OUTER_BOUND('',#306,.T.);
#168=FACE_OUTER_BOUND('',#307,.T.);
#169=FACE_OUTER_BOUND('',#308,.T.);
#170=FACE_OUTER_BOUND('',#309,.T.);
#171=FACE_OUTER_BOUND('',#310,.T.);
#172=FACE_OUTER_BOUND('',#311,.T.);
#173=FACE_OUTER_BOUND('',#312,.T.);
#174=FACE_OUTER_BOUND('',#313,.T.);
#175=FACE_OUTER_BOUND('',#314,.T.);
#176=FACE_OUTER_BOUND('',#315,.T.);
#177=FACE_OUTER_BOUND('',#316,.T.);
#178=FACE_OUTER_BOUND('',#317,.T.);
#179=FACE_OUTER_BOUND('',#318,.T.);
#180=FACE_OUTER_BOUND('',#319,.T.);
#181=FACE_OUTER_BOUND('',#320,.T.);
#182=FACE_OUTER_BOUND('',#321,.T.);
#183=FACE_OUTER_BOUND('',#322,.T.);
#184=FACE_OUTER_BOUND('',#323,.T.);
#185=FACE_OUTER_BOUND('',#324,.T.);
#186=FACE_OUTER_BOUND('',#325,.T.);
#187=FACE_OUTER_BOUND('',#326,.T.);
#188=FACE_OUTER_BOUND('',#327,.T.);
#189=FACE_OUTER_BOUND('',#328,.T.);
#190=FACE_OUTER_BOUND('',#329,.T.);
#191=FACE_OUTER_BOUND('',#330,.T.);
#192=FACE_OUTER_BOUND('',#331,.T.);
#193=FACE_OUTER_BOUND('',#332,.T.);
#194=FACE_OUTER_BOUND('',#333,.T.);
#195=FACE_OUTER_BOUND('',#334,.T.);
#196=FACE_OUTER_BOUND('',#335,.T.);
#197=FACE_OUTER_BOUND('',#336,.T.);
#198=FACE_OUTER_BOUND('',#337,.T.);
#199=FACE_OUTER_BOUND('',#338,.T.);
#200=FACE_OUTER_BOUND('',#339,.T.);
#201=FACE_OUTER_BOUND('',#343,.T.);
#202=FACE_OUTER_BOUND('',#344,.T.);
#203=FACE_OUTER_BOUND('',#345,.T.);
#204=FACE_OUTER_BOUND('',#346,.T.);
#205=FACE_OUTER_BOUND('',#347,.T.);
#206=FACE_OUTER_BOUND('',#348,.T.);
#207=FACE_OUTER_BOUND('',#349,.T.);
#208=FACE_OUTER_BOUND('',#350,.T.);
#209=FACE_OUTER_BOUND('',#351,.T.);
#210=FACE_OUTER_BOUND('',#352,.T.);
#211=FACE_OUTER_BOUND('',#353,.T.);
#212=FACE_OUTER_BOUND('',#354,.T.);
#213=FACE_OUTER_BOUND('',#355,.T.);
#214=FACE_OUTER_BOUND('',#356,.T.);
#215=FACE_OUTER_BOUND('',#357,.T.);
#216=FACE_OUTER_BOUND('',#358,.T.);
#217=FACE_OUTER_BOUND('',#359,.T.);
#218=FACE_OUTER_BOUND('',#360,.T.);
#219=FACE_OUTER_BOUND('',#361,.T.);
#220=FACE_OUTER_BOUND('',#362,.T.);
#221=FACE_OUTER_BOUND('',#363,.T.);
#222=FACE_OUTER_BOUND('',#364,.T.);
#223=FACE_OUTER_BOUND('',#365,.T.);
#224=FACE_OUTER_BOUND('',#366,.T.);
#225=FACE_OUTER_BOUND('',#367,.T.);
#226=FACE_OUTER_BOUND('',#368,.T.);
#227=FACE_OUTER_BOUND('',#369,.T.);
#228=FACE_OUTER_BOUND('',#370,.T.);
#229=FACE_OUTER_BOUND('',#371,.T.);
#230=FACE_OUTER_BOUND('',#372,.T.);
#231=FACE_OUTER_BOUND('',#373,.T.);
#232=FACE_OUTER_BOUND('',#374,.T.);
#233=FACE_OUTER_BOUND('',#375,.T.);
#234=FACE_OUTER_BOUND('',#376,.T.);
#235=FACE_OUTER_BOUND('',#377,.T.);
#236=FACE_OUTER_BOUND('',#378,.T.);
#237=FACE_OUTER_BOUND('',#379,.T.);
#238=FACE_OUTER_BOUND('',#380,.T.);
#239=FACE_OUTER_BOUND('',#381,.T.);
#240=FACE_OUTER_BOUND('',#382,.T.);
#241=FACE_OUTER_BOUND('',#383,.T.);
#242=FACE_OUTER_BOUND('',#384,.T.);
#243=FACE_OUTER_BOUND('',#385,.T.);
#244=FACE_OUTER_BOUND('',#386,.T.);
#245=FACE_OUTER_BOUND('',#387,.T.);
#246=FACE_OUTER_BOUND('',#388,.T.);
#247=FACE_OUTER_BOUND('',#389,.T.);
#248=FACE_OUTER_BOUND('',#390,.T.);
#249=FACE_OUTER_BOUND('',#391,.T.);
#250=FACE_OUTER_BOUND('',#392,.T.);
#251=FACE_OUTER_BOUND('',#393,.T.);
#252=FACE_OUTER_BOUND('',#396,.T.);
#253=FACE_OUTER_BOUND('',#397,.T.);
#254=FACE_OUTER_BOUND('',#398,.T.);
#255=FACE_OUTER_BOUND('',#399,.T.);
#256=FACE_OUTER_BOUND('',#400,.T.);
#257=FACE_OUTER_BOUND('',#401,.T.);
#258=FACE_OUTER_BOUND('',#402,.T.);
#259=FACE_OUTER_BOUND('',#403,.T.);
#260=FACE_OUTER_BOUND('',#404,.T.);
#261=FACE_OUTER_BOUND('',#405,.T.);
#262=FACE_OUTER_BOUND('',#406,.T.);
#263=FACE_OUTER_BOUND('',#407,.T.);
#264=FACE_OUTER_BOUND('',#408,.T.);
#265=FACE_OUTER_BOUND('',#409,.T.);
#266=FACE_OUTER_BOUND('',#410,.T.);
#267=FACE_OUTER_BOUND('',#411,.T.);
#268=FACE_OUTER_BOUND('',#412,.T.);
#269=FACE_OUTER_BOUND('',#413,.T.);
#270=FACE_OUTER_BOUND('',#414,.T.);
#271=FACE_OUTER_BOUND('',#415,.T.);
#272=FACE_OUTER_BOUND('',#416,.T.);
#273=EDGE_LOOP('',(#1491,#1492,#1493,#1494));
#274=EDGE_LOOP('',(#1495,#1496,#1497,#1498));
#275=EDGE_LOOP('',(#1499,#1500,#1501,#1502));
#276=EDGE_LOOP('',(#1503,#1504,#1505,#1506));
#277=EDGE_LOOP('',(#1507,#1508,#1509,#1510));
#278=EDGE_LOOP('',(#1511,#1512,#1513,#1514));
#279=EDGE_LOOP('',(#1515,#1516,#1517,#1518));
#280=EDGE_LOOP('',(#1519,#1520,#1521,#1522));
#281=EDGE_LOOP('',(#1523,#1524,#1525,#1526));
#282=EDGE_LOOP('',(#1527,#1528,#1529,#1530));
#283=EDGE_LOOP('',(#1531,#1532,#1533,#1534));
#284=EDGE_LOOP('',(#1535,#1536,#1537,#1538));
#285=EDGE_LOOP('',(#1539,#1540,#1541,#1542));
#286=EDGE_LOOP('',(#1543,#1544,#1545,#1546));
#287=EDGE_LOOP('',(#1547,#1548,#1549,#1550));
#288=EDGE_LOOP('',(#1551,#1552,#1553,#1554));
#289=EDGE_LOOP('',(#1555,#1556,#1557,#1558));
#290=EDGE_LOOP('',(#1559,#1560,#1561,#1562));
#291=EDGE_LOOP('',(#1563,#1564,#1565,#1566,#1567,#1568,#1569,#1570,#1571,
#1572));
#292=EDGE_LOOP('',(#1573,#1574,#1575,#1576));
#293=EDGE_LOOP('',(#1577,#1578,#1579,#1580));
#294=EDGE_LOOP('',(#1581,#1582,#1583,#1584));
#295=EDGE_LOOP('',(#1585,#1586,#1587,#1588));
#296=EDGE_LOOP('',(#1589,#1590,#1591,#1592));
#297=EDGE_LOOP('',(#1593,#1594,#1595,#1596));
#298=EDGE_LOOP('',(#1597,#1598,#1599,#1600));
#299=EDGE_LOOP('',(#1601,#1602,#1603,#1604));
#300=EDGE_LOOP('',(#1605,#1606,#1607,#1608));
#301=EDGE_LOOP('',(#1609,#1610,#1611,#1612));
#302=EDGE_LOOP('',(#1613,#1614,#1615,#1616));
#303=EDGE_LOOP('',(#1617,#1618,#1619,#1620));
#304=EDGE_LOOP('',(#1621,#1622,#1623,#1624));
#305=EDGE_LOOP('',(#1625,#1626,#1627,#1628));
#306=EDGE_LOOP('',(#1629,#1630,#1631,#1632));
#307=EDGE_LOOP('',(#1633,#1634,#1635,#1636));
#308=EDGE_LOOP('',(#1637,#1638,#1639,#1640));
#309=EDGE_LOOP('',(#1641,#1642,#1643,#1644));
#310=EDGE_LOOP('',(#1645,#1646,#1647,#1648));
#311=EDGE_LOOP('',(#1649,#1650,#1651,#1652));
#312=EDGE_LOOP('',(#1653,#1654,#1655,#1656));
#313=EDGE_LOOP('',(#1657,#1658,#1659,#1660));
#314=EDGE_LOOP('',(#1661,#1662,#1663,#1664));
#315=EDGE_LOOP('',(#1665,#1666,#1667,#1668,#1669,#1670));
#316=EDGE_LOOP('',(#1671,#1672,#1673,#1674));
#317=EDGE_LOOP('',(#1675,#1676,#1677,#1678));
#318=EDGE_LOOP('',(#1679,#1680,#1681,#1682));
#319=EDGE_LOOP('',(#1683,#1684,#1685,#1686));
#320=EDGE_LOOP('',(#1687,#1688,#1689,#1690));
#321=EDGE_LOOP('',(#1691,#1692,#1693,#1694));
#322=EDGE_LOOP('',(#1695,#1696,#1697,#1698));
#323=EDGE_LOOP('',(#1699,#1700,#1701,#1702));
#324=EDGE_LOOP('',(#1703,#1704,#1705,#1706));
#325=EDGE_LOOP('',(#1707,#1708,#1709,#1710));
#326=EDGE_LOOP('',(#1711,#1712,#1713,#1714));
#327=EDGE_LOOP('',(#1715,#1716,#1717,#1718,#1719,#1720,#1721,#1722,#1723,
#1724));
#328=EDGE_LOOP('',(#1725,#1726,#1727,#1728));
#329=EDGE_LOOP('',(#1729,#1730,#1731,#1732));
#330=EDGE_LOOP('',(#1733,#1734,#1735,#1736));
#331=EDGE_LOOP('',(#1737,#1738,#1739,#1740));
#332=EDGE_LOOP('',(#1741,#1742,#1743,#1744));
#333=EDGE_LOOP('',(#1745,#1746,#1747,#1748));
#334=EDGE_LOOP('',(#1749,#1750,#1751,#1752));
#335=EDGE_LOOP('',(#1753,#1754,#1755,#1756));
#336=EDGE_LOOP('',(#1757,#1758,#1759,#1760));
#337=EDGE_LOOP('',(#1761,#1762,#1763,#1764,#1765,#1766));
#338=EDGE_LOOP('',(#1767,#1768,#1769,#1770));
#339=EDGE_LOOP('',(#1771,#1772,#1773,#1774,#1775,#1776,#1777,#1778));
#340=EDGE_LOOP('',(#1779,#1780,#1781,#1782,#1783,#1784,#1785,#1786,#1787,
#1788,#1789,#1790));
#341=EDGE_LOOP('',(#1791,#1792,#1793,#1794,#1795,#1796,#1797,#1798));
#342=EDGE_LOOP('',(#1799,#1800,#1801,#1802,#1803,#1804,#1805,#1806));
#343=EDGE_LOOP('',(#1807,#1808,#1809,#1810));
#344=EDGE_LOOP('',(#1811,#1812,#1813,#1814));
#345=EDGE_LOOP('',(#1815,#1816,#1817,#1818));
#346=EDGE_LOOP('',(#1819,#1820,#1821,#1822));
#347=EDGE_LOOP('',(#1823,#1824,#1825,#1826));
#348=EDGE_LOOP('',(#1827,#1828,#1829,#1830));
#349=EDGE_LOOP('',(#1831,#1832,#1833,#1834));
#350=EDGE_LOOP('',(#1835,#1836,#1837,#1838));
#351=EDGE_LOOP('',(#1839,#1840,#1841,#1842));
#352=EDGE_LOOP('',(#1843,#1844,#1845,#1846));
#353=EDGE_LOOP('',(#1847,#1848,#1849,#1850));
#354=EDGE_LOOP('',(#1851,#1852,#1853,#1854));
#355=EDGE_LOOP('',(#1855,#1856,#1857,#1858));
#356=EDGE_LOOP('',(#1859,#1860,#1861,#1862));
#357=EDGE_LOOP('',(#1863,#1864,#1865,#1866));
#358=EDGE_LOOP('',(#1867,#1868,#1869,#1870));
#359=EDGE_LOOP('',(#1871,#1872,#1873,#1874));
#360=EDGE_LOOP('',(#1875,#1876,#1877,#1878));
#361=EDGE_LOOP('',(#1879,#1880,#1881,#1882));
#362=EDGE_LOOP('',(#1883,#1884,#1885,#1886,#1887,#1888,#1889,#1890,#1891,
#1892));
#363=EDGE_LOOP('',(#1893,#1894,#1895,#1896));
#364=EDGE_LOOP('',(#1897,#1898,#1899,#1900));
#365=EDGE_LOOP('',(#1901,#1902,#1903,#1904));
#366=EDGE_LOOP('',(#1905,#1906,#1907,#1908));
#367=EDGE_LOOP('',(#1909,#1910,#1911,#1912));
#368=EDGE_LOOP('',(#1913,#1914,#1915,#1916));
#369=EDGE_LOOP('',(#1917,#1918,#1919,#1920));
#370=EDGE_LOOP('',(#1921,#1922,#1923,#1924));
#371=EDGE_LOOP('',(#1925,#1926,#1927,#1928));
#372=EDGE_LOOP('',(#1929,#1930,#1931,#1932));
#373=EDGE_LOOP('',(#1933,#1934,#1935,#1936));
#374=EDGE_LOOP('',(#1937,#1938,#1939,#1940));
#375=EDGE_LOOP('',(#1941,#1942,#1943,#1944));
#376=EDGE_LOOP('',(#1945,#1946,#1947,#1948));
#377=EDGE_LOOP('',(#1949,#1950,#1951,#1952));
#378=EDGE_LOOP('',(#1953,#1954,#1955,#1956));
#379=EDGE_LOOP('',(#1957,#1958,#1959,#1960));
#380=EDGE_LOOP('',(#1961,#1962,#1963,#1964));
#381=EDGE_LOOP('',(#1965,#1966,#1967,#1968));
#382=EDGE_LOOP('',(#1969,#1970,#1971,#1972));
#383=EDGE_LOOP('',(#1973,#1974,#1975,#1976));
#384=EDGE_LOOP('',(#1977,#1978,#1979,#1980));
#385=EDGE_LOOP('',(#1981,#1982,#1983,#1984));
#386=EDGE_LOOP('',(#1985,#1986,#1987,#1988));
#387=EDGE_LOOP('',(#1989,#1990,#1991,#1992,#1993,#1994));
#388=EDGE_LOOP('',(#1995,#1996,#1997,#1998));
#389=EDGE_LOOP('',(#1999,#2000,#2001,#2002));
#390=EDGE_LOOP('',(#2003,#2004,#2005,#2006));
#391=EDGE_LOOP('',(#2007,#2008,#2009,#2010));
#392=EDGE_LOOP('',(#2011,#2012,#2013,#2014));
#393=EDGE_LOOP('',(#2015,#2016,#2017,#2018,#2019,#2020,#2021,#2022));
#394=EDGE_LOOP('',(#2023,#2024,#2025,#2026,#2027,#2028,#2029,#2030));
#395=EDGE_LOOP('',(#2031,#2032,#2033,#2034,#2035,#2036,#2037,#2038));
#396=EDGE_LOOP('',(#2039,#2040,#2041,#2042,#2043,#2044,#2045,#2046,#2047,
#2048,#2049,#2050));
#397=EDGE_LOOP('',(#2051,#2052,#2053,#2054));
#398=EDGE_LOOP('',(#2055,#2056,#2057,#2058));
#399=EDGE_LOOP('',(#2059,#2060,#2061,#2062));
#400=EDGE_LOOP('',(#2063,#2064,#2065,#2066));
#401=EDGE_LOOP('',(#2067,#2068,#2069,#2070));
#402=EDGE_LOOP('',(#2071,#2072,#2073,#2074));
#403=EDGE_LOOP('',(#2075,#2076,#2077,#2078,#2079,#2080,#2081,#2082,#2083,
#2084));
#404=EDGE_LOOP('',(#2085,#2086,#2087,#2088));
#405=EDGE_LOOP('',(#2089,#2090,#2091,#2092));
#406=EDGE_LOOP('',(#2093,#2094,#2095,#2096));
#407=EDGE_LOOP('',(#2097,#2098,#2099,#2100,#2101,#2102));
#408=EDGE_LOOP('',(#2103,#2104,#2105,#2106));
#409=EDGE_LOOP('',(#2107,#2108,#2109,#2110));
#410=EDGE_LOOP('',(#2111,#2112,#2113,#2114));
#411=EDGE_LOOP('',(#2115,#2116,#2117,#2118));
#412=EDGE_LOOP('',(#2119,#2120,#2121,#2122));
#413=EDGE_LOOP('',(#2123,#2124,#2125,#2126));
#414=EDGE_LOOP('',(#2127,#2128,#2129,#2130));
#415=EDGE_LOOP('',(#2131,#2132,#2133,#2134));
#416=EDGE_LOOP('',(#2135,#2136,#2137,#2138));
#417=LINE('',#3172,#667);
#418=LINE('',#3175,#668);
#419=LINE('',#3179,#669);
#420=LINE('',#3183,#670);
#421=LINE('',#3187,#671);
#422=LINE('',#3188,#672);
#423=LINE('',#3189,#673);
#424=LINE('',#3192,#674);
#425=LINE('',#3193,#675);
#426=LINE('',#3195,#676);
#427=LINE('',#3197,#677);
#428=LINE('',#3202,#678);
#429=LINE('',#3204,#679);
#430=LINE('',#3206,#680);
#431=LINE('',#3210,#681);
#432=LINE('',#3212,#682);
#433=LINE('',#3213,#683);
#434=LINE('',#3216,#684);
#435=LINE('',#3217,#685);
#436=LINE('',#3220,#686);
#437=LINE('',#3224,#687);
#438=LINE('',#3227,#688);
#439=LINE('',#3228,#689);
#440=LINE('',#3231,#690);
#441=LINE('',#3236,#691);
#442=LINE('',#3238,#692);
#443=LINE('',#3242,#693);
#444=LINE('',#3244,#694);
#445=LINE('',#3245,#695);
#446=LINE('',#3248,#696);
#447=LINE('',#3252,#697);
#448=LINE('',#3254,#698);
#449=LINE('',#3256,#699);
#450=LINE('',#3260,#700);
#451=LINE('',#3261,#701);
#452=LINE('',#3264,#702);
#453=LINE('',#3265,#703);
#454=LINE('',#3268,#704);
#455=LINE('',#3269,#705);
#456=LINE('',#3273,#706);
#457=LINE('',#3276,#707);
#458=LINE('',#3277,#708);
#459=LINE('',#3281,#709);
#460=LINE('',#3287,#710);
#461=LINE('',#3290,#711);
#462=LINE('',#3293,#712);
#463=LINE('',#3295,#713);
#464=LINE('',#3296,#714);
#465=LINE('',#3302,#715);
#466=LINE('',#3305,#716);
#467=LINE('',#3309,#717);
#468=LINE('',#3313,#718);
#469=LINE('',#3317,#719);
#470=LINE('',#3318,#720);
#471=LINE('',#3319,#721);
#472=LINE('',#3322,#722);
#473=LINE('',#3323,#723);
#474=LINE('',#3325,#724);
#475=LINE('',#3327,#725);
#476=LINE('',#3332,#726);
#477=LINE('',#3334,#727);
#478=LINE('',#3336,#728);
#479=LINE('',#3340,#729);
#480=LINE('',#3342,#730);
#481=LINE('',#3343,#731);
#482=LINE('',#3346,#732);
#483=LINE('',#3347,#733);
#484=LINE('',#3350,#734);
#485=LINE('',#3351,#735);
#486=LINE('',#3355,#736);
#487=LINE('',#3357,#737);
#488=LINE('',#3359,#738);
#489=LINE('',#3360,#739);
#490=LINE('',#3363,#740);
#491=LINE('',#3365,#741);
#492=LINE('',#3366,#742);
#493=LINE('',#3370,#743);
#494=LINE('',#3372,#744);
#495=LINE('',#3374,#745);
#496=LINE('',#3375,#746);
#497=LINE('',#3378,#747);
#498=LINE('',#3380,#748);
#499=LINE('',#3381,#749);
#500=LINE('',#3384,#750);
#501=LINE('',#3386,#751);
#502=LINE('',#3389,#752);
#503=LINE('',#3394,#753);
#504=LINE('',#3396,#754);
#505=LINE('',#3400,#755);
#506=LINE('',#3402,#756);
#507=LINE('',#3403,#757);
#508=LINE('',#3407,#758);
#509=LINE('',#3417,#759);
#510=LINE('',#3426,#760);
#511=LINE('',#3427,#761);
#512=LINE('',#3456,#762);
#513=LINE('',#3485,#763);
#514=LINE('',#3486,#764);
#515=LINE('',#3488,#765);
#516=LINE('',#3490,#766);
#517=LINE('',#3496,#767);
#518=LINE('',#3534,#768);
#519=LINE('',#3541,#769);
#520=LINE('',#3543,#770);
#521=LINE('',#3545,#771);
#522=LINE('',#3546,#772);
#523=LINE('',#3549,#773);
#524=LINE('',#3551,#774);
#525=LINE('',#3552,#775);
#526=LINE('',#3555,#776);
#527=LINE('',#3557,#777);
#528=LINE('',#3558,#778);
#529=LINE('',#3561,#779);
#530=LINE('',#3563,#780);
#531=LINE('',#3564,#781);
#532=LINE('',#3567,#782);
#533=LINE('',#3569,#783);
#534=LINE('',#3570,#784);
#535=LINE('',#3572,#785);
#536=LINE('',#3573,#786);
#537=LINE('',#3576,#787);
#538=LINE('',#3578,#788);
#539=LINE('',#3581,#789);
#540=LINE('',#3584,#790);
#541=LINE('',#3594,#791);
#542=LINE('',#3596,#792);
#543=LINE('',#3598,#793);
#544=LINE('',#3603,#794);
#545=LINE('',#3605,#795);
#546=LINE('',#3607,#796);
#547=LINE('',#3609,#797);
#548=LINE('',#3611,#798);
#549=LINE('',#3613,#799);
#550=LINE('',#3614,#800);
#551=LINE('',#3617,#801);
#552=LINE('',#3619,#802);
#553=LINE('',#3621,#803);
#554=LINE('',#3623,#804);
#555=LINE('',#3625,#805);
#556=LINE('',#3627,#806);
#557=LINE('',#3629,#807);
#558=LINE('',#3633,#808);
#559=LINE('',#3634,#809);
#560=LINE('',#3640,#810);
#561=LINE('',#3643,#811);
#562=LINE('',#3647,#812);
#563=LINE('',#3651,#813);
#564=LINE('',#3655,#814);
#565=LINE('',#3656,#815);
#566=LINE('',#3657,#816);
#567=LINE('',#3660,#817);
#568=LINE('',#3661,#818);
#569=LINE('',#3663,#819);
#570=LINE('',#3666,#820);
#571=LINE('',#3669,#821);
#572=LINE('',#3672,#822);
#573=LINE('',#3674,#823);
#574=LINE('',#3678,#824);
#575=LINE('',#3680,#825);
#576=LINE('',#3681,#826);
#577=LINE('',#3684,#827);
#578=LINE('',#3685,#828);
#579=LINE('',#3688,#829);
#580=LINE('',#3692,#830);
#581=LINE('',#3695,#831);
#582=LINE('',#3696,#832);
#583=LINE('',#3700,#833);
#584=LINE('',#3703,#834);
#585=LINE('',#3706,#835);
#586=LINE('',#3710,#836);
#587=LINE('',#3712,#837);
#588=LINE('',#3713,#838);
#589=LINE('',#3716,#839);
#590=LINE('',#3718,#840);
#591=LINE('',#3722,#841);
#592=LINE('',#3724,#842);
#593=LINE('',#3726,#843);
#594=LINE('',#3729,#844);
#595=LINE('',#3732,#845);
#596=LINE('',#3733,#846);
#597=LINE('',#3736,#847);
#598=LINE('',#3737,#848);
#599=LINE('',#3741,#849);
#600=LINE('',#3744,#850);
#601=LINE('',#3745,#851);
#602=LINE('',#3749,#852);
#603=LINE('',#3752,#853);
#604=LINE('',#3753,#854);
#605=LINE('',#3757,#855);
#606=LINE('',#3760,#856);
#607=LINE('',#3761,#857);
#608=LINE('',#3767,#858);
#609=LINE('',#3770,#859);
#610=LINE('',#3774,#860);
#611=LINE('',#3778,#861);
#612=LINE('',#3782,#862);
#613=LINE('',#3783,#863);
#614=LINE('',#3784,#864);
#615=LINE('',#3787,#865);
#616=LINE('',#3788,#866);
#617=LINE('',#3790,#867);
#618=LINE('',#3793,#868);
#619=LINE('',#3796,#869);
#620=LINE('',#3799,#870);
#621=LINE('',#3801,#871);
#622=LINE('',#3805,#872);
#623=LINE('',#3807,#873);
#624=LINE('',#3808,#874);
#625=LINE('',#3811,#875);
#626=LINE('',#3812,#876);
#627=LINE('',#3815,#877);
#628=LINE('',#3816,#878);
#629=LINE('',#3820,#879);
#630=LINE('',#3821,#880);
#631=LINE('',#3822,#881);
#632=LINE('',#3825,#882);
#633=LINE('',#3826,#883);
#634=LINE('',#3830,#884);
#635=LINE('',#3831,#885);
#636=LINE('',#3832,#886);
#637=LINE('',#3835,#887);
#638=LINE('',#3836,#888);
#639=LINE('',#3839,#889);
#640=LINE('',#3841,#890);
#641=LINE('',#3848,#891);
#642=LINE('',#3852,#892);
#643=LINE('',#3853,#893);
#644=LINE('',#3860,#894);
#645=LINE('',#3861,#895);
#646=LINE('',#3865,#896);
#647=LINE('',#3867,#897);
#648=LINE('',#3869,#898);
#649=LINE('',#3871,#899);
#650=LINE('',#3873,#900);
#651=LINE('',#3874,#901);
#652=LINE('',#3878,#902);
#653=LINE('',#3894,#903);
#654=LINE('',#3895,#904);
#655=LINE('',#3923,#905);
#656=LINE('',#3951,#906);
#657=LINE('',#3952,#907);
#658=LINE('',#3954,#908);
#659=LINE('',#3958,#909);
#660=LINE('',#3960,#910);
#661=LINE('',#3988,#911);
#662=LINE('',#3992,#912);
#663=LINE('',#3994,#913);
#664=LINE('',#3996,#914);
#665=LINE('',#3998,#915);
#666=LINE('',#4000,#916);
#667=VECTOR('',#2530,10.);
#668=VECTOR('',#2533,10.);
#669=VECTOR('',#2536,10.);
#670=VECTOR('',#2539,10.);
#671=VECTOR('',#2544,10.);
#672=VECTOR('',#2545,0.210000000000003);
#673=VECTOR('',#2546,0.210000000000003);
#674=VECTOR('',#2549,10.);
#675=VECTOR('',#2550,0.210000000000003);
#676=VECTOR('',#2553,10.);
#677=VECTOR('',#2554,10.);
#678=VECTOR('',#2561,10.);
#679=VECTOR('',#2564,10.);
#680=VECTOR('',#2567,10.);
#681=VECTOR('',#2572,10.);
#682=VECTOR('',#2573,10.);
#683=VECTOR('',#2574,0.609999999999997);
#684=VECTOR('',#2577,10.);
#685=VECTOR('',#2578,0.609999999999997);
#686=VECTOR('',#2581,10.);
#687=VECTOR('',#2584,10.);
#688=VECTOR('',#2589,10.);
#689=VECTOR('',#2590,0.609999999999997);
#690=VECTOR('',#2593,10.);
#691=VECTOR('',#2600,10.);
#692=VECTOR('',#2603,10.);
#693=VECTOR('',#2608,10.);
#694=VECTOR('',#2609,10.);
#695=VECTOR('',#2610,10.);
#696=VECTOR('',#2613,10.);
#697=VECTOR('',#2616,10.);
#698=VECTOR('',#2617,10.);
#699=VECTOR('',#2618,10.);
#700=VECTOR('',#2621,10.);
#701=VECTOR('',#2622,10.);
#702=VECTOR('',#2625,10.);
#703=VECTOR('',#2626,10.);
#704=VECTOR('',#2629,10.);
#705=VECTOR('',#2630,10.);
#706=VECTOR('',#2635,10.);
#707=VECTOR('',#2638,10.);
#708=VECTOR('',#2639,10.);
#709=VECTOR('',#2644,10.);
#710=VECTOR('',#2649,10.);
#711=VECTOR('',#2652,10.);
#712=VECTOR('',#2655,10.);
#713=VECTOR('',#2656,10.);
#714=VECTOR('',#2657,10.);
#715=VECTOR('',#2662,10.);
#716=VECTOR('',#2665,10.);
#717=VECTOR('',#2668,10.);
#718=VECTOR('',#2671,10.);
#719=VECTOR('',#2676,10.);
#720=VECTOR('',#2677,0.12);
#721=VECTOR('',#2678,0.12);
#722=VECTOR('',#2681,10.);
#723=VECTOR('',#2682,0.12);
#724=VECTOR('',#2685,10.);
#725=VECTOR('',#2686,10.);
#726=VECTOR('',#2693,10.);
#727=VECTOR('',#2696,10.);
#728=VECTOR('',#2699,10.);
#729=VECTOR('',#2704,10.);
#730=VECTOR('',#2705,10.);
#731=VECTOR('',#2706,10.);
#732=VECTOR('',#2709,10.);
#733=VECTOR('',#2710,10.);
#734=VECTOR('',#2713,10.);
#735=VECTOR('',#2714,10.);
#736=VECTOR('',#2717,10.);
#737=VECTOR('',#2718,10.);
#738=VECTOR('',#2719,10.);
#739=VECTOR('',#2720,10.);
#740=VECTOR('',#2723,10.);
#741=VECTOR('',#2724,10.);
#742=VECTOR('',#2725,10.);
#743=VECTOR('',#2728,10.);
#744=VECTOR('',#2729,10.);
#745=VECTOR('',#2730,10.);
#746=VECTOR('',#2731,10.);
#747=VECTOR('',#2734,10.);
#748=VECTOR('',#2735,10.);
#749=VECTOR('',#2736,10.);
#750=VECTOR('',#2739,10.);
#751=VECTOR('',#2742,10.);
#752=VECTOR('',#2745,10.);
#753=VECTOR('',#2754,10.);
#754=VECTOR('',#2757,10.);
#755=VECTOR('',#2762,10.);
#756=VECTOR('',#2763,10.);
#757=VECTOR('',#2764,10.);
#758=VECTOR('',#2767,10.);
#759=VECTOR('',#2768,10.);
#760=VECTOR('',#2771,10.);
#761=VECTOR('',#2772,10.);
#762=VECTOR('',#2773,10.);
#763=VECTOR('',#2774,10.);
#764=VECTOR('',#2775,10.);
#765=VECTOR('',#2778,10.);
#766=VECTOR('',#2781,10.);
#767=VECTOR('',#2788,10.);
#768=VECTOR('',#2791,10.);
#769=VECTOR('',#2800,10.);
#770=VECTOR('',#2801,10.);
#771=VECTOR('',#2802,10.);
#772=VECTOR('',#2803,10.);
#773=VECTOR('',#2806,10.);
#774=VECTOR('',#2807,10.);
#775=VECTOR('',#2808,10.);
#776=VECTOR('',#2811,10.);
#777=VECTOR('',#2812,10.);
#778=VECTOR('',#2813,10.);
#779=VECTOR('',#2816,10.);
#780=VECTOR('',#2817,10.);
#781=VECTOR('',#2818,10.);
#782=VECTOR('',#2821,10.);
#783=VECTOR('',#2822,10.);
#784=VECTOR('',#2823,10.);
#785=VECTOR('',#2826,10.);
#786=VECTOR('',#2827,10.);
#787=VECTOR('',#2830,10.);
#788=VECTOR('',#2831,10.);
#789=VECTOR('',#2834,10.);
#790=VECTOR('',#2837,10.);
#791=VECTOR('',#2840,10.);
#792=VECTOR('',#2841,10.);
#793=VECTOR('',#2842,10.);
#794=VECTOR('',#2847,10.);
#795=VECTOR('',#2848,10.);
#796=VECTOR('',#2849,10.);
#797=VECTOR('',#2850,10.);
#798=VECTOR('',#2851,10.);
#799=VECTOR('',#2852,10.);
#800=VECTOR('',#2853,10.);
#801=VECTOR('',#2854,10.);
#802=VECTOR('',#2855,10.);
#803=VECTOR('',#2856,10.);
#804=VECTOR('',#2857,10.);
#805=VECTOR('',#2858,10.);
#806=VECTOR('',#2859,10.);
#807=VECTOR('',#2860,10.);
#808=VECTOR('',#2865,10.);
#809=VECTOR('',#2866,10.);
#810=VECTOR('',#2871,10.);
#811=VECTOR('',#2874,10.);
#812=VECTOR('',#2877,10.);
#813=VECTOR('',#2880,10.);
#814=VECTOR('',#2885,10.);
#815=VECTOR('',#2886,0.210000000000003);
#816=VECTOR('',#2887,0.210000000000003);
#817=VECTOR('',#2890,10.);
#818=VECTOR('',#2891,0.210000000000003);
#819=VECTOR('',#2894,10.);
#820=VECTOR('',#2897,10.);
#821=VECTOR('',#2900,10.);
#822=VECTOR('',#2905,10.);
#823=VECTOR('',#2908,10.);
#824=VECTOR('',#2913,0.609999999999997);
#825=VECTOR('',#2914,10.);
#826=VECTOR('',#2915,10.);
#827=VECTOR('',#2918,0.609999999999997);
#828=VECTOR('',#2919,10.);
#829=VECTOR('',#2922,10.);
#830=VECTOR('',#2925,10.);
#831=VECTOR('',#2930,0.609999999999997);
#832=VECTOR('',#2931,10.);
#833=VECTOR('',#2936,10.);
#834=VECTOR('',#2939,10.);
#835=VECTOR('',#2944,10.);
#836=VECTOR('',#2949,10.);
#837=VECTOR('',#2950,10.);
#838=VECTOR('',#2951,10.);
#839=VECTOR('',#2954,10.);
#840=VECTOR('',#2955,10.);
#841=VECTOR('',#2958,10.);
#842=VECTOR('',#2959,10.);
#843=VECTOR('',#2960,10.);
#844=VECTOR('',#2963,10.);
#845=VECTOR('',#2966,10.);
#846=VECTOR('',#2967,10.);
#847=VECTOR('',#2970,10.);
#848=VECTOR('',#2971,10.);
#849=VECTOR('',#2976,10.);
#850=VECTOR('',#2979,10.);
#851=VECTOR('',#2980,10.);
#852=VECTOR('',#2985,10.);
#853=VECTOR('',#2988,10.);
#854=VECTOR('',#2989,10.);
#855=VECTOR('',#2994,10.);
#856=VECTOR('',#2997,10.);
#857=VECTOR('',#2998,10.);
#858=VECTOR('',#3003,10.);
#859=VECTOR('',#3006,10.);
#860=VECTOR('',#3009,10.);
#861=VECTOR('',#3012,10.);
#862=VECTOR('',#3017,10.);
#863=VECTOR('',#3018,0.12);
#864=VECTOR('',#3019,0.12);
#865=VECTOR('',#3022,10.);
#866=VECTOR('',#3023,0.12);
#867=VECTOR('',#3026,10.);
#868=VECTOR('',#3029,10.);
#869=VECTOR('',#3032,10.);
#870=VECTOR('',#3037,10.);
#871=VECTOR('',#3040,10.);
#872=VECTOR('',#3045,10.);
#873=VECTOR('',#3046,10.);
#874=VECTOR('',#3047,10.);
#875=VECTOR('',#3050,10.);
#876=VECTOR('',#3051,10.);
#877=VECTOR('',#3054,10.);
#878=VECTOR('',#3055,10.);
#879=VECTOR('',#3058,10.);
#880=VECTOR('',#3059,10.);
#881=VECTOR('',#3060,10.);
#882=VECTOR('',#3063,10.);
#883=VECTOR('',#3064,10.);
#884=VECTOR('',#3067,10.);
#885=VECTOR('',#3068,10.);
#886=VECTOR('',#3069,10.);
#887=VECTOR('',#3072,10.);
#888=VECTOR('',#3073,10.);
#889=VECTOR('',#3076,10.);
#890=VECTOR('',#3079,10.);
#891=VECTOR('',#3092,10.);
#892=VECTOR('',#3097,10.);
#893=VECTOR('',#3098,10.);
#894=VECTOR('',#3105,10.);
#895=VECTOR('',#3106,10.);
#896=VECTOR('',#3111,10.);
#897=VECTOR('',#3112,10.);
#898=VECTOR('',#3113,10.);
#899=VECTOR('',#3114,10.);
#900=VECTOR('',#3115,10.);
#901=VECTOR('',#3116,10.);
#902=VECTOR('',#3119,10.);
#903=VECTOR('',#3122,10.);
#904=VECTOR('',#3123,10.);
#905=VECTOR('',#3124,10.);
#906=VECTOR('',#3125,10.);
#907=VECTOR('',#3126,10.);
#908=VECTOR('',#3129,10.);
#909=VECTOR('',#3136,10.);
#910=VECTOR('',#3139,10.);
#911=VECTOR('',#3140,10.);
#912=VECTOR('',#3147,10.);
#913=VECTOR('',#3150,10.);
#914=VECTOR('',#3153,10.);
#915=VECTOR('',#3156,10.);
#916=VECTOR('',#3159,10.);
#917=CIRCLE('',#2330,0.800000000000001);
#918=CIRCLE('',#2331,0.800000000000001);
#919=CIRCLE('',#2333,0.349999999999997);
#920=CIRCLE('',#2334,0.350000000000005);
#921=CIRCLE('',#2338,0.10000000000001);
#922=CIRCLE('',#2340,0.10000000000001);
#923=CIRCLE('',#2347,0.750000000000002);
#924=CIRCLE('',#2348,0.749999999999994);
#925=CIRCLE('',#2351,0.499999999999995);
#926=CIRCLE('',#2353,0.499999999999995);
#927=CIRCLE('',#2358,0.2);
#928=CIRCLE('',#2359,0.2);
#929=CIRCLE('',#2363,0.2);
#930=CIRCLE('',#2366,0.2);
#931=CIRCLE('',#2368,0.2);
#932=CIRCLE('',#2369,0.2);
#933=CIRCLE('',#2372,1.1);
#934=CIRCLE('',#2373,1.1);
#935=CIRCLE('',#2375,0.259999999999979);
#936=CIRCLE('',#2376,0.259999999999989);
#937=CIRCLE('',#2380,0.0100000000000033);
#938=CIRCLE('',#2382,0.0100000000000033);
#939=CIRCLE('',#2394,0.259999999999986);
#940=CIRCLE('',#2395,0.00999999999999477);
#941=CIRCLE('',#2397,0.259999999999986);
#942=CIRCLE('',#2398,0.00999999999999477);
#943=CIRCLE('',#2409,3.68117658368863);
#944=CIRCLE('',#2410,3.68117658368863);
#945=CIRCLE('',#2412,2.15000000000001);
#946=CIRCLE('',#2413,2.15000000000001);
#947=CIRCLE('',#2421,0.2);
#948=CIRCLE('',#2424,3.68117658368863);
#949=CIRCLE('',#2425,3.5);
#950=CIRCLE('',#2426,2.15000000000001);
#951=CIRCLE('',#2429,0.800000000000001);
#952=CIRCLE('',#2430,0.800000000000001);
#953=CIRCLE('',#2432,0.350000000000005);
#954=CIRCLE('',#2433,0.349999999999997);
#955=CIRCLE('',#2437,0.10000000000001);
#956=CIRCLE('',#2439,0.10000000000001);
#957=CIRCLE('',#2446,0.749999999999994);
#958=CIRCLE('',#2447,0.750000000000002);
#959=CIRCLE('',#2450,0.499999999999995);
#960=CIRCLE('',#2452,0.499999999999995);
#961=CIRCLE('',#2457,0.2);
#962=CIRCLE('',#2458,0.2);
#963=CIRCLE('',#2462,0.2);
#964=CIRCLE('',#2465,0.2);
#965=CIRCLE('',#2468,0.2);
#966=CIRCLE('',#2471,1.1);
#967=CIRCLE('',#2472,1.1);
#968=CIRCLE('',#2474,0.259999999999989);
#969=CIRCLE('',#2475,0.259999999999979);
#970=CIRCLE('',#2479,0.0100000000000033);
#971=CIRCLE('',#2481,0.0100000000000033);
#972=CIRCLE('',#2493,0.00999999999999477);
#973=CIRCLE('',#2494,0.259999999999986);
#974=CIRCLE('',#2496,0.00999999999999477);
#975=CIRCLE('',#2497,0.259999999999986);
#976=CIRCLE('',#2503,3.5);
#977=CIRCLE('',#2504,3.68117658368863);
#978=CIRCLE('',#2505,2.15000000000001);
#979=VERTEX_POINT('',#3168);
#980=VERTEX_POINT('',#3169);
#981=VERTEX_POINT('',#3171);
#982=VERTEX_POINT('',#3173);
#983=VERTEX_POINT('',#3177);
#984=VERTEX_POINT('',#3178);
#985=VERTEX_POINT('',#3180);
#986=VERTEX_POINT('',#3182);
#987=VERTEX_POINT('',#3186);
#988=VERTEX_POINT('',#3191);
#989=VERTEX_POINT('',#3196);
#990=VERTEX_POINT('',#3200);
#991=VERTEX_POINT('',#3209);
#992=VERTEX_POINT('',#3211);
#993=VERTEX_POINT('',#3215);
#994=VERTEX_POINT('',#3219);
#995=VERTEX_POINT('',#3221);
#996=VERTEX_POINT('',#3223);
#997=VERTEX_POINT('',#3230);
#998=VERTEX_POINT('',#3234);
#999=VERTEX_POINT('',#3241);
#1000=VERTEX_POINT('',#3243);
#1001=VERTEX_POINT('',#3247);
#1002=VERTEX_POINT('',#3249);
#1003=VERTEX_POINT('',#3251);
#1004=VERTEX_POINT('',#3253);
#1005=VERTEX_POINT('',#3255);
#1006=VERTEX_POINT('',#3257);
#1007=VERTEX_POINT('',#3259);
#1008=VERTEX_POINT('',#3263);
#1009=VERTEX_POINT('',#3267);
#1010=VERTEX_POINT('',#3271);
#1011=VERTEX_POINT('',#3275);
#1012=VERTEX_POINT('',#3279);
#1013=VERTEX_POINT('',#3283);
#1014=VERTEX_POINT('',#3284);
#1015=VERTEX_POINT('',#3286);
#1016=VERTEX_POINT('',#3288);
#1017=VERTEX_POINT('',#3292);
#1018=VERTEX_POINT('',#3294);
#1019=VERTEX_POINT('',#3298);
#1020=VERTEX_POINT('',#3299);
#1021=VERTEX_POINT('',#3301);
#1022=VERTEX_POINT('',#3303);
#1023=VERTEX_POINT('',#3307);
#1024=VERTEX_POINT('',#3308);
#1025=VERTEX_POINT('',#3310);
#1026=VERTEX_POINT('',#3312);
#1027=VERTEX_POINT('',#3316);
#1028=VERTEX_POINT('',#3321);
#1029=VERTEX_POINT('',#3326);
#1030=VERTEX_POINT('',#3330);
#1031=VERTEX_POINT('',#3339);
#1032=VERTEX_POINT('',#3341);
#1033=VERTEX_POINT('',#3345);
#1034=VERTEX_POINT('',#3349);
#1035=VERTEX_POINT('',#3353);
#1036=VERTEX_POINT('',#3354);
#1037=VERTEX_POINT('',#3356);
#1038=VERTEX_POINT('',#3358);
#1039=VERTEX_POINT('',#3362);
#1040=VERTEX_POINT('',#3364);
#1041=VERTEX_POINT('',#3368);
#1042=VERTEX_POINT('',#3369);
#1043=VERTEX_POINT('',#3371);
#1044=VERTEX_POINT('',#3373);
#1045=VERTEX_POINT('',#3377);
#1046=VERTEX_POINT('',#3379);
#1047=VERTEX_POINT('',#3383);
#1048=VERTEX_POINT('',#3387);
#1049=VERTEX_POINT('',#3399);
#1050=VERTEX_POINT('',#3401);
#1051=VERTEX_POINT('',#3405);
#1052=VERTEX_POINT('',#3406);
#1053=VERTEX_POINT('',#3408);
#1054=VERTEX_POINT('',#3416);
#1055=VERTEX_POINT('',#3448);
#1056=VERTEX_POINT('',#3477);
#1057=VERTEX_POINT('',#3493);
#1058=VERTEX_POINT('',#3495);
#1059=VERTEX_POINT('',#3518);
#1060=VERTEX_POINT('',#3526);
#1061=VERTEX_POINT('',#3539);
#1062=VERTEX_POINT('',#3540);
#1063=VERTEX_POINT('',#3542);
#1064=VERTEX_POINT('',#3544);
#1065=VERTEX_POINT('',#3548);
#1066=VERTEX_POINT('',#3550);
#1067=VERTEX_POINT('',#3554);
#1068=VERTEX_POINT('',#3556);
#1069=VERTEX_POINT('',#3560);
#1070=VERTEX_POINT('',#3562);
#1071=VERTEX_POINT('',#3566);
#1072=VERTEX_POINT('',#3568);
#1073=VERTEX_POINT('',#3575);
#1074=VERTEX_POINT('',#3577);
#1075=VERTEX_POINT('',#3579);
#1076=VERTEX_POINT('',#3583);
#1077=VERTEX_POINT('',#3593);
#1078=VERTEX_POINT('',#3595);
#1079=VERTEX_POINT('',#3597);
#1080=VERTEX_POINT('',#3599);
#1081=VERTEX_POINT('',#3602);
#1082=VERTEX_POINT('',#3604);
#1083=VERTEX_POINT('',#3606);
#1084=VERTEX_POINT('',#3608);
#1085=VERTEX_POINT('',#3610);
#1086=VERTEX_POINT('',#3612);
#1087=VERTEX_POINT('',#3615);
#1088=VERTEX_POINT('',#3616);
#1089=VERTEX_POINT('',#3618);
#1090=VERTEX_POINT('',#3620);
#1091=VERTEX_POINT('',#3622);
#1092=VERTEX_POINT('',#3624);
#1093=VERTEX_POINT('',#3626);
#1094=VERTEX_POINT('',#3628);
#1095=VERTEX_POINT('',#3632);
#1096=VERTEX_POINT('',#3636);
#1097=VERTEX_POINT('',#3637);
#1098=VERTEX_POINT('',#3639);
#1099=VERTEX_POINT('',#3641);
#1100=VERTEX_POINT('',#3645);
#1101=VERTEX_POINT('',#3646);
#1102=VERTEX_POINT('',#3648);
#1103=VERTEX_POINT('',#3650);
#1104=VERTEX_POINT('',#3654);
#1105=VERTEX_POINT('',#3659);
#1106=VERTEX_POINT('',#3664);
#1107=VERTEX_POINT('',#3668);
#1108=VERTEX_POINT('',#3677);
#1109=VERTEX_POINT('',#3679);
#1110=VERTEX_POINT('',#3683);
#1111=VERTEX_POINT('',#3687);
#1112=VERTEX_POINT('',#3689);
#1113=VERTEX_POINT('',#3691);
#1114=VERTEX_POINT('',#3698);
#1115=VERTEX_POINT('',#3702);
#1116=VERTEX_POINT('',#3709);
#1117=VERTEX_POINT('',#3711);
#1118=VERTEX_POINT('',#3715);
#1119=VERTEX_POINT('',#3717);
#1120=VERTEX_POINT('',#3719);
#1121=VERTEX_POINT('',#3721);
#1122=VERTEX_POINT('',#3723);
#1123=VERTEX_POINT('',#3725);
#1124=VERTEX_POINT('',#3727);
#1125=VERTEX_POINT('',#3731);
#1126=VERTEX_POINT('',#3735);
#1127=VERTEX_POINT('',#3739);
#1128=VERTEX_POINT('',#3743);
#1129=VERTEX_POINT('',#3747);
#1130=VERTEX_POINT('',#3751);
#1131=VERTEX_POINT('',#3755);
#1132=VERTEX_POINT('',#3759);
#1133=VERTEX_POINT('',#3763);
#1134=VERTEX_POINT('',#3764);
#1135=VERTEX_POINT('',#3766);
#1136=VERTEX_POINT('',#3768);
#1137=VERTEX_POINT('',#3772);
#1138=VERTEX_POINT('',#3773);
#1139=VERTEX_POINT('',#3775);
#1140=VERTEX_POINT('',#3777);
#1141=VERTEX_POINT('',#3781);
#1142=VERTEX_POINT('',#3786);
#1143=VERTEX_POINT('',#3791);
#1144=VERTEX_POINT('',#3795);
#1145=VERTEX_POINT('',#3804);
#1146=VERTEX_POINT('',#3806);
#1147=VERTEX_POINT('',#3810);
#1148=VERTEX_POINT('',#3814);
#1149=VERTEX_POINT('',#3818);
#1150=VERTEX_POINT('',#3819);
#1151=VERTEX_POINT('',#3824);
#1152=VERTEX_POINT('',#3828);
#1153=VERTEX_POINT('',#3829);
#1154=VERTEX_POINT('',#3834);
#1155=VERTEX_POINT('',#3838);
#1156=VERTEX_POINT('',#3851);
#1157=VERTEX_POINT('',#3855);
#1158=VERTEX_POINT('',#3857);
#1159=VERTEX_POINT('',#3859);
#1160=VERTEX_POINT('',#3864);
#1161=VERTEX_POINT('',#3866);
#1162=VERTEX_POINT('',#3868);
#1163=VERTEX_POINT('',#3870);
#1164=VERTEX_POINT('',#3872);
#1165=VERTEX_POINT('',#3876);
#1166=VERTEX_POINT('',#3877);
#1167=EDGE_CURVE('',#979,#980,#917,.T.);
#1168=EDGE_CURVE('',#981,#980,#417,.T.);
#1169=EDGE_CURVE('',#981,#982,#918,.T.);
#1170=EDGE_CURVE('',#982,#979,#418,.T.);
#1171=EDGE_CURVE('',#983,#984,#419,.T.);
#1172=EDGE_CURVE('',#985,#984,#919,.T.);
#1173=EDGE_CURVE('',#985,#986,#420,.T.);
#1174=EDGE_CURVE('',#983,#986,#920,.T.);
#1175=EDGE_CURVE('',#984,#987,#421,.T.);
#1176=EDGE_CURVE('',#984,#979,#422,.T.);
#1177=EDGE_CURVE('',#982,#987,#423,.T.);
#1178=EDGE_CURVE('',#987,#988,#424,.T.);
#1179=EDGE_CURVE('',#981,#988,#425,.T.);
#1180=EDGE_CURVE('',#988,#983,#426,.T.);
#1181=EDGE_CURVE('',#986,#989,#427,.T.);
#1182=EDGE_CURVE('',#988,#989,#921,.T.);
#1183=EDGE_CURVE('',#987,#990,#922,.T.);
#1184=EDGE_CURVE('',#990,#985,#428,.T.);
#1185=EDGE_CURVE('',#980,#983,#429,.T.);
#1186=EDGE_CURVE('',#989,#990,#430,.T.);
#1187=EDGE_CURVE('',#990,#991,#431,.T.);
#1188=EDGE_CURVE('',#992,#991,#432,.T.);
#1189=EDGE_CURVE('',#985,#992,#433,.T.);
#1190=EDGE_CURVE('',#993,#992,#434,.T.);
#1191=EDGE_CURVE('',#986,#993,#435,.T.);
#1192=EDGE_CURVE('',#991,#994,#436,.T.);
#1193=EDGE_CURVE('',#995,#994,#923,.T.);
#1194=EDGE_CURVE('',#995,#996,#437,.T.);
#1195=EDGE_CURVE('',#991,#996,#924,.T.);
#1196=EDGE_CURVE('',#994,#993,#438,.T.);
#1197=EDGE_CURVE('',#994,#989,#439,.T.);
#1198=EDGE_CURVE('',#996,#997,#440,.T.);
#1199=EDGE_CURVE('',#992,#997,#925,.T.);
#1200=EDGE_CURVE('',#993,#998,#926,.T.);
#1201=EDGE_CURVE('',#998,#995,#441,.T.);
#1202=EDGE_CURVE('',#997,#998,#442,.T.);
#1203=EDGE_CURVE('',#999,#998,#443,.T.);
#1204=EDGE_CURVE('',#999,#1000,#444,.T.);
#1205=EDGE_CURVE('',#1000,#995,#445,.T.);
#1206=EDGE_CURVE('',#1001,#1000,#446,.T.);
#1207=EDGE_CURVE('',#1001,#1002,#927,.T.);
#1208=EDGE_CURVE('',#1003,#1002,#447,.T.);
#1209=EDGE_CURVE('',#1004,#1003,#448,.T.);
#1210=EDGE_CURVE('',#1004,#1005,#449,.T.);
#1211=EDGE_CURVE('',#1005,#1006,#928,.T.);
#1212=EDGE_CURVE('',#1007,#1006,#450,.T.);
#1213=EDGE_CURVE('',#1007,#996,#451,.T.);
#1214=EDGE_CURVE('',#1007,#1008,#452,.T.);
#1215=EDGE_CURVE('',#1008,#997,#453,.T.);
#1216=EDGE_CURVE('',#999,#1009,#454,.T.);
#1217=EDGE_CURVE('',#1009,#1001,#455,.T.);
#1218=EDGE_CURVE('',#1010,#1009,#929,.T.);
#1219=EDGE_CURVE('',#1002,#1010,#456,.T.);
#1220=EDGE_CURVE('',#1006,#1011,#457,.T.);
#1221=EDGE_CURVE('',#1011,#1008,#458,.T.);
#1222=EDGE_CURVE('',#1011,#1012,#930,.T.);
#1223=EDGE_CURVE('',#1012,#1005,#459,.T.);
#1224=EDGE_CURVE('',#1013,#1014,#931,.T.);
#1225=EDGE_CURVE('',#1015,#1013,#460,.T.);
#1226=EDGE_CURVE('',#1016,#1015,#932,.T.);
#1227=EDGE_CURVE('',#1014,#1016,#461,.T.);
#1228=EDGE_CURVE('',#1013,#1017,#462,.T.);
#1229=EDGE_CURVE('',#1018,#1017,#463,.T.);
#1230=EDGE_CURVE('',#1018,#1015,#464,.T.);
#1231=EDGE_CURVE('',#1019,#1020,#933,.T.);
#1232=EDGE_CURVE('',#1020,#1021,#465,.T.);
#1233=EDGE_CURVE('',#1021,#1022,#934,.T.);
#1234=EDGE_CURVE('',#1019,#1022,#466,.T.);
#1235=EDGE_CURVE('',#1023,#1024,#467,.T.);
#1236=EDGE_CURVE('',#1025,#1024,#935,.T.);
#1237=EDGE_CURVE('',#1025,#1026,#468,.T.);
#1238=EDGE_CURVE('',#1023,#1026,#936,.T.);
#1239=EDGE_CURVE('',#1024,#1027,#469,.T.);
#1240=EDGE_CURVE('',#1024,#1021,#470,.T.);
#1241=EDGE_CURVE('',#1020,#1027,#471,.T.);
#1242=EDGE_CURVE('',#1027,#1028,#472,.T.);
#1243=EDGE_CURVE('',#1019,#1028,#473,.T.);
#1244=EDGE_CURVE('',#1028,#1023,#474,.T.);
#1245=EDGE_CURVE('',#1026,#1029,#475,.T.);
#1246=EDGE_CURVE('',#1028,#1029,#937,.T.);
#1247=EDGE_CURVE('',#1027,#1030,#938,.T.);
#1248=EDGE_CURVE('',#1030,#1025,#476,.T.);
#1249=EDGE_CURVE('',#1022,#1023,#477,.T.);
#1250=EDGE_CURVE('',#1029,#1030,#478,.T.);
#1251=EDGE_CURVE('',#1031,#1029,#479,.T.);
#1252=EDGE_CURVE('',#1032,#1031,#480,.T.);
#1253=EDGE_CURVE('',#1030,#1032,#481,.F.);
#1254=EDGE_CURVE('',#1033,#1032,#482,.T.);
#1255=EDGE_CURVE('',#1025,#1033,#483,.T.);
#1256=EDGE_CURVE('',#1034,#1033,#484,.T.);
#1257=EDGE_CURVE('',#1026,#1034,#485,.T.);
#1258=EDGE_CURVE('',#1035,#1036,#486,.T.);
#1259=EDGE_CURVE('',#1035,#1037,#487,.T.);
#1260=EDGE_CURVE('',#1038,#1037,#488,.T.);
#1261=EDGE_CURVE('',#1038,#1036,#489,.T.);
#1262=EDGE_CURVE('',#1035,#1039,#490,.F.);
#1263=EDGE_CURVE('',#1039,#1040,#491,.T.);
#1264=EDGE_CURVE('',#1040,#1037,#492,.T.);
#1265=EDGE_CURVE('',#1041,#1042,#493,.T.);
#1266=EDGE_CURVE('',#1041,#1043,#494,.T.);
#1267=EDGE_CURVE('',#1044,#1043,#495,.T.);
#1268=EDGE_CURVE('',#1044,#1042,#496,.T.);
#1269=EDGE_CURVE('',#1041,#1045,#497,.T.);
#1270=EDGE_CURVE('',#1045,#1046,#498,.T.);
#1271=EDGE_CURVE('',#1046,#1043,#499,.F.);
#1272=EDGE_CURVE('',#1038,#1047,#500,.T.);
#1273=EDGE_CURVE('',#1047,#1031,#939,.T.);
#1274=EDGE_CURVE('',#1031,#1034,#501,.T.);
#1275=EDGE_CURVE('',#1034,#1048,#940,.T.);
#1276=EDGE_CURVE('',#1048,#1036,#502,.F.);
#1277=EDGE_CURVE('',#1032,#1046,#941,.F.);
#1278=EDGE_CURVE('',#1033,#1045,#942,.T.);
#1279=EDGE_CURVE('',#1047,#1046,#503,.T.);
#1280=EDGE_CURVE('',#1045,#1048,#504,.T.);
#1281=EDGE_CURVE('',#1044,#1049,#505,.T.);
#1282=EDGE_CURVE('',#1049,#1050,#506,.T.);
#1283=EDGE_CURVE('',#1050,#1042,#507,.F.);
#1284=EDGE_CURVE('',#1051,#1052,#508,.T.);
#1285=EDGE_CURVE('',#1053,#1052,#26,.T.);
#1286=EDGE_CURVE('',#1053,#1054,#509,.T.);
#1287=EDGE_CURVE('',#1051,#1054,#27,.T.);
#1288=EDGE_CURVE('',#1004,#1052,#510,.T.);
#1289=EDGE_CURVE('',#1052,#1012,#511,.T.);
#1290=EDGE_CURVE('',#1055,#1004,#28,.T.);
#1291=EDGE_CURVE('',#1055,#1053,#512,.T.);
#1292=EDGE_CURVE('',#1056,#1003,#29,.T.);
#1293=EDGE_CURVE('',#1003,#1051,#513,.T.);
#1294=EDGE_CURVE('',#1054,#1056,#514,.T.);
#1295=EDGE_CURVE('',#1010,#1051,#515,.T.);
#1296=EDGE_CURVE('',#1056,#1055,#516,.T.);
#1297=EDGE_CURVE('',#1054,#1057,#943,.T.);
#1298=EDGE_CURVE('',#1057,#1058,#517,.T.);
#1299=EDGE_CURVE('',#1058,#1056,#944,.T.);
#1300=EDGE_CURVE('',#1059,#1018,#30,.T.);
#1301=EDGE_CURVE('',#1017,#1060,#31,.T.);
#1302=EDGE_CURVE('',#1060,#1059,#518,.T.);
#1303=EDGE_CURVE('',#1039,#1050,#945,.T.);
#1304=EDGE_CURVE('',#1049,#1040,#946,.T.);
#1305=EDGE_CURVE('',#1061,#1062,#519,.T.);
#1306=EDGE_CURVE('',#1063,#1061,#520,.T.);
#1307=EDGE_CURVE('',#1063,#1064,#521,.T.);
#1308=EDGE_CURVE('',#1064,#1062,#522,.T.);
#1309=EDGE_CURVE('',#1062,#1065,#523,.T.);
#1310=EDGE_CURVE('',#1064,#1066,#524,.T.);
#1311=EDGE_CURVE('',#1066,#1065,#525,.T.);
#1312=EDGE_CURVE('',#1065,#1067,#526,.T.);
#1313=EDGE_CURVE('',#1066,#1068,#527,.T.);
#1314=EDGE_CURVE('',#1068,#1067,#528,.T.);
#1315=EDGE_CURVE('',#1067,#1069,#529,.T.);
#1316=EDGE_CURVE('',#1068,#1070,#530,.T.);
#1317=EDGE_CURVE('',#1070,#1069,#531,.T.);
#1318=EDGE_CURVE('',#1069,#1071,#532,.T.);
#1319=EDGE_CURVE('',#1070,#1072,#533,.T.);
#1320=EDGE_CURVE('',#1072,#1071,#534,.T.);
#1321=EDGE_CURVE('',#1055,#1059,#535,.T.);
#1322=EDGE_CURVE('',#1060,#1053,#536,.T.);
#1323=EDGE_CURVE('',#1018,#1073,#537,.T.);
#1324=EDGE_CURVE('',#1073,#1074,#538,.T.);
#1325=EDGE_CURVE('',#1075,#1074,#947,.T.);
#1326=EDGE_CURVE('',#1075,#1016,#539,.T.);
#1327=EDGE_CURVE('',#1059,#1076,#540,.T.);
#1328=EDGE_CURVE('',#1076,#1073,#32,.T.);
#1329=EDGE_CURVE('',#1060,#1077,#541,.T.);
#1330=EDGE_CURVE('',#1077,#1078,#542,.T.);
#1331=EDGE_CURVE('',#1078,#1079,#543,.T.);
#1332=EDGE_CURVE('',#1079,#1080,#948,.T.);
#1333=EDGE_CURVE('',#1057,#1080,#949,.T.);
#1334=EDGE_CURVE('',#1063,#1081,#544,.T.);
#1335=EDGE_CURVE('',#1081,#1082,#545,.T.);
#1336=EDGE_CURVE('',#1082,#1083,#546,.T.);
#1337=EDGE_CURVE('',#1083,#1084,#547,.T.);
#1338=EDGE_CURVE('',#1084,#1085,#548,.T.);
#1339=EDGE_CURVE('',#1085,#1086,#549,.T.);
#1340=EDGE_CURVE('',#1086,#1072,#550,.T.);
#1341=EDGE_CURVE('',#1087,#1088,#551,.T.);
#1342=EDGE_CURVE('',#1089,#1088,#552,.T.);
#1343=EDGE_CURVE('',#1089,#1090,#553,.T.);
#1344=EDGE_CURVE('',#1090,#1091,#554,.T.);
#1345=EDGE_CURVE('',#1091,#1092,#555,.F.);
#1346=EDGE_CURVE('',#1093,#1092,#556,.T.);
#1347=EDGE_CURVE('',#1093,#1094,#557,.T.);
#1348=EDGE_CURVE('',#1094,#1087,#950,.T.);
#1349=EDGE_CURVE('',#1061,#1095,#558,.T.);
#1350=EDGE_CURVE('',#1081,#1095,#559,.T.);
#1351=EDGE_CURVE('',#1096,#1097,#951,.T.);
#1352=EDGE_CURVE('',#1098,#1096,#560,.T.);
#1353=EDGE_CURVE('',#1099,#1098,#952,.T.);
#1354=EDGE_CURVE('',#1099,#1097,#561,.T.);
#1355=EDGE_CURVE('',#1100,#1101,#562,.T.);
#1356=EDGE_CURVE('',#1100,#1102,#953,.T.);
#1357=EDGE_CURVE('',#1103,#1102,#563,.T.);
#1358=EDGE_CURVE('',#1103,#1101,#954,.T.);
#1359=EDGE_CURVE('',#1101,#1104,#564,.T.);
#1360=EDGE_CURVE('',#1098,#1104,#565,.T.);
#1361=EDGE_CURVE('',#1101,#1096,#566,.T.);
#1362=EDGE_CURVE('',#1104,#1105,#567,.T.);
#1363=EDGE_CURVE('',#1099,#1105,#568,.T.);
#1364=EDGE_CURVE('',#1105,#1100,#569,.T.);
#1365=EDGE_CURVE('',#1105,#1106,#955,.T.);
#1366=EDGE_CURVE('',#1102,#1106,#570,.T.);
#1367=EDGE_CURVE('',#1107,#1103,#571,.T.);
#1368=EDGE_CURVE('',#1104,#1107,#956,.T.);
#1369=EDGE_CURVE('',#1097,#1100,#572,.T.);
#1370=EDGE_CURVE('',#1106,#1107,#573,.T.);
#1371=EDGE_CURVE('',#1103,#1108,#574,.T.);
#1372=EDGE_CURVE('',#1108,#1109,#575,.T.);
#1373=EDGE_CURVE('',#1107,#1109,#576,.T.);
#1374=EDGE_CURVE('',#1102,#1110,#577,.T.);
#1375=EDGE_CURVE('',#1110,#1108,#578,.T.);
#1376=EDGE_CURVE('',#1109,#1111,#579,.T.);
#1377=EDGE_CURVE('',#1109,#1112,#957,.T.);
#1378=EDGE_CURVE('',#1113,#1112,#580,.T.);
#1379=EDGE_CURVE('',#1113,#1111,#958,.T.);
#1380=EDGE_CURVE('',#1111,#1106,#581,.T.);
#1381=EDGE_CURVE('',#1111,#1110,#582,.T.);
#1382=EDGE_CURVE('',#1108,#1114,#959,.T.);
#1383=EDGE_CURVE('',#1112,#1114,#583,.T.);
#1384=EDGE_CURVE('',#1115,#1113,#584,.T.);
#1385=EDGE_CURVE('',#1110,#1115,#960,.T.);
#1386=EDGE_CURVE('',#1114,#1115,#585,.T.);
#1387=EDGE_CURVE('',#1116,#1113,#586,.T.);
#1388=EDGE_CURVE('',#1117,#1116,#587,.T.);
#1389=EDGE_CURVE('',#1117,#1115,#588,.T.);
#1390=EDGE_CURVE('',#1118,#1112,#589,.T.);
#1391=EDGE_CURVE('',#1118,#1119,#590,.T.);
#1392=EDGE_CURVE('',#1120,#1119,#961,.T.);
#1393=EDGE_CURVE('',#1121,#1120,#591,.T.);
#1394=EDGE_CURVE('',#1121,#1122,#592,.T.);
#1395=EDGE_CURVE('',#1122,#1123,#593,.T.);
#1396=EDGE_CURVE('',#1124,#1123,#962,.T.);
#1397=EDGE_CURVE('',#1124,#1116,#594,.T.);
#1398=EDGE_CURVE('',#1125,#1114,#595,.T.);
#1399=EDGE_CURVE('',#1118,#1125,#596,.T.);
#1400=EDGE_CURVE('',#1126,#1124,#597,.T.);
#1401=EDGE_CURVE('',#1117,#1126,#598,.T.);
#1402=EDGE_CURVE('',#1127,#1126,#963,.T.);
#1403=EDGE_CURVE('',#1123,#1127,#599,.T.);
#1404=EDGE_CURVE('',#1128,#1125,#600,.T.);
#1405=EDGE_CURVE('',#1119,#1128,#601,.T.);
#1406=EDGE_CURVE('',#1128,#1129,#964,.T.);
#1407=EDGE_CURVE('',#1129,#1120,#602,.T.);
#1408=EDGE_CURVE('',#1130,#1075,#603,.T.);
#1409=EDGE_CURVE('',#1014,#1130,#604,.T.);
#1410=EDGE_CURVE('',#1131,#1130,#965,.T.);
#1411=EDGE_CURVE('',#1074,#1131,#605,.T.);
#1412=EDGE_CURVE('',#1073,#1132,#606,.T.);
#1413=EDGE_CURVE('',#1131,#1132,#607,.T.);
#1414=EDGE_CURVE('',#1133,#1134,#966,.T.);
#1415=EDGE_CURVE('',#1133,#1135,#608,.T.);
#1416=EDGE_CURVE('',#1136,#1135,#967,.T.);
#1417=EDGE_CURVE('',#1134,#1136,#609,.T.);
#1418=EDGE_CURVE('',#1137,#1138,#610,.T.);
#1419=EDGE_CURVE('',#1137,#1139,#968,.T.);
#1420=EDGE_CURVE('',#1140,#1139,#611,.T.);
#1421=EDGE_CURVE('',#1140,#1138,#969,.T.);
#1422=EDGE_CURVE('',#1138,#1141,#612,.T.);
#1423=EDGE_CURVE('',#1134,#1141,#613,.T.);
#1424=EDGE_CURVE('',#1138,#1136,#614,.T.);
#1425=EDGE_CURVE('',#1141,#1142,#615,.T.);
#1426=EDGE_CURVE('',#1133,#1142,#616,.T.);
#1427=EDGE_CURVE('',#1142,#1137,#617,.T.);
#1428=EDGE_CURVE('',#1142,#1143,#970,.T.);
#1429=EDGE_CURVE('',#1139,#1143,#618,.T.);
#1430=EDGE_CURVE('',#1144,#1140,#619,.T.);
#1431=EDGE_CURVE('',#1141,#1144,#971,.T.);
#1432=EDGE_CURVE('',#1135,#1137,#620,.T.);
#1433=EDGE_CURVE('',#1143,#1144,#621,.T.);
#1434=EDGE_CURVE('',#1144,#1145,#622,.F.);
#1435=EDGE_CURVE('',#1145,#1146,#623,.T.);
#1436=EDGE_CURVE('',#1146,#1143,#624,.T.);
#1437=EDGE_CURVE('',#1140,#1147,#625,.T.);
#1438=EDGE_CURVE('',#1147,#1145,#626,.T.);
#1439=EDGE_CURVE('',#1139,#1148,#627,.T.);
#1440=EDGE_CURVE('',#1148,#1147,#628,.T.);
#1441=EDGE_CURVE('',#1149,#1150,#629,.T.);
#1442=EDGE_CURVE('',#1089,#1150,#630,.T.);
#1443=EDGE_CURVE('',#1149,#1088,#631,.T.);
#1444=EDGE_CURVE('',#1151,#1087,#632,.T.);
#1445=EDGE_CURVE('',#1149,#1151,#633,.F.);
#1446=EDGE_CURVE('',#1152,#1153,#634,.T.);
#1447=EDGE_CURVE('',#1093,#1153,#635,.T.);
#1448=EDGE_CURVE('',#1152,#1092,#636,.T.);
#1449=EDGE_CURVE('',#1154,#1091,#637,.T.);
#1450=EDGE_CURVE('',#1152,#1154,#638,.T.);
#1451=EDGE_CURVE('',#1155,#1150,#639,.F.);
#1452=EDGE_CURVE('',#1148,#1155,#972,.T.);
#1453=EDGE_CURVE('',#1146,#1148,#640,.T.);
#1454=EDGE_CURVE('',#1090,#1146,#973,.T.);
#1455=EDGE_CURVE('',#1147,#1154,#974,.T.);
#1456=EDGE_CURVE('',#1145,#1091,#975,.F.);
#1457=EDGE_CURVE('',#1154,#1155,#641,.T.);
#1458=EDGE_CURVE('',#1156,#1153,#642,.F.);
#1459=EDGE_CURVE('',#1094,#1156,#643,.T.);
#1460=EDGE_CURVE('',#1058,#1157,#976,.T.);
#1461=EDGE_CURVE('',#1157,#1158,#977,.T.);
#1462=EDGE_CURVE('',#1158,#1159,#644,.T.);
#1463=EDGE_CURVE('',#1159,#1076,#645,.T.);
#1464=EDGE_CURVE('',#1151,#1156,#978,.T.);
#1465=EDGE_CURVE('',#1160,#1071,#646,.T.);
#1466=EDGE_CURVE('',#1161,#1160,#647,.T.);
#1467=EDGE_CURVE('',#1162,#1161,#648,.T.);
#1468=EDGE_CURVE('',#1163,#1162,#649,.T.);
#1469=EDGE_CURVE('',#1164,#1163,#650,.T.);
#1470=EDGE_CURVE('',#1095,#1164,#651,.T.);
#1471=EDGE_CURVE('',#1165,#1166,#652,.T.);
#1472=EDGE_CURVE('',#1165,#1079,#33,.T.);
#1473=EDGE_CURVE('',#1078,#1166,#34,.T.);
#1474=EDGE_CURVE('',#1166,#1129,#653,.T.);
#1475=EDGE_CURVE('',#1121,#1166,#654,.T.);
#1476=EDGE_CURVE('',#1159,#1121,#35,.T.);
#1477=EDGE_CURVE('',#1159,#1078,#655,.T.);
#1478=EDGE_CURVE('',#1158,#1122,#36,.T.);
#1479=EDGE_CURVE('',#1079,#1158,#656,.T.);
#1480=EDGE_CURVE('',#1122,#1165,#657,.T.);
#1481=EDGE_CURVE('',#1127,#1165,#658,.T.);
#1482=EDGE_CURVE('',#1080,#1157,#659,.T.);
#1483=EDGE_CURVE('',#1132,#1017,#660,.T.);
#1484=EDGE_CURVE('',#1132,#1077,#37,.T.);
#1485=EDGE_CURVE('',#1077,#1076,#661,.T.);
#1486=EDGE_CURVE('',#1082,#1164,#662,.T.);
#1487=EDGE_CURVE('',#1083,#1163,#663,.T.);
#1488=EDGE_CURVE('',#1084,#1162,#664,.T.);
#1489=EDGE_CURVE('',#1085,#1161,#665,.T.);
#1490=EDGE_CURVE('',#1086,#1160,#666,.T.);
#1491=ORIENTED_EDGE('',*,*,#1167,.T.);
#1492=ORIENTED_EDGE('',*,*,#1168,.F.);
#1493=ORIENTED_EDGE('',*,*,#1169,.T.);
#1494=ORIENTED_EDGE('',*,*,#1170,.T.);
#1495=ORIENTED_EDGE('',*,*,#1171,.T.);
#1496=ORIENTED_EDGE('',*,*,#1172,.F.);
#1497=ORIENTED_EDGE('',*,*,#1173,.T.);
#1498=ORIENTED_EDGE('',*,*,#1174,.F.);
#1499=ORIENTED_EDGE('',*,*,#1175,.F.);
#1500=ORIENTED_EDGE('',*,*,#1176,.T.);
#1501=ORIENTED_EDGE('',*,*,#1170,.F.);
#1502=ORIENTED_EDGE('',*,*,#1177,.T.);
#1503=ORIENTED_EDGE('',*,*,#1178,.F.);
#1504=ORIENTED_EDGE('',*,*,#1177,.F.);
#1505=ORIENTED_EDGE('',*,*,#1169,.F.);
#1506=ORIENTED_EDGE('',*,*,#1179,.T.);
#1507=ORIENTED_EDGE('',*,*,#1180,.T.);
#1508=ORIENTED_EDGE('',*,*,#1174,.T.);
#1509=ORIENTED_EDGE('',*,*,#1181,.T.);
#1510=ORIENTED_EDGE('',*,*,#1182,.F.);
#1511=ORIENTED_EDGE('',*,*,#1175,.T.);
#1512=ORIENTED_EDGE('',*,*,#1183,.T.);
#1513=ORIENTED_EDGE('',*,*,#1184,.T.);
#1514=ORIENTED_EDGE('',*,*,#1172,.T.);
#1515=ORIENTED_EDGE('',*,*,#1180,.F.);
#1516=ORIENTED_EDGE('',*,*,#1179,.F.);
#1517=ORIENTED_EDGE('',*,*,#1168,.T.);
#1518=ORIENTED_EDGE('',*,*,#1185,.T.);
#1519=ORIENTED_EDGE('',*,*,#1178,.T.);
#1520=ORIENTED_EDGE('',*,*,#1182,.T.);
#1521=ORIENTED_EDGE('',*,*,#1186,.T.);
#1522=ORIENTED_EDGE('',*,*,#1183,.F.);
#1523=ORIENTED_EDGE('',*,*,#1171,.F.);
#1524=ORIENTED_EDGE('',*,*,#1185,.F.);
#1525=ORIENTED_EDGE('',*,*,#1167,.F.);
#1526=ORIENTED_EDGE('',*,*,#1176,.F.);
#1527=ORIENTED_EDGE('',*,*,#1184,.F.);
#1528=ORIENTED_EDGE('',*,*,#1187,.T.);
#1529=ORIENTED_EDGE('',*,*,#1188,.F.);
#1530=ORIENTED_EDGE('',*,*,#1189,.F.);
#1531=ORIENTED_EDGE('',*,*,#1173,.F.);
#1532=ORIENTED_EDGE('',*,*,#1189,.T.);
#1533=ORIENTED_EDGE('',*,*,#1190,.F.);
#1534=ORIENTED_EDGE('',*,*,#1191,.F.);
#1535=ORIENTED_EDGE('',*,*,#1192,.T.);
#1536=ORIENTED_EDGE('',*,*,#1193,.F.);
#1537=ORIENTED_EDGE('',*,*,#1194,.T.);
#1538=ORIENTED_EDGE('',*,*,#1195,.F.);
#1539=ORIENTED_EDGE('',*,*,#1181,.F.);
#1540=ORIENTED_EDGE('',*,*,#1191,.T.);
#1541=ORIENTED_EDGE('',*,*,#1196,.F.);
#1542=ORIENTED_EDGE('',*,*,#1197,.T.);
#1543=ORIENTED_EDGE('',*,*,#1188,.T.);
#1544=ORIENTED_EDGE('',*,*,#1195,.T.);
#1545=ORIENTED_EDGE('',*,*,#1198,.T.);
#1546=ORIENTED_EDGE('',*,*,#1199,.F.);
#1547=ORIENTED_EDGE('',*,*,#1196,.T.);
#1548=ORIENTED_EDGE('',*,*,#1200,.T.);
#1549=ORIENTED_EDGE('',*,*,#1201,.T.);
#1550=ORIENTED_EDGE('',*,*,#1193,.T.);
#1551=ORIENTED_EDGE('',*,*,#1190,.T.);
#1552=ORIENTED_EDGE('',*,*,#1199,.T.);
#1553=ORIENTED_EDGE('',*,*,#1202,.T.);
#1554=ORIENTED_EDGE('',*,*,#1200,.F.);
#1555=ORIENTED_EDGE('',*,*,#1186,.F.);
#1556=ORIENTED_EDGE('',*,*,#1197,.F.);
#1557=ORIENTED_EDGE('',*,*,#1192,.F.);
#1558=ORIENTED_EDGE('',*,*,#1187,.F.);
#1559=ORIENTED_EDGE('',*,*,#1201,.F.);
#1560=ORIENTED_EDGE('',*,*,#1203,.F.);
#1561=ORIENTED_EDGE('',*,*,#1204,.T.);
#1562=ORIENTED_EDGE('',*,*,#1205,.T.);
#1563=ORIENTED_EDGE('',*,*,#1194,.F.);
#1564=ORIENTED_EDGE('',*,*,#1205,.F.);
#1565=ORIENTED_EDGE('',*,*,#1206,.F.);
#1566=ORIENTED_EDGE('',*,*,#1207,.T.);
#1567=ORIENTED_EDGE('',*,*,#1208,.F.);
#1568=ORIENTED_EDGE('',*,*,#1209,.F.);
#1569=ORIENTED_EDGE('',*,*,#1210,.T.);
#1570=ORIENTED_EDGE('',*,*,#1211,.T.);
#1571=ORIENTED_EDGE('',*,*,#1212,.F.);
#1572=ORIENTED_EDGE('',*,*,#1213,.T.);
#1573=ORIENTED_EDGE('',*,*,#1198,.F.);
#1574=ORIENTED_EDGE('',*,*,#1213,.F.);
#1575=ORIENTED_EDGE('',*,*,#1214,.T.);
#1576=ORIENTED_EDGE('',*,*,#1215,.T.);
#1577=ORIENTED_EDGE('',*,*,#1204,.F.);
#1578=ORIENTED_EDGE('',*,*,#1216,.T.);
#1579=ORIENTED_EDGE('',*,*,#1217,.T.);
#1580=ORIENTED_EDGE('',*,*,#1206,.T.);
#1581=ORIENTED_EDGE('',*,*,#1218,.F.);
#1582=ORIENTED_EDGE('',*,*,#1219,.F.);
#1583=ORIENTED_EDGE('',*,*,#1207,.F.);
#1584=ORIENTED_EDGE('',*,*,#1217,.F.);
#1585=ORIENTED_EDGE('',*,*,#1214,.F.);
#1586=ORIENTED_EDGE('',*,*,#1212,.T.);
#1587=ORIENTED_EDGE('',*,*,#1220,.T.);
#1588=ORIENTED_EDGE('',*,*,#1221,.T.);
#1589=ORIENTED_EDGE('',*,*,#1222,.F.);
#1590=ORIENTED_EDGE('',*,*,#1220,.F.);
#1591=ORIENTED_EDGE('',*,*,#1211,.F.);
#1592=ORIENTED_EDGE('',*,*,#1223,.F.);
#1593=ORIENTED_EDGE('',*,*,#1224,.F.);
#1594=ORIENTED_EDGE('',*,*,#1225,.F.);
#1595=ORIENTED_EDGE('',*,*,#1226,.F.);
#1596=ORIENTED_EDGE('',*,*,#1227,.F.);
#1597=ORIENTED_EDGE('',*,*,#1225,.T.);
#1598=ORIENTED_EDGE('',*,*,#1228,.T.);
#1599=ORIENTED_EDGE('',*,*,#1229,.F.);
#1600=ORIENTED_EDGE('',*,*,#1230,.T.);
#1601=ORIENTED_EDGE('',*,*,#1231,.T.);
#1602=ORIENTED_EDGE('',*,*,#1232,.T.);
#1603=ORIENTED_EDGE('',*,*,#1233,.T.);
#1604=ORIENTED_EDGE('',*,*,#1234,.F.);
#1605=ORIENTED_EDGE('',*,*,#1235,.T.);
#1606=ORIENTED_EDGE('',*,*,#1236,.F.);
#1607=ORIENTED_EDGE('',*,*,#1237,.T.);
#1608=ORIENTED_EDGE('',*,*,#1238,.F.);
#1609=ORIENTED_EDGE('',*,*,#1239,.F.);
#1610=ORIENTED_EDGE('',*,*,#1240,.T.);
#1611=ORIENTED_EDGE('',*,*,#1232,.F.);
#1612=ORIENTED_EDGE('',*,*,#1241,.T.);
#1613=ORIENTED_EDGE('',*,*,#1242,.F.);
#1614=ORIENTED_EDGE('',*,*,#1241,.F.);
#1615=ORIENTED_EDGE('',*,*,#1231,.F.);
#1616=ORIENTED_EDGE('',*,*,#1243,.T.);
#1617=ORIENTED_EDGE('',*,*,#1244,.T.);
#1618=ORIENTED_EDGE('',*,*,#1238,.T.);
#1619=ORIENTED_EDGE('',*,*,#1245,.T.);
#1620=ORIENTED_EDGE('',*,*,#1246,.F.);
#1621=ORIENTED_EDGE('',*,*,#1239,.T.);
#1622=ORIENTED_EDGE('',*,*,#1247,.T.);
#1623=ORIENTED_EDGE('',*,*,#1248,.T.);
#1624=ORIENTED_EDGE('',*,*,#1236,.T.);
#1625=ORIENTED_EDGE('',*,*,#1244,.F.);
#1626=ORIENTED_EDGE('',*,*,#1243,.F.);
#1627=ORIENTED_EDGE('',*,*,#1234,.T.);
#1628=ORIENTED_EDGE('',*,*,#1249,.T.);
#1629=ORIENTED_EDGE('',*,*,#1242,.T.);
#1630=ORIENTED_EDGE('',*,*,#1246,.T.);
#1631=ORIENTED_EDGE('',*,*,#1250,.T.);
#1632=ORIENTED_EDGE('',*,*,#1247,.F.);
#1633=ORIENTED_EDGE('',*,*,#1235,.F.);
#1634=ORIENTED_EDGE('',*,*,#1249,.F.);
#1635=ORIENTED_EDGE('',*,*,#1233,.F.);
#1636=ORIENTED_EDGE('',*,*,#1240,.F.);
#1637=ORIENTED_EDGE('',*,*,#1250,.F.);
#1638=ORIENTED_EDGE('',*,*,#1251,.F.);
#1639=ORIENTED_EDGE('',*,*,#1252,.F.);
#1640=ORIENTED_EDGE('',*,*,#1253,.F.);
#1641=ORIENTED_EDGE('',*,*,#1248,.F.);
#1642=ORIENTED_EDGE('',*,*,#1253,.T.);
#1643=ORIENTED_EDGE('',*,*,#1254,.F.);
#1644=ORIENTED_EDGE('',*,*,#1255,.F.);
#1645=ORIENTED_EDGE('',*,*,#1237,.F.);
#1646=ORIENTED_EDGE('',*,*,#1255,.T.);
#1647=ORIENTED_EDGE('',*,*,#1256,.F.);
#1648=ORIENTED_EDGE('',*,*,#1257,.F.);
#1649=ORIENTED_EDGE('',*,*,#1258,.F.);
#1650=ORIENTED_EDGE('',*,*,#1259,.T.);
#1651=ORIENTED_EDGE('',*,*,#1260,.F.);
#1652=ORIENTED_EDGE('',*,*,#1261,.T.);
#1653=ORIENTED_EDGE('',*,*,#1259,.F.);
#1654=ORIENTED_EDGE('',*,*,#1262,.T.);
#1655=ORIENTED_EDGE('',*,*,#1263,.T.);
#1656=ORIENTED_EDGE('',*,*,#1264,.T.);
#1657=ORIENTED_EDGE('',*,*,#1265,.F.);
#1658=ORIENTED_EDGE('',*,*,#1266,.T.);
#1659=ORIENTED_EDGE('',*,*,#1267,.F.);
#1660=ORIENTED_EDGE('',*,*,#1268,.T.);
#1661=ORIENTED_EDGE('',*,*,#1266,.F.);
#1662=ORIENTED_EDGE('',*,*,#1269,.T.);
#1663=ORIENTED_EDGE('',*,*,#1270,.T.);
#1664=ORIENTED_EDGE('',*,*,#1271,.T.);
#1665=ORIENTED_EDGE('',*,*,#1261,.F.);
#1666=ORIENTED_EDGE('',*,*,#1272,.T.);
#1667=ORIENTED_EDGE('',*,*,#1273,.T.);
#1668=ORIENTED_EDGE('',*,*,#1274,.T.);
#1669=ORIENTED_EDGE('',*,*,#1275,.T.);
#1670=ORIENTED_EDGE('',*,*,#1276,.T.);
#1671=ORIENTED_EDGE('',*,*,#1254,.T.);
#1672=ORIENTED_EDGE('',*,*,#1277,.T.);
#1673=ORIENTED_EDGE('',*,*,#1270,.F.);
#1674=ORIENTED_EDGE('',*,*,#1278,.F.);
#1675=ORIENTED_EDGE('',*,*,#1252,.T.);
#1676=ORIENTED_EDGE('',*,*,#1273,.F.);
#1677=ORIENTED_EDGE('',*,*,#1279,.T.);
#1678=ORIENTED_EDGE('',*,*,#1277,.F.);
#1679=ORIENTED_EDGE('',*,*,#1256,.T.);
#1680=ORIENTED_EDGE('',*,*,#1278,.T.);
#1681=ORIENTED_EDGE('',*,*,#1280,.T.);
#1682=ORIENTED_EDGE('',*,*,#1275,.F.);
#1683=ORIENTED_EDGE('',*,*,#1245,.F.);
#1684=ORIENTED_EDGE('',*,*,#1257,.T.);
#1685=ORIENTED_EDGE('',*,*,#1274,.F.);
#1686=ORIENTED_EDGE('',*,*,#1251,.T.);
#1687=ORIENTED_EDGE('',*,*,#1268,.F.);
#1688=ORIENTED_EDGE('',*,*,#1281,.T.);
#1689=ORIENTED_EDGE('',*,*,#1282,.T.);
#1690=ORIENTED_EDGE('',*,*,#1283,.T.);
#1691=ORIENTED_EDGE('',*,*,#1284,.T.);
#1692=ORIENTED_EDGE('',*,*,#1285,.F.);
#1693=ORIENTED_EDGE('',*,*,#1286,.T.);
#1694=ORIENTED_EDGE('',*,*,#1287,.F.);
#1695=ORIENTED_EDGE('',*,*,#1223,.T.);
#1696=ORIENTED_EDGE('',*,*,#1210,.F.);
#1697=ORIENTED_EDGE('',*,*,#1288,.T.);
#1698=ORIENTED_EDGE('',*,*,#1289,.T.);
#1699=ORIENTED_EDGE('',*,*,#1290,.F.);
#1700=ORIENTED_EDGE('',*,*,#1291,.T.);
#1701=ORIENTED_EDGE('',*,*,#1285,.T.);
#1702=ORIENTED_EDGE('',*,*,#1288,.F.);
#1703=ORIENTED_EDGE('',*,*,#1292,.T.);
#1704=ORIENTED_EDGE('',*,*,#1293,.T.);
#1705=ORIENTED_EDGE('',*,*,#1287,.T.);
#1706=ORIENTED_EDGE('',*,*,#1294,.T.);
#1707=ORIENTED_EDGE('',*,*,#1219,.T.);
#1708=ORIENTED_EDGE('',*,*,#1295,.T.);
#1709=ORIENTED_EDGE('',*,*,#1293,.F.);
#1710=ORIENTED_EDGE('',*,*,#1208,.T.);
#1711=ORIENTED_EDGE('',*,*,#1209,.T.);
#1712=ORIENTED_EDGE('',*,*,#1292,.F.);
#1713=ORIENTED_EDGE('',*,*,#1296,.T.);
#1714=ORIENTED_EDGE('',*,*,#1290,.T.);
#1715=ORIENTED_EDGE('',*,*,#1202,.F.);
#1716=ORIENTED_EDGE('',*,*,#1215,.F.);
#1717=ORIENTED_EDGE('',*,*,#1221,.F.);
#1718=ORIENTED_EDGE('',*,*,#1222,.T.);
#1719=ORIENTED_EDGE('',*,*,#1289,.F.);
#1720=ORIENTED_EDGE('',*,*,#1284,.F.);
#1721=ORIENTED_EDGE('',*,*,#1295,.F.);
#1722=ORIENTED_EDGE('',*,*,#1218,.T.);
#1723=ORIENTED_EDGE('',*,*,#1216,.F.);
#1724=ORIENTED_EDGE('',*,*,#1203,.T.);
#1725=ORIENTED_EDGE('',*,*,#1294,.F.);
#1726=ORIENTED_EDGE('',*,*,#1297,.T.);
#1727=ORIENTED_EDGE('',*,*,#1298,.T.);
#1728=ORIENTED_EDGE('',*,*,#1299,.T.);
#1729=ORIENTED_EDGE('',*,*,#1300,.T.);
#1730=ORIENTED_EDGE('',*,*,#1229,.T.);
#1731=ORIENTED_EDGE('',*,*,#1301,.T.);
#1732=ORIENTED_EDGE('',*,*,#1302,.T.);
#1733=ORIENTED_EDGE('',*,*,#1263,.F.);
#1734=ORIENTED_EDGE('',*,*,#1303,.T.);
#1735=ORIENTED_EDGE('',*,*,#1282,.F.);
#1736=ORIENTED_EDGE('',*,*,#1304,.T.);
#1737=ORIENTED_EDGE('',*,*,#1305,.F.);
#1738=ORIENTED_EDGE('',*,*,#1306,.F.);
#1739=ORIENTED_EDGE('',*,*,#1307,.T.);
#1740=ORIENTED_EDGE('',*,*,#1308,.T.);
#1741=ORIENTED_EDGE('',*,*,#1309,.F.);
#1742=ORIENTED_EDGE('',*,*,#1308,.F.);
#1743=ORIENTED_EDGE('',*,*,#1310,.T.);
#1744=ORIENTED_EDGE('',*,*,#1311,.T.);
#1745=ORIENTED_EDGE('',*,*,#1312,.F.);
#1746=ORIENTED_EDGE('',*,*,#1311,.F.);
#1747=ORIENTED_EDGE('',*,*,#1313,.T.);
#1748=ORIENTED_EDGE('',*,*,#1314,.T.);
#1749=ORIENTED_EDGE('',*,*,#1315,.F.);
#1750=ORIENTED_EDGE('',*,*,#1314,.F.);
#1751=ORIENTED_EDGE('',*,*,#1316,.T.);
#1752=ORIENTED_EDGE('',*,*,#1317,.T.);
#1753=ORIENTED_EDGE('',*,*,#1318,.F.);
#1754=ORIENTED_EDGE('',*,*,#1317,.F.);
#1755=ORIENTED_EDGE('',*,*,#1319,.T.);
#1756=ORIENTED_EDGE('',*,*,#1320,.T.);
#1757=ORIENTED_EDGE('',*,*,#1291,.F.);
#1758=ORIENTED_EDGE('',*,*,#1321,.T.);
#1759=ORIENTED_EDGE('',*,*,#1302,.F.);
#1760=ORIENTED_EDGE('',*,*,#1322,.T.);
#1761=ORIENTED_EDGE('',*,*,#1323,.T.);
#1762=ORIENTED_EDGE('',*,*,#1324,.T.);
#1763=ORIENTED_EDGE('',*,*,#1325,.F.);
#1764=ORIENTED_EDGE('',*,*,#1326,.T.);
#1765=ORIENTED_EDGE('',*,*,#1226,.T.);
#1766=ORIENTED_EDGE('',*,*,#1230,.F.);
#1767=ORIENTED_EDGE('',*,*,#1327,.T.);
#1768=ORIENTED_EDGE('',*,*,#1328,.T.);
#1769=ORIENTED_EDGE('',*,*,#1323,.F.);
#1770=ORIENTED_EDGE('',*,*,#1300,.F.);
#1771=ORIENTED_EDGE('',*,*,#1329,.T.);
#1772=ORIENTED_EDGE('',*,*,#1330,.T.);
#1773=ORIENTED_EDGE('',*,*,#1331,.T.);
#1774=ORIENTED_EDGE('',*,*,#1332,.T.);
#1775=ORIENTED_EDGE('',*,*,#1333,.F.);
#1776=ORIENTED_EDGE('',*,*,#1297,.F.);
#1777=ORIENTED_EDGE('',*,*,#1286,.F.);
#1778=ORIENTED_EDGE('',*,*,#1322,.F.);
#1779=ORIENTED_EDGE('',*,*,#1334,.T.);
#1780=ORIENTED_EDGE('',*,*,#1335,.T.);
#1781=ORIENTED_EDGE('',*,*,#1336,.T.);
#1782=ORIENTED_EDGE('',*,*,#1337,.T.);
#1783=ORIENTED_EDGE('',*,*,#1338,.T.);
#1784=ORIENTED_EDGE('',*,*,#1339,.T.);
#1785=ORIENTED_EDGE('',*,*,#1340,.T.);
#1786=ORIENTED_EDGE('',*,*,#1319,.F.);
#1787=ORIENTED_EDGE('',*,*,#1316,.F.);
#1788=ORIENTED_EDGE('',*,*,#1313,.F.);
#1789=ORIENTED_EDGE('',*,*,#1310,.F.);
#1790=ORIENTED_EDGE('',*,*,#1307,.F.);
#1791=ORIENTED_EDGE('',*,*,#1264,.F.);
#1792=ORIENTED_EDGE('',*,*,#1304,.F.);
#1793=ORIENTED_EDGE('',*,*,#1281,.F.);
#1794=ORIENTED_EDGE('',*,*,#1267,.T.);
#1795=ORIENTED_EDGE('',*,*,#1271,.F.);
#1796=ORIENTED_EDGE('',*,*,#1279,.F.);
#1797=ORIENTED_EDGE('',*,*,#1272,.F.);
#1798=ORIENTED_EDGE('',*,*,#1260,.T.);
#1799=ORIENTED_EDGE('',*,*,#1341,.T.);
#1800=ORIENTED_EDGE('',*,*,#1342,.F.);
#1801=ORIENTED_EDGE('',*,*,#1343,.T.);
#1802=ORIENTED_EDGE('',*,*,#1344,.T.);
#1803=ORIENTED_EDGE('',*,*,#1345,.T.);
#1804=ORIENTED_EDGE('',*,*,#1346,.F.);
#1805=ORIENTED_EDGE('',*,*,#1347,.T.);
#1806=ORIENTED_EDGE('',*,*,#1348,.T.);
#1807=ORIENTED_EDGE('',*,*,#1349,.T.);
#1808=ORIENTED_EDGE('',*,*,#1350,.F.);
#1809=ORIENTED_EDGE('',*,*,#1334,.F.);
#1810=ORIENTED_EDGE('',*,*,#1306,.T.);
#1811=ORIENTED_EDGE('',*,*,#1351,.F.);
#1812=ORIENTED_EDGE('',*,*,#1352,.F.);
#1813=ORIENTED_EDGE('',*,*,#1353,.F.);
#1814=ORIENTED_EDGE('',*,*,#1354,.T.);
#1815=ORIENTED_EDGE('',*,*,#1355,.F.);
#1816=ORIENTED_EDGE('',*,*,#1356,.T.);
#1817=ORIENTED_EDGE('',*,*,#1357,.F.);
#1818=ORIENTED_EDGE('',*,*,#1358,.T.);
#1819=ORIENTED_EDGE('',*,*,#1359,.T.);
#1820=ORIENTED_EDGE('',*,*,#1360,.F.);
#1821=ORIENTED_EDGE('',*,*,#1352,.T.);
#1822=ORIENTED_EDGE('',*,*,#1361,.F.);
#1823=ORIENTED_EDGE('',*,*,#1362,.T.);
#1824=ORIENTED_EDGE('',*,*,#1363,.F.);
#1825=ORIENTED_EDGE('',*,*,#1353,.T.);
#1826=ORIENTED_EDGE('',*,*,#1360,.T.);
#1827=ORIENTED_EDGE('',*,*,#1364,.F.);
#1828=ORIENTED_EDGE('',*,*,#1365,.T.);
#1829=ORIENTED_EDGE('',*,*,#1366,.F.);
#1830=ORIENTED_EDGE('',*,*,#1356,.F.);
#1831=ORIENTED_EDGE('',*,*,#1359,.F.);
#1832=ORIENTED_EDGE('',*,*,#1358,.F.);
#1833=ORIENTED_EDGE('',*,*,#1367,.F.);
#1834=ORIENTED_EDGE('',*,*,#1368,.F.);
#1835=ORIENTED_EDGE('',*,*,#1364,.T.);
#1836=ORIENTED_EDGE('',*,*,#1369,.F.);
#1837=ORIENTED_EDGE('',*,*,#1354,.F.);
#1838=ORIENTED_EDGE('',*,*,#1363,.T.);
#1839=ORIENTED_EDGE('',*,*,#1362,.F.);
#1840=ORIENTED_EDGE('',*,*,#1368,.T.);
#1841=ORIENTED_EDGE('',*,*,#1370,.F.);
#1842=ORIENTED_EDGE('',*,*,#1365,.F.);
#1843=ORIENTED_EDGE('',*,*,#1355,.T.);
#1844=ORIENTED_EDGE('',*,*,#1361,.T.);
#1845=ORIENTED_EDGE('',*,*,#1351,.T.);
#1846=ORIENTED_EDGE('',*,*,#1369,.T.);
#1847=ORIENTED_EDGE('',*,*,#1367,.T.);
#1848=ORIENTED_EDGE('',*,*,#1371,.T.);
#1849=ORIENTED_EDGE('',*,*,#1372,.T.);
#1850=ORIENTED_EDGE('',*,*,#1373,.F.);
#1851=ORIENTED_EDGE('',*,*,#1357,.T.);
#1852=ORIENTED_EDGE('',*,*,#1374,.T.);
#1853=ORIENTED_EDGE('',*,*,#1375,.T.);
#1854=ORIENTED_EDGE('',*,*,#1371,.F.);
#1855=ORIENTED_EDGE('',*,*,#1376,.F.);
#1856=ORIENTED_EDGE('',*,*,#1377,.T.);
#1857=ORIENTED_EDGE('',*,*,#1378,.F.);
#1858=ORIENTED_EDGE('',*,*,#1379,.T.);
#1859=ORIENTED_EDGE('',*,*,#1366,.T.);
#1860=ORIENTED_EDGE('',*,*,#1380,.F.);
#1861=ORIENTED_EDGE('',*,*,#1381,.T.);
#1862=ORIENTED_EDGE('',*,*,#1374,.F.);
#1863=ORIENTED_EDGE('',*,*,#1372,.F.);
#1864=ORIENTED_EDGE('',*,*,#1382,.T.);
#1865=ORIENTED_EDGE('',*,*,#1383,.F.);
#1866=ORIENTED_EDGE('',*,*,#1377,.F.);
#1867=ORIENTED_EDGE('',*,*,#1381,.F.);
#1868=ORIENTED_EDGE('',*,*,#1379,.F.);
#1869=ORIENTED_EDGE('',*,*,#1384,.F.);
#1870=ORIENTED_EDGE('',*,*,#1385,.F.);
#1871=ORIENTED_EDGE('',*,*,#1375,.F.);
#1872=ORIENTED_EDGE('',*,*,#1385,.T.);
#1873=ORIENTED_EDGE('',*,*,#1386,.F.);
#1874=ORIENTED_EDGE('',*,*,#1382,.F.);
#1875=ORIENTED_EDGE('',*,*,#1370,.T.);
#1876=ORIENTED_EDGE('',*,*,#1373,.T.);
#1877=ORIENTED_EDGE('',*,*,#1376,.T.);
#1878=ORIENTED_EDGE('',*,*,#1380,.T.);
#1879=ORIENTED_EDGE('',*,*,#1384,.T.);
#1880=ORIENTED_EDGE('',*,*,#1387,.F.);
#1881=ORIENTED_EDGE('',*,*,#1388,.F.);
#1882=ORIENTED_EDGE('',*,*,#1389,.T.);
#1883=ORIENTED_EDGE('',*,*,#1378,.T.);
#1884=ORIENTED_EDGE('',*,*,#1390,.F.);
#1885=ORIENTED_EDGE('',*,*,#1391,.T.);
#1886=ORIENTED_EDGE('',*,*,#1392,.F.);
#1887=ORIENTED_EDGE('',*,*,#1393,.F.);
#1888=ORIENTED_EDGE('',*,*,#1394,.T.);
#1889=ORIENTED_EDGE('',*,*,#1395,.T.);
#1890=ORIENTED_EDGE('',*,*,#1396,.F.);
#1891=ORIENTED_EDGE('',*,*,#1397,.T.);
#1892=ORIENTED_EDGE('',*,*,#1387,.T.);
#1893=ORIENTED_EDGE('',*,*,#1383,.T.);
#1894=ORIENTED_EDGE('',*,*,#1398,.F.);
#1895=ORIENTED_EDGE('',*,*,#1399,.F.);
#1896=ORIENTED_EDGE('',*,*,#1390,.T.);
#1897=ORIENTED_EDGE('',*,*,#1388,.T.);
#1898=ORIENTED_EDGE('',*,*,#1397,.F.);
#1899=ORIENTED_EDGE('',*,*,#1400,.F.);
#1900=ORIENTED_EDGE('',*,*,#1401,.F.);
#1901=ORIENTED_EDGE('',*,*,#1402,.T.);
#1902=ORIENTED_EDGE('',*,*,#1400,.T.);
#1903=ORIENTED_EDGE('',*,*,#1396,.T.);
#1904=ORIENTED_EDGE('',*,*,#1403,.T.);
#1905=ORIENTED_EDGE('',*,*,#1399,.T.);
#1906=ORIENTED_EDGE('',*,*,#1404,.F.);
#1907=ORIENTED_EDGE('',*,*,#1405,.F.);
#1908=ORIENTED_EDGE('',*,*,#1391,.F.);
#1909=ORIENTED_EDGE('',*,*,#1406,.T.);
#1910=ORIENTED_EDGE('',*,*,#1407,.T.);
#1911=ORIENTED_EDGE('',*,*,#1392,.T.);
#1912=ORIENTED_EDGE('',*,*,#1405,.T.);
#1913=ORIENTED_EDGE('',*,*,#1326,.F.);
#1914=ORIENTED_EDGE('',*,*,#1408,.F.);
#1915=ORIENTED_EDGE('',*,*,#1409,.F.);
#1916=ORIENTED_EDGE('',*,*,#1227,.T.);
#1917=ORIENTED_EDGE('',*,*,#1410,.T.);
#1918=ORIENTED_EDGE('',*,*,#1408,.T.);
#1919=ORIENTED_EDGE('',*,*,#1325,.T.);
#1920=ORIENTED_EDGE('',*,*,#1411,.T.);
#1921=ORIENTED_EDGE('',*,*,#1411,.F.);
#1922=ORIENTED_EDGE('',*,*,#1324,.F.);
#1923=ORIENTED_EDGE('',*,*,#1412,.T.);
#1924=ORIENTED_EDGE('',*,*,#1413,.F.);
#1925=ORIENTED_EDGE('',*,*,#1414,.F.);
#1926=ORIENTED_EDGE('',*,*,#1415,.T.);
#1927=ORIENTED_EDGE('',*,*,#1416,.F.);
#1928=ORIENTED_EDGE('',*,*,#1417,.F.);
#1929=ORIENTED_EDGE('',*,*,#1418,.F.);
#1930=ORIENTED_EDGE('',*,*,#1419,.T.);
#1931=ORIENTED_EDGE('',*,*,#1420,.F.);
#1932=ORIENTED_EDGE('',*,*,#1421,.T.);
#1933=ORIENTED_EDGE('',*,*,#1422,.T.);
#1934=ORIENTED_EDGE('',*,*,#1423,.F.);
#1935=ORIENTED_EDGE('',*,*,#1417,.T.);
#1936=ORIENTED_EDGE('',*,*,#1424,.F.);
#1937=ORIENTED_EDGE('',*,*,#1425,.T.);
#1938=ORIENTED_EDGE('',*,*,#1426,.F.);
#1939=ORIENTED_EDGE('',*,*,#1414,.T.);
#1940=ORIENTED_EDGE('',*,*,#1423,.T.);
#1941=ORIENTED_EDGE('',*,*,#1427,.F.);
#1942=ORIENTED_EDGE('',*,*,#1428,.T.);
#1943=ORIENTED_EDGE('',*,*,#1429,.F.);
#1944=ORIENTED_EDGE('',*,*,#1419,.F.);
#1945=ORIENTED_EDGE('',*,*,#1422,.F.);
#1946=ORIENTED_EDGE('',*,*,#1421,.F.);
#1947=ORIENTED_EDGE('',*,*,#1430,.F.);
#1948=ORIENTED_EDGE('',*,*,#1431,.F.);
#1949=ORIENTED_EDGE('',*,*,#1427,.T.);
#1950=ORIENTED_EDGE('',*,*,#1432,.F.);
#1951=ORIENTED_EDGE('',*,*,#1415,.F.);
#1952=ORIENTED_EDGE('',*,*,#1426,.T.);
#1953=ORIENTED_EDGE('',*,*,#1425,.F.);
#1954=ORIENTED_EDGE('',*,*,#1431,.T.);
#1955=ORIENTED_EDGE('',*,*,#1433,.F.);
#1956=ORIENTED_EDGE('',*,*,#1428,.F.);
#1957=ORIENTED_EDGE('',*,*,#1418,.T.);
#1958=ORIENTED_EDGE('',*,*,#1424,.T.);
#1959=ORIENTED_EDGE('',*,*,#1416,.T.);
#1960=ORIENTED_EDGE('',*,*,#1432,.T.);
#1961=ORIENTED_EDGE('',*,*,#1433,.T.);
#1962=ORIENTED_EDGE('',*,*,#1434,.T.);
#1963=ORIENTED_EDGE('',*,*,#1435,.T.);
#1964=ORIENTED_EDGE('',*,*,#1436,.T.);
#1965=ORIENTED_EDGE('',*,*,#1430,.T.);
#1966=ORIENTED_EDGE('',*,*,#1437,.T.);
#1967=ORIENTED_EDGE('',*,*,#1438,.T.);
#1968=ORIENTED_EDGE('',*,*,#1434,.F.);
#1969=ORIENTED_EDGE('',*,*,#1420,.T.);
#1970=ORIENTED_EDGE('',*,*,#1439,.T.);
#1971=ORIENTED_EDGE('',*,*,#1440,.T.);
#1972=ORIENTED_EDGE('',*,*,#1437,.F.);
#1973=ORIENTED_EDGE('',*,*,#1441,.T.);
#1974=ORIENTED_EDGE('',*,*,#1442,.F.);
#1975=ORIENTED_EDGE('',*,*,#1342,.T.);
#1976=ORIENTED_EDGE('',*,*,#1443,.F.);
#1977=ORIENTED_EDGE('',*,*,#1443,.T.);
#1978=ORIENTED_EDGE('',*,*,#1341,.F.);
#1979=ORIENTED_EDGE('',*,*,#1444,.F.);
#1980=ORIENTED_EDGE('',*,*,#1445,.F.);
#1981=ORIENTED_EDGE('',*,*,#1446,.T.);
#1982=ORIENTED_EDGE('',*,*,#1447,.F.);
#1983=ORIENTED_EDGE('',*,*,#1346,.T.);
#1984=ORIENTED_EDGE('',*,*,#1448,.F.);
#1985=ORIENTED_EDGE('',*,*,#1448,.T.);
#1986=ORIENTED_EDGE('',*,*,#1345,.F.);
#1987=ORIENTED_EDGE('',*,*,#1449,.F.);
#1988=ORIENTED_EDGE('',*,*,#1450,.F.);
#1989=ORIENTED_EDGE('',*,*,#1442,.T.);
#1990=ORIENTED_EDGE('',*,*,#1451,.F.);
#1991=ORIENTED_EDGE('',*,*,#1452,.F.);
#1992=ORIENTED_EDGE('',*,*,#1453,.F.);
#1993=ORIENTED_EDGE('',*,*,#1454,.F.);
#1994=ORIENTED_EDGE('',*,*,#1343,.F.);
#1995=ORIENTED_EDGE('',*,*,#1438,.F.);
#1996=ORIENTED_EDGE('',*,*,#1455,.T.);
#1997=ORIENTED_EDGE('',*,*,#1449,.T.);
#1998=ORIENTED_EDGE('',*,*,#1456,.F.);
#1999=ORIENTED_EDGE('',*,*,#1435,.F.);
#2000=ORIENTED_EDGE('',*,*,#1456,.T.);
#2001=ORIENTED_EDGE('',*,*,#1344,.F.);
#2002=ORIENTED_EDGE('',*,*,#1454,.T.);
#2003=ORIENTED_EDGE('',*,*,#1440,.F.);
#2004=ORIENTED_EDGE('',*,*,#1452,.T.);
#2005=ORIENTED_EDGE('',*,*,#1457,.F.);
#2006=ORIENTED_EDGE('',*,*,#1455,.F.);
#2007=ORIENTED_EDGE('',*,*,#1429,.T.);
#2008=ORIENTED_EDGE('',*,*,#1436,.F.);
#2009=ORIENTED_EDGE('',*,*,#1453,.T.);
#2010=ORIENTED_EDGE('',*,*,#1439,.F.);
#2011=ORIENTED_EDGE('',*,*,#1447,.T.);
#2012=ORIENTED_EDGE('',*,*,#1458,.F.);
#2013=ORIENTED_EDGE('',*,*,#1459,.F.);
#2014=ORIENTED_EDGE('',*,*,#1347,.F.);
#2015=ORIENTED_EDGE('',*,*,#1327,.F.);
#2016=ORIENTED_EDGE('',*,*,#1321,.F.);
#2017=ORIENTED_EDGE('',*,*,#1296,.F.);
#2018=ORIENTED_EDGE('',*,*,#1299,.F.);
#2019=ORIENTED_EDGE('',*,*,#1460,.T.);
#2020=ORIENTED_EDGE('',*,*,#1461,.T.);
#2021=ORIENTED_EDGE('',*,*,#1462,.T.);
#2022=ORIENTED_EDGE('',*,*,#1463,.T.);
#2023=ORIENTED_EDGE('',*,*,#1262,.F.);
#2024=ORIENTED_EDGE('',*,*,#1258,.T.);
#2025=ORIENTED_EDGE('',*,*,#1276,.F.);
#2026=ORIENTED_EDGE('',*,*,#1280,.F.);
#2027=ORIENTED_EDGE('',*,*,#1269,.F.);
#2028=ORIENTED_EDGE('',*,*,#1265,.T.);
#2029=ORIENTED_EDGE('',*,*,#1283,.F.);
#2030=ORIENTED_EDGE('',*,*,#1303,.F.);
#2031=ORIENTED_EDGE('',*,*,#1445,.T.);
#2032=ORIENTED_EDGE('',*,*,#1464,.T.);
#2033=ORIENTED_EDGE('',*,*,#1458,.T.);
#2034=ORIENTED_EDGE('',*,*,#1446,.F.);
#2035=ORIENTED_EDGE('',*,*,#1450,.T.);
#2036=ORIENTED_EDGE('',*,*,#1457,.T.);
#2037=ORIENTED_EDGE('',*,*,#1451,.T.);
#2038=ORIENTED_EDGE('',*,*,#1441,.F.);
#2039=ORIENTED_EDGE('',*,*,#1465,.F.);
#2040=ORIENTED_EDGE('',*,*,#1466,.F.);
#2041=ORIENTED_EDGE('',*,*,#1467,.F.);
#2042=ORIENTED_EDGE('',*,*,#1468,.F.);
#2043=ORIENTED_EDGE('',*,*,#1469,.F.);
#2044=ORIENTED_EDGE('',*,*,#1470,.F.);
#2045=ORIENTED_EDGE('',*,*,#1349,.F.);
#2046=ORIENTED_EDGE('',*,*,#1305,.T.);
#2047=ORIENTED_EDGE('',*,*,#1309,.T.);
#2048=ORIENTED_EDGE('',*,*,#1312,.T.);
#2049=ORIENTED_EDGE('',*,*,#1315,.T.);
#2050=ORIENTED_EDGE('',*,*,#1318,.T.);
#2051=ORIENTED_EDGE('',*,*,#1471,.F.);
#2052=ORIENTED_EDGE('',*,*,#1472,.T.);
#2053=ORIENTED_EDGE('',*,*,#1331,.F.);
#2054=ORIENTED_EDGE('',*,*,#1473,.T.);
#2055=ORIENTED_EDGE('',*,*,#1407,.F.);
#2056=ORIENTED_EDGE('',*,*,#1474,.F.);
#2057=ORIENTED_EDGE('',*,*,#1475,.F.);
#2058=ORIENTED_EDGE('',*,*,#1393,.T.);
#2059=ORIENTED_EDGE('',*,*,#1476,.T.);
#2060=ORIENTED_EDGE('',*,*,#1475,.T.);
#2061=ORIENTED_EDGE('',*,*,#1473,.F.);
#2062=ORIENTED_EDGE('',*,*,#1477,.F.);
#2063=ORIENTED_EDGE('',*,*,#1478,.F.);
#2064=ORIENTED_EDGE('',*,*,#1479,.F.);
#2065=ORIENTED_EDGE('',*,*,#1472,.F.);
#2066=ORIENTED_EDGE('',*,*,#1480,.F.);
#2067=ORIENTED_EDGE('',*,*,#1403,.F.);
#2068=ORIENTED_EDGE('',*,*,#1395,.F.);
#2069=ORIENTED_EDGE('',*,*,#1480,.T.);
#2070=ORIENTED_EDGE('',*,*,#1481,.F.);
#2071=ORIENTED_EDGE('',*,*,#1394,.F.);
#2072=ORIENTED_EDGE('',*,*,#1476,.F.);
#2073=ORIENTED_EDGE('',*,*,#1462,.F.);
#2074=ORIENTED_EDGE('',*,*,#1478,.T.);
#2075=ORIENTED_EDGE('',*,*,#1386,.T.);
#2076=ORIENTED_EDGE('',*,*,#1389,.F.);
#2077=ORIENTED_EDGE('',*,*,#1401,.T.);
#2078=ORIENTED_EDGE('',*,*,#1402,.F.);
#2079=ORIENTED_EDGE('',*,*,#1481,.T.);
#2080=ORIENTED_EDGE('',*,*,#1471,.T.);
#2081=ORIENTED_EDGE('',*,*,#1474,.T.);
#2082=ORIENTED_EDGE('',*,*,#1406,.F.);
#2083=ORIENTED_EDGE('',*,*,#1404,.T.);
#2084=ORIENTED_EDGE('',*,*,#1398,.T.);
#2085=ORIENTED_EDGE('',*,*,#1479,.T.);
#2086=ORIENTED_EDGE('',*,*,#1461,.F.);
#2087=ORIENTED_EDGE('',*,*,#1482,.F.);
#2088=ORIENTED_EDGE('',*,*,#1332,.F.);
#2089=ORIENTED_EDGE('',*,*,#1483,.F.);
#2090=ORIENTED_EDGE('',*,*,#1484,.T.);
#2091=ORIENTED_EDGE('',*,*,#1329,.F.);
#2092=ORIENTED_EDGE('',*,*,#1301,.F.);
#2093=ORIENTED_EDGE('',*,*,#1328,.F.);
#2094=ORIENTED_EDGE('',*,*,#1485,.F.);
#2095=ORIENTED_EDGE('',*,*,#1484,.F.);
#2096=ORIENTED_EDGE('',*,*,#1412,.F.);
#2097=ORIENTED_EDGE('',*,*,#1409,.T.);
#2098=ORIENTED_EDGE('',*,*,#1410,.F.);
#2099=ORIENTED_EDGE('',*,*,#1413,.T.);
#2100=ORIENTED_EDGE('',*,*,#1483,.T.);
#2101=ORIENTED_EDGE('',*,*,#1228,.F.);
#2102=ORIENTED_EDGE('',*,*,#1224,.T.);
#2103=ORIENTED_EDGE('',*,*,#1444,.T.);
#2104=ORIENTED_EDGE('',*,*,#1348,.F.);
#2105=ORIENTED_EDGE('',*,*,#1459,.T.);
#2106=ORIENTED_EDGE('',*,*,#1464,.F.);
#2107=ORIENTED_EDGE('',*,*,#1470,.T.);
#2108=ORIENTED_EDGE('',*,*,#1486,.F.);
#2109=ORIENTED_EDGE('',*,*,#1335,.F.);
#2110=ORIENTED_EDGE('',*,*,#1350,.T.);
#2111=ORIENTED_EDGE('',*,*,#1469,.T.);
#2112=ORIENTED_EDGE('',*,*,#1487,.F.);
#2113=ORIENTED_EDGE('',*,*,#1336,.F.);
#2114=ORIENTED_EDGE('',*,*,#1486,.T.);
#2115=ORIENTED_EDGE('',*,*,#1468,.T.);
#2116=ORIENTED_EDGE('',*,*,#1488,.F.);
#2117=ORIENTED_EDGE('',*,*,#1337,.F.);
#2118=ORIENTED_EDGE('',*,*,#1487,.T.);
#2119=ORIENTED_EDGE('',*,*,#1467,.T.);
#2120=ORIENTED_EDGE('',*,*,#1489,.F.);
#2121=ORIENTED_EDGE('',*,*,#1338,.F.);
#2122=ORIENTED_EDGE('',*,*,#1488,.T.);
#2123=ORIENTED_EDGE('',*,*,#1466,.T.);
#2124=ORIENTED_EDGE('',*,*,#1490,.F.);
#2125=ORIENTED_EDGE('',*,*,#1339,.F.);
#2126=ORIENTED_EDGE('',*,*,#1489,.T.);
#2127=ORIENTED_EDGE('',*,*,#1340,.F.);
#2128=ORIENTED_EDGE('',*,*,#1490,.T.);
#2129=ORIENTED_EDGE('',*,*,#1465,.T.);
#2130=ORIENTED_EDGE('',*,*,#1320,.F.);
#2131=ORIENTED_EDGE('',*,*,#1477,.T.);
#2132=ORIENTED_EDGE('',*,*,#1330,.F.);
#2133=ORIENTED_EDGE('',*,*,#1485,.T.);
#2134=ORIENTED_EDGE('',*,*,#1463,.F.);
#2135=ORIENTED_EDGE('',*,*,#1333,.T.);
#2136=ORIENTED_EDGE('',*,*,#1482,.T.);
#2137=ORIENTED_EDGE('',*,*,#1460,.F.);
#2138=ORIENTED_EDGE('',*,*,#1298,.F.);
#2139=CYLINDRICAL_SURFACE('',#2329,0.800000000000001);
#2140=CYLINDRICAL_SURFACE('',#2332,0.350000000000005);
#2141=CYLINDRICAL_SURFACE('',#2342,0.100000000000006);
#2142=CYLINDRICAL_SURFACE('',#2346,0.749999999999982);
#2143=CYLINDRICAL_SURFACE('',#2354,0.499999999999987);
#2144=CYLINDRICAL_SURFACE('',#2362,0.2);
#2145=CYLINDRICAL_SURFACE('',#2365,0.2);
#2146=CYLINDRICAL_SURFACE('',#2367,0.2);
#2147=CYLINDRICAL_SURFACE('',#2371,1.1);
#2148=CYLINDRICAL_SURFACE('',#2374,0.260000000000011);
#2149=CYLINDRICAL_SURFACE('',#2384,0.00999999999999002);
#2150=CYLINDRICAL_SURFACE('',#2399,0.259999999999986);
#2151=CYLINDRICAL_SURFACE('',#2400,0.00999999999999477);
#2152=CYLINDRICAL_SURFACE('',#2403,0.390999999999996);
#2153=CYLINDRICAL_SURFACE('',#2406,0.140999999999996);
#2154=CYLINDRICAL_SURFACE('',#2408,3.68117658368863);
#2155=CYLINDRICAL_SURFACE('',#2411,2.15);
#2156=CYLINDRICAL_SURFACE('',#2422,0.140999999999988);
#2157=CYLINDRICAL_SURFACE('',#2428,0.800000000000001);
#2158=CYLINDRICAL_SURFACE('',#2431,0.350000000000005);
#2159=CYLINDRICAL_SURFACE('',#2441,0.100000000000006);
#2160=CYLINDRICAL_SURFACE('',#2445,0.749999999999982);
#2161=CYLINDRICAL_SURFACE('',#2453,0.499999999999987);
#2162=CYLINDRICAL_SURFACE('',#2461,0.2);
#2163=CYLINDRICAL_SURFACE('',#2464,0.2);
#2164=CYLINDRICAL_SURFACE('',#2467,0.2);
#2165=CYLINDRICAL_SURFACE('',#2470,1.1);
#2166=CYLINDRICAL_SURFACE('',#2473,0.260000000000011);
#2167=CYLINDRICAL_SURFACE('',#2483,0.00999999999999002);
#2168=CYLINDRICAL_SURFACE('',#2498,0.259999999999986);
#2169=CYLINDRICAL_SURFACE('',#2499,0.00999999999999477);
#2170=CYLINDRICAL_SURFACE('',#2507,0.390999999999996);
#2171=CYLINDRICAL_SURFACE('',#2510,0.140999999999996);
#2172=CYLINDRICAL_SURFACE('',#2512,3.68117658368863);
#2173=CYLINDRICAL_SURFACE('',#2513,0.390999999999987);
#2174=CYLINDRICAL_SURFACE('',#2515,2.15);
#2175=CYLINDRICAL_SURFACE('',#2523,3.5);
#2176=ADVANCED_FACE('',(#134),#2139,.T.);
#2177=ADVANCED_FACE('',(#135),#2140,.T.);
#2178=ADVANCED_FACE('',(#136),#38,.F.);
#2179=ADVANCED_FACE('',(#137),#39,.F.);
#2180=ADVANCED_FACE('',(#138),#40,.F.);
#2181=ADVANCED_FACE('',(#139),#41,.F.);
#2182=ADVANCED_FACE('',(#140),#42,.F.);
#2183=ADVANCED_FACE('',(#141),#2141,.F.);
#2184=ADVANCED_FACE('',(#142),#43,.F.);
#2185=ADVANCED_FACE('',(#143),#44,.F.);
#2186=ADVANCED_FACE('',(#144),#45,.T.);
#2187=ADVANCED_FACE('',(#145),#2142,.T.);
#2188=ADVANCED_FACE('',(#146),#46,.F.);
#2189=ADVANCED_FACE('',(#147),#47,.F.);
#2190=ADVANCED_FACE('',(#148),#48,.F.);
#2191=ADVANCED_FACE('',(#149),#2143,.F.);
#2192=ADVANCED_FACE('',(#150),#49,.F.);
#2193=ADVANCED_FACE('',(#151),#50,.F.);
#2194=ADVANCED_FACE('',(#152),#51,.T.);
#2195=ADVANCED_FACE('',(#153),#52,.F.);
#2196=ADVANCED_FACE('',(#154),#53,.F.);
#2197=ADVANCED_FACE('',(#155),#2144,.T.);
#2198=ADVANCED_FACE('',(#156),#54,.F.);
#2199=ADVANCED_FACE('',(#157),#2145,.T.);
#2200=ADVANCED_FACE('',(#158),#2146,.T.);
#2201=ADVANCED_FACE('',(#159),#55,.F.);
#2202=ADVANCED_FACE('',(#160),#2147,.T.);
#2203=ADVANCED_FACE('',(#161),#2148,.T.);
#2204=ADVANCED_FACE('',(#162),#56,.F.);
#2205=ADVANCED_FACE('',(#163),#57,.T.);
#2206=ADVANCED_FACE('',(#164),#58,.F.);
#2207=ADVANCED_FACE('',(#165),#59,.F.);
#2208=ADVANCED_FACE('',(#166),#60,.F.);
#2209=ADVANCED_FACE('',(#167),#2149,.F.);
#2210=ADVANCED_FACE('',(#168),#61,.F.);
#2211=ADVANCED_FACE('',(#169),#62,.F.);
#2212=ADVANCED_FACE('',(#170),#63,.F.);
#2213=ADVANCED_FACE('',(#171),#64,.F.);
#2214=ADVANCED_FACE('',(#172),#65,.F.);
#2215=ADVANCED_FACE('',(#173),#66,.T.);
#2216=ADVANCED_FACE('',(#174),#67,.F.);
#2217=ADVANCED_FACE('',(#175),#68,.F.);
#2218=ADVANCED_FACE('',(#176),#69,.T.);
#2219=ADVANCED_FACE('',(#177),#70,.F.);
#2220=ADVANCED_FACE('',(#178),#2150,.T.);
#2221=ADVANCED_FACE('',(#179),#2151,.F.);
#2222=ADVANCED_FACE('',(#180),#71,.T.);
#2223=ADVANCED_FACE('',(#181),#72,.T.);
#2224=ADVANCED_FACE('',(#182),#2152,.T.);
#2225=ADVANCED_FACE('',(#183),#73,.F.);
#2226=ADVANCED_FACE('',(#184),#20,.F.);
#2227=ADVANCED_FACE('',(#185),#21,.F.);
#2228=ADVANCED_FACE('',(#186),#74,.F.);
#2229=ADVANCED_FACE('',(#187),#2153,.F.);
#2230=ADVANCED_FACE('',(#188),#75,.F.);
#2231=ADVANCED_FACE('',(#189),#2154,.T.);
#2232=ADVANCED_FACE('',(#190),#22,.F.);
#2233=ADVANCED_FACE('',(#191),#2155,.F.);
#2234=ADVANCED_FACE('',(#192),#76,.F.);
#2235=ADVANCED_FACE('',(#193),#77,.F.);
#2236=ADVANCED_FACE('',(#194),#78,.F.);
#2237=ADVANCED_FACE('',(#195),#79,.F.);
#2238=ADVANCED_FACE('',(#196),#80,.F.);
#2239=ADVANCED_FACE('',(#197),#81,.F.);
#2240=ADVANCED_FACE('',(#198),#82,.F.);
#2241=ADVANCED_FACE('',(#199),#2156,.F.);
#2242=ADVANCED_FACE('',(#200,#15,#16,#17),#83,.T.);
#2243=ADVANCED_FACE('',(#201),#84,.T.);
#2244=ADVANCED_FACE('',(#202),#2157,.T.);
#2245=ADVANCED_FACE('',(#203),#2158,.T.);
#2246=ADVANCED_FACE('',(#204),#85,.T.);
#2247=ADVANCED_FACE('',(#205),#86,.T.);
#2248=ADVANCED_FACE('',(#206),#87,.T.);
#2249=ADVANCED_FACE('',(#207),#88,.T.);
#2250=ADVANCED_FACE('',(#208),#89,.T.);
#2251=ADVANCED_FACE('',(#209),#2159,.F.);
#2252=ADVANCED_FACE('',(#210),#90,.T.);
#2253=ADVANCED_FACE('',(#211),#91,.T.);
#2254=ADVANCED_FACE('',(#212),#92,.F.);
#2255=ADVANCED_FACE('',(#213),#2160,.T.);
#2256=ADVANCED_FACE('',(#214),#93,.T.);
#2257=ADVANCED_FACE('',(#215),#94,.T.);
#2258=ADVANCED_FACE('',(#216),#95,.T.);
#2259=ADVANCED_FACE('',(#217),#2161,.F.);
#2260=ADVANCED_FACE('',(#218),#96,.T.);
#2261=ADVANCED_FACE('',(#219),#97,.T.);
#2262=ADVANCED_FACE('',(#220),#98,.F.);
#2263=ADVANCED_FACE('',(#221),#99,.T.);
#2264=ADVANCED_FACE('',(#222),#100,.T.);
#2265=ADVANCED_FACE('',(#223),#2162,.T.);
#2266=ADVANCED_FACE('',(#224),#101,.T.);
#2267=ADVANCED_FACE('',(#225),#2163,.T.);
#2268=ADVANCED_FACE('',(#226),#102,.T.);
#2269=ADVANCED_FACE('',(#227),#2164,.T.);
#2270=ADVANCED_FACE('',(#228),#103,.T.);
#2271=ADVANCED_FACE('',(#229),#2165,.T.);
#2272=ADVANCED_FACE('',(#230),#2166,.T.);
#2273=ADVANCED_FACE('',(#231),#104,.T.);
#2274=ADVANCED_FACE('',(#232),#105,.F.);
#2275=ADVANCED_FACE('',(#233),#106,.T.);
#2276=ADVANCED_FACE('',(#234),#107,.T.);
#2277=ADVANCED_FACE('',(#235),#108,.T.);
#2278=ADVANCED_FACE('',(#236),#2167,.F.);
#2279=ADVANCED_FACE('',(#237),#109,.T.);
#2280=ADVANCED_FACE('',(#238),#110,.T.);
#2281=ADVANCED_FACE('',(#239),#111,.T.);
#2282=ADVANCED_FACE('',(#240),#112,.T.);
#2283=ADVANCED_FACE('',(#241),#113,.T.);
#2284=ADVANCED_FACE('',(#242),#114,.F.);
#2285=ADVANCED_FACE('',(#243),#115,.T.);
#2286=ADVANCED_FACE('',(#244),#116,.T.);
#2287=ADVANCED_FACE('',(#245),#117,.F.);
#2288=ADVANCED_FACE('',(#246),#118,.T.);
#2289=ADVANCED_FACE('',(#247),#2168,.T.);
#2290=ADVANCED_FACE('',(#248),#2169,.F.);
#2291=ADVANCED_FACE('',(#249),#119,.F.);
#2292=ADVANCED_FACE('',(#250),#120,.F.);
#2293=ADVANCED_FACE('',(#251,#18,#19),#121,.F.);
#2294=ADVANCED_FACE('',(#252),#122,.T.);
#2295=ADVANCED_FACE('',(#253),#2170,.T.);
#2296=ADVANCED_FACE('',(#254),#123,.T.);
#2297=ADVANCED_FACE('',(#255),#23,.T.);
#2298=ADVANCED_FACE('',(#256),#24,.T.);
#2299=ADVANCED_FACE('',(#257),#124,.T.);
#2300=ADVANCED_FACE('',(#258),#2171,.F.);
#2301=ADVANCED_FACE('',(#259),#125,.T.);
#2302=ADVANCED_FACE('',(#260),#2172,.T.);
#2303=ADVANCED_FACE('',(#261),#2173,.T.);
#2304=ADVANCED_FACE('',(#262),#25,.T.);
#2305=ADVANCED_FACE('',(#263),#126,.T.);
#2306=ADVANCED_FACE('',(#264),#2174,.F.);
#2307=ADVANCED_FACE('',(#265),#127,.T.);
#2308=ADVANCED_FACE('',(#266),#128,.T.);
#2309=ADVANCED_FACE('',(#267),#129,.T.);
#2310=ADVANCED_FACE('',(#268),#130,.T.);
#2311=ADVANCED_FACE('',(#269),#131,.T.);
#2312=ADVANCED_FACE('',(#270),#132,.T.);
#2313=ADVANCED_FACE('',(#271),#133,.T.);
#2314=ADVANCED_FACE('',(#272),#2175,.F.);
#2315=CLOSED_SHELL('',(#2176,#2177,#2178,#2179,#2180,#2181,#2182,#2183,
#2184,#2185,#2186,#2187,#2188,#2189,#2190,#2191,#2192,#2193,#2194,#2195,
#2196,#2197,#2198,#2199,#2200,#2201,#2202,#2203,#2204,#2205,#2206,#2207,
#2208,#2209,#2210,#2211,#2212,#2213,#2214,#2215,#2216,#2217,#2218,#2219,
#2220,#2221,#2222,#2223,#2224,#2225,#2226,#2227,#2228,#2229,#2230,#2231,
#2232,#2233,#2234,#2235,#2236,#2237,#2238,#2239,#2240,#2241,#2242,#2243,
#2244,#2245,#2246,#2247,#2248,#2249,#2250,#2251,#2252,#2253,#2254,#2255,
#2256,#2257,#2258,#2259,#2260,#2261,#2262,#2263,#2264,#2265,#2266,#2267,
#2268,#2269,#2270,#2271,#2272,#2273,#2274,#2275,#2276,#2277,#2278,#2279,
#2280,#2281,#2282,#2283,#2284,#2285,#2286,#2287,#2288,#2289,#2290,#2291,
#2292,#2293,#2294,#2295,#2296,#2297,#2298,#2299,#2300,#2301,#2302,#2303,
#2304,#2305,#2306,#2307,#2308,#2309,#2310,#2311,#2312,#2313,#2314));
#2316=DERIVED_UNIT_ELEMENT(#2318,1.);
#2317=DERIVED_UNIT_ELEMENT(#4009,-3.);
#2318=(
MASS_UNIT()
NAMED_UNIT(*)
SI_UNIT(.KILO.,.GRAM.)
);
#2319=DERIVED_UNIT((#2316,#2317));
#2320=MEASURE_REPRESENTATION_ITEM('density measure',
POSITIVE_RATIO_MEASURE(7850.),#2319);
#2321=PROPERTY_DEFINITION_REPRESENTATION(#2326,#2323);
#2322=PROPERTY_DEFINITION_REPRESENTATION(#2327,#2324);
#2323=REPRESENTATION('material name',(#2325),#4006);
#2324=REPRESENTATION('density',(#2320),#4006);
#2325=DESCRIPTIVE_REPRESENTATION_ITEM('\X2\92FC\X0\','\X2\92FC\X0\');
#2326=PROPERTY_DEFINITION('material property','material name',#4016);
#2327=PROPERTY_DEFINITION('material property','density of part',#4016);
#2328=AXIS2_PLACEMENT_3D('',#3166,#2524,#2525);
#2329=AXIS2_PLACEMENT_3D('',#3167,#2526,#2527);
#2330=AXIS2_PLACEMENT_3D('',#3170,#2528,#2529);
#2331=AXIS2_PLACEMENT_3D('',#3174,#2531,#2532);
#2332=AXIS2_PLACEMENT_3D('',#3176,#2534,#2535);
#2333=AXIS2_PLACEMENT_3D('',#3181,#2537,#2538);
#2334=AXIS2_PLACEMENT_3D('',#3184,#2540,#2541);
#2335=AXIS2_PLACEMENT_3D('',#3185,#2542,#2543);
#2336=AXIS2_PLACEMENT_3D('',#3190,#2547,#2548);
#2337=AXIS2_PLACEMENT_3D('',#3194,#2551,#2552);
#2338=AXIS2_PLACEMENT_3D('',#3198,#2555,#2556);
#2339=AXIS2_PLACEMENT_3D('',#3199,#2557,#2558);
#2340=AXIS2_PLACEMENT_3D('',#3201,#2559,#2560);
#2341=AXIS2_PLACEMENT_3D('',#3203,#2562,#2563);
#2342=AXIS2_PLACEMENT_3D('',#3205,#2565,#2566);
#2343=AXIS2_PLACEMENT_3D('',#3207,#2568,#2569);
#2344=AXIS2_PLACEMENT_3D('',#3208,#2570,#2571);
#2345=AXIS2_PLACEMENT_3D('',#3214,#2575,#2576);
#2346=AXIS2_PLACEMENT_3D('',#3218,#2579,#2580);
#2347=AXIS2_PLACEMENT_3D('',#3222,#2582,#2583);
#2348=AXIS2_PLACEMENT_3D('',#3225,#2585,#2586);
#2349=AXIS2_PLACEMENT_3D('',#3226,#2587,#2588);
#2350=AXIS2_PLACEMENT_3D('',#3229,#2591,#2592);
#2351=AXIS2_PLACEMENT_3D('',#3232,#2594,#2595);
#2352=AXIS2_PLACEMENT_3D('',#3233,#2596,#2597);
#2353=AXIS2_PLACEMENT_3D('',#3235,#2598,#2599);
#2354=AXIS2_PLACEMENT_3D('',#3237,#2601,#2602);
#2355=AXIS2_PLACEMENT_3D('',#3239,#2604,#2605);
#2356=AXIS2_PLACEMENT_3D('',#3240,#2606,#2607);
#2357=AXIS2_PLACEMENT_3D('',#3246,#2611,#2612);
#2358=AXIS2_PLACEMENT_3D('',#3250,#2614,#2615);
#2359=AXIS2_PLACEMENT_3D('',#3258,#2619,#2620);
#2360=AXIS2_PLACEMENT_3D('',#3262,#2623,#2624);
#2361=AXIS2_PLACEMENT_3D('',#3266,#2627,#2628);
#2362=AXIS2_PLACEMENT_3D('',#3270,#2631,#2632);
#2363=AXIS2_PLACEMENT_3D('',#3272,#2633,#2634);
#2364=AXIS2_PLACEMENT_3D('',#3274,#2636,#2637);
#2365=AXIS2_PLACEMENT_3D('',#3278,#2640,#2641);
#2366=AXIS2_PLACEMENT_3D('',#3280,#2642,#2643);
#2367=AXIS2_PLACEMENT_3D('',#3282,#2645,#2646);
#2368=AXIS2_PLACEMENT_3D('',#3285,#2647,#2648);
#2369=AXIS2_PLACEMENT_3D('',#3289,#2650,#2651);
#2370=AXIS2_PLACEMENT_3D('',#3291,#2653,#2654);
#2371=AXIS2_PLACEMENT_3D('',#3297,#2658,#2659);
#2372=AXIS2_PLACEMENT_3D('',#3300,#2660,#2661);
#2373=AXIS2_PLACEMENT_3D('',#3304,#2663,#2664);
#2374=AXIS2_PLACEMENT_3D('',#3306,#2666,#2667);
#2375=AXIS2_PLACEMENT_3D('',#3311,#2669,#2670);
#2376=AXIS2_PLACEMENT_3D('',#3314,#2672,#2673);
#2377=AXIS2_PLACEMENT_3D('',#3315,#2674,#2675);
#2378=AXIS2_PLACEMENT_3D('',#3320,#2679,#2680);
#2379=AXIS2_PLACEMENT_3D('',#3324,#2683,#2684);
#2380=AXIS2_PLACEMENT_3D('',#3328,#2687,#2688);
#2381=AXIS2_PLACEMENT_3D('',#3329,#2689,#2690);
#2382=AXIS2_PLACEMENT_3D('',#3331,#2691,#2692);
#2383=AXIS2_PLACEMENT_3D('',#3333,#2694,#2695);
#2384=AXIS2_PLACEMENT_3D('',#3335,#2697,#2698);
#2385=AXIS2_PLACEMENT_3D('',#3337,#2700,#2701);
#2386=AXIS2_PLACEMENT_3D('',#3338,#2702,#2703);
#2387=AXIS2_PLACEMENT_3D('',#3344,#2707,#2708);
#2388=AXIS2_PLACEMENT_3D('',#3348,#2711,#2712);
#2389=AXIS2_PLACEMENT_3D('',#3352,#2715,#2716);
#2390=AXIS2_PLACEMENT_3D('',#3361,#2721,#2722);
#2391=AXIS2_PLACEMENT_3D('',#3367,#2726,#2727);
#2392=AXIS2_PLACEMENT_3D('',#3376,#2732,#2733);
#2393=AXIS2_PLACEMENT_3D('',#3382,#2737,#2738);
#2394=AXIS2_PLACEMENT_3D('',#3385,#2740,#2741);
#2395=AXIS2_PLACEMENT_3D('',#3388,#2743,#2744);
#2396=AXIS2_PLACEMENT_3D('',#3390,#2746,#2747);
#2397=AXIS2_PLACEMENT_3D('',#3391,#2748,#2749);
#2398=AXIS2_PLACEMENT_3D('',#3392,#2750,#2751);
#2399=AXIS2_PLACEMENT_3D('',#3393,#2752,#2753);
#2400=AXIS2_PLACEMENT_3D('',#3395,#2755,#2756);
#2401=AXIS2_PLACEMENT_3D('',#3397,#2758,#2759);
#2402=AXIS2_PLACEMENT_3D('',#3398,#2760,#2761);
#2403=AXIS2_PLACEMENT_3D('',#3404,#2765,#2766);
#2404=AXIS2_PLACEMENT_3D('',#3425,#2769,#2770);
#2405=AXIS2_PLACEMENT_3D('',#3487,#2776,#2777);
#2406=AXIS2_PLACEMENT_3D('',#3489,#2779,#2780);
#2407=AXIS2_PLACEMENT_3D('',#3491,#2782,#2783);
#2408=AXIS2_PLACEMENT_3D('',#3492,#2784,#2785);
#2409=AXIS2_PLACEMENT_3D('',#3494,#2786,#2787);
#2410=AXIS2_PLACEMENT_3D('',#3497,#2789,#2790);
#2411=AXIS2_PLACEMENT_3D('',#3535,#2792,#2793);
#2412=AXIS2_PLACEMENT_3D('',#3536,#2794,#2795);
#2413=AXIS2_PLACEMENT_3D('',#3537,#2796,#2797);
#2414=AXIS2_PLACEMENT_3D('',#3538,#2798,#2799);
#2415=AXIS2_PLACEMENT_3D('',#3547,#2804,#2805);
#2416=AXIS2_PLACEMENT_3D('',#3553,#2809,#2810);
#2417=AXIS2_PLACEMENT_3D('',#3559,#2814,#2815);
#2418=AXIS2_PLACEMENT_3D('',#3565,#2819,#2820);
#2419=AXIS2_PLACEMENT_3D('',#3571,#2824,#2825);
#2420=AXIS2_PLACEMENT_3D('',#3574,#2828,#2829);
#2421=AXIS2_PLACEMENT_3D('',#3580,#2832,#2833);
#2422=AXIS2_PLACEMENT_3D('',#3582,#2835,#2836);
#2423=AXIS2_PLACEMENT_3D('',#3592,#2838,#2839);
#2424=AXIS2_PLACEMENT_3D('',#3600,#2843,#2844);
#2425=AXIS2_PLACEMENT_3D('',#3601,#2845,#2846);
#2426=AXIS2_PLACEMENT_3D('',#3630,#2861,#2862);
#2427=AXIS2_PLACEMENT_3D('',#3631,#2863,#2864);
#2428=AXIS2_PLACEMENT_3D('',#3635,#2867,#2868);
#2429=AXIS2_PLACEMENT_3D('',#3638,#2869,#2870);
#2430=AXIS2_PLACEMENT_3D('',#3642,#2872,#2873);
#2431=AXIS2_PLACEMENT_3D('',#3644,#2875,#2876);
#2432=AXIS2_PLACEMENT_3D('',#3649,#2878,#2879);
#2433=AXIS2_PLACEMENT_3D('',#3652,#2881,#2882);
#2434=AXIS2_PLACEMENT_3D('',#3653,#2883,#2884);
#2435=AXIS2_PLACEMENT_3D('',#3658,#2888,#2889);
#2436=AXIS2_PLACEMENT_3D('',#3662,#2892,#2893);
#2437=AXIS2_PLACEMENT_3D('',#3665,#2895,#2896);
#2438=AXIS2_PLACEMENT_3D('',#3667,#2898,#2899);
#2439=AXIS2_PLACEMENT_3D('',#3670,#2901,#2902);
#2440=AXIS2_PLACEMENT_3D('',#3671,#2903,#2904);
#2441=AXIS2_PLACEMENT_3D('',#3673,#2906,#2907);
#2442=AXIS2_PLACEMENT_3D('',#3675,#2909,#2910);
#2443=AXIS2_PLACEMENT_3D('',#3676,#2911,#2912);
#2444=AXIS2_PLACEMENT_3D('',#3682,#2916,#2917);
#2445=AXIS2_PLACEMENT_3D('',#3686,#2920,#2921);
#2446=AXIS2_PLACEMENT_3D('',#3690,#2923,#2924);
#2447=AXIS2_PLACEMENT_3D('',#3693,#2926,#2927);
#2448=AXIS2_PLACEMENT_3D('',#3694,#2928,#2929);
#2449=AXIS2_PLACEMENT_3D('',#3697,#2932,#2933);
#2450=AXIS2_PLACEMENT_3D('',#3699,#2934,#2935);
#2451=AXIS2_PLACEMENT_3D('',#3701,#2937,#2938);
#2452=AXIS2_PLACEMENT_3D('',#3704,#2940,#2941);
#2453=AXIS2_PLACEMENT_3D('',#3705,#2942,#2943);
#2454=AXIS2_PLACEMENT_3D('',#3707,#2945,#2946);
#2455=AXIS2_PLACEMENT_3D('',#3708,#2947,#2948);
#2456=AXIS2_PLACEMENT_3D('',#3714,#2952,#2953);
#2457=AXIS2_PLACEMENT_3D('',#3720,#2956,#2957);
#2458=AXIS2_PLACEMENT_3D('',#3728,#2961,#2962);
#2459=AXIS2_PLACEMENT_3D('',#3730,#2964,#2965);
#2460=AXIS2_PLACEMENT_3D('',#3734,#2968,#2969);
#2461=AXIS2_PLACEMENT_3D('',#3738,#2972,#2973);
#2462=AXIS2_PLACEMENT_3D('',#3740,#2974,#2975);
#2463=AXIS2_PLACEMENT_3D('',#3742,#2977,#2978);
#2464=AXIS2_PLACEMENT_3D('',#3746,#2981,#2982);
#2465=AXIS2_PLACEMENT_3D('',#3748,#2983,#2984);
#2466=AXIS2_PLACEMENT_3D('',#3750,#2986,#2987);
#2467=AXIS2_PLACEMENT_3D('',#3754,#2990,#2991);
#2468=AXIS2_PLACEMENT_3D('',#3756,#2992,#2993);
#2469=AXIS2_PLACEMENT_3D('',#3758,#2995,#2996);
#2470=AXIS2_PLACEMENT_3D('',#3762,#2999,#3000);
#2471=AXIS2_PLACEMENT_3D('',#3765,#3001,#3002);
#2472=AXIS2_PLACEMENT_3D('',#3769,#3004,#3005);
#2473=AXIS2_PLACEMENT_3D('',#3771,#3007,#3008);
#2474=AXIS2_PLACEMENT_3D('',#3776,#3010,#3011);
#2475=AXIS2_PLACEMENT_3D('',#3779,#3013,#3014);
#2476=AXIS2_PLACEMENT_3D('',#3780,#3015,#3016);
#2477=AXIS2_PLACEMENT_3D('',#3785,#3020,#3021);
#2478=AXIS2_PLACEMENT_3D('',#3789,#3024,#3025);
#2479=AXIS2_PLACEMENT_3D('',#3792,#3027,#3028);
#2480=AXIS2_PLACEMENT_3D('',#3794,#3030,#3031);
#2481=AXIS2_PLACEMENT_3D('',#3797,#3033,#3034);
#2482=AXIS2_PLACEMENT_3D('',#3798,#3035,#3036);
#2483=AXIS2_PLACEMENT_3D('',#3800,#3038,#3039);
#2484=AXIS2_PLACEMENT_3D('',#3802,#3041,#3042);
#2485=AXIS2_PLACEMENT_3D('',#3803,#3043,#3044);
#2486=AXIS2_PLACEMENT_3D('',#3809,#3048,#3049);
#2487=AXIS2_PLACEMENT_3D('',#3813,#3052,#3053);
#2488=AXIS2_PLACEMENT_3D('',#3817,#3056,#3057);
#2489=AXIS2_PLACEMENT_3D('',#3823,#3061,#3062);
#2490=AXIS2_PLACEMENT_3D('',#3827,#3065,#3066);
#2491=AXIS2_PLACEMENT_3D('',#3833,#3070,#3071);
#2492=AXIS2_PLACEMENT_3D('',#3837,#3074,#3075);
#2493=AXIS2_PLACEMENT_3D('',#3840,#3077,#3078);
#2494=AXIS2_PLACEMENT_3D('',#3842,#3080,#3081);
#2495=AXIS2_PLACEMENT_3D('',#3843,#3082,#3083);
#2496=AXIS2_PLACEMENT_3D('',#3844,#3084,#3085);
#2497=AXIS2_PLACEMENT_3D('',#3845,#3086,#3087);
#2498=AXIS2_PLACEMENT_3D('',#3846,#3088,#3089);
#2499=AXIS2_PLACEMENT_3D('',#3847,#3090,#3091);
#2500=AXIS2_PLACEMENT_3D('',#3849,#3093,#3094);
#2501=AXIS2_PLACEMENT_3D('',#3850,#3095,#3096);
#2502=AXIS2_PLACEMENT_3D('',#3854,#3099,#3100);
#2503=AXIS2_PLACEMENT_3D('',#3856,#3101,#3102);
#2504=AXIS2_PLACEMENT_3D('',#3858,#3103,#3104);
#2505=AXIS2_PLACEMENT_3D('',#3862,#3107,#3108);
#2506=AXIS2_PLACEMENT_3D('',#3863,#3109,#3110);
#2507=AXIS2_PLACEMENT_3D('',#3875,#3117,#3118);
#2508=AXIS2_PLACEMENT_3D('',#3893,#3120,#3121);
#2509=AXIS2_PLACEMENT_3D('',#3953,#3127,#3128);
#2510=AXIS2_PLACEMENT_3D('',#3955,#3130,#3131);
#2511=AXIS2_PLACEMENT_3D('',#3956,#3132,#3133);
#2512=AXIS2_PLACEMENT_3D('',#3957,#3134,#3135);
#2513=AXIS2_PLACEMENT_3D('',#3959,#3137,#3138);
#2514=AXIS2_PLACEMENT_3D('',#3989,#3141,#3142);
#2515=AXIS2_PLACEMENT_3D('',#3990,#3143,#3144);
#2516=AXIS2_PLACEMENT_3D('',#3991,#3145,#3146);
#2517=AXIS2_PLACEMENT_3D('',#3993,#3148,#3149);
#2518=AXIS2_PLACEMENT_3D('',#3995,#3151,#3152);
#2519=AXIS2_PLACEMENT_3D('',#3997,#3154,#3155);
#2520=AXIS2_PLACEMENT_3D('',#3999,#3157,#3158);
#2521=AXIS2_PLACEMENT_3D('',#4001,#3160,#3161);
#2522=AXIS2_PLACEMENT_3D('',#4002,#3162,#3163);
#2523=AXIS2_PLACEMENT_3D('',#4003,#3164,#3165);
#2524=DIRECTION('axis',(0.,0.,1.));
#2525=DIRECTION('refdir',(1.,0.,0.));
#2526=DIRECTION('center_axis',(-0.798635510047343,0.,0.601815023151982));
#2527=DIRECTION('ref_axis',(3.08148791101957E-30,1.,3.69778549322349E-30));
#2528=DIRECTION('center_axis',(0.79863551004734,5.55111512312578E-15,-0.601815023151986));
#2529=DIRECTION('ref_axis',(-4.43331765768907E-15,1.,3.34074447634327E-15));
#2530=DIRECTION('',(-0.798635510047342,0.,0.601815023151983));
#2531=DIRECTION('center_axis',(-0.79863551004734,-5.55111512312578E-15,
0.601815023151986));
#2532=DIRECTION('ref_axis',(-4.43331765768907E-15,1.,3.34074447634327E-15));
#2533=DIRECTION('',(-0.798635510047342,0.,0.601815023151983));
#2534=DIRECTION('center_axis',(0.,1.,0.));
#2535=DIRECTION('ref_axis',(-0.77714596145696,0.,-0.629320391049851));
#2536=DIRECTION('',(0.,1.,0.));
#2537=DIRECTION('center_axis',(0.,1.,0.));
#2538=DIRECTION('ref_axis',(-0.777145961456942,0.,-0.629320391049873));
#2539=DIRECTION('',(0.,-1.,0.));
#2540=DIRECTION('center_axis',(0.,-1.,0.));
#2541=DIRECTION('ref_axis',(-0.798635510047331,0.,0.601815023151997));
#2542=DIRECTION('center_axis',(0.,-1.,0.));
#2543=DIRECTION('ref_axis',(0.601815023151954,0.,0.798635510047364));
#2544=DIRECTION('',(0.798635510047344,0.,-0.60181502315198));
#2545=DIRECTION('',(0.601815023151954,0.,0.798635510047363));
#2546=DIRECTION('',(-0.601815023151954,0.,-0.798635510047364));
#2547=DIRECTION('center_axis',(-0.798635510047354,0.,0.601815023151967));
#2548=DIRECTION('ref_axis',(0.,1.,0.));
#2549=DIRECTION('',(0.,-1.,0.));
#2550=DIRECTION('',(-0.601815023151954,0.,-0.798635510047364));
#2551=DIRECTION('center_axis',(0.,1.,0.));
#2552=DIRECTION('ref_axis',(1.,0.,0.));
#2553=DIRECTION('',(-0.798635510047344,0.,0.60181502315198));
#2554=DIRECTION('',(0.777145961456962,0.,0.629320391049848));
#2555=DIRECTION('center_axis',(0.,-1.,0.));
#2556=DIRECTION('ref_axis',(-0.798635510047338,0.,0.601815023151988));
#2557=DIRECTION('center_axis',(0.,-1.,0.));
#2558=DIRECTION('ref_axis',(-1.,0.,0.));
#2559=DIRECTION('center_axis',(0.,-1.,0.));
#2560=DIRECTION('ref_axis',(-0.798635510047338,0.,0.601815023151988));
#2561=DIRECTION('',(-0.777145961456962,0.,-0.629320391049848));
#2562=DIRECTION('center_axis',(0.,1.,0.));
#2563=DIRECTION('ref_axis',(-0.60181502315198,0.,-0.798635510047344));
#2564=DIRECTION('',(-0.60181502315198,0.,-0.798635510047344));
#2565=DIRECTION('center_axis',(0.,1.,0.));
#2566=DIRECTION('ref_axis',(-0.77714596145696,0.,-0.629320391049851));
#2567=DIRECTION('',(0.,1.,0.));
#2568=DIRECTION('center_axis',(0.798635510047342,0.,-0.601815023151983));
#2569=DIRECTION('ref_axis',(0.,-1.,0.));
#2570=DIRECTION('center_axis',(0.,-1.,0.));
#2571=DIRECTION('ref_axis',(0.629320391049851,0.,-0.77714596145696));
#2572=DIRECTION('',(0.629320391049851,0.,-0.77714596145696));
#2573=DIRECTION('',(0.77714596145696,0.,0.629320391049851));
#2574=DIRECTION('',(0.629320391049851,0.,-0.77714596145696));
#2575=DIRECTION('center_axis',(-0.77714596145696,0.,-0.629320391049851));
#2576=DIRECTION('ref_axis',(0.,1.,0.));
#2577=DIRECTION('',(0.,1.,0.));
#2578=DIRECTION('',(0.629320391049851,0.,-0.77714596145696));
#2579=DIRECTION('center_axis',(0.,-1.,0.));
#2580=DIRECTION('ref_axis',(1.,0.,5.39030285815812E-15));
#2581=DIRECTION('',(0.,-1.,0.));
#2582=DIRECTION('center_axis',(0.,-1.,0.));
#2583=DIRECTION('ref_axis',(1.,0.,5.92118946466749E-15));
#2584=DIRECTION('',(5.46424658075801E-17,1.,2.95743452851604E-31));
#2585=DIRECTION('center_axis',(0.,1.,0.));
#2586=DIRECTION('ref_axis',(0.777145961456961,0.,0.62932039104985));
#2587=DIRECTION('center_axis',(0.,1.,0.));
#2588=DIRECTION('ref_axis',(-0.629320391049851,0.,0.77714596145696));
#2589=DIRECTION('',(-0.77714596145696,0.,-0.629320391049851));
#2590=DIRECTION('',(-0.629320391049851,0.,0.77714596145696));
#2591=DIRECTION('center_axis',(0.,-1.,0.));
#2592=DIRECTION('ref_axis',(-1.,0.,0.));
#2593=DIRECTION('',(-1.,0.,-5.41233724504756E-15));
#2594=DIRECTION('center_axis',(0.,1.,0.));
#2595=DIRECTION('ref_axis',(0.777145961456957,0.,0.629320391049855));
#2596=DIRECTION('center_axis',(0.,1.,0.));
#2597=DIRECTION('ref_axis',(1.,0.,0.));
#2598=DIRECTION('center_axis',(0.,1.,0.));
#2599=DIRECTION('ref_axis',(0.777145961456957,0.,0.629320391049855));
#2600=DIRECTION('',(1.,0.,5.41233724504756E-15));
#2601=DIRECTION('center_axis',(0.,-1.,0.));
#2602=DIRECTION('ref_axis',(1.,0.,5.39030285815812E-15));
#2603=DIRECTION('',(0.,-1.,0.));
#2604=DIRECTION('center_axis',(-0.77714596145696,0.,-0.629320391049851));
#2605=DIRECTION('ref_axis',(0.,1.,0.));
#2606=DIRECTION('center_axis',(0.,1.,0.));
#2607=DIRECTION('ref_axis',(-1.,0.,0.));
#2608=DIRECTION('',(0.,0.,1.));
#2609=DIRECTION('',(1.,0.,5.39030285815812E-15));
#2610=DIRECTION('',(0.,0.,1.));
#2611=DIRECTION('center_axis',(1.,-5.46424658075801E-17,4.73841054837743E-15));
#2612=DIRECTION('ref_axis',(5.46424658075801E-17,1.,2.94539439619406E-31));
#2613=DIRECTION('',(0.,1.,0.));
#2614=DIRECTION('center_axis',(1.,-5.46424658075801E-17,4.73841054837743E-15));
#2615=DIRECTION('ref_axis',(0.,-0.70710678118654,0.707106781186555));
#2616=DIRECTION('',(-5.39030285815812E-15,0.,1.));
#2617=DIRECTION('',(-5.46424658075801E-17,-1.,-2.94539439619406E-31));
#2618=DIRECTION('',(-5.39030285815812E-15,0.,1.));
#2619=DIRECTION('center_axis',(1.,-5.46424658075801E-17,4.73841054837743E-15));
#2620=DIRECTION('ref_axis',(0.,0.70710678118654,0.707106781186555));
#2621=DIRECTION('',(0.,1.,0.));
#2622=DIRECTION('',(0.,0.,1.));
#2623=DIRECTION('center_axis',(0.,-1.,0.));
#2624=DIRECTION('ref_axis',(1.,0.,0.));
#2625=DIRECTION('',(-1.,0.,-5.39030285815812E-15));
#2626=DIRECTION('',(0.,0.,1.));
#2627=DIRECTION('center_axis',(5.39030285815812E-15,0.,-1.));
#2628=DIRECTION('ref_axis',(0.,-1.,0.));
#2629=DIRECTION('',(0.,-1.,0.));
#2630=DIRECTION('',(1.,0.,5.39030285815812E-15));
#2631=DIRECTION('center_axis',(1.,0.,5.39030285815812E-15));
#2632=DIRECTION('ref_axis',(0.,-0.70710678118654,0.707106781186555));
#2633=DIRECTION('center_axis',(-1.,0.,-5.39030285815812E-15));
#2634=DIRECTION('ref_axis',(0.,-0.70710678118654,0.707106781186555));
#2635=DIRECTION('',(-1.,0.,-5.39030285815812E-15));
#2636=DIRECTION('center_axis',(5.39030285815812E-15,0.,-1.));
#2637=DIRECTION('ref_axis',(0.,-1.,0.));
#2638=DIRECTION('',(-1.,0.,-5.39030285815812E-15));
#2639=DIRECTION('',(0.,-1.,0.));
#2640=DIRECTION('center_axis',(1.,0.,5.39030285815812E-15));
#2641=DIRECTION('ref_axis',(0.,0.70710678118654,0.707106781186555));
#2642=DIRECTION('center_axis',(-1.,0.,-5.39030285815812E-15));
#2643=DIRECTION('ref_axis',(0.,0.70710678118654,0.707106781186555));
#2644=DIRECTION('',(1.,0.,5.39030285815812E-15));
#2645=DIRECTION('center_axis',(0.,-1.,6.22337217189661E-14));
#2646=DIRECTION('ref_axis',(-0.70710678118654,0.,0.707106781186555));
#2647=DIRECTION('center_axis',(0.,1.,-6.22337217189661E-14));
#2648=DIRECTION('ref_axis',(-0.70710678118654,0.,0.707106781186555));
#2649=DIRECTION('',(0.,1.,-6.22337217189661E-14));
#2650=DIRECTION('center_axis',(0.,-1.,6.22337217189661E-14));
#2651=DIRECTION('ref_axis',(-0.70710678118654,0.,0.707106781186555));
#2652=DIRECTION('',(0.,-1.,6.22337217189661E-14));
#2653=DIRECTION('center_axis',(1.,0.,0.));
#2654=DIRECTION('ref_axis',(0.,-6.22337217189661E-14,-1.));
#2655=DIRECTION('',(0.,-6.22337217189661E-14,-1.));
#2656=DIRECTION('',(0.,1.,-6.22337217189661E-14));
#2657=DIRECTION('',(0.,6.22337217189661E-14,1.));
#2658=DIRECTION('center_axis',(0.,0.,-1.));
#2659=DIRECTION('ref_axis',(1.,0.,0.));
#2660=DIRECTION('center_axis',(5.79645589530837E-46,-3.15544362088405E-30,
1.));
#2661=DIRECTION('ref_axis',(1.,0.,-5.79645589530837E-46));
#2662=DIRECTION('',(0.,0.,1.));
#2663=DIRECTION('center_axis',(-5.79645589530837E-46,3.15544362088405E-30,
-1.));
#2664=DIRECTION('ref_axis',(1.,0.,-5.79645589530837E-46));
#2665=DIRECTION('',(0.,0.,1.));
#2666=DIRECTION('center_axis',(-1.,0.,0.));
#2667=DIRECTION('ref_axis',(0.,-0.642787609686702,0.766044443118842));
#2668=DIRECTION('',(-1.,0.,0.));
#2669=DIRECTION('center_axis',(-1.,0.,0.));
#2670=DIRECTION('ref_axis',(0.,-0.642787609686612,0.766044443118917));
#2671=DIRECTION('',(1.,0.,0.));
#2672=DIRECTION('center_axis',(1.,0.,0.));
#2673=DIRECTION('ref_axis',(0.,0.,1.));
#2674=DIRECTION('center_axis',(1.,0.,0.));
#2675=DIRECTION('ref_axis',(0.,1.,5.01820807130571E-14));
#2676=DIRECTION('',(0.,0.,-1.));
#2677=DIRECTION('',(0.,1.,5.03792609481597E-14));
#2678=DIRECTION('',(0.,-1.,-5.0234700658495E-14));
#2679=DIRECTION('center_axis',(0.,2.51465515077598E-14,-1.));
#2680=DIRECTION('ref_axis',(1.,0.,0.));
#2681=DIRECTION('',(1.,0.,0.));
#2682=DIRECTION('',(0.,-1.,-5.0234700658495E-14));
#2683=DIRECTION('center_axis',(-1.,0.,0.));
#2684=DIRECTION('ref_axis',(0.,1.,0.));
#2685=DIRECTION('',(0.,0.,1.));
#2686=DIRECTION('',(0.,0.642787609686696,-0.766044443118847));
#2687=DIRECTION('center_axis',(1.,0.,0.));
#2688=DIRECTION('ref_axis',(0.,0.,1.));
#2689=DIRECTION('center_axis',(1.,0.,0.));
#2690=DIRECTION('ref_axis',(0.,-1.,0.));
#2691=DIRECTION('center_axis',(1.,0.,0.));
#2692=DIRECTION('ref_axis',(0.,0.,1.));
#2693=DIRECTION('',(0.,-0.642787609686696,0.766044443118847));
#2694=DIRECTION('center_axis',(-1.,0.,0.));
#2695=DIRECTION('ref_axis',(0.,-1.,0.));
#2696=DIRECTION('',(0.,-1.,5.55111512312578E-17));
#2697=DIRECTION('center_axis',(-1.,0.,0.));
#2698=DIRECTION('ref_axis',(0.,-0.642787609686702,0.766044443118841));
#2699=DIRECTION('',(-1.,0.,0.));
#2700=DIRECTION('center_axis',(0.,-7.7715611723761E-15,-1.));
#2701=DIRECTION('ref_axis',(1.,0.,0.));
#2702=DIRECTION('center_axis',(0.,-0.642787609686702,0.766044443118842));
#2703=DIRECTION('ref_axis',(0.,0.766044443118841,0.642787609686702));
#2704=DIRECTION('',(0.,0.766044443118841,0.642787609686702));
#2705=DIRECTION('',(1.,0.,0.));
#2706=DIRECTION('',(0.,0.766044443118841,0.642787609686702));
#2707=DIRECTION('center_axis',(1.,0.,0.));
#2708=DIRECTION('ref_axis',(0.,-1.,0.));
#2709=DIRECTION('',(0.,0.642787609686702,-0.766044443118841));
#2710=DIRECTION('',(0.,-0.766044443118842,-0.642787609686702));
#2711=DIRECTION('center_axis',(0.,0.642787609686702,-0.766044443118842));
#2712=DIRECTION('ref_axis',(0.,-0.766044443118842,-0.642787609686702));
#2713=DIRECTION('',(-1.,0.,0.));
#2714=DIRECTION('',(0.,-0.766044443118842,-0.642787609686702));
#2715=DIRECTION('center_axis',(0.,-1.,0.));
#2716=DIRECTION('ref_axis',(-1.,0.,0.));
#2717=DIRECTION('',(-1.,0.,0.));
#2718=DIRECTION('',(0.,0.,-1.));
#2719=DIRECTION('',(1.,0.,0.));
#2720=DIRECTION('',(0.,0.,1.));
#2721=DIRECTION('center_axis',(-1.,0.,0.));
#2722=DIRECTION('ref_axis',(0.,1.,0.));
#2723=DIRECTION('',(0.,-1.,0.));
#2724=DIRECTION('',(0.,0.,-1.));
#2725=DIRECTION('',(0.,-1.,0.));
#2726=DIRECTION('center_axis',(0.,-1.,0.));
#2727=DIRECTION('ref_axis',(-1.,0.,0.));
#2728=DIRECTION('',(-1.,0.,0.));
#2729=DIRECTION('',(0.,0.,-1.));
#2730=DIRECTION('',(1.,0.,0.));
#2731=DIRECTION('',(0.,0.,1.));
#2732=DIRECTION('center_axis',(1.,0.,0.));
#2733=DIRECTION('ref_axis',(0.,-1.,0.));
#2734=DIRECTION('',(0.,1.,0.));
#2735=DIRECTION('',(0.,0.,-1.));
#2736=DIRECTION('',(0.,1.,0.));
#2737=DIRECTION('center_axis',(1.,0.,0.));
#2738=DIRECTION('ref_axis',(0.,-1.,0.));
#2739=DIRECTION('',(0.,1.,0.));
#2740=DIRECTION('center_axis',(1.,0.,0.));
#2741=DIRECTION('ref_axis',(0.,0.,-1.));
#2742=DIRECTION('',(0.,-0.642787609686702,0.766044443118841));
#2743=DIRECTION('center_axis',(-1.,0.,0.));
#2744=DIRECTION('ref_axis',(0.,0.,-1.));
#2745=DIRECTION('',(0.,1.,0.));
#2746=DIRECTION('center_axis',(1.,0.,0.));
#2747=DIRECTION('ref_axis',(0.,-1.,0.));
#2748=DIRECTION('center_axis',(1.,0.,0.));
#2749=DIRECTION('ref_axis',(0.,0.,-1.));
#2750=DIRECTION('center_axis',(-1.,0.,0.));
#2751=DIRECTION('ref_axis',(0.,0.,-1.));
#2752=DIRECTION('center_axis',(1.,0.,0.));
#2753=DIRECTION('ref_axis',(0.,0.,-1.));
#2754=DIRECTION('',(-1.,0.,0.));
#2755=DIRECTION('center_axis',(1.,0.,0.));
#2756=DIRECTION('ref_axis',(0.,0.,-1.));
#2757=DIRECTION('',(1.,0.,0.));
#2758=DIRECTION('center_axis',(1.,0.,0.));
#2759=DIRECTION('ref_axis',(0.,-1.,0.));
#2760=DIRECTION('center_axis',(1.,0.,0.));
#2761=DIRECTION('ref_axis',(0.,-1.,0.));
#2762=DIRECTION('',(0.,1.,0.));
#2763=DIRECTION('',(0.,0.,1.));
#2764=DIRECTION('',(0.,1.,0.));
#2765=DIRECTION('center_axis',(0.,1.,0.));
#2766=DIRECTION('ref_axis',(0.,0.,-1.));
#2767=DIRECTION('',(0.,1.,0.));
#2768=DIRECTION('',(0.,-1.,0.));
#2769=DIRECTION('center_axis',(0.,-1.,0.));
#2770=DIRECTION('ref_axis',(-5.39030285815812E-15,0.,1.));
#2771=DIRECTION('',(-1.,0.,-5.39030285815812E-15));
#2772=DIRECTION('',(-5.39030285815812E-15,0.,1.));
#2773=DIRECTION('',(0.,0.,-1.));
#2774=DIRECTION('',(-1.,0.,-5.39030285815812E-15));
#2775=DIRECTION('',(0.,0.,1.));
#2776=DIRECTION('center_axis',(0.,1.,0.));
#2777=DIRECTION('ref_axis',(5.39030285815812E-15,0.,-1.));
#2778=DIRECTION('',(5.39030285815812E-15,0.,-1.));
#2779=DIRECTION('center_axis',(0.,1.,0.));
#2780=DIRECTION('ref_axis',(0.,0.,-1.));
#2781=DIRECTION('',(0.,1.,0.));
#2782=DIRECTION('center_axis',(1.,0.,5.39030285815812E-15));
#2783=DIRECTION('ref_axis',(0.,1.,0.));
#2784=DIRECTION('center_axis',(0.,0.,-1.));
#2785=DIRECTION('ref_axis',(-0.982730392989552,-0.185043169813424,0.));
#2786=DIRECTION('center_axis',(0.,0.,1.));
#2787=DIRECTION('ref_axis',(-0.982730392989552,-0.185043169813424,0.));
#2788=DIRECTION('',(0.,0.,1.));
#2789=DIRECTION('center_axis',(0.,0.,-1.));
#2790=DIRECTION('ref_axis',(-0.982730392989552,-0.185043169813424,0.));
#2791=DIRECTION('',(0.,0.,1.));
#2792=DIRECTION('center_axis',(0.,0.,-1.));
#2793=DIRECTION('ref_axis',(1.67824410699151E-15,1.,0.));
#2794=DIRECTION('center_axis',(0.,0.,1.));
#2795=DIRECTION('ref_axis',(0.534883720930224,-0.844925680213259,0.));
#2796=DIRECTION('center_axis',(0.,0.,-1.));
#2797=DIRECTION('ref_axis',(0.534883720930224,-0.844925680213259,0.));
#2798=DIRECTION('center_axis',(-1.,0.,0.));
#2799=DIRECTION('ref_axis',(0.,-1.,0.));
#2800=DIRECTION('',(0.,1.,0.));
#2801=DIRECTION('',(0.,0.,1.));
#2802=DIRECTION('',(0.,1.,0.));
#2803=DIRECTION('',(0.,0.,1.));
#2804=DIRECTION('center_axis',(0.,-1.,0.));
#2805=DIRECTION('ref_axis',(1.,0.,0.));
#2806=DIRECTION('',(-1.,0.,0.));
#2807=DIRECTION('',(-1.,0.,0.));
#2808=DIRECTION('',(0.,0.,1.));
#2809=DIRECTION('center_axis',(-1.,0.,0.));
#2810=DIRECTION('ref_axis',(0.,-1.,0.));
#2811=DIRECTION('',(0.,1.,0.));
#2812=DIRECTION('',(0.,1.,0.));
#2813=DIRECTION('',(0.,0.,1.));
#2814=DIRECTION('center_axis',(0.,1.,0.));
#2815=DIRECTION('ref_axis',(-1.,0.,0.));
#2816=DIRECTION('',(1.,0.,0.));
#2817=DIRECTION('',(1.,0.,0.));
#2818=DIRECTION('',(0.,0.,1.));
#2819=DIRECTION('center_axis',(-1.,0.,0.));
#2820=DIRECTION('ref_axis',(0.,-1.,0.));
#2821=DIRECTION('',(0.,1.,0.));
#2822=DIRECTION('',(0.,1.,0.));
#2823=DIRECTION('',(0.,0.,1.));
#2824=DIRECTION('center_axis',(0.736873460120262,-0.676030697358036,0.));
#2825=DIRECTION('ref_axis',(0.676030697358036,0.736873460120262,0.));
#2826=DIRECTION('',(0.676030697358036,0.736873460120262,0.));
#2827=DIRECTION('',(-0.676030697358036,-0.736873460120262,0.));
#2828=DIRECTION('center_axis',(0.,1.,-6.22337217189661E-14));
#2829=DIRECTION('ref_axis',(0.,6.22337217189661E-14,1.));
#2830=DIRECTION('',(1.,0.,0.));
#2831=DIRECTION('',(0.,6.22337217189661E-14,1.));
#2832=DIRECTION('center_axis',(0.,1.,-6.22337217189661E-14));
#2833=DIRECTION('ref_axis',(0.70710678118654,0.,0.707106781186555));
#2834=DIRECTION('',(-1.,0.,0.));
#2835=DIRECTION('center_axis',(1.,0.,0.));
#2836=DIRECTION('ref_axis',(0.,0.,-1.));
#2837=DIRECTION('',(1.,0.,0.));
#2838=DIRECTION('center_axis',(0.,0.,-1.));
#2839=DIRECTION('ref_axis',(1.,0.,0.));
#2840=DIRECTION('',(1.,0.,0.));
#2841=DIRECTION('',(0.676030697358036,-0.736873460120262,0.));
#2842=DIRECTION('',(0.,-1.,0.));
#2843=DIRECTION('center_axis',(0.,0.,-1.));
#2844=DIRECTION('ref_axis',(0.982730392989552,-0.185043169813424,0.));
#2845=DIRECTION('center_axis',(0.,0.,-1.));
#2846=DIRECTION('ref_axis',(-0.629259476305804,0.777195285291506,0.));
#2847=DIRECTION('',(1.,0.,0.));
#2848=DIRECTION('',(0.,1.,0.));
#2849=DIRECTION('',(1.,0.,0.));
#2850=DIRECTION('',(0.,1.,0.));
#2851=DIRECTION('',(-1.,0.,0.));
#2852=DIRECTION('',(0.,1.,0.));
#2853=DIRECTION('',(-1.,0.,0.));
#2854=DIRECTION('',(0.,-1.,0.));
#2855=DIRECTION('',(-1.,0.,0.));
#2856=DIRECTION('',(0.,1.,0.));
#2857=DIRECTION('',(1.,0.,0.));
#2858=DIRECTION('',(0.,1.,0.));
#2859=DIRECTION('',(-1.,0.,0.));
#2860=DIRECTION('',(0.,1.,0.));
#2861=DIRECTION('center_axis',(0.,0.,1.));
#2862=DIRECTION('ref_axis',(-0.534883720930224,-0.844925680213259,0.));
#2863=DIRECTION('center_axis',(0.,1.,0.));
#2864=DIRECTION('ref_axis',(-1.,0.,0.));
#2865=DIRECTION('',(1.,0.,0.));
#2866=DIRECTION('',(0.,0.,1.));
#2867=DIRECTION('center_axis',(-0.798635510047343,0.,-0.601815023151982));
#2868=DIRECTION('ref_axis',(-3.08148791101957E-30,1.,3.69778549322349E-30));
#2869=DIRECTION('center_axis',(0.79863551004734,-5.55111512312578E-15,0.601815023151986));
#2870=DIRECTION('ref_axis',(4.43331765768907E-15,1.,3.34074447634327E-15));
#2871=DIRECTION('',(0.798635510047342,0.,0.601815023151983));
#2872=DIRECTION('center_axis',(-0.79863551004734,5.55111512312578E-15,-0.601815023151986));
#2873=DIRECTION('ref_axis',(4.43331765768907E-15,1.,3.34074447634327E-15));
#2874=DIRECTION('',(0.798635510047342,0.,0.601815023151983));
#2875=DIRECTION('center_axis',(0.,-1.,0.));
#2876=DIRECTION('ref_axis',(0.77714596145696,0.,-0.629320391049851));
#2877=DIRECTION('',(0.,1.,0.));
#2878=DIRECTION('center_axis',(0.,1.,0.));
#2879=DIRECTION('ref_axis',(0.798635510047331,0.,0.601815023151997));
#2880=DIRECTION('',(0.,-1.,0.));
#2881=DIRECTION('center_axis',(0.,-1.,0.));
#2882=DIRECTION('ref_axis',(0.777145961456942,0.,-0.629320391049873));
#2883=DIRECTION('center_axis',(0.,1.,0.));
#2884=DIRECTION('ref_axis',(-0.601815023151954,0.,0.798635510047364));
#2885=DIRECTION('',(-0.798635510047344,0.,-0.60181502315198));
#2886=DIRECTION('',(0.601815023151954,0.,-0.798635510047364));
#2887=DIRECTION('',(-0.601815023151954,0.,0.798635510047363));
#2888=DIRECTION('center_axis',(-0.798635510047354,0.,-0.601815023151967));
#2889=DIRECTION('ref_axis',(0.,1.,0.));
#2890=DIRECTION('',(0.,-1.,0.));
#2891=DIRECTION('',(0.601815023151954,0.,-0.798635510047364));
#2892=DIRECTION('center_axis',(0.,-1.,0.));
#2893=DIRECTION('ref_axis',(-1.,0.,0.));
#2894=DIRECTION('',(0.798635510047344,0.,0.60181502315198));
#2895=DIRECTION('center_axis',(0.,1.,0.));
#2896=DIRECTION('ref_axis',(0.798635510047338,0.,0.601815023151988));
#2897=DIRECTION('',(-0.777145961456962,0.,0.629320391049848));
#2898=DIRECTION('center_axis',(0.,1.,0.));
#2899=DIRECTION('ref_axis',(1.,0.,0.));
#2900=DIRECTION('',(0.777145961456962,0.,-0.629320391049848));
#2901=DIRECTION('center_axis',(0.,1.,0.));
#2902=DIRECTION('ref_axis',(0.798635510047338,0.,0.601815023151988));
#2903=DIRECTION('center_axis',(0.,-1.,0.));
#2904=DIRECTION('ref_axis',(0.60181502315198,0.,-0.798635510047344));
#2905=DIRECTION('',(0.60181502315198,0.,-0.798635510047344));
#2906=DIRECTION('center_axis',(0.,-1.,0.));
#2907=DIRECTION('ref_axis',(0.77714596145696,0.,-0.629320391049851));
#2908=DIRECTION('',(0.,1.,0.));
#2909=DIRECTION('center_axis',(0.798635510047342,0.,0.601815023151983));
#2910=DIRECTION('ref_axis',(0.,-1.,0.));
#2911=DIRECTION('center_axis',(0.,1.,0.));
#2912=DIRECTION('ref_axis',(-0.629320391049851,0.,-0.77714596145696));
#2913=DIRECTION('',(-0.629320391049851,0.,-0.77714596145696));
#2914=DIRECTION('',(-0.77714596145696,0.,0.629320391049851));
#2915=DIRECTION('',(-0.629320391049851,0.,-0.77714596145696));
#2916=DIRECTION('center_axis',(-0.77714596145696,0.,0.629320391049851));
#2917=DIRECTION('ref_axis',(0.,1.,0.));
#2918=DIRECTION('',(-0.629320391049851,0.,-0.77714596145696));
#2919=DIRECTION('',(0.,1.,0.));
#2920=DIRECTION('center_axis',(0.,1.,0.));
#2921=DIRECTION('ref_axis',(-1.,0.,5.39030285815812E-15));
#2922=DIRECTION('',(0.,-1.,0.));
#2923=DIRECTION('center_axis',(0.,-1.,0.));
#2924=DIRECTION('ref_axis',(-0.777145961456961,0.,0.62932039104985));
#2925=DIRECTION('',(-5.46424658075801E-17,1.,2.95743452851604E-31));
#2926=DIRECTION('center_axis',(0.,1.,0.));
#2927=DIRECTION('ref_axis',(-1.,0.,5.92118946466749E-15));
#2928=DIRECTION('center_axis',(0.,-1.,0.));
#2929=DIRECTION('ref_axis',(0.629320391049851,0.,0.77714596145696));
#2930=DIRECTION('',(0.629320391049851,0.,0.77714596145696));
#2931=DIRECTION('',(0.77714596145696,0.,-0.629320391049851));
#2932=DIRECTION('center_axis',(0.,1.,0.));
#2933=DIRECTION('ref_axis',(1.,0.,0.));
#2934=DIRECTION('center_axis',(0.,-1.,0.));
#2935=DIRECTION('ref_axis',(-0.777145961456957,0.,0.629320391049855));
#2936=DIRECTION('',(1.,0.,-5.41233724504756E-15));
#2937=DIRECTION('center_axis',(0.,-1.,0.));
#2938=DIRECTION('ref_axis',(-1.,0.,0.));
#2939=DIRECTION('',(-1.,0.,5.41233724504756E-15));
#2940=DIRECTION('center_axis',(0.,-1.,0.));
#2941=DIRECTION('ref_axis',(-0.777145961456957,0.,0.629320391049855));
#2942=DIRECTION('center_axis',(0.,1.,0.));
#2943=DIRECTION('ref_axis',(-1.,0.,5.39030285815812E-15));
#2944=DIRECTION('',(0.,-1.,0.));
#2945=DIRECTION('center_axis',(-0.77714596145696,0.,0.629320391049851));
#2946=DIRECTION('ref_axis',(0.,1.,0.));
#2947=DIRECTION('center_axis',(0.,-1.,0.));
#2948=DIRECTION('ref_axis',(1.,0.,0.));
#2949=DIRECTION('',(0.,0.,1.));
#2950=DIRECTION('',(-1.,0.,5.39030285815812E-15));
#2951=DIRECTION('',(0.,0.,1.));
#2952=DIRECTION('center_axis',(1.,5.46424658075801E-17,-4.73841054837743E-15));
#2953=DIRECTION('ref_axis',(-5.46424658075801E-17,1.,2.94539439619406E-31));
#2954=DIRECTION('',(0.,0.,1.));
#2955=DIRECTION('',(0.,1.,0.));
#2956=DIRECTION('center_axis',(1.,5.46424658075801E-17,-4.73841054837743E-15));
#2957=DIRECTION('ref_axis',(0.,0.70710678118654,0.707106781186555));
#2958=DIRECTION('',(5.39030285815812E-15,0.,1.));
#2959=DIRECTION('',(5.46424658075801E-17,-1.,-2.94539439619406E-31));
#2960=DIRECTION('',(5.39030285815812E-15,0.,1.));
#2961=DIRECTION('center_axis',(1.,5.46424658075801E-17,-4.73841054837743E-15));
#2962=DIRECTION('ref_axis',(0.,-0.70710678118654,0.707106781186555));
#2963=DIRECTION('',(0.,1.,0.));
#2964=DIRECTION('center_axis',(0.,1.,0.));
#2965=DIRECTION('ref_axis',(-1.,0.,0.));
#2966=DIRECTION('',(0.,0.,1.));
#2967=DIRECTION('',(1.,0.,-5.39030285815812E-15));
#2968=DIRECTION('center_axis',(5.39030285815812E-15,0.,1.));
#2969=DIRECTION('ref_axis',(0.,-1.,0.));
#2970=DIRECTION('',(-1.,0.,5.39030285815812E-15));
#2971=DIRECTION('',(0.,-1.,0.));
#2972=DIRECTION('center_axis',(1.,0.,-5.39030285815812E-15));
#2973=DIRECTION('ref_axis',(0.,-0.70710678118654,0.707106781186555));
#2974=DIRECTION('center_axis',(-1.,0.,5.39030285815812E-15));
#2975=DIRECTION('ref_axis',(0.,-0.70710678118654,0.707106781186555));
#2976=DIRECTION('',(1.,0.,-5.39030285815812E-15));
#2977=DIRECTION('center_axis',(5.39030285815812E-15,0.,1.));
#2978=DIRECTION('ref_axis',(0.,-1.,0.));
#2979=DIRECTION('',(0.,-1.,0.));
#2980=DIRECTION('',(1.,0.,-5.39030285815812E-15));
#2981=DIRECTION('center_axis',(1.,0.,-5.39030285815812E-15));
#2982=DIRECTION('ref_axis',(0.,0.70710678118654,0.707106781186555));
#2983=DIRECTION('center_axis',(-1.,0.,5.39030285815812E-15));
#2984=DIRECTION('ref_axis',(0.,0.70710678118654,0.707106781186555));
#2985=DIRECTION('',(-1.,0.,5.39030285815812E-15));
#2986=DIRECTION('center_axis',(0.,6.22337217189661E-14,1.));
#2987=DIRECTION('ref_axis',(1.,0.,0.));
#2988=DIRECTION('',(0.,-1.,6.22337217189661E-14));
#2989=DIRECTION('',(1.,0.,0.));
#2990=DIRECTION('center_axis',(0.,1.,-6.22337217189661E-14));
#2991=DIRECTION('ref_axis',(0.70710678118654,0.,0.707106781186555));
#2992=DIRECTION('center_axis',(0.,-1.,6.22337217189661E-14));
#2993=DIRECTION('ref_axis',(0.70710678118654,0.,0.707106781186555));
#2994=DIRECTION('',(0.,1.,-6.22337217189661E-14));
#2995=DIRECTION('center_axis',(1.,0.,0.));
#2996=DIRECTION('ref_axis',(0.,-6.22337217189661E-14,-1.));
#2997=DIRECTION('',(0.,1.,-6.22337217189661E-14));
#2998=DIRECTION('',(0.,-6.22337217189661E-14,-1.));
#2999=DIRECTION('center_axis',(0.,0.,1.));
#3000=DIRECTION('ref_axis',(-1.,0.,0.));
#3001=DIRECTION('center_axis',(5.79645589530837E-46,3.15544362088405E-30,
-1.));
#3002=DIRECTION('ref_axis',(-1.,0.,-5.79645589530837E-46));
#3003=DIRECTION('',(0.,0.,1.));
#3004=DIRECTION('center_axis',(-5.79645589530837E-46,-3.15544362088405E-30,
1.));
#3005=DIRECTION('ref_axis',(-1.,0.,-5.79645589530837E-46));
#3006=DIRECTION('',(0.,0.,1.));
#3007=DIRECTION('center_axis',(-1.,0.,0.));
#3008=DIRECTION('ref_axis',(0.,-0.642787609686702,0.766044443118842));
#3009=DIRECTION('',(1.,0.,0.));
#3010=DIRECTION('center_axis',(1.,0.,0.));
#3011=DIRECTION('ref_axis',(0.,0.,1.));
#3012=DIRECTION('',(-1.,0.,0.));
#3013=DIRECTION('center_axis',(-1.,0.,0.));
#3014=DIRECTION('ref_axis',(0.,-0.642787609686612,0.766044443118917));
#3015=DIRECTION('center_axis',(1.,0.,0.));
#3016=DIRECTION('ref_axis',(0.,1.,5.01820807130571E-14));
#3017=DIRECTION('',(0.,0.,-1.));
#3018=DIRECTION('',(0.,-1.,-5.0234700658495E-14));
#3019=DIRECTION('',(0.,1.,5.03792609481597E-14));
#3020=DIRECTION('center_axis',(0.,-2.51465515077598E-14,1.));
#3021=DIRECTION('ref_axis',(-1.,0.,0.));
#3022=DIRECTION('',(-1.,0.,0.));
#3023=DIRECTION('',(0.,-1.,-5.0234700658495E-14));
#3024=DIRECTION('center_axis',(-1.,0.,0.));
#3025=DIRECTION('ref_axis',(0.,1.,0.));
#3026=DIRECTION('',(0.,0.,1.));
#3027=DIRECTION('center_axis',(1.,0.,0.));
#3028=DIRECTION('ref_axis',(0.,0.,1.));
#3029=DIRECTION('',(0.,0.642787609686696,-0.766044443118847));
#3030=DIRECTION('center_axis',(1.,0.,0.));
#3031=DIRECTION('ref_axis',(0.,-1.,0.));
#3032=DIRECTION('',(0.,-0.642787609686696,0.766044443118847));
#3033=DIRECTION('center_axis',(1.,0.,0.));
#3034=DIRECTION('ref_axis',(0.,0.,1.));
#3035=DIRECTION('center_axis',(-1.,0.,0.));
#3036=DIRECTION('ref_axis',(0.,-1.,0.));
#3037=DIRECTION('',(0.,-1.,5.55111512312578E-17));
#3038=DIRECTION('center_axis',(-1.,0.,0.));
#3039=DIRECTION('ref_axis',(0.,-0.642787609686702,0.766044443118841));
#3040=DIRECTION('',(1.,0.,0.));
#3041=DIRECTION('center_axis',(0.,7.7715611723761E-15,1.));
#3042=DIRECTION('ref_axis',(-1.,0.,0.));
#3043=DIRECTION('center_axis',(0.,0.642787609686702,-0.766044443118842));
#3044=DIRECTION('ref_axis',(0.,0.766044443118841,0.642787609686702));
#3045=DIRECTION('',(0.,0.766044443118841,0.642787609686702));
#3046=DIRECTION('',(-1.,0.,0.));
#3047=DIRECTION('',(0.,0.766044443118841,0.642787609686702));
#3048=DIRECTION('center_axis',(1.,0.,0.));
#3049=DIRECTION('ref_axis',(0.,-1.,0.));
#3050=DIRECTION('',(0.,-0.766044443118842,-0.642787609686702));
#3051=DIRECTION('',(0.,0.642787609686702,-0.766044443118841));
#3052=DIRECTION('center_axis',(0.,-0.642787609686702,0.766044443118842));
#3053=DIRECTION('ref_axis',(0.,-0.766044443118842,-0.642787609686702));
#3054=DIRECTION('',(0.,-0.766044443118842,-0.642787609686702));
#3055=DIRECTION('',(1.,0.,0.));
#3056=DIRECTION('center_axis',(0.,1.,0.));
#3057=DIRECTION('ref_axis',(1.,0.,0.));
#3058=DIRECTION('',(1.,0.,0.));
#3059=DIRECTION('',(0.,0.,1.));
#3060=DIRECTION('',(0.,0.,-1.));
#3061=DIRECTION('center_axis',(-1.,0.,0.));
#3062=DIRECTION('ref_axis',(0.,1.,0.));
#3063=DIRECTION('',(0.,0.,-1.));
#3064=DIRECTION('',(0.,-1.,0.));
#3065=DIRECTION('center_axis',(0.,1.,0.));
#3066=DIRECTION('ref_axis',(1.,0.,0.));
#3067=DIRECTION('',(1.,0.,0.));
#3068=DIRECTION('',(0.,0.,1.));
#3069=DIRECTION('',(0.,0.,-1.));
#3070=DIRECTION('center_axis',(1.,0.,0.));
#3071=DIRECTION('ref_axis',(0.,-1.,0.));
#3072=DIRECTION('',(0.,0.,-1.));
#3073=DIRECTION('',(0.,1.,0.));
#3074=DIRECTION('center_axis',(1.,0.,0.));
#3075=DIRECTION('ref_axis',(0.,-1.,0.));
#3076=DIRECTION('',(0.,1.,0.));
#3077=DIRECTION('center_axis',(-1.,0.,0.));
#3078=DIRECTION('ref_axis',(0.,0.,-1.));
#3079=DIRECTION('',(0.,-0.642787609686702,0.766044443118841));
#3080=DIRECTION('center_axis',(1.,0.,0.));
#3081=DIRECTION('ref_axis',(0.,0.,-1.));
#3082=DIRECTION('center_axis',(1.,0.,0.));
#3083=DIRECTION('ref_axis',(0.,-1.,0.));
#3084=DIRECTION('center_axis',(-1.,0.,0.));
#3085=DIRECTION('ref_axis',(0.,0.,-1.));
#3086=DIRECTION('center_axis',(1.,0.,0.));
#3087=DIRECTION('ref_axis',(0.,0.,-1.));
#3088=DIRECTION('center_axis',(1.,0.,0.));
#3089=DIRECTION('ref_axis',(0.,0.,-1.));
#3090=DIRECTION('center_axis',(1.,0.,0.));
#3091=DIRECTION('ref_axis',(0.,0.,-1.));
#3092=DIRECTION('',(-1.,0.,0.));
#3093=DIRECTION('center_axis',(1.,0.,0.));
#3094=DIRECTION('ref_axis',(0.,-1.,0.));
#3095=DIRECTION('center_axis',(1.,0.,0.));
#3096=DIRECTION('ref_axis',(0.,-1.,0.));
#3097=DIRECTION('',(0.,1.,0.));
#3098=DIRECTION('',(0.,0.,1.));
#3099=DIRECTION('center_axis',(0.,0.,-1.));
#3100=DIRECTION('ref_axis',(1.,0.,0.));
#3101=DIRECTION('center_axis',(0.,0.,-1.));
#3102=DIRECTION('ref_axis',(-0.629259476305804,0.777195285291506,0.));
#3103=DIRECTION('center_axis',(0.,0.,1.));
#3104=DIRECTION('ref_axis',(0.982730392989552,-0.185043169813424,0.));
#3105=DIRECTION('',(0.,1.,0.));
#3106=DIRECTION('',(-0.676030697358036,0.736873460120262,0.));
#3107=DIRECTION('center_axis',(0.,0.,-1.));
#3108=DIRECTION('ref_axis',(-0.534883720930224,-0.844925680213259,0.));
#3109=DIRECTION('center_axis',(0.,0.,-1.));
#3110=DIRECTION('ref_axis',(0.,1.,0.));
#3111=DIRECTION('',(-1.,0.,0.));
#3112=DIRECTION('',(0.,1.,0.));
#3113=DIRECTION('',(-1.,0.,0.));
#3114=DIRECTION('',(0.,1.,0.));
#3115=DIRECTION('',(1.,0.,0.));
#3116=DIRECTION('',(0.,1.,0.));
#3117=DIRECTION('center_axis',(0.,-1.,0.));
#3118=DIRECTION('ref_axis',(0.,0.,-1.));
#3119=DIRECTION('',(0.,1.,0.));
#3120=DIRECTION('center_axis',(0.,1.,0.));
#3121=DIRECTION('ref_axis',(5.39030285815812E-15,0.,1.));
#3122=DIRECTION('',(5.39030285815812E-15,0.,1.));
#3123=DIRECTION('',(1.,0.,-5.39030285815812E-15));
#3124=DIRECTION('',(0.,0.,-1.));
#3125=DIRECTION('',(0.,0.,1.));
#3126=DIRECTION('',(1.,0.,-5.39030285815812E-15));
#3127=DIRECTION('center_axis',(0.,-1.,0.));
#3128=DIRECTION('ref_axis',(-5.39030285815812E-15,0.,-1.));
#3129=DIRECTION('',(-5.39030285815812E-15,0.,-1.));
#3130=DIRECTION('center_axis',(0.,-1.,0.));
#3131=DIRECTION('ref_axis',(0.,0.,-1.));
#3132=DIRECTION('center_axis',(1.,0.,-5.39030285815812E-15));
#3133=DIRECTION('ref_axis',(0.,1.,0.));
#3134=DIRECTION('center_axis',(0.,0.,1.));
#3135=DIRECTION('ref_axis',(0.982730392989552,-0.185043169813424,0.));
#3136=DIRECTION('',(0.,0.,1.));
#3137=DIRECTION('center_axis',(1.,0.,0.));
#3138=DIRECTION('ref_axis',(0.,0.,-1.));
#3139=DIRECTION('',(-1.,0.,0.));
#3140=DIRECTION('',(0.,0.,1.));
#3141=DIRECTION('center_axis',(0.,1.,-6.22337217189661E-14));
#3142=DIRECTION('ref_axis',(0.,6.22337217189661E-14,1.));
#3143=DIRECTION('center_axis',(0.,0.,1.));
#3144=DIRECTION('ref_axis',(-1.67824410699151E-15,1.,0.));
#3145=DIRECTION('center_axis',(-1.,0.,0.));
#3146=DIRECTION('ref_axis',(0.,-1.,0.));
#3147=DIRECTION('',(0.,0.,1.));
#3148=DIRECTION('center_axis',(0.,1.,0.));
#3149=DIRECTION('ref_axis',(-1.,0.,0.));
#3150=DIRECTION('',(0.,0.,1.));
#3151=DIRECTION('center_axis',(-1.,0.,0.));
#3152=DIRECTION('ref_axis',(0.,-1.,0.));
#3153=DIRECTION('',(0.,0.,1.));
#3154=DIRECTION('center_axis',(0.,-1.,0.));
#3155=DIRECTION('ref_axis',(1.,0.,0.));
#3156=DIRECTION('',(0.,0.,1.));
#3157=DIRECTION('center_axis',(-1.,0.,0.));
#3158=DIRECTION('ref_axis',(0.,-1.,0.));
#3159=DIRECTION('',(0.,0.,1.));
#3160=DIRECTION('center_axis',(0.,-1.,0.));
#3161=DIRECTION('ref_axis',(1.,0.,0.));
#3162=DIRECTION('center_axis',(0.736873460120262,0.676030697358036,0.));
#3163=DIRECTION('ref_axis',(-0.676030697358036,0.736873460120262,0.));
#3164=DIRECTION('center_axis',(0.,0.,1.));
#3165=DIRECTION('ref_axis',(-0.629259476305804,0.777195285291506,0.));
#3166=CARTESIAN_POINT('',(0.,0.,0.));
#3167=CARTESIAN_POINT('Origin',(-8.80525906209702,0.000544999999991802,
1.83030468094666));
#3168=CARTESIAN_POINT('',(-8.80525906209702,0.800544999999993,1.83030468094666));
#3169=CARTESIAN_POINT('',(-8.80525906209702,-0.799455000000009,1.83030468094666));
#3170=CARTESIAN_POINT('Origin',(-8.80525906209702,0.000544999999991802,
1.83030468094666));
#3171=CARTESIAN_POINT('',(-8.60560018458518,-0.799455000000009,1.67985092515867));
#3172=CARTESIAN_POINT('',(-8.60560018458518,-0.799455000000009,1.67985092515867));
#3173=CARTESIAN_POINT('',(-8.60560018458518,0.800544999999993,1.67985092515867));
#3174=CARTESIAN_POINT('Origin',(-8.60560018458518,0.000544999999991802,
1.67985092515866));
#3175=CARTESIAN_POINT('',(-8.60560018458518,0.800544999999993,1.67985092515867));
#3176=CARTESIAN_POINT('Origin',(-8.81253160135286,0.000544999999991802,
1.23907964599421));
#3177=CARTESIAN_POINT('',(-9.09205402986943,-0.799455000000009,1.44971490409739));
#3178=CARTESIAN_POINT('',(-9.09205402986944,0.800544999999993,1.44971490409739));
#3179=CARTESIAN_POINT('',(-9.09205402986944,0.000544999999974038,1.4497149040974));
#3180=CARTESIAN_POINT('',(-9.08453268786278,0.800544999999993,1.01881750912676));
#3181=CARTESIAN_POINT('Origin',(-8.81253160135286,0.800544999999993,1.23907964599421));
#3182=CARTESIAN_POINT('',(-9.08453268786278,-0.799455000000009,1.01881750912676));
#3183=CARTESIAN_POINT('',(-9.08453268786279,-0.399455000000017,1.01881750912676));
#3184=CARTESIAN_POINT('Origin',(-8.81253160135286,-0.799455000000009,1.23907964599421));
#3185=CARTESIAN_POINT('Origin',(-9.06003346448341,0.800544999999993,1.07679759429763));
#3186=CARTESIAN_POINT('',(-8.89239515235761,0.800544999999993,1.29926114830941));
#3187=CARTESIAN_POINT('',(-8.93632010541021,0.800544999999993,1.33236097458276));
#3188=CARTESIAN_POINT('',(-9.48909213753582,0.800544999999993,0.922827539332642));
#3189=CARTESIAN_POINT('',(-9.28943326002399,0.800544999999993,0.772373783544653));
#3190=CARTESIAN_POINT('Origin',(-8.8328168245343,0.000544999999974038,1.37832425972815));
#3191=CARTESIAN_POINT('',(-8.89239515235761,-0.799455000000009,1.29926114830941));
#3192=CARTESIAN_POINT('',(-8.89239515235761,0.000544999999974038,1.29926114830941));
#3193=CARTESIAN_POINT('',(-9.28943326002399,-0.799455000000009,0.772373783544653));
#3194=CARTESIAN_POINT('Origin',(-8.89239515235761,-0.799455000000009,1.29926114830942));
#3195=CARTESIAN_POINT('',(-8.93632010541021,-0.799455000000009,1.33236097458276));
#3196=CARTESIAN_POINT('',(-8.89024619749854,-0.799455000000009,1.17614760688922));
#3197=CARTESIAN_POINT('',(-8.98738944268065,-0.799455000000009,1.09748255800799));
#3198=CARTESIAN_POINT('Origin',(-8.81253160135286,-0.799455000000009,1.23907964599421));
#3199=CARTESIAN_POINT('Origin',(-9.09205402986944,0.800544999999993,1.44971490409741));
#3200=CARTESIAN_POINT('',(-8.89024619749854,0.800544999999993,1.17614760688922));
#3201=CARTESIAN_POINT('Origin',(-8.81253160135286,0.800544999999993,1.23907964599421));
#3202=CARTESIAN_POINT('',(-8.98738944268066,0.800544999999993,1.09748255800799));
#3203=CARTESIAN_POINT('Origin',(-8.60560018458518,-0.799455000000009,1.67985092515867));
#3204=CARTESIAN_POINT('',(-9.09205402986944,-0.799455000000009,1.44971490409739));
#3205=CARTESIAN_POINT('Origin',(-8.81253160135286,0.000544999999991802,
1.23907964599421));
#3206=CARTESIAN_POINT('',(-8.89024619749855,-0.399455000000017,1.17614760688922));
#3207=CARTESIAN_POINT('Origin',(-9.03247570204613,0.000544999999974038,
1.52877801551615));
#3208=CARTESIAN_POINT('Origin',(-9.13370058546227,0.800544999999993,1.07953480606516));
#3209=CARTESIAN_POINT('',(-8.36614052890731,0.800544999999993,0.528931007022027));
#3210=CARTESIAN_POINT('',(-8.3661405289073,0.800544999999993,0.528931007022018));
#3211=CARTESIAN_POINT('',(-8.56042701927154,0.800544999999993,0.371600909259566));
#3212=CARTESIAN_POINT('',(-8.51768399139142,0.800544999999993,0.406213530767303));
#3213=CARTESIAN_POINT('',(-7.3544153457329,0.800544999999993,-1.11769947714133));
#3214=CARTESIAN_POINT('Origin',(-8.71641253773356,0.000544999999974038,
0.564226982468927));
#3215=CARTESIAN_POINT('',(-8.56042701927154,-0.799455000000009,0.371600909259566));
#3216=CARTESIAN_POINT('',(-8.56042701927155,0.000544999999974038,0.371600909259557));
#3217=CARTESIAN_POINT('',(-7.3544153457329,-0.799455000000009,-1.11769947714133));
#3218=CARTESIAN_POINT('Origin',(-8.94900000000002,0.000544999999991802,
0.0569407137346339));
#3219=CARTESIAN_POINT('',(-8.3661405289073,-0.799455000000009,0.528931007022027));
#3220=CARTESIAN_POINT('',(-8.36614052890732,0.000544999999974038,0.528931007022018));
#3221=CARTESIAN_POINT('',(-8.19900000000001,-0.799455000000009,0.0569407137346378));
#3222=CARTESIAN_POINT('Origin',(-8.94900000000002,-0.799455000000009,0.0569407137346339));
#3223=CARTESIAN_POINT('',(-8.19900000000001,0.800544999999993,0.0569407137346378));
#3224=CARTESIAN_POINT('',(-8.19900000000001,0.377765763638749,0.0569407137346378));
#3225=CARTESIAN_POINT('Origin',(-8.94900000000002,0.800544999999993,0.0569407137346339));
#3226=CARTESIAN_POINT('Origin',(-8.29912449000484,-0.799455000000009,0.0489191588727023));
#3227=CARTESIAN_POINT('',(-8.51768399139142,-0.799455000000009,0.406213530767303));
#3228=CARTESIAN_POINT('',(-7.16012885536866,-0.799455000000009,-0.960369379378863));
#3229=CARTESIAN_POINT('Origin',(-8.56042701927154,0.800544999999993,0.371600909259558));
#3230=CARTESIAN_POINT('',(-8.44900000000002,0.800544999999993,0.0569407137346367));
#3231=CARTESIAN_POINT('',(-8.44900000000002,0.800544999999993,0.0569407137346367));
#3232=CARTESIAN_POINT('Origin',(-8.94900000000002,0.800544999999993,0.0569407137346339));
#3233=CARTESIAN_POINT('Origin',(-8.36614052890729,-0.799455000000009,0.528931007022023));
#3234=CARTESIAN_POINT('',(-8.44900000000002,-0.799455000000009,0.0569407137346367));
#3235=CARTESIAN_POINT('Origin',(-8.94900000000002,-0.799455000000009,0.0569407137346339));
#3236=CARTESIAN_POINT('',(-8.32400000000002,-0.799455000000009,0.0569407137346373));
#3237=CARTESIAN_POINT('Origin',(-8.94900000000002,0.000544999999991802,
0.0569407137346339));
#3238=CARTESIAN_POINT('',(-8.44900000000002,0.377765763638749,0.0569407137346367));
#3239=CARTESIAN_POINT('Origin',(-8.52212604736931,0.000544999999974038,
0.721557080231392));
#3240=CARTESIAN_POINT('Origin',(-8.19900000000001,-0.799455000000009,-9.43689570931383E-15));
#3241=CARTESIAN_POINT('',(-8.44900000000002,-0.799455000000009,-9.43689570931383E-15));
#3242=CARTESIAN_POINT('',(-8.44900000000002,-0.799455000000009,-9.43689570931383E-15));
#3243=CARTESIAN_POINT('',(-8.19900000000001,-0.799455000000009,-9.43689570931383E-15));
#3244=CARTESIAN_POINT('',(-8.19900000000001,-0.799455000000009,-8.88178419700125E-15));
#3245=CARTESIAN_POINT('',(-8.19900000000001,-0.799455000000009,-9.43689570931383E-15));
#3246=CARTESIAN_POINT('Origin',(-8.19900000000001,-0.0450134727224771,-1.95759305054243));
#3247=CARTESIAN_POINT('',(-8.19900000000001,-3.00000000000001,-8.88178419700125E-15));
#3248=CARTESIAN_POINT('',(-8.19900000000001,-3.2,-8.88178419700125E-15));
#3249=CARTESIAN_POINT('',(-8.19900000000001,-3.2,-0.200000000000009));
#3250=CARTESIAN_POINT('Origin',(-8.19900000000001,-3.00000000000001,-0.200000000000009));
#3251=CARTESIAN_POINT('',(-8.19900000000001,-3.2,-3.409));
#3252=CARTESIAN_POINT('',(-8.199,-3.2,-3.409));
#3253=CARTESIAN_POINT('',(-8.19900000000001,3.20108999999999,-3.409));
#3254=CARTESIAN_POINT('',(-8.199,-0.0666591207347977,-3.409));
#3255=CARTESIAN_POINT('',(-8.19900000000001,3.20108999999999,-0.200000000000009));
#3256=CARTESIAN_POINT('',(-8.199,3.20108999999999,-3.409));
#3257=CARTESIAN_POINT('',(-8.19900000000001,3.00108999999999,-8.88178419700125E-15));
#3258=CARTESIAN_POINT('Origin',(-8.19900000000001,3.00108999999999,-0.200000000000009));
#3259=CARTESIAN_POINT('',(-8.19900000000001,0.800544999999993,-9.43689570931383E-15));
#3260=CARTESIAN_POINT('',(-8.19900000000001,-3.2,-8.88178419700125E-15));
#3261=CARTESIAN_POINT('',(-8.19900000000001,0.800544999999993,-9.43689570931383E-15));
#3262=CARTESIAN_POINT('Origin',(-8.44900000000002,0.800544999999993,-9.43689570931383E-15));
#3263=CARTESIAN_POINT('',(-8.44900000000002,0.800544999999993,-9.43689570931383E-15));
#3264=CARTESIAN_POINT('',(-8.32400000000002,0.800544999999993,-9.43689570931383E-15));
#3265=CARTESIAN_POINT('',(-8.44900000000002,0.800544999999993,-9.43689570931383E-15));
#3266=CARTESIAN_POINT('Origin',(-8.19900000000001,3.20108999999999,-8.88178419700125E-15));
#3267=CARTESIAN_POINT('',(-8.44900000000002,-3.00000000000001,-8.88178419700125E-15));
#3268=CARTESIAN_POINT('',(-8.44900000000002,-3.2,-8.88178419700125E-15));
#3269=CARTESIAN_POINT('',(-8.19900000000001,-3.00000000000001,-8.88178419700125E-15));
#3270=CARTESIAN_POINT('Origin',(-8.19900000000001,-3.00000000000001,-0.200000000000009));
#3271=CARTESIAN_POINT('',(-8.44900000000002,-3.2,-0.20000000000001));
#3272=CARTESIAN_POINT('Origin',(-8.44900000000002,-3.00000000000001,-0.20000000000001));
#3273=CARTESIAN_POINT('',(-8.19900000000001,-3.2,-0.200000000000009));
#3274=CARTESIAN_POINT('Origin',(-8.19900000000001,3.20108999999999,-8.88178419700125E-15));
#3275=CARTESIAN_POINT('',(-8.44900000000002,3.00108999999999,-8.88178419700125E-15));
#3276=CARTESIAN_POINT('',(-8.19900000000001,3.00108999999999,-8.88178419700125E-15));
#3277=CARTESIAN_POINT('',(-8.44900000000002,-3.2,-8.88178419700125E-15));
#3278=CARTESIAN_POINT('Origin',(-8.19900000000001,3.00108999999999,-0.200000000000009));
#3279=CARTESIAN_POINT('',(-8.44900000000002,3.20108999999999,-0.20000000000001));
#3280=CARTESIAN_POINT('Origin',(-8.44900000000002,3.00108999999999,-0.20000000000001));
#3281=CARTESIAN_POINT('',(-8.19900000000001,3.20108999999999,-0.200000000000009));
#3282=CARTESIAN_POINT('Origin',(-3.00091743119269,8.64900000000013,-0.700000000000007));
#3283=CARTESIAN_POINT('',(-3.20091743119269,8.89900000000013,-0.700000000000023));
#3284=CARTESIAN_POINT('',(-3.00091743119269,8.89900000000015,-0.500000000000025));
#3285=CARTESIAN_POINT('Origin',(-3.00091743119269,8.89900000000013,-0.700000000000023));
#3286=CARTESIAN_POINT('',(-3.20091743119269,8.64900000000013,-0.700000000000007));
#3287=CARTESIAN_POINT('',(-3.20091743119269,8.64900000000013,-0.700000000000007));
#3288=CARTESIAN_POINT('',(-3.00091743119269,8.64900000000015,-0.500000000000007));
#3289=CARTESIAN_POINT('Origin',(-3.00091743119269,8.64900000000013,-0.700000000000007));
#3290=CARTESIAN_POINT('',(-3.00091743119269,8.64900000000015,-0.500000000000007));
#3291=CARTESIAN_POINT('Origin',(-3.20091743119269,8.64900000000015,-0.499999999999989));
#3292=CARTESIAN_POINT('',(-3.20091743119269,8.89899999999997,-3.40900000000001));
#3293=CARTESIAN_POINT('',(-3.20091743119269,8.89899999999997,-3.40900000000001));
#3294=CARTESIAN_POINT('',(-3.20091743119269,8.64899999999997,-3.409));
#3295=CARTESIAN_POINT('',(-3.20091743119269,8.64899999999997,-3.409));
#3296=CARTESIAN_POINT('',(-3.20091743119269,8.64899999999997,-3.409));
#3297=CARTESIAN_POINT('Origin',(-4.35000000000002,0.909898647300889,-1.02958540225026));
#3298=CARTESIAN_POINT('',(-3.25000000000002,0.909898647300889,-1.02958540225026));
#3299=CARTESIAN_POINT('',(-5.45000000000003,0.909898647300889,-1.02958540225026));
#3300=CARTESIAN_POINT('Origin',(-4.35000000000002,0.909898647300889,-1.02958540225026));
#3301=CARTESIAN_POINT('',(-5.45000000000003,0.909898647300889,-0.779585402250256));
#3302=CARTESIAN_POINT('',(-5.45000000000003,0.909898647300889,-1.02958540225026));
#3303=CARTESIAN_POINT('',(-3.25000000000002,0.909898647300889,-0.779585402250256));
#3304=CARTESIAN_POINT('Origin',(-4.35000000000002,0.909898647300889,-0.779585402250256));
#3305=CARTESIAN_POINT('',(-3.25000000000002,0.909898647300889,-1.02958540225026));
#3306=CARTESIAN_POINT('Origin',(-4.35000000000003,-0.39507271804931,-1.03958540225025));
#3307=CARTESIAN_POINT('',(-3.25000000000001,-0.39507271804931,-0.779585402250254));
#3308=CARTESIAN_POINT('',(-5.45000000000004,-0.39507271804931,-0.779585402250245));
#3309=CARTESIAN_POINT('',(-4.35000000000002,-0.395072718049327,-0.779585402250227));
#3310=CARTESIAN_POINT('',(-5.45000000000004,-0.562197496567869,-0.840413847039376));
#3311=CARTESIAN_POINT('Origin',(-5.45000000000004,-0.39507271804931,-1.03958540225025));
#3312=CARTESIAN_POINT('',(-3.25000000000001,-0.562197496567869,-0.840413847039376));
#3313=CARTESIAN_POINT('',(-3.80000000000002,-0.562197496567869,-0.840413847039377));
#3314=CARTESIAN_POINT('Origin',(-3.25000000000001,-0.39507271804931,-1.03958540225025));
#3315=CARTESIAN_POINT('Origin',(-5.45000000000004,-0.478848522145086,-1.02958540225025));
#3316=CARTESIAN_POINT('',(-5.45000000000004,-0.39507271804931,-1.02958540225024));
#3317=CARTESIAN_POINT('',(-5.45000000000004,-0.39507271804931,-0.974585402250243));
#3318=CARTESIAN_POINT('',(-5.45000000000004,-0.772063836480079,-0.779585402250271));
#3319=CARTESIAN_POINT('',(-5.45000000000004,-0.772063836480079,-1.02958540225025));
#3320=CARTESIAN_POINT('Origin',(-4.35000000000001,0.0157232494482251,-1.02958540225026));
#3321=CARTESIAN_POINT('',(-3.25000000000001,-0.39507271804931,-1.02958540225024));
#3322=CARTESIAN_POINT('',(-4.35000000000002,-0.39507271804931,-1.02958540225027));
#3323=CARTESIAN_POINT('',(-3.25000000000001,-0.772063836480079,-1.02958540225025));
#3324=CARTESIAN_POINT('Origin',(-3.25000000000001,-0.39507271804931,-1.02958540225024));
#3325=CARTESIAN_POINT('',(-3.25000000000001,-0.395072718049327,-0.974585402250225));
#3326=CARTESIAN_POINT('',(-3.25000000000001,-0.401500594146196,-1.03192495781909));
#3327=CARTESIAN_POINT('',(-3.25000000000001,0.256654619624417,-1.8162837983145));
#3328=CARTESIAN_POINT('Origin',(-3.25000000000001,-0.39507271804931,-1.03958540225025));
#3329=CARTESIAN_POINT('Origin',(-5.45000000000004,-0.39507271804931,-0.779585402250249));
#3330=CARTESIAN_POINT('',(-5.45000000000004,-0.401500594146196,-1.03192495781909));
#3331=CARTESIAN_POINT('Origin',(-5.45000000000004,-0.39507271804931,-1.03958540225025));
#3332=CARTESIAN_POINT('',(-5.45000000000004,-0.481849045357006,-0.93616940242925));
#3333=CARTESIAN_POINT('Origin',(-3.25000000000001,0.510295021041465,-1.02958540225023));
#3334=CARTESIAN_POINT('',(-3.25000000000001,-0.39507271804931,-0.779585402250254));
#3335=CARTESIAN_POINT('Origin',(-4.35000000000003,-0.39507271804931,-1.03958540225025));
#3336=CARTESIAN_POINT('',(-3.80000000000002,-0.401500594146196,-1.03192495781909));
#3337=CARTESIAN_POINT('Origin',(-4.35000000000001,0.0157232494482074,-0.779585402250236));
#3338=CARTESIAN_POINT('Origin',(-4.35000000000002,-2.04537993110613,-2.41130350316271));
#3339=CARTESIAN_POINT('',(-3.25000000000001,-3.62787145262494,-3.73917155521089));
#3340=CARTESIAN_POINT('',(-3.25000000000001,-1.78914028555294,-2.19629291108595));
#3341=CARTESIAN_POINT('',(-5.45000000000004,-3.62787145262494,-3.73917155521089));
#3342=CARTESIAN_POINT('',(-4.35000000000003,-3.62787145262494,-3.73917155521089));
#3343=CARTESIAN_POINT('',(-5.45000000000004,-2.83662569186554,-3.0752375291868));
#3344=CARTESIAN_POINT('Origin',(-5.45000000000004,-3.7885683550466,-3.54766044443119));
#3345=CARTESIAN_POINT('',(-5.45000000000004,-3.78856835504662,-3.54766044443118));
#3346=CARTESIAN_POINT('',(-5.45000000000004,-3.75321503651383,-3.58979288880273));
#3347=CARTESIAN_POINT('',(-5.45000000000004,-2.99732259428719,-2.88372641840709));
#3348=CARTESIAN_POINT('Origin',(-4.35000000000002,-2.2060768335278,-2.219792392383));
#3349=CARTESIAN_POINT('',(-3.25000000000001,-3.78856835504662,-3.54766044443118));
#3350=CARTESIAN_POINT('',(-4.35000000000003,-3.78856835504662,-3.54766044443118));
#3351=CARTESIAN_POINT('',(-3.25000000000001,-1.94983718797463,-2.00478180030625));
#3352=CARTESIAN_POINT('Origin',(-3.20000000000001,-3.80099623114345,-3.55));
#3353=CARTESIAN_POINT('',(-3.20000000000001,-3.80099623114345,-3.55));
#3354=CARTESIAN_POINT('',(-3.25000000000001,-3.80099623114345,-3.55));
#3355=CARTESIAN_POINT('',(-1.60000000000001,-3.80099623114345,-3.55));
#3356=CARTESIAN_POINT('',(-3.20000000000001,-3.80099623114345,-3.8));
#3357=CARTESIAN_POINT('',(-3.20000000000001,-3.80099623114345,-3.55));
#3358=CARTESIAN_POINT('',(-3.25000000000001,-3.80099623114345,-3.8));
#3359=CARTESIAN_POINT('',(-1.60000000000001,-3.80099623114345,-3.8));
#3360=CARTESIAN_POINT('',(-3.25000000000001,-3.80099623114347,-3.55));
#3361=CARTESIAN_POINT('Origin',(-3.20000000000001,-3.80499623114346,-3.55));
#3362=CARTESIAN_POINT('',(-3.20000000000001,-0.21659021245851,-3.55));
#3363=CARTESIAN_POINT('',(-3.20000000000001,-1.29024811557173,-3.55));
#3364=CARTESIAN_POINT('',(-3.20000000000001,-0.21659021245851,-3.8));
#3365=CARTESIAN_POINT('',(-3.20000000000001,-0.21659021245851,-3.8));
#3366=CARTESIAN_POINT('',(-3.20000000000001,-1.29024811557173,-3.8));
#3367=CARTESIAN_POINT('Origin',(-5.51000000000005,-3.80099623114345,-3.55));
#3368=CARTESIAN_POINT('',(-5.45000000000004,-3.80099623114345,-3.55));
#3369=CARTESIAN_POINT('',(-5.50000000000004,-3.80099623114345,-3.55));
#3370=CARTESIAN_POINT('',(-2.75500000000004,-3.80099623114345,-3.55));
#3371=CARTESIAN_POINT('',(-5.45000000000004,-3.80099623114345,-3.8));
#3372=CARTESIAN_POINT('',(-5.45000000000004,-3.80099623114344,-3.5488302222156));
#3373=CARTESIAN_POINT('',(-5.50000000000004,-3.80099623114345,-3.8));
#3374=CARTESIAN_POINT('',(-2.75500000000004,-3.80099623114345,-3.8));
#3375=CARTESIAN_POINT('',(-5.50000000000003,-3.80099623114345,-3.55));
#3376=CARTESIAN_POINT('Origin',(-5.45000000000004,-3.7885683550466,-3.54766044443119));
#3377=CARTESIAN_POINT('',(-5.45000000000004,-3.79499623114347,-3.55));
#3378=CARTESIAN_POINT('',(-5.45000000000004,-1.28203417752331,-3.55));
#3379=CARTESIAN_POINT('',(-5.45000000000004,-3.79499623114347,-3.8));
#3380=CARTESIAN_POINT('',(-5.45000000000004,-3.79499623114347,-3.55));
#3381=CARTESIAN_POINT('',(-5.45000000000004,-1.28203417752331,-3.8));
#3382=CARTESIAN_POINT('Origin',(-3.25000000000001,-0.216590212458527,-3.55));
#3383=CARTESIAN_POINT('',(-3.25000000000001,-3.79499623114347,-3.8));
#3384=CARTESIAN_POINT('',(-3.25000000000001,0.503954893770739,-3.8));
#3385=CARTESIAN_POINT('Origin',(-3.25000000000001,-3.79499623114347,-3.54));
#3386=CARTESIAN_POINT('',(-3.25000000000001,-3.75321503651383,-3.58979288880273));
#3387=CARTESIAN_POINT('',(-3.25000000000001,-3.79499623114347,-3.55));
#3388=CARTESIAN_POINT('Origin',(-3.25000000000001,-3.79499623114347,-3.54));
#3389=CARTESIAN_POINT('',(-3.25000000000001,0.503954893770739,-3.55));
#3390=CARTESIAN_POINT('Origin',(-5.45000000000004,-3.7885683550466,-3.54766044443119));
#3391=CARTESIAN_POINT('Origin',(-5.45000000000004,-3.79499623114347,-3.54));
#3392=CARTESIAN_POINT('Origin',(-5.45000000000004,-3.79499623114347,-3.54));
#3393=CARTESIAN_POINT('Origin',(-4.35000000000003,-3.79499623114347,-3.54));
#3394=CARTESIAN_POINT('',(-2.75000000000003,-3.79499623114347,-3.8));
#3395=CARTESIAN_POINT('Origin',(-4.35000000000003,-3.79499623114347,-3.54));
#3396=CARTESIAN_POINT('',(-2.75000000000003,-3.79499623114347,-3.55));
#3397=CARTESIAN_POINT('Origin',(-3.25000000000001,-0.216590212458527,-3.55));
#3398=CARTESIAN_POINT('Origin',(-5.50000000000004,-0.210220980985483,-3.55));
#3399=CARTESIAN_POINT('',(-5.50000000000004,-0.21659021245851,-3.8));
#3400=CARTESIAN_POINT('',(-5.50000000000004,0.507139509507262,-3.8));
#3401=CARTESIAN_POINT('',(-5.50000000000004,-0.21659021245851,-3.55));
#3402=CARTESIAN_POINT('',(-5.50000000000004,-0.21659021245851,-3.8));
#3403=CARTESIAN_POINT('',(-5.50000000000004,0.507139509507262,-3.55));
#3404=CARTESIAN_POINT('Origin',(-8.05800000000001,-0.0883047687471361,-3.409));
#3405=CARTESIAN_POINT('',(-8.449,-3.2,-3.409));
#3406=CARTESIAN_POINT('',(-8.449,3.20108999999999,-3.409));
#3407=CARTESIAN_POINT('',(-8.449,-0.0666591207347977,-3.409));
#3408=CARTESIAN_POINT('',(-8.05800000000001,3.35477999999998,-3.8));
#3409=CARTESIAN_POINT('Ctrl Pts',(-8.05800000000003,3.35477999999998,-3.8));
#3410=CARTESIAN_POINT('Ctrl Pts',(-8.1603635606295,3.32916499999998,-3.79999999999999));
#3411=CARTESIAN_POINT('Ctrl Pts',(-8.26223781515797,3.30354999999998,-3.75755603484321));
#3412=CARTESIAN_POINT('Ctrl Pts',(-8.3343969250006,3.27793499999999,-3.68539692500058));
#3413=CARTESIAN_POINT('Ctrl Pts',(-8.40655603484322,3.25231999999999,-3.61323781515795));
#3414=CARTESIAN_POINT('Ctrl Pts',(-8.44900000000001,3.22670499999999,-3.51136356062947));
#3415=CARTESIAN_POINT('Ctrl Pts',(-8.44900000000001,3.20108999999999,-3.409));
#3416=CARTESIAN_POINT('',(-8.05800000000001,-3.53138953749426,-3.8));
#3417=CARTESIAN_POINT('',(-8.05800000000001,-1.15344476874714,-3.8));
#3418=CARTESIAN_POINT('Ctrl Pts',(-8.44900000000001,-3.2,-3.409));
#3419=CARTESIAN_POINT('Ctrl Pts',(-8.44900000000001,-3.25523158958238,-3.51136356062947));
#3420=CARTESIAN_POINT('Ctrl Pts',(-8.40655646078221,-3.31046317916475,-3.61323824109694));
#3421=CARTESIAN_POINT('Ctrl Pts',(-8.33439735093958,-3.36569476874713,-3.68539735093957));
#3422=CARTESIAN_POINT('Ctrl Pts',(-8.26223824109695,-3.4209263583295,-3.7575564607822));
#3423=CARTESIAN_POINT('Ctrl Pts',(-8.16036356062948,-3.47615794791187,-3.8));
#3424=CARTESIAN_POINT('Ctrl Pts',(-8.05800000000002,-3.53138953749425,-3.8));
#3425=CARTESIAN_POINT('Origin',(-8.199,3.20108999999999,-3.409));
#3426=CARTESIAN_POINT('',(-8.19900000000001,3.20108999999999,-3.409));
#3427=CARTESIAN_POINT('',(-8.449,3.20108999999999,-3.409));
#3428=CARTESIAN_POINT('Ctrl Pts',(-8.05800000000001,3.35477999999998,-3.55));
#3429=CARTESIAN_POINT('Ctrl Pts',(-8.05800000000002,3.35477999999998,-3.63333333333333));
#3430=CARTESIAN_POINT('Ctrl Pts',(-8.05800000000002,3.35477999999998,-3.71666666666667));
#3431=CARTESIAN_POINT('Ctrl Pts',(-8.05800000000003,3.35477999999998,-3.8));
#3432=CARTESIAN_POINT('Ctrl Pts',(-8.09491371367969,3.32916499999998,-3.55));
#3433=CARTESIAN_POINT('Ctrl Pts',(-8.11677055722017,3.32916499999998,-3.63350861983051));
#3434=CARTESIAN_POINT('Ctrl Pts',(-8.13850671708901,3.32916499999998,-3.71649138016948));
#3435=CARTESIAN_POINT('Ctrl Pts',(-8.16036356062949,3.32916499999998,-3.79999999999999));
#3436=CARTESIAN_POINT('Ctrl Pts',(-8.16838823996366,3.27793499999998,-3.51938823996365));
#3437=CARTESIAN_POINT('Ctrl Pts',(-8.23357546181805,3.27793499999998,-3.58457546181804));
#3438=CARTESIAN_POINT('Ctrl Pts',(-8.29892484783205,3.27793499999998,-3.64992484783203));
#3439=CARTESIAN_POINT('Ctrl Pts',(-8.36411206968644,3.27793499999998,-3.71511206968643));
#3440=CARTESIAN_POINT('Ctrl Pts',(-8.19900000000001,3.22670499999999,-3.44591371367968));
#3441=CARTESIAN_POINT('Ctrl Pts',(-8.28250861983052,3.22670499999999,-3.46777055722015));
#3442=CARTESIAN_POINT('Ctrl Pts',(-8.36549138016949,3.22670499999999,-3.48950671708899));
#3443=CARTESIAN_POINT('Ctrl Pts',(-8.44900000000001,3.22670499999999,-3.51136356062947));
#3444=CARTESIAN_POINT('Ctrl Pts',(-8.19900000000001,3.20108999999999,-3.409));
#3445=CARTESIAN_POINT('Ctrl Pts',(-8.28233333333334,3.20108999999999,-3.409));
#3446=CARTESIAN_POINT('Ctrl Pts',(-8.36566666666667,3.20108999999999,-3.409));
#3447=CARTESIAN_POINT('Ctrl Pts',(-8.44900000000001,3.20108999999999,-3.409));
#3448=CARTESIAN_POINT('',(-8.05800000000001,3.35477999999998,-3.55));
#3449=CARTESIAN_POINT('Ctrl Pts',(-8.05800000000001,3.35477999999998,-3.55));
#3450=CARTESIAN_POINT('Ctrl Pts',(-8.09491371367969,3.32916499999998,-3.55));
#3451=CARTESIAN_POINT('Ctrl Pts',(-8.13165097682167,3.30354999999998,-3.53469411998182));
#3452=CARTESIAN_POINT('Ctrl Pts',(-8.15767254840175,3.27793499999999,-3.50867254840174));
#3453=CARTESIAN_POINT('Ctrl Pts',(-8.18369411998183,3.25231999999999,-3.48265097682166));
#3454=CARTESIAN_POINT('Ctrl Pts',(-8.19900000000001,3.22670499999999,-3.44591371367968));
#3455=CARTESIAN_POINT('Ctrl Pts',(-8.19900000000001,3.20108999999999,-3.409));
#3456=CARTESIAN_POINT('',(-8.05800000000002,3.35477999999998,-3.675));
#3457=CARTESIAN_POINT('Ctrl Pts',(-8.19900000000001,-3.2,-3.409));
#3458=CARTESIAN_POINT('Ctrl Pts',(-8.28233333333334,-3.2,-3.409));
#3459=CARTESIAN_POINT('Ctrl Pts',(-8.36566666666667,-3.2,-3.409));
#3460=CARTESIAN_POINT('Ctrl Pts',(-8.44900000000001,-3.2,-3.409));
#3461=CARTESIAN_POINT('Ctrl Pts',(-8.19900000000001,-3.25523158958238,-3.44591371367968));
#3462=CARTESIAN_POINT('Ctrl Pts',(-8.28250861983052,-3.25523158958238,-3.46777055722015));
#3463=CARTESIAN_POINT('Ctrl Pts',(-8.36549138016949,-3.25523158958238,-3.48950671708899));
#3464=CARTESIAN_POINT('Ctrl Pts',(-8.44900000000001,-3.25523158958238,-3.51136356062947));
#3465=CARTESIAN_POINT('Ctrl Pts',(-8.16838854716262,-3.36569476874713,-3.51938854716261));
#3466=CARTESIAN_POINT('Ctrl Pts',(-8.23357576901701,-3.36569476874713,-3.584575769017));
#3467=CARTESIAN_POINT('Ctrl Pts',(-8.29892569971003,-3.36569476874713,-3.64992569971002));
#3468=CARTESIAN_POINT('Ctrl Pts',(-8.36411292156442,-3.36569476874713,-3.71511292156441));
#3469=CARTESIAN_POINT('Ctrl Pts',(-8.09491371367968,-3.47615794791188,-3.55));
#3470=CARTESIAN_POINT('Ctrl Pts',(-8.11677055722016,-3.47615794791188,-3.63350861983051));
#3471=CARTESIAN_POINT('Ctrl Pts',(-8.13850671708899,-3.47615794791188,-3.71649138016949));
#3472=CARTESIAN_POINT('Ctrl Pts',(-8.16036356062947,-3.47615794791188,-3.8));
#3473=CARTESIAN_POINT('Ctrl Pts',(-8.05800000000001,-3.53138953749426,-3.55));
#3474=CARTESIAN_POINT('Ctrl Pts',(-8.05800000000001,-3.53138953749426,-3.63333333333333));
#3475=CARTESIAN_POINT('Ctrl Pts',(-8.05800000000001,-3.53138953749426,-3.71666666666667));
#3476=CARTESIAN_POINT('Ctrl Pts',(-8.05800000000001,-3.53138953749426,-3.8));
#3477=CARTESIAN_POINT('',(-8.05800000000001,-3.53138953749426,-3.55));
#3478=CARTESIAN_POINT('Ctrl Pts',(-8.05800000000001,-3.53138953749425,-3.55));
#3479=CARTESIAN_POINT('Ctrl Pts',(-8.09491371367969,-3.47615794791188,-3.55));
#3480=CARTESIAN_POINT('Ctrl Pts',(-8.13165113042115,-3.4209263583295,-3.5346942735813));
#3481=CARTESIAN_POINT('Ctrl Pts',(-8.15767270200123,-3.36569476874713,-3.50867270200123));
#3482=CARTESIAN_POINT('Ctrl Pts',(-8.18369427358131,-3.31046317916475,-3.48265113042115));
#3483=CARTESIAN_POINT('Ctrl Pts',(-8.19900000000001,-3.25523158958238,-3.44591371367968));
#3484=CARTESIAN_POINT('Ctrl Pts',(-8.19900000000001,-3.2,-3.409));
#3485=CARTESIAN_POINT('',(-8.19900000000001,-3.2,-3.409));
#3486=CARTESIAN_POINT('',(-8.05800000000001,-3.53138953749426,-3.8));
#3487=CARTESIAN_POINT('Origin',(-8.19900000000001,-3.2,-8.88178419700125E-15));
#3488=CARTESIAN_POINT('',(-8.449,-3.2,-3.409));
#3489=CARTESIAN_POINT('Origin',(-8.05800000000001,-0.0883047687471361,-3.409));
#3490=CARTESIAN_POINT('',(-8.05800000000001,-1.15344476874714,-3.55));
#3491=CARTESIAN_POINT('Origin',(-8.44900000000001,-0.0450134727224771,-1.95759305054243));
#3492=CARTESIAN_POINT('Origin',(-4.51882341631137,-2.51882341631131,-3.8));
#3493=CARTESIAN_POINT('',(-2.20240816707022,-5.37981650147968,-3.8));
#3494=CARTESIAN_POINT('Origin',(-4.51882341631137,-2.51882341631131,-3.8));
#3495=CARTESIAN_POINT('',(-2.20240816707022,-5.37981650147968,-3.55));
#3496=CARTESIAN_POINT('',(-2.20240816707022,-5.37981650147968,-3.8));
#3497=CARTESIAN_POINT('Origin',(-4.51882341631137,-2.51882341631131,-3.55));
#3498=CARTESIAN_POINT('Ctrl Pts',(-3.20091743119269,8.64899999999999,-3.40900000000001));
#3499=CARTESIAN_POINT('Ctrl Pts',(-3.20091743119269,8.73233333333332,-3.40900000000001));
#3500=CARTESIAN_POINT('Ctrl Pts',(-3.20091743119269,8.81566666666665,-3.40900000000002));
#3501=CARTESIAN_POINT('Ctrl Pts',(-3.20091743119269,8.89899999999999,-3.40900000000002));
#3502=CARTESIAN_POINT('Ctrl Pts',(-3.22247706422021,8.64899999999998,-3.44591371367969));
#3503=CARTESIAN_POINT('Ctrl Pts',(-3.22247706422021,8.73250861983049,-3.46777055722016));
#3504=CARTESIAN_POINT('Ctrl Pts',(-3.22247706422021,8.81549138016947,-3.48950671708902));
#3505=CARTESIAN_POINT('Ctrl Pts',(-3.22247706422021,8.89899999999998,-3.51136356062949));
#3506=CARTESIAN_POINT('Ctrl Pts',(-3.26559633027526,8.61838818891845,-3.51938818891846));
#3507=CARTESIAN_POINT('Ctrl Pts',(-3.26559633027526,8.68357541077284,-3.58457541077286));
#3508=CARTESIAN_POINT('Ctrl Pts',(-3.26559633027526,8.74892470628119,-3.64992470628121));
#3509=CARTESIAN_POINT('Ctrl Pts',(-3.26559633027526,8.81411192813558,-3.71511192813561));
#3510=CARTESIAN_POINT('Ctrl Pts',(-3.3087155963303,8.54491371367967,-3.54999999999999));
#3511=CARTESIAN_POINT('Ctrl Pts',(-3.3087155963303,8.56677055722014,-3.6335086198305));
#3512=CARTESIAN_POINT('Ctrl Pts',(-3.3087155963303,8.58850671708899,-3.71649138016948));
#3513=CARTESIAN_POINT('Ctrl Pts',(-3.3087155963303,8.61036356062946,-3.79999999999999));
#3514=CARTESIAN_POINT('Ctrl Pts',(-3.33027522935782,8.508,-3.54999999999999));
#3515=CARTESIAN_POINT('Ctrl Pts',(-3.33027522935782,8.508,-3.63333333333332));
#3516=CARTESIAN_POINT('Ctrl Pts',(-3.33027522935782,8.508,-3.71666666666666));
#3517=CARTESIAN_POINT('Ctrl Pts',(-3.33027522935782,8.508,-3.79999999999999));
#3518=CARTESIAN_POINT('',(-3.33027522935782,8.508,-3.55));
#3519=CARTESIAN_POINT('Ctrl Pts',(-3.33027522935782,8.508,-3.54999999999999));
#3520=CARTESIAN_POINT('Ctrl Pts',(-3.3087155963303,8.54491371367968,-3.54999999999999));
#3521=CARTESIAN_POINT('Ctrl Pts',(-3.28715596330278,8.58165095129906,-3.53469409445923));
#3522=CARTESIAN_POINT('Ctrl Pts',(-3.26559633027526,8.60767252287914,-3.50867252287915));
#3523=CARTESIAN_POINT('Ctrl Pts',(-3.24403669724773,8.63369409445922,-3.48265095129907));
#3524=CARTESIAN_POINT('Ctrl Pts',(-3.22247706422021,8.64899999999998,-3.44591371367969));
#3525=CARTESIAN_POINT('Ctrl Pts',(-3.20091743119269,8.64899999999999,-3.40900000000001));
#3526=CARTESIAN_POINT('',(-3.33027522935782,8.508,-3.8));
#3527=CARTESIAN_POINT('Ctrl Pts',(-3.20091743119269,8.89899999999999,-3.40900000000002));
#3528=CARTESIAN_POINT('Ctrl Pts',(-3.22247706422021,8.89899999999998,-3.51136356062949));
#3529=CARTESIAN_POINT('Ctrl Pts',(-3.24403669724773,8.85655596406778,-3.61323774438255));
#3530=CARTESIAN_POINT('Ctrl Pts',(-3.26559633027526,8.78439685422515,-3.68539685422517));
#3531=CARTESIAN_POINT('Ctrl Pts',(-3.28715596330278,8.71223774438252,-3.7575559640678));
#3532=CARTESIAN_POINT('Ctrl Pts',(-3.3087155963303,8.61036356062946,-3.79999999999999));
#3533=CARTESIAN_POINT('Ctrl Pts',(-3.33027522935782,8.508,-3.79999999999999));
#3534=CARTESIAN_POINT('',(-3.33027522935782,8.508,-3.675));
#3535=CARTESIAN_POINT('Origin',(-4.35000000000002,1.59999999999998,-3.8));
#3536=CARTESIAN_POINT('Origin',(-4.35000000000002,1.59999999999998,-3.55));
#3537=CARTESIAN_POINT('Origin',(-4.35000000000002,1.59999999999998,-3.8));
#3538=CARTESIAN_POINT('Origin',(-0.100000000000016,6.04999999999999,-3.8));
#3539=CARTESIAN_POINT('',(-0.100000000000016,4.89999999999998,-3.7));
#3540=CARTESIAN_POINT('',(-0.100000000000016,6.04999999999999,-3.7));
#3541=CARTESIAN_POINT('',(-0.100000000000016,6.09999999999999,-3.7));
#3542=CARTESIAN_POINT('',(-0.100000000000016,4.89999999999998,-3.8));
#3543=CARTESIAN_POINT('',(-0.100000000000016,4.89999999999998,-3.8));
#3544=CARTESIAN_POINT('',(-0.100000000000016,6.04999999999999,-3.8));
#3545=CARTESIAN_POINT('',(-0.100000000000016,4.89999999999998,-3.8));
#3546=CARTESIAN_POINT('',(-0.100000000000016,6.04999999999999,-3.8));
#3547=CARTESIAN_POINT('Origin',(-1.25,6.04999999999999,-3.8));
#3548=CARTESIAN_POINT('',(-1.25,6.04999999999999,-3.7));
#3549=CARTESIAN_POINT('',(-0.625,6.04999999999999,-3.7));
#3550=CARTESIAN_POINT('',(-1.25,6.04999999999999,-3.8));
#3551=CARTESIAN_POINT('',(-0.100000000000016,6.04999999999999,-3.8));
#3552=CARTESIAN_POINT('',(-1.25,6.04999999999999,-3.8));
#3553=CARTESIAN_POINT('Origin',(-1.25,6.25,-3.8));
#3554=CARTESIAN_POINT('',(-1.25,6.25,-3.7));
#3555=CARTESIAN_POINT('',(-1.25,6.19999999999999,-3.7));
#3556=CARTESIAN_POINT('',(-1.25,6.25,-3.8));
#3557=CARTESIAN_POINT('',(-1.25,6.04999999999999,-3.8));
#3558=CARTESIAN_POINT('',(-1.25,6.25,-3.8));
#3559=CARTESIAN_POINT('Origin',(-0.100000000000016,6.25,-3.8));
#3560=CARTESIAN_POINT('',(-0.100000000000016,6.25,-3.7));
#3561=CARTESIAN_POINT('',(-0.0500000000000078,6.25,-3.7));
#3562=CARTESIAN_POINT('',(-0.100000000000016,6.25,-3.8));
#3563=CARTESIAN_POINT('',(-1.25,6.25,-3.8));
#3564=CARTESIAN_POINT('',(-0.100000000000016,6.25,-3.8));
#3565=CARTESIAN_POINT('Origin',(-0.100000000000016,7.39999999999998,-3.8));
#3566=CARTESIAN_POINT('',(-0.100000000000016,7.39999999999998,-3.7));
#3567=CARTESIAN_POINT('',(-0.100000000000016,6.77499999999998,-3.7));
#3568=CARTESIAN_POINT('',(-0.100000000000016,7.39999999999998,-3.8));
#3569=CARTESIAN_POINT('',(-0.100000000000016,6.25,-3.8));
#3570=CARTESIAN_POINT('',(-0.100000000000016,7.39999999999998,-3.8));
#3571=CARTESIAN_POINT('Origin',(-8.19900000000001,3.20108999999999,-3.8));
#3572=CARTESIAN_POINT('',(-3.20091743119269,8.64899999999999,-3.55));
#3573=CARTESIAN_POINT('',(-3.20091743119269,8.64899999999999,-3.8));
#3574=CARTESIAN_POINT('Origin',(2.66453525910038E-14,8.64900000000004,-2.17636606881053));
#3575=CARTESIAN_POINT('',(3.20091743119269,8.64899999999997,-3.409));
#3576=CARTESIAN_POINT('',(2.66453525910038E-14,8.64899999999997,-3.409));
#3577=CARTESIAN_POINT('',(3.20091743119269,8.64900000000013,-0.700000000000007));
#3578=CARTESIAN_POINT('',(3.20091743119269,8.64899999999997,-3.409));
#3579=CARTESIAN_POINT('',(3.00091743119269,8.64900000000015,-0.500000000000007));
#3580=CARTESIAN_POINT('Origin',(3.00091743119269,8.64900000000013,-0.700000000000007));
#3581=CARTESIAN_POINT('',(3.20091743119269,8.64900000000015,-0.500000000000007));
#3582=CARTESIAN_POINT('Origin',(2.66453525910038E-14,8.508,-3.409));
#3583=CARTESIAN_POINT('',(3.33027522935782,8.508,-3.55));
#3584=CARTESIAN_POINT('',(-1.66513761467892,8.508,-3.55));
#3585=CARTESIAN_POINT('Ctrl Pts',(3.33027522935782,8.508,-3.54999999999999));
#3586=CARTESIAN_POINT('Ctrl Pts',(3.3087155963303,8.54491371367968,-3.54999999999999));
#3587=CARTESIAN_POINT('Ctrl Pts',(3.28715596330278,8.58165095129906,-3.53469409445923));
#3588=CARTESIAN_POINT('Ctrl Pts',(3.26559633027526,8.60767252287914,-3.50867252287915));
#3589=CARTESIAN_POINT('Ctrl Pts',(3.24403669724773,8.63369409445922,-3.48265095129907));
#3590=CARTESIAN_POINT('Ctrl Pts',(3.22247706422021,8.64899999999998,-3.44591371367969));
#3591=CARTESIAN_POINT('Ctrl Pts',(3.20091743119269,8.64899999999999,-3.40900000000001));
#3592=CARTESIAN_POINT('Origin',(1.77635683940025E-14,1.22449999999999,-3.8));
#3593=CARTESIAN_POINT('',(3.33027522935782,8.508,-3.8));
#3594=CARTESIAN_POINT('',(1.66513761467892,8.508,-3.8));
#3595=CARTESIAN_POINT('',(8.05800000000001,3.35477999999998,-3.8));
#3596=CARTESIAN_POINT('',(3.20091743119269,8.64899999999999,-3.8));
#3597=CARTESIAN_POINT('',(8.05800000000001,-3.53138953749426,-3.8));
#3598=CARTESIAN_POINT('',(8.05800000000001,-1.15344476874714,-3.8));
#3599=CARTESIAN_POINT('',(2.20240816707022,-5.37981650147968,-3.8));
#3600=CARTESIAN_POINT('Origin',(4.51882341631137,-2.51882341631131,-3.8));
#3601=CARTESIAN_POINT('Origin',(0.,-8.10000000000002,-3.8));
#3602=CARTESIAN_POINT('',(0.100000000000016,4.89999999999998,-3.8));
#3603=CARTESIAN_POINT('',(-0.099999999999989,4.89999999999998,-3.8));
#3604=CARTESIAN_POINT('',(0.100000000000016,6.04999999999999,-3.8));
#3605=CARTESIAN_POINT('',(0.100000000000016,4.89999999999998,-3.8));
#3606=CARTESIAN_POINT('',(1.25,6.04999999999999,-3.8));
#3607=CARTESIAN_POINT('',(0.100000000000016,6.04999999999999,-3.8));
#3608=CARTESIAN_POINT('',(1.25,6.25,-3.8));
#3609=CARTESIAN_POINT('',(1.25,6.04999999999999,-3.8));
#3610=CARTESIAN_POINT('',(0.100000000000016,6.25,-3.8));
#3611=CARTESIAN_POINT('',(1.25,6.25,-3.8));
#3612=CARTESIAN_POINT('',(0.100000000000016,7.39999999999998,-3.8));
#3613=CARTESIAN_POINT('',(0.100000000000016,6.25,-3.8));
#3614=CARTESIAN_POINT('',(0.100000000000016,7.39999999999998,-3.8));
#3615=CARTESIAN_POINT('',(3.20000000000001,-0.21659021245851,-3.8));
#3616=CARTESIAN_POINT('',(3.20000000000001,-3.80099623114345,-3.8));
#3617=CARTESIAN_POINT('',(3.20000000000001,-1.29024811557173,-3.8));
#3618=CARTESIAN_POINT('',(3.25000000000001,-3.80099623114345,-3.8));
#3619=CARTESIAN_POINT('',(1.60000000000001,-3.80099623114345,-3.8));
#3620=CARTESIAN_POINT('',(3.25000000000001,-3.79499623114347,-3.8));
#3621=CARTESIAN_POINT('',(3.25000000000001,0.503954893770739,-3.8));
#3622=CARTESIAN_POINT('',(5.45000000000004,-3.79499623114347,-3.8));
#3623=CARTESIAN_POINT('',(2.75000000000003,-3.79499623114347,-3.8));
#3624=CARTESIAN_POINT('',(5.45000000000004,-3.80099623114345,-3.8));
#3625=CARTESIAN_POINT('',(5.45000000000004,-1.28203417752331,-3.8));
#3626=CARTESIAN_POINT('',(5.50000000000004,-3.80099623114345,-3.8));
#3627=CARTESIAN_POINT('',(2.75500000000004,-3.80099623114345,-3.8));
#3628=CARTESIAN_POINT('',(5.50000000000004,-0.21659021245851,-3.8));
#3629=CARTESIAN_POINT('',(5.50000000000004,0.507139509507262,-3.8));
#3630=CARTESIAN_POINT('Origin',(4.35000000000002,1.59999999999998,-3.8));
#3631=CARTESIAN_POINT('Origin',(0.100000000000016,4.89999999999998,-3.8));
#3632=CARTESIAN_POINT('',(0.100000000000016,4.89999999999998,-3.7));
#3633=CARTESIAN_POINT('',(0.0500000000000078,4.89999999999998,-3.7));
#3634=CARTESIAN_POINT('',(0.100000000000016,4.89999999999998,-3.8));
#3635=CARTESIAN_POINT('Origin',(8.80525906209702,0.000544999999991802,1.83030468094666));
#3636=CARTESIAN_POINT('',(8.80525906209702,0.800544999999993,1.83030468094666));
#3637=CARTESIAN_POINT('',(8.80525906209702,-0.799455000000009,1.83030468094666));
#3638=CARTESIAN_POINT('Origin',(8.80525906209702,0.000544999999991802,1.83030468094666));
#3639=CARTESIAN_POINT('',(8.60560018458518,0.800544999999993,1.67985092515867));
#3640=CARTESIAN_POINT('',(8.60560018458518,0.800544999999993,1.67985092515867));
#3641=CARTESIAN_POINT('',(8.60560018458518,-0.799455000000009,1.67985092515867));
#3642=CARTESIAN_POINT('Origin',(8.60560018458518,0.000544999999991802,1.67985092515866));
#3643=CARTESIAN_POINT('',(8.60560018458518,-0.799455000000009,1.67985092515867));
#3644=CARTESIAN_POINT('Origin',(8.81253160135286,0.000544999999991802,1.23907964599421));
#3645=CARTESIAN_POINT('',(9.09205402986943,-0.799455000000009,1.44971490409739));
#3646=CARTESIAN_POINT('',(9.09205402986944,0.800544999999993,1.44971490409739));
#3647=CARTESIAN_POINT('',(9.09205402986944,0.000544999999974038,1.4497149040974));
#3648=CARTESIAN_POINT('',(9.08453268786278,-0.799455000000009,1.01881750912676));
#3649=CARTESIAN_POINT('Origin',(8.81253160135286,-0.799455000000009,1.23907964599421));
#3650=CARTESIAN_POINT('',(9.08453268786278,0.800544999999993,1.01881750912676));
#3651=CARTESIAN_POINT('',(9.08453268786279,-0.399455000000017,1.01881750912676));
#3652=CARTESIAN_POINT('Origin',(8.81253160135286,0.800544999999993,1.23907964599421));
#3653=CARTESIAN_POINT('Origin',(9.06003346448341,0.800544999999993,1.07679759429763));
#3654=CARTESIAN_POINT('',(8.89239515235761,0.800544999999993,1.29926114830941));
#3655=CARTESIAN_POINT('',(8.93632010541021,0.800544999999993,1.33236097458276));
#3656=CARTESIAN_POINT('',(9.28943326002399,0.800544999999993,0.772373783544653));
#3657=CARTESIAN_POINT('',(9.48909213753582,0.800544999999993,0.922827539332642));
#3658=CARTESIAN_POINT('Origin',(8.8328168245343,0.000544999999974038,1.37832425972815));
#3659=CARTESIAN_POINT('',(8.89239515235761,-0.799455000000009,1.29926114830941));
#3660=CARTESIAN_POINT('',(8.89239515235761,0.000544999999974038,1.29926114830941));
#3661=CARTESIAN_POINT('',(9.28943326002399,-0.799455000000009,0.772373783544653));
#3662=CARTESIAN_POINT('Origin',(8.89239515235761,-0.799455000000009,1.29926114830942));
#3663=CARTESIAN_POINT('',(8.93632010541021,-0.799455000000009,1.33236097458276));
#3664=CARTESIAN_POINT('',(8.89024619749854,-0.799455000000009,1.17614760688922));
#3665=CARTESIAN_POINT('Origin',(8.81253160135286,-0.799455000000009,1.23907964599421));
#3666=CARTESIAN_POINT('',(8.98738944268065,-0.799455000000009,1.09748255800799));
#3667=CARTESIAN_POINT('Origin',(9.09205402986944,0.800544999999993,1.44971490409741));
#3668=CARTESIAN_POINT('',(8.89024619749854,0.800544999999993,1.17614760688922));
#3669=CARTESIAN_POINT('',(8.98738944268066,0.800544999999993,1.09748255800799));
#3670=CARTESIAN_POINT('Origin',(8.81253160135286,0.800544999999993,1.23907964599421));
#3671=CARTESIAN_POINT('Origin',(8.60560018458518,-0.799455000000009,1.67985092515867));
#3672=CARTESIAN_POINT('',(9.09205402986944,-0.799455000000009,1.44971490409739));
#3673=CARTESIAN_POINT('Origin',(8.81253160135286,0.000544999999991802,1.23907964599421));
#3674=CARTESIAN_POINT('',(8.89024619749855,-0.399455000000017,1.17614760688922));
#3675=CARTESIAN_POINT('Origin',(9.03247570204613,0.000544999999974038,1.52877801551615));
#3676=CARTESIAN_POINT('Origin',(9.13370058546227,0.800544999999993,1.07953480606516));
#3677=CARTESIAN_POINT('',(8.56042701927154,0.800544999999993,0.371600909259566));
#3678=CARTESIAN_POINT('',(7.3544153457329,0.800544999999993,-1.11769947714133));
#3679=CARTESIAN_POINT('',(8.36614052890731,0.800544999999993,0.528931007022027));
#3680=CARTESIAN_POINT('',(8.51768399139142,0.800544999999993,0.406213530767303));
#3681=CARTESIAN_POINT('',(8.3661405289073,0.800544999999993,0.528931007022018));
#3682=CARTESIAN_POINT('Origin',(8.71641253773356,0.000544999999974038,0.564226982468927));
#3683=CARTESIAN_POINT('',(8.56042701927154,-0.799455000000009,0.371600909259566));
#3684=CARTESIAN_POINT('',(7.3544153457329,-0.799455000000009,-1.11769947714133));
#3685=CARTESIAN_POINT('',(8.56042701927155,0.000544999999974038,0.371600909259557));
#3686=CARTESIAN_POINT('Origin',(8.94900000000002,0.000544999999991802,0.0569407137346339));
#3687=CARTESIAN_POINT('',(8.3661405289073,-0.799455000000009,0.528931007022027));
#3688=CARTESIAN_POINT('',(8.36614052890732,0.000544999999974038,0.528931007022018));
#3689=CARTESIAN_POINT('',(8.19900000000001,0.800544999999993,0.0569407137346378));
#3690=CARTESIAN_POINT('Origin',(8.94900000000002,0.800544999999993,0.0569407137346339));
#3691=CARTESIAN_POINT('',(8.19900000000001,-0.799455000000009,0.0569407137346378));
#3692=CARTESIAN_POINT('',(8.19900000000001,0.377765763638749,0.0569407137346378));
#3693=CARTESIAN_POINT('Origin',(8.94900000000002,-0.799455000000009,0.0569407137346339));
#3694=CARTESIAN_POINT('Origin',(8.29912449000484,-0.799455000000009,0.0489191588727023));
#3695=CARTESIAN_POINT('',(7.16012885536866,-0.799455000000009,-0.960369379378863));
#3696=CARTESIAN_POINT('',(8.51768399139142,-0.799455000000009,0.406213530767303));
#3697=CARTESIAN_POINT('Origin',(8.56042701927154,0.800544999999993,0.371600909259558));
#3698=CARTESIAN_POINT('',(8.44900000000002,0.800544999999993,0.0569407137346367));
#3699=CARTESIAN_POINT('Origin',(8.94900000000002,0.800544999999993,0.0569407137346339));
#3700=CARTESIAN_POINT('',(8.44900000000002,0.800544999999993,0.0569407137346367));
#3701=CARTESIAN_POINT('Origin',(8.36614052890729,-0.799455000000009,0.528931007022023));
#3702=CARTESIAN_POINT('',(8.44900000000002,-0.799455000000009,0.0569407137346367));
#3703=CARTESIAN_POINT('',(8.32400000000002,-0.799455000000009,0.0569407137346373));
#3704=CARTESIAN_POINT('Origin',(8.94900000000002,-0.799455000000009,0.0569407137346339));
#3705=CARTESIAN_POINT('Origin',(8.94900000000002,0.000544999999991802,0.0569407137346339));
#3706=CARTESIAN_POINT('',(8.44900000000002,0.377765763638749,0.0569407137346367));
#3707=CARTESIAN_POINT('Origin',(8.52212604736931,0.000544999999974038,0.721557080231392));
#3708=CARTESIAN_POINT('Origin',(8.19900000000001,-0.799455000000009,-9.43689570931383E-15));
#3709=CARTESIAN_POINT('',(8.19900000000001,-0.799455000000009,-9.43689570931383E-15));
#3710=CARTESIAN_POINT('',(8.19900000000001,-0.799455000000009,-9.43689570931383E-15));
#3711=CARTESIAN_POINT('',(8.44900000000002,-0.799455000000009,-9.43689570931383E-15));
#3712=CARTESIAN_POINT('',(8.19900000000001,-0.799455000000009,-8.88178419700125E-15));
#3713=CARTESIAN_POINT('',(8.44900000000002,-0.799455000000009,-9.43689570931383E-15));
#3714=CARTESIAN_POINT('Origin',(8.19900000000001,-0.0450134727224771,-1.95759305054243));
#3715=CARTESIAN_POINT('',(8.19900000000001,0.800544999999993,-9.43689570931383E-15));
#3716=CARTESIAN_POINT('',(8.19900000000001,0.800544999999993,-9.43689570931383E-15));
#3717=CARTESIAN_POINT('',(8.19900000000001,3.00108999999999,-8.88178419700125E-15));
#3718=CARTESIAN_POINT('',(8.19900000000001,-3.2,-8.88178419700125E-15));
#3719=CARTESIAN_POINT('',(8.19900000000001,3.20108999999999,-0.200000000000009));
#3720=CARTESIAN_POINT('Origin',(8.19900000000001,3.00108999999999,-0.200000000000009));
#3721=CARTESIAN_POINT('',(8.19900000000001,3.20108999999999,-3.409));
#3722=CARTESIAN_POINT('',(8.199,3.20108999999999,-3.409));
#3723=CARTESIAN_POINT('',(8.19900000000001,-3.2,-3.409));
#3724=CARTESIAN_POINT('',(8.199,-0.0666591207347977,-3.409));
#3725=CARTESIAN_POINT('',(8.19900000000001,-3.2,-0.200000000000009));
#3726=CARTESIAN_POINT('',(8.199,-3.2,-3.409));
#3727=CARTESIAN_POINT('',(8.19900000000001,-3.00000000000001,-8.88178419700125E-15));
#3728=CARTESIAN_POINT('Origin',(8.19900000000001,-3.00000000000001,-0.200000000000009));
#3729=CARTESIAN_POINT('',(8.19900000000001,-3.2,-8.88178419700125E-15));
#3730=CARTESIAN_POINT('Origin',(8.44900000000002,0.800544999999993,-9.43689570931383E-15));
#3731=CARTESIAN_POINT('',(8.44900000000002,0.800544999999993,-9.43689570931383E-15));
#3732=CARTESIAN_POINT('',(8.44900000000002,0.800544999999993,-9.43689570931383E-15));
#3733=CARTESIAN_POINT('',(8.32400000000002,0.800544999999993,-9.43689570931383E-15));
#3734=CARTESIAN_POINT('Origin',(8.19900000000001,3.20108999999999,-8.88178419700125E-15));
#3735=CARTESIAN_POINT('',(8.44900000000002,-3.00000000000001,-8.88178419700125E-15));
#3736=CARTESIAN_POINT('',(8.19900000000001,-3.00000000000001,-8.88178419700125E-15));
#3737=CARTESIAN_POINT('',(8.44900000000002,-3.2,-8.88178419700125E-15));
#3738=CARTESIAN_POINT('Origin',(8.19900000000001,-3.00000000000001,-0.200000000000009));
#3739=CARTESIAN_POINT('',(8.44900000000002,-3.2,-0.20000000000001));
#3740=CARTESIAN_POINT('Origin',(8.44900000000002,-3.00000000000001,-0.20000000000001));
#3741=CARTESIAN_POINT('',(8.19900000000001,-3.2,-0.200000000000009));
#3742=CARTESIAN_POINT('Origin',(8.19900000000001,3.20108999999999,-8.88178419700125E-15));
#3743=CARTESIAN_POINT('',(8.44900000000002,3.00108999999999,-8.88178419700125E-15));
#3744=CARTESIAN_POINT('',(8.44900000000002,-3.2,-8.88178419700125E-15));
#3745=CARTESIAN_POINT('',(8.19900000000001,3.00108999999999,-8.88178419700125E-15));
#3746=CARTESIAN_POINT('Origin',(8.19900000000001,3.00108999999999,-0.200000000000009));
#3747=CARTESIAN_POINT('',(8.44900000000002,3.20108999999999,-0.20000000000001));
#3748=CARTESIAN_POINT('Origin',(8.44900000000002,3.00108999999999,-0.20000000000001));
#3749=CARTESIAN_POINT('',(8.19900000000001,3.20108999999999,-0.200000000000009));
#3750=CARTESIAN_POINT('Origin',(-3.20091743119263,8.64900000000015,-0.500000000000007));
#3751=CARTESIAN_POINT('',(3.00091743119269,8.89900000000015,-0.500000000000025));
#3752=CARTESIAN_POINT('',(3.00091743119269,8.64900000000015,-0.500000000000007));
#3753=CARTESIAN_POINT('',(3.20091743119269,8.89900000000015,-0.500000000000025));
#3754=CARTESIAN_POINT('Origin',(3.00091743119269,8.64900000000013,-0.700000000000007));
#3755=CARTESIAN_POINT('',(3.20091743119269,8.89900000000013,-0.700000000000023));
#3756=CARTESIAN_POINT('Origin',(3.00091743119269,8.89900000000013,-0.700000000000023));
#3757=CARTESIAN_POINT('',(3.20091743119269,8.64900000000013,-0.700000000000007));
#3758=CARTESIAN_POINT('Origin',(3.20091743119269,8.64900000000015,-0.499999999999989));
#3759=CARTESIAN_POINT('',(3.20091743119269,8.89899999999997,-3.40900000000001));
#3760=CARTESIAN_POINT('',(3.20091743119269,8.64899999999997,-3.409));
#3761=CARTESIAN_POINT('',(3.20091743119269,8.89899999999997,-3.40900000000001));
#3762=CARTESIAN_POINT('Origin',(4.35000000000002,0.909898647300889,-1.02958540225026));
#3763=CARTESIAN_POINT('',(3.25000000000002,0.909898647300889,-1.02958540225026));
#3764=CARTESIAN_POINT('',(5.45000000000003,0.909898647300889,-1.02958540225026));
#3765=CARTESIAN_POINT('Origin',(4.35000000000002,0.909898647300889,-1.02958540225026));
#3766=CARTESIAN_POINT('',(3.25000000000002,0.909898647300889,-0.779585402250256));
#3767=CARTESIAN_POINT('',(3.25000000000002,0.909898647300889,-1.02958540225026));
#3768=CARTESIAN_POINT('',(5.45000000000003,0.909898647300889,-0.779585402250256));
#3769=CARTESIAN_POINT('Origin',(4.35000000000002,0.909898647300889,-0.779585402250256));
#3770=CARTESIAN_POINT('',(5.45000000000003,0.909898647300889,-1.02958540225026));
#3771=CARTESIAN_POINT('Origin',(4.35000000000003,-0.39507271804931,-1.03958540225025));
#3772=CARTESIAN_POINT('',(3.25000000000001,-0.39507271804931,-0.779585402250254));
#3773=CARTESIAN_POINT('',(5.45000000000004,-0.39507271804931,-0.779585402250245));
#3774=CARTESIAN_POINT('',(4.35000000000002,-0.395072718049327,-0.779585402250227));
#3775=CARTESIAN_POINT('',(3.25000000000001,-0.562197496567869,-0.840413847039376));
#3776=CARTESIAN_POINT('Origin',(3.25000000000001,-0.39507271804931,-1.03958540225025));
#3777=CARTESIAN_POINT('',(5.45000000000004,-0.562197496567869,-0.840413847039376));
#3778=CARTESIAN_POINT('',(3.80000000000002,-0.562197496567869,-0.840413847039377));
#3779=CARTESIAN_POINT('Origin',(5.45000000000004,-0.39507271804931,-1.03958540225025));
#3780=CARTESIAN_POINT('Origin',(5.45000000000004,-0.478848522145086,-1.02958540225025));
#3781=CARTESIAN_POINT('',(5.45000000000004,-0.39507271804931,-1.02958540225024));
#3782=CARTESIAN_POINT('',(5.45000000000004,-0.39507271804931,-0.974585402250243));
#3783=CARTESIAN_POINT('',(5.45000000000004,-0.772063836480079,-1.02958540225025));
#3784=CARTESIAN_POINT('',(5.45000000000004,-0.772063836480079,-0.779585402250271));
#3785=CARTESIAN_POINT('Origin',(4.35000000000001,0.0157232494482251,-1.02958540225026));
#3786=CARTESIAN_POINT('',(3.25000000000001,-0.39507271804931,-1.02958540225024));
#3787=CARTESIAN_POINT('',(4.35000000000002,-0.39507271804931,-1.02958540225027));
#3788=CARTESIAN_POINT('',(3.25000000000001,-0.772063836480079,-1.02958540225025));
#3789=CARTESIAN_POINT('Origin',(3.25000000000001,-0.39507271804931,-1.02958540225024));
#3790=CARTESIAN_POINT('',(3.25000000000001,-0.395072718049327,-0.974585402250225));
#3791=CARTESIAN_POINT('',(3.25000000000001,-0.401500594146196,-1.03192495781909));
#3792=CARTESIAN_POINT('Origin',(3.25000000000001,-0.39507271804931,-1.03958540225025));
#3793=CARTESIAN_POINT('',(3.25000000000001,0.256654619624417,-1.8162837983145));
#3794=CARTESIAN_POINT('Origin',(5.45000000000004,-0.39507271804931,-0.779585402250249));
#3795=CARTESIAN_POINT('',(5.45000000000004,-0.401500594146196,-1.03192495781909));
#3796=CARTESIAN_POINT('',(5.45000000000004,-0.481849045357006,-0.93616940242925));
#3797=CARTESIAN_POINT('Origin',(5.45000000000004,-0.39507271804931,-1.03958540225025));
#3798=CARTESIAN_POINT('Origin',(3.25000000000001,0.510295021041465,-1.02958540225023));
#3799=CARTESIAN_POINT('',(3.25000000000001,-0.39507271804931,-0.779585402250254));
#3800=CARTESIAN_POINT('Origin',(4.35000000000003,-0.39507271804931,-1.03958540225025));
#3801=CARTESIAN_POINT('',(3.80000000000002,-0.401500594146196,-1.03192495781909));
#3802=CARTESIAN_POINT('Origin',(4.35000000000001,0.0157232494482074,-0.779585402250236));
#3803=CARTESIAN_POINT('Origin',(4.35000000000002,-2.04537993110613,-2.41130350316271));
#3804=CARTESIAN_POINT('',(5.45000000000004,-3.62787145262494,-3.73917155521089));
#3805=CARTESIAN_POINT('',(5.45000000000004,-2.83662569186554,-3.0752375291868));
#3806=CARTESIAN_POINT('',(3.25000000000001,-3.62787145262494,-3.73917155521089));
#3807=CARTESIAN_POINT('',(4.35000000000003,-3.62787145262494,-3.73917155521089));
#3808=CARTESIAN_POINT('',(3.25000000000001,-1.78914028555294,-2.19629291108595));
#3809=CARTESIAN_POINT('Origin',(5.45000000000004,-3.7885683550466,-3.54766044443119));
#3810=CARTESIAN_POINT('',(5.45000000000004,-3.78856835504662,-3.54766044443118));
#3811=CARTESIAN_POINT('',(5.45000000000004,-2.99732259428719,-2.88372641840709));
#3812=CARTESIAN_POINT('',(5.45000000000004,-3.75321503651383,-3.58979288880273));
#3813=CARTESIAN_POINT('Origin',(4.35000000000002,-2.2060768335278,-2.219792392383));
#3814=CARTESIAN_POINT('',(3.25000000000001,-3.78856835504662,-3.54766044443118));
#3815=CARTESIAN_POINT('',(3.25000000000001,-1.94983718797463,-2.00478180030625));
#3816=CARTESIAN_POINT('',(4.35000000000003,-3.78856835504662,-3.54766044443118));
#3817=CARTESIAN_POINT('Origin',(3.20000000000001,-3.80099623114345,-3.55));
#3818=CARTESIAN_POINT('',(3.20000000000001,-3.80099623114345,-3.55));
#3819=CARTESIAN_POINT('',(3.25000000000001,-3.80099623114345,-3.55));
#3820=CARTESIAN_POINT('',(1.60000000000001,-3.80099623114345,-3.55));
#3821=CARTESIAN_POINT('',(3.25000000000001,-3.80099623114347,-3.55));
#3822=CARTESIAN_POINT('',(3.20000000000001,-3.80099623114345,-3.55));
#3823=CARTESIAN_POINT('Origin',(3.20000000000001,-3.80499623114346,-3.55));
#3824=CARTESIAN_POINT('',(3.20000000000001,-0.21659021245851,-3.55));
#3825=CARTESIAN_POINT('',(3.20000000000001,-0.21659021245851,-3.8));
#3826=CARTESIAN_POINT('',(3.20000000000001,-1.29024811557173,-3.55));
#3827=CARTESIAN_POINT('Origin',(5.51000000000005,-3.80099623114345,-3.55));
#3828=CARTESIAN_POINT('',(5.45000000000004,-3.80099623114345,-3.55));
#3829=CARTESIAN_POINT('',(5.50000000000004,-3.80099623114345,-3.55));
#3830=CARTESIAN_POINT('',(2.75500000000004,-3.80099623114345,-3.55));
#3831=CARTESIAN_POINT('',(5.50000000000003,-3.80099623114345,-3.55));
#3832=CARTESIAN_POINT('',(5.45000000000004,-3.80099623114344,-3.5488302222156));
#3833=CARTESIAN_POINT('Origin',(5.45000000000004,-3.7885683550466,-3.54766044443119));
#3834=CARTESIAN_POINT('',(5.45000000000004,-3.79499623114347,-3.55));
#3835=CARTESIAN_POINT('',(5.45000000000004,-3.79499623114347,-3.55));
#3836=CARTESIAN_POINT('',(5.45000000000004,-1.28203417752331,-3.55));
#3837=CARTESIAN_POINT('Origin',(3.25000000000001,-0.216590212458527,-3.55));
#3838=CARTESIAN_POINT('',(3.25000000000001,-3.79499623114347,-3.55));
#3839=CARTESIAN_POINT('',(3.25000000000001,0.503954893770739,-3.55));
#3840=CARTESIAN_POINT('Origin',(3.25000000000001,-3.79499623114347,-3.54));
#3841=CARTESIAN_POINT('',(3.25000000000001,-3.75321503651383,-3.58979288880273));
#3842=CARTESIAN_POINT('Origin',(3.25000000000001,-3.79499623114347,-3.54));
#3843=CARTESIAN_POINT('Origin',(5.45000000000004,-3.7885683550466,-3.54766044443119));
#3844=CARTESIAN_POINT('Origin',(5.45000000000004,-3.79499623114347,-3.54));
#3845=CARTESIAN_POINT('Origin',(5.45000000000004,-3.79499623114347,-3.54));
#3846=CARTESIAN_POINT('Origin',(4.35000000000003,-3.79499623114347,-3.54));
#3847=CARTESIAN_POINT('Origin',(4.35000000000003,-3.79499623114347,-3.54));
#3848=CARTESIAN_POINT('',(2.75000000000003,-3.79499623114347,-3.55));
#3849=CARTESIAN_POINT('Origin',(3.25000000000001,-0.216590212458527,-3.55));
#3850=CARTESIAN_POINT('Origin',(5.50000000000004,-0.210220980985483,-3.55));
#3851=CARTESIAN_POINT('',(5.50000000000004,-0.21659021245851,-3.55));
#3852=CARTESIAN_POINT('',(5.50000000000004,0.507139509507262,-3.55));
#3853=CARTESIAN_POINT('',(5.50000000000004,-0.21659021245851,-3.8));
#3854=CARTESIAN_POINT('Origin',(1.77635683940025E-14,1.22449999999999,-3.55));
#3855=CARTESIAN_POINT('',(2.20240816707022,-5.37981650147968,-3.55));
#3856=CARTESIAN_POINT('Origin',(0.,-8.10000000000002,-3.55));
#3857=CARTESIAN_POINT('',(8.05800000000001,-3.53138953749426,-3.55));
#3858=CARTESIAN_POINT('Origin',(4.51882341631137,-2.51882341631131,-3.55));
#3859=CARTESIAN_POINT('',(8.05800000000001,3.35477999999998,-3.55));
#3860=CARTESIAN_POINT('',(8.05800000000001,-1.15344476874714,-3.55));
#3861=CARTESIAN_POINT('',(3.20091743119269,8.64899999999999,-3.55));
#3862=CARTESIAN_POINT('Origin',(4.35000000000002,1.59999999999998,-3.55));
#3863=CARTESIAN_POINT('Origin',(0.,6.14999999999998,-3.7));
#3864=CARTESIAN_POINT('',(0.100000000000016,7.39999999999998,-3.7));
#3865=CARTESIAN_POINT('',(-0.0499999999999989,7.39999999999998,-3.7));
#3866=CARTESIAN_POINT('',(0.100000000000016,6.25,-3.7));
#3867=CARTESIAN_POINT('',(0.100000000000016,6.77499999999998,-3.7));
#3868=CARTESIAN_POINT('',(1.25,6.25,-3.7));
#3869=CARTESIAN_POINT('',(0.0500000000000078,6.25,-3.7));
#3870=CARTESIAN_POINT('',(1.25,6.04999999999999,-3.7));
#3871=CARTESIAN_POINT('',(1.25,6.19999999999999,-3.7));
#3872=CARTESIAN_POINT('',(0.100000000000016,6.04999999999999,-3.7));
#3873=CARTESIAN_POINT('',(0.625,6.04999999999999,-3.7));
#3874=CARTESIAN_POINT('',(0.100000000000016,6.09999999999999,-3.7));
#3875=CARTESIAN_POINT('Origin',(8.05800000000001,-0.0883047687471361,-3.409));
#3876=CARTESIAN_POINT('',(8.449,-3.2,-3.409));
#3877=CARTESIAN_POINT('',(8.449,3.20108999999999,-3.409));
#3878=CARTESIAN_POINT('',(8.449,-0.0666591207347977,-3.409));
#3879=CARTESIAN_POINT('Ctrl Pts',(8.44900000000001,-3.2,-3.409));
#3880=CARTESIAN_POINT('Ctrl Pts',(8.44900000000001,-3.25523158958238,-3.51136356062947));
#3881=CARTESIAN_POINT('Ctrl Pts',(8.40655646078221,-3.31046317916475,-3.61323824109694));
#3882=CARTESIAN_POINT('Ctrl Pts',(8.33439735093958,-3.36569476874713,-3.68539735093957));
#3883=CARTESIAN_POINT('Ctrl Pts',(8.26223824109695,-3.4209263583295,-3.7575564607822));
#3884=CARTESIAN_POINT('Ctrl Pts',(8.16036356062948,-3.47615794791187,-3.8));
#3885=CARTESIAN_POINT('Ctrl Pts',(8.05800000000002,-3.53138953749425,-3.8));
#3886=CARTESIAN_POINT('Ctrl Pts',(8.05800000000003,3.35477999999998,-3.8));
#3887=CARTESIAN_POINT('Ctrl Pts',(8.1603635606295,3.32916499999998,-3.79999999999999));
#3888=CARTESIAN_POINT('Ctrl Pts',(8.26223781515797,3.30354999999998,-3.75755603484321));
#3889=CARTESIAN_POINT('Ctrl Pts',(8.3343969250006,3.27793499999999,-3.68539692500058));
#3890=CARTESIAN_POINT('Ctrl Pts',(8.40655603484322,3.25231999999999,-3.61323781515795));
#3891=CARTESIAN_POINT('Ctrl Pts',(8.44900000000001,3.22670499999999,-3.51136356062947));
#3892=CARTESIAN_POINT('Ctrl Pts',(8.44900000000001,3.20108999999999,-3.409));
#3893=CARTESIAN_POINT('Origin',(8.199,3.20108999999999,-3.409));
#3894=CARTESIAN_POINT('',(8.449,3.20108999999999,-3.409));
#3895=CARTESIAN_POINT('',(8.19900000000001,3.20108999999999,-3.409));
#3896=CARTESIAN_POINT('Ctrl Pts',(8.05800000000001,3.35477999999998,-3.55));
#3897=CARTESIAN_POINT('Ctrl Pts',(8.05800000000002,3.35477999999998,-3.63333333333333));
#3898=CARTESIAN_POINT('Ctrl Pts',(8.05800000000002,3.35477999999998,-3.71666666666667));
#3899=CARTESIAN_POINT('Ctrl Pts',(8.05800000000003,3.35477999999998,-3.8));
#3900=CARTESIAN_POINT('Ctrl Pts',(8.09491371367969,3.32916499999998,-3.55));
#3901=CARTESIAN_POINT('Ctrl Pts',(8.11677055722017,3.32916499999998,-3.63350861983051));
#3902=CARTESIAN_POINT('Ctrl Pts',(8.13850671708901,3.32916499999998,-3.71649138016948));
#3903=CARTESIAN_POINT('Ctrl Pts',(8.16036356062949,3.32916499999998,-3.79999999999999));
#3904=CARTESIAN_POINT('Ctrl Pts',(8.16838823996366,3.27793499999998,-3.51938823996365));
#3905=CARTESIAN_POINT('Ctrl Pts',(8.23357546181805,3.27793499999998,-3.58457546181804));
#3906=CARTESIAN_POINT('Ctrl Pts',(8.29892484783205,3.27793499999998,-3.64992484783203));
#3907=CARTESIAN_POINT('Ctrl Pts',(8.36411206968644,3.27793499999998,-3.71511206968643));
#3908=CARTESIAN_POINT('Ctrl Pts',(8.19900000000001,3.22670499999999,-3.44591371367968));
#3909=CARTESIAN_POINT('Ctrl Pts',(8.28250861983052,3.22670499999999,-3.46777055722015));
#3910=CARTESIAN_POINT('Ctrl Pts',(8.36549138016949,3.22670499999999,-3.48950671708899));
#3911=CARTESIAN_POINT('Ctrl Pts',(8.44900000000001,3.22670499999999,-3.51136356062947));
#3912=CARTESIAN_POINT('Ctrl Pts',(8.19900000000001,3.20108999999999,-3.409));
#3913=CARTESIAN_POINT('Ctrl Pts',(8.28233333333334,3.20108999999999,-3.409));
#3914=CARTESIAN_POINT('Ctrl Pts',(8.36566666666667,3.20108999999999,-3.409));
#3915=CARTESIAN_POINT('Ctrl Pts',(8.44900000000001,3.20108999999999,-3.409));
#3916=CARTESIAN_POINT('Ctrl Pts',(8.05800000000001,3.35477999999998,-3.55));
#3917=CARTESIAN_POINT('Ctrl Pts',(8.09491371367969,3.32916499999998,-3.55));
#3918=CARTESIAN_POINT('Ctrl Pts',(8.13165097682167,3.30354999999998,-3.53469411998182));
#3919=CARTESIAN_POINT('Ctrl Pts',(8.15767254840175,3.27793499999999,-3.50867254840174));
#3920=CARTESIAN_POINT('Ctrl Pts',(8.18369411998183,3.25231999999999,-3.48265097682166));
#3921=CARTESIAN_POINT('Ctrl Pts',(8.19900000000001,3.22670499999999,-3.44591371367968));
#3922=CARTESIAN_POINT('Ctrl Pts',(8.19900000000001,3.20108999999999,-3.409));
#3923=CARTESIAN_POINT('',(8.05800000000002,3.35477999999998,-3.675));
#3924=CARTESIAN_POINT('Ctrl Pts',(8.19900000000001,-3.2,-3.409));
#3925=CARTESIAN_POINT('Ctrl Pts',(8.28233333333334,-3.2,-3.409));
#3926=CARTESIAN_POINT('Ctrl Pts',(8.36566666666667,-3.2,-3.409));
#3927=CARTESIAN_POINT('Ctrl Pts',(8.44900000000001,-3.2,-3.409));
#3928=CARTESIAN_POINT('Ctrl Pts',(8.19900000000001,-3.25523158958238,-3.44591371367968));
#3929=CARTESIAN_POINT('Ctrl Pts',(8.28250861983052,-3.25523158958238,-3.46777055722015));
#3930=CARTESIAN_POINT('Ctrl Pts',(8.36549138016949,-3.25523158958238,-3.48950671708899));
#3931=CARTESIAN_POINT('Ctrl Pts',(8.44900000000001,-3.25523158958238,-3.51136356062947));
#3932=CARTESIAN_POINT('Ctrl Pts',(8.16838854716262,-3.36569476874713,-3.51938854716261));
#3933=CARTESIAN_POINT('Ctrl Pts',(8.23357576901701,-3.36569476874713,-3.584575769017));
#3934=CARTESIAN_POINT('Ctrl Pts',(8.29892569971003,-3.36569476874713,-3.64992569971002));
#3935=CARTESIAN_POINT('Ctrl Pts',(8.36411292156442,-3.36569476874713,-3.71511292156441));
#3936=CARTESIAN_POINT('Ctrl Pts',(8.09491371367968,-3.47615794791188,-3.55));
#3937=CARTESIAN_POINT('Ctrl Pts',(8.11677055722016,-3.47615794791188,-3.63350861983051));
#3938=CARTESIAN_POINT('Ctrl Pts',(8.13850671708899,-3.47615794791188,-3.71649138016949));
#3939=CARTESIAN_POINT('Ctrl Pts',(8.16036356062947,-3.47615794791188,-3.8));
#3940=CARTESIAN_POINT('Ctrl Pts',(8.05800000000001,-3.53138953749426,-3.55));
#3941=CARTESIAN_POINT('Ctrl Pts',(8.05800000000001,-3.53138953749426,-3.63333333333333));
#3942=CARTESIAN_POINT('Ctrl Pts',(8.05800000000001,-3.53138953749426,-3.71666666666667));
#3943=CARTESIAN_POINT('Ctrl Pts',(8.05800000000001,-3.53138953749426,-3.8));
#3944=CARTESIAN_POINT('Ctrl Pts',(8.05800000000001,-3.53138953749425,-3.55));
#3945=CARTESIAN_POINT('Ctrl Pts',(8.09491371367969,-3.47615794791188,-3.55));
#3946=CARTESIAN_POINT('Ctrl Pts',(8.13165113042115,-3.4209263583295,-3.5346942735813));
#3947=CARTESIAN_POINT('Ctrl Pts',(8.15767270200123,-3.36569476874713,-3.50867270200123));
#3948=CARTESIAN_POINT('Ctrl Pts',(8.18369427358131,-3.31046317916475,-3.48265113042115));
#3949=CARTESIAN_POINT('Ctrl Pts',(8.19900000000001,-3.25523158958238,-3.44591371367968));
#3950=CARTESIAN_POINT('Ctrl Pts',(8.19900000000001,-3.2,-3.409));
#3951=CARTESIAN_POINT('',(8.05800000000001,-3.53138953749426,-3.8));
#3952=CARTESIAN_POINT('',(8.19900000000001,-3.2,-3.409));
#3953=CARTESIAN_POINT('Origin',(8.19900000000001,-3.2,-8.88178419700125E-15));
#3954=CARTESIAN_POINT('',(8.449,-3.2,-3.409));
#3955=CARTESIAN_POINT('Origin',(8.05800000000001,-0.0883047687471361,-3.409));
#3956=CARTESIAN_POINT('Origin',(8.44900000000001,-0.0450134727224771,-1.95759305054243));
#3957=CARTESIAN_POINT('Origin',(4.51882341631137,-2.51882341631131,-3.8));
#3958=CARTESIAN_POINT('',(2.20240816707022,-5.37981650147968,-3.8));
#3959=CARTESIAN_POINT('Origin',(2.66453525910038E-14,8.508,-3.409));
#3960=CARTESIAN_POINT('',(2.66453525910038E-14,8.89899999999997,-3.40900000000001));
#3961=CARTESIAN_POINT('Ctrl Pts',(3.20091743119269,8.89899999999999,-3.40900000000002));
#3962=CARTESIAN_POINT('Ctrl Pts',(3.22247706422021,8.89899999999998,-3.51136356062949));
#3963=CARTESIAN_POINT('Ctrl Pts',(3.24403669724773,8.85655596406778,-3.61323774438255));
#3964=CARTESIAN_POINT('Ctrl Pts',(3.26559633027526,8.78439685422515,-3.68539685422517));
#3965=CARTESIAN_POINT('Ctrl Pts',(3.28715596330278,8.71223774438252,-3.7575559640678));
#3966=CARTESIAN_POINT('Ctrl Pts',(3.3087155963303,8.61036356062946,-3.79999999999999));
#3967=CARTESIAN_POINT('Ctrl Pts',(3.33027522935782,8.508,-3.79999999999999));
#3968=CARTESIAN_POINT('Ctrl Pts',(3.20091743119269,8.64899999999999,-3.40900000000001));
#3969=CARTESIAN_POINT('Ctrl Pts',(3.20091743119269,8.73233333333332,-3.40900000000001));
#3970=CARTESIAN_POINT('Ctrl Pts',(3.20091743119269,8.81566666666665,-3.40900000000002));
#3971=CARTESIAN_POINT('Ctrl Pts',(3.20091743119269,8.89899999999999,-3.40900000000002));
#3972=CARTESIAN_POINT('Ctrl Pts',(3.22247706422021,8.64899999999998,-3.44591371367969));
#3973=CARTESIAN_POINT('Ctrl Pts',(3.22247706422021,8.73250861983049,-3.46777055722016));
#3974=CARTESIAN_POINT('Ctrl Pts',(3.22247706422021,8.81549138016947,-3.48950671708902));
#3975=CARTESIAN_POINT('Ctrl Pts',(3.22247706422021,8.89899999999998,-3.51136356062949));
#3976=CARTESIAN_POINT('Ctrl Pts',(3.26559633027526,8.61838818891845,-3.51938818891846));
#3977=CARTESIAN_POINT('Ctrl Pts',(3.26559633027526,8.68357541077284,-3.58457541077286));
#3978=CARTESIAN_POINT('Ctrl Pts',(3.26559633027526,8.74892470628119,-3.64992470628121));
#3979=CARTESIAN_POINT('Ctrl Pts',(3.26559633027526,8.81411192813558,-3.71511192813561));
#3980=CARTESIAN_POINT('Ctrl Pts',(3.3087155963303,8.54491371367967,-3.54999999999999));
#3981=CARTESIAN_POINT('Ctrl Pts',(3.3087155963303,8.56677055722014,-3.6335086198305));
#3982=CARTESIAN_POINT('Ctrl Pts',(3.3087155963303,8.58850671708899,-3.71649138016948));
#3983=CARTESIAN_POINT('Ctrl Pts',(3.3087155963303,8.61036356062946,-3.79999999999999));
#3984=CARTESIAN_POINT('Ctrl Pts',(3.33027522935782,8.508,-3.54999999999999));
#3985=CARTESIAN_POINT('Ctrl Pts',(3.33027522935782,8.508,-3.63333333333332));
#3986=CARTESIAN_POINT('Ctrl Pts',(3.33027522935782,8.508,-3.71666666666666));
#3987=CARTESIAN_POINT('Ctrl Pts',(3.33027522935782,8.508,-3.79999999999999));
#3988=CARTESIAN_POINT('',(3.33027522935782,8.508,-3.675));
#3989=CARTESIAN_POINT('Origin',(2.66453525910038E-14,8.89900000000004,-2.17636606881054));
#3990=CARTESIAN_POINT('Origin',(4.35000000000002,1.59999999999998,-3.8));
#3991=CARTESIAN_POINT('Origin',(0.100000000000016,6.04999999999999,-3.8));
#3992=CARTESIAN_POINT('',(0.100000000000016,6.04999999999999,-3.8));
#3993=CARTESIAN_POINT('Origin',(1.25,6.04999999999999,-3.8));
#3994=CARTESIAN_POINT('',(1.25,6.04999999999999,-3.8));
#3995=CARTESIAN_POINT('Origin',(1.25,6.25,-3.8));
#3996=CARTESIAN_POINT('',(1.25,6.25,-3.8));
#3997=CARTESIAN_POINT('Origin',(0.100000000000016,6.25,-3.8));
#3998=CARTESIAN_POINT('',(0.100000000000016,6.25,-3.8));
#3999=CARTESIAN_POINT('Origin',(0.100000000000016,7.39999999999998,-3.8));
#4000=CARTESIAN_POINT('',(0.100000000000016,7.39999999999998,-3.8));
#4001=CARTESIAN_POINT('Origin',(-0.099999999999989,7.39999999999998,-3.8));
#4002=CARTESIAN_POINT('Origin',(8.19900000000001,3.20108999999999,-3.8));
#4003=CARTESIAN_POINT('Origin',(0.,-8.10000000000002,-3.8));
#4004=UNCERTAINTY_MEASURE_WITH_UNIT(LENGTH_MEASURE(0.01),#4008,
'DISTANCE_ACCURACY_VALUE',
'Maximum model space distance between geometric entities at asserted c
onnectivities');
#4005=UNCERTAINTY_MEASURE_WITH_UNIT(LENGTH_MEASURE(0.01),#4008,
'DISTANCE_ACCURACY_VALUE',
'Maximum model space distance between geometric entities at asserted c
onnectivities');
#4006=(
GEOMETRIC_REPRESENTATION_CONTEXT(3)
GLOBAL_UNCERTAINTY_ASSIGNED_CONTEXT((#4004))
GLOBAL_UNIT_ASSIGNED_CONTEXT((#4008,#4010,#4011))
REPRESENTATION_CONTEXT('','3D')
);
#4007=(
GEOMETRIC_REPRESENTATION_CONTEXT(3)
GLOBAL_UNCERTAINTY_ASSIGNED_CONTEXT((#4005))
GLOBAL_UNIT_ASSIGNED_CONTEXT((#4008,#4010,#4011))
REPRESENTATION_CONTEXT('','3D')
);
#4008=(
LENGTH_UNIT()
NAMED_UNIT(*)
SI_UNIT(.MILLI.,.METRE.)
);
#4009=(
LENGTH_UNIT()
NAMED_UNIT(*)
SI_UNIT($,.METRE.)
);
#4010=(
NAMED_UNIT(*)
PLANE_ANGLE_UNIT()
SI_UNIT($,.RADIAN.)
);
#4011=(
NAMED_UNIT(*)
SI_UNIT($,.STERADIAN.)
SOLID_ANGLE_UNIT()
);
#4012=SHAPE_DEFINITION_REPRESENTATION(#4013,#4014);
#4013=PRODUCT_DEFINITION_SHAPE('',$,#4016);
#4014=SHAPE_REPRESENTATION('',(#2328),#4006);
#4015=PRODUCT_DEFINITION_CONTEXT('part definition',#4020,'design');
#4016=PRODUCT_DEFINITION('\X2\7121984C\X0\','\X2\7121984C\X0\ v4',#4017,
#4015);
#4017=PRODUCT_DEFINITION_FORMATION('',$,#4022);
#4018=PRODUCT_RELATED_PRODUCT_CATEGORY('\X2\7121984C\X0\ v4',
'\X2\7121984C\X0\ v4',(#4022));
#4019=APPLICATION_PROTOCOL_DEFINITION('international standard',
'automotive_design',2009,#4020);
#4020=APPLICATION_CONTEXT(
'Core Data for Automotive Mechanical Design Process');
#4021=PRODUCT_CONTEXT('part definition',#4020,'mechanical');
#4022=PRODUCT('\X2\7121984C\X0\','\X2\7121984C\X0\ v4',$,(#4021));
#4023=PRESENTATION_STYLE_ASSIGNMENT((#4024));
#4024=SURFACE_STYLE_USAGE(.BOTH.,#4025);
#4025=SURFACE_SIDE_STYLE('',(#4026));
#4026=SURFACE_STYLE_FILL_AREA(#4027);
#4027=FILL_AREA_STYLE('\X2\92FC\X0\ - \X2\30B530C630F3\X0\',(#4028));
#4028=FILL_AREA_STYLE_COLOUR('\X2\92FC\X0\ - \X2\30B530C630F3\X0\',#4029);
#4029=COLOUR_RGB('\X2\92FC\X0\ - \X2\30B530C630F3\X0\',0.627450980392157,
0.627450980392157,0.627450980392157);
ENDSEC;
END-ISO-10303-21;
